序號,縣市別代碼,機關代碼,市話,傳真,年,月,日,時,分,縣市,區,死亡數量,受傷數量,2-30,天候,道路照明設備,道路類別,道路速限,道路型態,事故位置,路面鋪裝,路面狀態,路面缺陷,障礙物,視距,號誌種類,號誌動作,分向設施,快車道或一般車道間,快慢車道間,路面邊線,事故類型及型態,受傷程度,主要傷處,保護裝備,行動電話或功能裝置,當事者區分(類別),車輛用途,當事者行動狀態,駕照狀態,駕照種類,飲酒情形,車輛撞擊部位最初,車輛撞擊部位其他,肇事因素個別,肇事因素主要,肇事逃逸,職業,共享經濟或外送平台,GPS座標X,GPS座標Y,事故類別
454,66000,387130000C,(04)23274275,(04)23288582,2025,10,1,22,57,臺中市,烏日區,0,0,0,7,,,30,,,,,,,,,,,,,,25,,,,,A11,,,1,,2,,,59,59,1,13,4,120.638724,24.085114,3
455,66000,387130000C,(04)23274275,(04)23288582,2025,10,1,22,58,臺中市,太平區,0,0,0,7,,,50,,,,,,,,,,,,,,13,,,,,C03,,,1,,1,,,84,84,1,13,4,120.723166,24.149437,3
456,66000,387130000C,(04)23274275,(04)23288582,2025,10,1,23,11,臺中市,北屯區,0,0,0,7,,,50,,,,,,,,,,,,,,17,,,,,B03,,,1,,1,,,87,87,1,6,4,120.693171,24.186862,3
457,66000,387130000C,(04)23274275,(04)23288582,2025,10,1,23,29,臺中市,北屯區,0,1,0,7,1,6,50,3,1,1,5,4,6,6,2,1,10,5,5,2,16,3,10,2,1,C03,7,6,1,10,2,12,,25,25,1,12,4,120.665781,24.182774,2
458,66000,387130000C,(04)23274275,(04)23288582,2025,10,1,23,36,臺中市,東區,0,0,0,7,,,50,,,,,,,,,,,,,,,,,,,E03,,,1,,2,,,24,24,1,11,4,120.694667,24.127509,3
459,66000,387130000C,(04)23274275,(04)23288582,2025,10,1,23,41,臺中市,西屯區,0,0,0,7,,,50,,,,,,,,,,,,,,30,,,,,,,,,,,,,119,119,1,,,120.650819,24.199437,3
460,66000,387130000C,(04)23274275,(04)23288582,2025,10,1,23,44,臺中市,東勢區,0,1,0,7,1,6,50,13,9,1,5,4,6,6,4,4,8,5,5,1,20,2,9,3,1,B03,7,9,1,8,2,1,,43,43,1,12,4,120.842449,24.168939,2
461,66000,387130000C,(04)23274275,(04)23288582,2025,10,1,23,58,臺中市,北區,0,0,0,7,3,6,50,4,1,1,5,4,6,6,1,1,10,5,5,2,17,,,,,B03,,,1,,1,,,48,48,1,13,4,120.682722,24.167023,3
462,66000,387130000C,(04)23274275,(04)23288582,2025,10,2,0,15,臺中市,北區,0,0,0,7,,,50,,,,,,,,,,,,,,11,,,,,B03,,,1,,1,,,76,76,1,12,4,120.680021,24.158451,3
463,66000,387130000C,(04)23274275,(04)23288582,2025,10,2,0,25,臺中市,北屯區,0,0,0,7,,,30,,,,,,,,,,,,,,9,,,,,C03,,,1,,9,,,84,84,1,6,4,120.681161,24.169974,3
464,66000,387130000C,(04)23274275,(04)23288582,2025,10,2,0,35,臺中市,北區,0,0,0,7,,,50,,,,,,,,,,,,,,12,,,,,F01,,,,,,,,87,87,1,13,4,120.681999,24.144622,3
465,66000,387130000C,(04)23274275,(04)23288582,2025,10,2,0,43,臺中市,霧峰區,0,1,0,6,1,6,50,4,2,1,5,4,6,6,1,1,4,3,5,1,17,2,9,2,1,C03,7,6,1,10,2,12,,11,11,1,6,4,120.686919,24.054041,2
466,66000,387130000C,(04)23274275,(04)23288582,2025,10,2,1,4,臺中市,西屯區,0,0,0,7,,,50,,,,,,,,,,,,,,17,,,,,B12,,,1,,1,,,59,59,1,12,4,120.644661,24.195483,3
467,66000,387130000C,(04)23274275,(04)23288582,2025,10,2,1,23,臺中市,梧棲區,0,0,0,7,,,70,,,,,,,,,,,,,,22,,,,,A41,,,1,,2,,,71,71,1,6,4,120.529768,24.252501,3
468,66000,387130000C,(04)23274275,(04)23288582,2025,10,2,1,29,臺中市,西屯區,0,1,0,7,1,6,50,4,1,1,5,4,6,6,1,1,10,5,5,2,15,3,10,3,1,B03,7,9,3,19,2,2,,59,59,1,12,4,120.646454,24.164454,2
469,66000,387130000C,(04)23274275,(04)23288582,2025,10,2,1,42,臺中市,潭子區,0,1,0,7,1,6,30,13,9,1,5,4,6,6,4,4,10,5,5,2,18,2,9,2,1,C03,7,9,1,10,2,14,,94,94,1,13,4,120.726225,24.201675,2
470,66000,387130000C,(04)23274275,(04)23288582,2025,10,2,2,43,臺中市,北屯區,0,0,0,7,,,50,,,,,,,,,,,,,,13,,,,,B03,,,1,,2,,,84,84,1,6,4,120.699264,24.175731,3
471,66000,387130000C,(04)23274275,(04)23288582,2025,10,2,4,16,臺中市,西屯區,0,1,0,7,1,6,30,13,9,1,5,4,6,6,4,4,10,5,5,2,9,3,10,3,1,B03,7,6,1,7,2,1,,59,59,1,12,4,120.660524,24.173841,2
472,66000,387130000C,(04)23274275,(04)23288582,2025,10,2,5,15,臺中市,北區,0,1,0,7,1,6,40,13,8,1,5,4,6,6,4,4,3,4,4,2,17,2,9,1,1,C03,7,9,3,19,9,11,,84,84,1,13,4,120.68685,24.154987,2
473,66000,387130000C,(04)23274275,(04)23288582,2025,10,2,5,42,臺中市,北屯區,0,2,0,7,1,6,50,3,1,1,5,4,6,6,1,1,10,5,5,2,27,2,8,4,1,B03,7,9,1,8,2,5,,84,84,1,12,4,120.702314,24.159897,2
474,66000,387130000C,(04)23274275,(04)23288582,2025,10,2,6,26,臺中市,梧棲區,0,2,0,7,2,6,30,4,1,1,5,4,6,6,4,4,10,5,5,2,15,2,9,1,1,C03,7,9,1,10,2,11,,15,15,1,12,4,120.546001,24.260795,2
475,66000,387130000C,(04)23274275,(04)23288582,2025,10,2,6,43,臺中市,大里區,0,2,0,7,2,6,50,5,2,1,5,4,6,6,1,1,1,3,4,1,17,2,9,2,1,C03,7,9,3,19,1,12,,84,84,1,6,4,120.689945,24.092619,2
476,66000,387130000C,(04)23274275,(04)23288582,2025,10,2,6,44,臺中市,南屯區,0,2,0,7,2,6,50,13,9,1,5,4,6,6,4,4,5,5,4,2,13,2,9,1,1,C03,7,9,1,10,2,12,,7,7,1,12,4,120.611474,24.14745,2
477,66000,387130000C,(04)23274275,(04)23288582,2025,10,2,6,48,臺中市,新社區,0,1,0,7,2,6,50,3,2,1,5,4,6,6,3,1,5,5,5,1,12,3,10,5,4,B12,7,4,1,6,1,6,,34,34,1,13,4,120.80547,24.236723,2
478,66000,387130000C,(04)23274275,(04)23288582,2025,10,2,6,51,臺中市,西區,0,1,0,7,1,6,50,4,1,1,5,4,6,6,1,1,10,5,5,1,17,3,10,5,4,B03,7,9,1,8,2,2,,8,8,1,12,4,120.659599,24.156913,2
479,66000,387130000C,(04)23274275,(04)23288582,2025,10,2,6,54,臺中市,北區,0,2,0,7,3,6,1,4,2,1,5,4,6,6,1,1,5,5,4,2,15,2,9,2,1,C03,7,9,5,19,2,11,,39,39,1,12,4,120.663884,24.157614,2
480,66000,387130000C,(04)23274275,(04)23288582,2025,10,2,6,59,臺中市,北屯區,0,1,0,7,1,6,40,13,9,1,5,4,6,6,4,4,1,5,5,2,13,2,1,3,1,B03,7,9,1,8,1,1,,58,58,1,6,4,120.72209,24.184132,2
481,66000,387130000C,(04)23274275,(04)23288582,2025,10,2,7,0,臺中市,烏日區,0,2,0,7,2,6,50,13,9,1,5,4,6,6,4,4,1,4,5,1,12,2,9,1,1,C03,7,9,1,10,2,12,,42,42,1,6,4,120.6252,24.1042,2
482,66000,387130000C,(04)23274275,(04)23288582,2025,10,2,7,5,臺中市,西區,0,0,0,7,,,,,,,,,,,,,,,,,17,,,,,,,,,,,,,86,86,1,,,120.673707,24.139162,3
483,66000,387130000C,(04)23274275,(04)23288582,2025,10,2,7,5,臺中市,北屯區,0,2,0,7,2,6,50,4,1,1,5,4,6,6,4,4,5,5,5,2,15,2,9,2,1,C03,7,9,1,10,2,11,,12,12,1,12,4,120.692177,24.180886,2
484,66000,387130000C,(04)23274275,(04)23288582,2025,10,2,7,6,臺中市,沙鹿區,0,1,0,7,2,6,40,13,8,1,5,4,6,6,4,4,3,4,3,2,17,2,9,1,1,C04,7,9,1,11,2,11,,7,7,1,13,4,120.580309,24.200745,2
485,66000,387130000C,(04)23274275,(04)23288582,2025,10,2,7,8,臺中市,烏日區,0,0,0,7,,,70,,,,,,,,,,,,,,13,,,,,B03,,,1,,1,,,7,7,1,6,4,120.600505,24.110861,3
486,66000,387130000C,(04)23274275,(04)23288582,2025,10,2,7,9,臺中市,東區,0,1,0,7,2,6,40,3,1,1,5,4,6,6,4,4,1,4,4,2,17,2,9,2,1,C03,7,5,1,10,2,12,,84,84,1,12,4,120.694189,24.143474,2
487,66000,387130000C,(04)23274275,(04)23288582,2025,10,2,7,11,臺中市,大里區,0,1,0,7,2,6,50,13,9,1,5,4,6,6,4,4,5,5,5,1,13,2,9,2,1,C03,7,9,1,10,2,11,,7,7,1,13,4,120.700173,24.096295,2
488,66000,387130000C,(04)23274275,(04)23288582,2025,10,2,7,13,臺中市,西屯區,0,0,0,7,,,50,,,,,,,,,,,,,,,,,,,C03,,,1,,2,,,84,84,1,12,4,120.620024,24.187249,3
489,66000,387130000C,(04)23274275,(04)23288582,2025,10,2,7,13,臺中市,大甲區,0,1,0,7,2,6,70,4,2,1,5,4,6,6,1,1,1,4,4,1,12,3,10,3,1,B03,7,7,1,8,2,2,,59,59,1,6,4,120.63647,24.362024,2
490,66000,387130000C,(04)23274275,(04)23288582,2025,10,2,7,14,臺中市,南區,0,1,0,7,2,6,50,4,9,1,5,4,6,6,4,4,9,4,5,2,17,3,10,2,1,C03,7,1,1,10,1,16,,51,51,1,13,4,120.683223,24.126435,2
491,66000,387130000C,(04)23274275,(04)23288582,2025,10,2,7,15,臺中市,梧棲區,0,1,0,7,2,6,50,4,1,1,5,4,6,6,1,1,10,5,5,2,16,2,8,1,1,C03,7,6,1,10,2,14,,11,11,1,6,4,120.551637,24.254818,2
492,66000,387130000C,(04)23274275,(04)23288582,2025,10,2,7,16,臺中市,西屯區,0,0,0,7,,,50,,,,,,,,,,,,,,13,,,,,B03,,,1,,1,,,7,7,1,12,4,120.648045,24.163606,3
493,66000,387130000C,(04)23274275,(04)23288582,2025,10,2,7,18,臺中市,潭子區,0,1,0,7,2,6,60,13,7,1,5,4,6,6,2,1,1,4,4,1,13,2,9,1,1,C03,7,9,2,19,2,14,,7,7,1,13,4,120.70532,24.213335,2
494,66000,387130000C,(04)23274275,(04)23288582,2025,10,2,7,19,臺中市,南區,0,0,0,7,,,50,,,,,,,,,,,,,,16,,,,,B03,,,1,,2,,,21,21,1,13,4,120.65513,24.135072,3
495,66000,387130000C,(04)23274275,(04)23288582,2025,10,2,7,21,臺中市,太平區,0,2,0,7,3,6,50,13,9,1,5,4,6,6,4,4,5,4,5,2,16,2,9,2,1,C03,7,1,1,10,2,12,,51,51,1,12,4,120.705245,24.157646,2
496,66000,387130000C,(04)23274275,(04)23288582,2025,10,2,7,24,臺中市,北區,0,0,0,7,,,50,,,,,,,,,,,,,,17,,,,,B03,,,1,,1,,,51,51,1,12,4,120.678791,24.155849,3
497,66000,387130000C,(04)23274275,(04)23288582,2025,10,2,7,25,臺中市,西屯區,0,1,0,7,2,6,50,4,1,1,5,4,6,6,2,1,10,5,5,2,16,3,10,5,4,B03,7,6,1,8,2,2,,11,11,1,13,4,120.621767,24.183517,2
498,66000,387130000C,(04)23274275,(04)23288582,2025,10,2,7,26,臺中市,西屯區,0,0,0,7,,,50,,,,,,,,,,,,,,13,,,,,B03,,,1,,1,,,59,59,1,12,4,120.624188,24.193819,3
499,66000,387130000C,(04)23274275,(04)23288582,2025,10,2,7,28,臺中市,南屯區,0,1,0,7,2,6,50,4,1,1,5,4,6,6,2,1,1,5,5,2,17,3,10,3,1,B03,7,15,1,8,2,2,,40,40,1,6,4,120.616632,24.153719,2
500,66000,387130000C,(04)23274275,(04)23288582,2025,10,2,7,29,臺中市,新社區,0,1,0,7,2,6,30,13,9,1,5,4,6,6,4,4,10,5,5,2,17,3,10,5,4,B03,7,1,1,8,2,5,,51,51,1,13,4,120.809246,24.244255,2
501,66000,387130000C,(04)23274275,(04)23288582,2025,10,2,7,30,臺中市,大雅區,0,0,0,7,,,30,,,,,,,,,,,,,,,,,,,C03,,,1,,1,,,20,20,1,12,4,120.656961,24.222791,3
502,66000,387130000C,(04)23274275,(04)23288582,2025,10,2,7,30,臺中市,西屯區,0,0,0,7,,,50,,,,,,,,,,,,,,,,,,,B03,,,1,,1,,,7,7,1,13,4,120.655154,24.168462,3
503,66000,387130000C,(04)23274275,(04)23288582,2025,10,2,7,30,臺中市,沙鹿區,0,2,0,7,2,6,40,3,8,1,5,4,6,6,1,1,1,3,4,1,15,2,9,2,1,C03,7,9,1,10,2,11,,21,21,1,12,4,120.603614,24.248578,2
504,66000,387130000C,(04)23274275,(04)23288582,2025,10,2,7,31,臺中市,梧棲區,0,2,0,7,3,6,30,4,1,1,5,4,6,6,4,4,10,5,5,2,13,2,9,4,1,F01,7,9,7,21,2,14,,13,13,1,6,4,120.541756,24.246501,2
505,66000,387130000C,(04)23274275,(04)23288582,2025,10,2,7,33,臺中市,潭子區,0,1,0,7,2,3,80,13,9,1,5,4,6,6,4,4,1,4,5,1,17,3,10,3,1,B03,7,8,1,8,9,3,,40,40,1,13,4,120.719305,24.196581,2
506,66000,387130000C,(04)23274275,(04)23288582,2025,10,2,7,35,臺中市,東區,0,1,0,7,2,6,30,4,1,1,5,4,6,6,4,4,10,5,5,2,17,3,10,1,1,C03,7,9,1,10,2,12,,18,18,1,12,4,120.696069,24.1472,2
507,66000,387130000C,(04)23274275,(04)23288582,2025,10,2,7,35,臺中市,西屯區,0,0,0,7,,,50,,,,,,,,,,,,,,13,,,,,C03,,,1,,1,,,59,59,1,12,4,120.612726,24.196563,3
508,66000,387130000C,(04)23274275,(04)23288582,2025,10,2,7,36,臺中市,大雅區,0,1,0,7,2,6,50,13,9,1,5,4,6,6,4,4,5,5,5,1,16,2,9,1,1,C03,7,9,1,10,2,11,,7,7,1,13,4,120.650535,24.218757,2
509,66000,387130000C,(04)23274275,(04)23288582,2025,10,2,7,37,臺中市,北區,0,1,0,7,2,6,30,13,9,1,5,4,6,6,4,4,10,5,5,2,13,2,9,5,4,C03,7,9,1,10,2,11,,84,84,1,12,4,120.680684,24.165349,2
510,66000,387130000C,(04)23274275,(04)23288582,2025,10,2,7,39,臺中市,南屯區,0,1,0,7,2,6,30,4,9,1,5,4,6,6,4,4,9,5,5,2,17,2,9,1,1,C03,7,9,1,10,2,16,,84,84,1,12,4,120.613615,24.151993,2
511,66000,387130000C,(04)23274275,(04)23288582,2025,10,2,7,40,臺中市,太平區,0,1,0,7,3,6,50,3,1,1,5,4,6,6,4,4,5,5,5,2,13,2,9,2,1,C03,7,9,1,10,2,11,,7,7,1,12,4,120.732223,24.141065,2
512,66000,387130000C,(04)23274275,(04)23288582,2025,10,2,7,45,臺中市,西區,0,2,0,7,2,6,50,13,9,1,5,4,6,6,1,1,5,2,5,2,13,2,8,1,1,C03,7,9,1,10,2,11,,85,85,1,13,4,120.674373,24.137219,2
513,66000,387130000C,(04)23274275,(04)23288582,2025,10,2,7,46,臺中市,外埔區,0,0,0,7,,,50,,,,,,,,,,,,,,13,,,,,C03,,,1,,2,,,59,59,1,12,4,120.639567,24.341263,3
514,66000,387130000C,(04)23274275,(04)23288582,2025,10,2,7,47,臺中市,東區,0,1,0,7,3,6,50,4,1,1,5,4,6,6,4,4,10,5,5,2,13,2,9,2,1,C03,7,9,1,10,2,11,,84,84,1,12,4,120.701208,24.132041,2
515,66000,387130000C,(04)23274275,(04)23288582,2025,10,2,7,48,臺中市,北區,0,0,0,7,,,50,,,,,,,,,,,,,,13,,,,,B02,,,1,,1,,,84,84,1,13,4,120.680555,24.148677,3
516,66000,387130000C,(04)23274275,(04)23288582,2025,10,2,7,48,臺中市,龍井區,0,1,0,7,2,6,40,13,8,1,5,4,6,6,4,4,1,4,1,2,13,2,9,1,1,C03,7,9,1,10,2,11,,7,7,1,6,4,120.592862,24.182846,2
517,66000,387130000C,(04)23274275,(04)23288582,2025,10,2,7,48,臺中市,神岡區,0,1,0,7,2,6,30,11,9,1,5,4,6,6,4,4,10,5,5,2,10,2,9,5,4,C03,7,9,1,10,2,11,,41,41,1,12,4,120.699449,24.274811,2
518,66000,387130000C,(04)23274275,(04)23288582,2025,10,2,7,50,臺中市,北區,0,0,0,7,,,50,,,,,,,,,,,,,,16,,,,,C03,,,1,,2,,,4,4,1,12,4,120.676846,24.162634,3
519,66000,387130000C,(04)23274275,(04)23288582,2025,10,2,7,50,臺中市,南區,0,1,0,7,2,6,40,13,8,1,5,4,6,6,4,4,1,4,4,2,17,2,8,2,1,C03,7,15,1,10,2,12,,84,84,1,12,4,120.653134,24.11355,2
520,66000,387130000C,(04)23274275,(04)23288582,2025,10,2,7,50,臺中市,大肚區,0,0,0,7,,,60,,,,,,,,,,,,,,,,,,,B03,,,1,,2,,,7,7,1,6,4,120.548878,24.152082,3
521,66000,387130000C,(04)23274275,(04)23288582,2025,10,2,7,50,臺中市,烏日區,0,1,0,7,2,6,50,4,9,1,5,4,6,6,2,1,5,4,5,1,16,3,10,3,1,B13,7,6,1,8,2,8,,11,11,1,6,4,120.64542,24.057802,2
522,66000,387130000C,(04)23274275,(04)23288582,2025,10,2,7,54,臺中市,北區,0,0,0,7,,,50,,,,,,,,,,,,,,17,,,,,B03,,,1,,1,,,84,84,1,12,4,120.676172,24.150283,3
523,66000,387130000C,(04)23274275,(04)23288582,2025,10,2,7,55,臺中市,潭子區,0,0,0,7,,,50,,,,,,,,,,,,,,16,,,,,B03,,,1,,2,,,32,32,1,13,4,120.680015,24.206736,3
524,66000,387130000C,(04)23274275,(04)23288582,2025,10,2,7,56,臺中市,北屯區,0,0,0,7,,,50,,,,,,,,,,,,,,13,,,,,B03,,,3,,1,,,56,56,1,13,4,120.691554,24.171497,3
525,66000,387130000C,(04)23274275,(04)23288582,2025,10,2,7,56,臺中市,北屯區,0,1,0,7,3,6,50,4,1,1,5,4,6,6,2,1,10,5,5,2,25,2,9,1,1,C03,7,9,1,10,2,11,,84,84,1,12,4,120.694681,24.174469,2
526,66000,387130000C,(04)23274275,(04)23288582,2025,10,2,7,58,臺中市,西屯區,0,1,0,7,2,6,50,13,8,1,5,4,6,6,4,4,3,4,4,2,17,3,10,3,1,B03,7,3,1,8,1,2,,50,50,1,12,4,120.645533,24.157402,2
527,66000,387130000C,(04)23274275,(04)23288582,2025,10,2,8,0,臺中市,北屯區,0,0,0,7,,,50,,,,,,,,,,,,,,,,,,,B03,,,1,,1,,,40,40,1,12,4,120.699664,24.164877,3
528,66000,387130000C,(04)23274275,(04)23288582,2025,10,2,8,0,臺中市,梧棲區,0,0,0,7,,,30,,,,,,,,,,,,,,11,,,,,A12,,,1,,2,,,8,8,1,6,4,120.541333,24.226105,3
529,66000,387130000C,(04)23274275,(04)23288582,2025,10,2,8,4,臺中市,北屯區,0,1,0,7,2,6,50,3,1,1,5,4,6,6,1,1,1,3,5,2,11,3,10,3,1,B03,7,6,1,8,1,6,,11,11,1,12,4,120.720793,24.166915,2
530,66000,387130000C,(04)23274275,(04)23288582,2025,10,2,8,4,臺中市,烏日區,0,0,0,7,,3,80,,,,,,,,,,,,,,13,,,,,B03,,,1,,1,,,7,7,1,6,4,120.614854,24.105048,3
531,66000,387130000C,(04)23274275,(04)23288582,2025,10,2,8,5,臺中市,龍井區,0,2,0,7,3,9,0,18,21,4,5,4,6,6,4,4,10,5,5,2,17,2,9,1,1,C03,7,9,1,10,2,12,,84,84,1,6,4,120.592456,24.182991,2
532,66000,387130000C,(04)23274275,(04)23288582,2025,10,2,8,6,臺中市,豐原區,0,0,0,7,,,50,,,,,,,,,,,,,,17,,,,,B03,,,1,,2,,,8,8,1,12,4,120.712134,24.23966,3
533,66000,387130000C,(04)23274275,(04)23288582,2025,10,2,8,8,臺中市,大甲區,0,1,0,7,3,6,70,13,11,1,5,4,6,6,4,4,1,4,4,1,17,3,10,5,4,B12,7,1,1,7,2,3,,51,51,1,12,4,120.646359,24.397521,2
534,66000,387130000C,(04)23274275,(04)23288582,2025,10,2,8,9,臺中市,南屯區,0,1,0,7,2,6,50,13,8,1,5,4,6,6,4,4,9,4,4,2,18,2,9,1,1,C03,7,14,3,19,2,14,,54,54,1,12,4,120.617282,24.157377,2
535,66000,387130000C,(04)23274275,(04)23288582,2025,10,2,8,11,臺中市,中區,0,1,0,7,2,6,50,4,4,1,5,4,6,6,2,1,5,4,5,2,13,3,10,2,1,C03,7,9,1,10,2,11,,59,59,1,12,4,120.679497,24.142426,2
536,66000,387130000C,(04)23274275,(04)23288582,2025,10,2,8,15,臺中市,北屯區,0,0,0,7,,,40,,,,,,,,,,,,,,17,,,,,B03,,,1,,9,,,49,49,1,13,4,120.696303,24.164834,3
537,66000,387130000C,(04)23274275,(04)23288582,2025,10,2,8,15,臺中市,太平區,0,0,0,7,,3,80,,,,,,,,,,,,,,13,,,,,B12,,,1,,1,,,7,7,1,12,4,120.714097,24.14843,3
538,66000,387130000C,(04)23274275,(04)23288582,2025,10,2,8,25,臺中市,西屯區,0,1,0,7,2,6,50,13,9,1,5,4,6,6,4,4,1,4,5,2,12,2,8,1,1,C03,7,9,1,10,2,14,,8,8,1,12,4,120.655,24.168266,2
539,66000,387130000C,(04)23274275,(04)23288582,2025,10,2,8,28,臺中市,北屯區,0,0,0,7,,,50,,,,,,,,,,,,,,,,,,,B03,,,1,,1,,,58,58,1,6,4,120.711915,24.165146,3
540,66000,387130000C,(04)23274275,(04)23288582,2025,10,2,8,30,臺中市,北屯區,0,1,0,7,1,6,50,3,2,1,5,4,6,6,4,4,5,4,4,2,13,3,10,1,1,C03,7,9,1,10,2,11,,84,84,1,13,4,120.690467,24.177594,2
541,66000,387130000C,(04)23274275,(04)23288582,2025,10,2,8,30,臺中市,北屯區,0,2,0,7,2,6,30,4,1,1,5,4,6,6,4,4,10,5,5,2,15,3,10,2,1,C03,7,9,1,10,2,12,,15,15,1,12,4,120.664007,24.19902,2
542,66000,387130000C,(04)23274275,(04)23288582,2025,10,2,8,31,臺中市,神岡區,0,0,0,7,,,30,,,,,,,,,,,,,,13,,,,,C03,,,1,,2,,,7,7,1,12,4,120.699956,24.266564,3
543,66000,387130000C,(04)23274275,(04)23288582,2025,10,2,8,32,臺中市,西屯區,0,0,0,7,,,30,,,,,,,,,,,,,,13,,,,,C03,,,1,,2,,,7,7,1,12,4,120.639414,24.188611,3
544,66000,387130000C,(04)23274275,(04)23288582,2025,10,2,8,36,臺中市,西屯區,0,2,0,7,2,6,30,4,1,1,5,4,6,6,4,4,10,5,5,2,15,2,9,1,1,C03,7,9,1,10,2,11,,12,12,1,12,4,120.644927,24.17548,2
545,66000,387130000C,(04)23274275,(04)23288582,2025,10,2,8,37,臺中市,西屯區,0,1,0,7,2,6,40,13,8,1,5,4,6,6,4,4,5,5,4,2,12,3,10,1,1,C03,7,7,1,10,1,16,,84,84,1,12,4,120.657316,24.167991,2
546,66000,387130000C,(04)23274275,(04)23288582,2025,10,2,8,39,臺中市,西屯區,0,1,0,7,2,6,30,5,1,1,5,4,6,6,4,4,7,5,5,2,13,3,10,5,4,B03,7,9,1,7,2,1,,7,7,1,13,4,120.618024,24.177356,2
547,66000,387130000C,(04)23274275,(04)23288582,2025,10,2,8,43,臺中市,南屯區,0,1,0,7,2,6,50,4,1,1,5,4,6,6,2,1,5,5,5,2,16,3,10,3,1,B03,7,5,1,8,2,6,,84,84,1,6,4,120.625943,24.140627,2
548,66000,387130000C,(04)23274275,(04)23288582,2025,10,2,8,45,臺中市,北區,0,0,0,7,,,50,,,,,,,,,,,,,,17,,,,,,,,,,,,,119,119,1,,,120.686187,24.154581,3
549,66000,387130000C,(04)23274275,(04)23288582,2025,10,2,8,46,臺中市,潭子區,0,0,0,7,,,40,,,,,,,,,,,,,,,,,,,B03,,,1,,2,,,14,14,1,13,4,120.675464,24.210168,3
550,66000,387130000C,(04)23274275,(04)23288582,2025,10,2,8,51,臺中市,太平區,0,1,0,7,3,6,50,4,1,1,5,4,6,6,4,4,5,5,5,1,16,3,10,3,1,A12,7,6,1,1,2,4,,48,48,1,12,4,120.715581,24.114322,2
551,66000,387130000C,(04)23274275,(04)23288582,2025,10,2,8,52,臺中市,西區,0,2,0,7,2,6,30,4,1,1,5,4,6,6,4,4,9,4,4,2,17,2,9,1,1,C03,7,6,1,10,2,11,,13,13,1,12,4,120.661684,24.138426,2
552,66000,387130000C,(04)23274275,(04)23288582,2025,10,2,8,52,臺中市,大肚區,0,0,0,7,,,50,,,,,,,,,,,,,,,,,,,B03,,,1,,1,,,88,88,1,6,4,120.553519,24.13438,3
553,66000,387130000C,(04)23274275,(04)23288582,2025,10,2,8,53,臺中市,西屯區,0,2,0,7,2,6,30,13,9,1,5,4,6,6,4,4,10,5,5,2,9,2,9,1,1,C03,7,9,1,10,2,12,,6,6,1,13,4,120.648116,24.182036,2
554,66000,387130000C,(04)23274275,(04)23288582,2025,10,2,8,58,臺中市,南屯區,0,2,0,7,2,6,50,13,9,1,5,4,6,6,4,4,9,4,5,2,17,2,9,1,1,C03,7,11,1,10,2,11,,39,39,1,12,4,120.637697,24.132597,2
555,66000,387130000C,(04)23274275,(04)23288582,2025,10,2,8,58,臺中市,沙鹿區,0,1,0,7,2,6,40,3,19,1,5,4,6,6,1,1,10,5,5,2,3,3,10,3,1,B03,7,5,1,8,2,8,,10,10,1,12,4,120.57568,24.227071,2
556,66000,387130000C,(04)23274275,(04)23288582,2025,10,2,8,58,臺中市,梧棲區,0,0,0,7,,,70,,,,,,,,,,,,,,13,,,,,B03,,,1,,1,,,7,7,1,6,4,120.542702,24.219417,3
557,66000,387130000C,(04)23274275,(04)23288582,2025,10,2,8,58,臺中市,豐原區,0,0,0,7,,,30,,,,,,,,,,,,,,17,,,,,B03,,,1,,2,,,8,8,1,12,4,120.714484,24.238018,3
558,66000,387130000C,(04)23274275,(04)23288582,2025,10,2,9,0,臺中市,潭子區,0,1,0,7,2,3,80,3,9,1,5,4,6,6,4,4,1,3,5,1,23,2,9,3,1,B03,7,9,1,8,2,1,,58,58,1,13,4,120.709808,24.200689,2
559,66000,387130000C,(04)23274275,(04)23288582,2025,10,2,9,1,臺中市,西屯區,0,0,0,7,,,70,,,,,,,,,,,,,,,,,,,A12,,,1,,1,,,59,59,1,12,4,120.62465,24.178494,3
560,66000,387130000C,(04)23274275,(04)23288582,2025,10,2,9,5,臺中市,北屯區,0,1,0,7,3,6,50,3,1,1,5,4,6,6,4,4,10,5,5,2,18,2,9,1,1,C03,7,9,1,10,2,14,,6,6,1,12,4,120.685661,24.193474,2
561,66000,387130000C,(04)23274275,(04)23288582,2025,10,2,9,6,臺中市,西屯區,0,0,0,7,,,50,,,,,,,,,,,,,,13,,,,,C03,,,1,,2,,,7,7,1,12,4,120.661385,24.172006,3
562,66000,387130000C,(04)23274275,(04)23288582,2025,10,2,9,10,臺中市,潭子區,0,0,0,7,,,50,,,,,,,,,,,,,,,,,,,B03,,,1,,2,,,49,49,1,13,4,120.706936,24.211508,3
563,66000,387130000C,(04)23274275,(04)23288582,2025,10,2,9,11,臺中市,大肚區,0,0,0,7,,,50,,,,,,,,,,,,,,,,,,,A12,,,1,,1,,,59,59,1,6,4,120.565981,24.122813,3
564,66000,387130000C,(04)23274275,(04)23288582,2025,10,2,9,15,臺中市,南屯區,0,1,0,7,2,6,50,4,1,1,5,4,6,6,2,1,9,4,3,2,12,3,10,3,1,B12,7,9,1,8,2,2,,7,7,1,12,4,120.631969,24.125494,2
565,66000,387130000C,(04)23274275,(04)23288582,2025,10,2,9,15,臺中市,后里區,0,0,0,7,,,50,,,,,,,,,,,,,,14,,,,,B03,,,1,,1,,,49,49,1,12,4,120.71753,24.309026,3