序號,縣市別代碼,機關代碼,市話,傳真,年,月,日,時,分,縣市,區,死亡數量,受傷數量,2-30,天候,道路照明設備,道路類別,道路速限,道路型態,事故位置,路面鋪裝,路面狀態,路面缺陷,障礙物,視距,號誌種類,號誌動作,分向設施,快車道或一般車道間,快慢車道間,路面邊線,事故類型及型態,受傷程度,主要傷處,保護裝備,行動電話或功能裝置,當事者區分(類別),車輛用途,當事者行動狀態,駕照狀態,駕照種類,飲酒情形,車輛撞擊部位最初,車輛撞擊部位其他,肇事因素個別,肇事因素主要,肇事逃逸,職業,共享經濟或外送平台,GPS座標X,GPS座標Y,事故類別
1015,66000,387130000C,(04)23274275,(04)23288582,2025,10,3,9,45,臺中市,北屯區,0,0,0,7,,3,80,,,,,,,,,,,,,,17,,,,,B12,,,1,,2,,,84,84,1,6,4,120.694144,24.201018,3
1016,66000,387130000C,(04)23274275,(04)23288582,2025,10,3,9,45,臺中市,大里區,0,1,0,7,2,6,50,13,9,1,5,4,6,6,3,3,1,4,4,1,17,3,10,3,1,B03,7,11,1,8,2,2,,45,45,1,6,4,120.684228,24.097163,2
1017,66000,387130000C,(04)23274275,(04)23288582,2025,10,3,9,46,臺中市,西屯區,0,1,0,7,2,6,50,4,4,1,5,4,6,6,2,1,5,4,4,2,13,3,10,3,1,B03,7,9,1,8,2,1,,84,84,1,12,4,120.60876,24.169723,2
1018,66000,387130000C,(04)23274275,(04)23288582,2025,10,3,9,49,臺中市,北屯區,0,0,0,7,,,50,,,,,,,,,,,,,,14,,,,,B03,,,1,,9,,,49,49,1,12,4,120.725129,24.165473,3
1019,66000,387130000C,(04)23274275,(04)23288582,2025,10,3,9,50,臺中市,西區,0,0,0,7,,,0,,,,,,,,,,,,,,17,,,,,C03,,,1,,1,,,28,28,1,12,4,120.672256,24.144483,3
1020,66000,387130000C,(04)23274275,(04)23288582,2025,10,3,9,50,臺中市,太平區,0,1,0,7,2,6,50,13,14,1,5,4,6,5,4,4,5,5,5,1,16,3,10,3,1,B03,7,6,1,8,2,1,,39,39,1,6,4,120.709223,24.130339,2
1021,66000,387130000C,(04)23274275,(04)23288582,2025,10,3,9,51,臺中市,南屯區,0,1,0,7,2,6,50,4,2,1,5,4,6,6,1,1,9,4,5,2,12,3,10,3,1,B03,7,5,1,8,1,2,,84,84,1,12,4,120.647874,24.146884,2
1022,66000,387130000C,(04)23274275,(04)23288582,2025,10,3,9,55,臺中市,西屯區,0,1,0,7,2,6,50,13,9,1,5,4,1,4,4,4,5,5,5,2,17,3,10,5,1,G03,7,11,7,21,2,17,,39,39,1,12,4,120.668437,24.175443,2
1023,66000,387130000C,(04)23274275,(04)23288582,2025,10,3,9,55,臺中市,清水區,0,2,0,7,3,6,50,4,1,1,5,4,6,6,4,4,5,5,5,2,17,2,9,2,1,C03,7,9,1,10,2,12,,15,15,1,12,4,120.537539,24.268796,2
1024,66000,387130000C,(04)23274275,(04)23288582,2025,10,3,10,0,臺中市,神岡區,0,0,0,7,,,40,,,,,,,,,,,,,,17,,,,,B03,,,1,,2,,,50,50,1,12,4,120.65947,24.257167,3
1025,66000,387130000C,(04)23274275,(04)23288582,2025,10,3,10,1,臺中市,神岡區,0,0,0,7,,,30,,,,,,,,,,,,,,16,,,,,B12,,,1,,1,,,14,14,1,12,4,120.699402,24.260332,3
1026,66000,387130000C,(04)23274275,(04)23288582,2025,10,3,10,10,臺中市,太平區,0,0,0,7,,,50,,,,,,,,,,,,,,16,,,,,B03,,,1,,2,,,14,14,1,12,4,120.734678,24.134075,3
1027,66000,387130000C,(04)23274275,(04)23288582,2025,10,3,10,14,臺中市,北屯區,0,1,0,7,2,6,50,4,1,1,5,4,6,6,4,4,10,5,5,2,17,2,9,1,1,C03,7,6,1,10,1,12,,14,14,1,12,4,120.69331,24.164903,2
1028,66000,387130000C,(04)23274275,(04)23288582,2025,10,3,10,14,臺中市,龍井區,0,0,0,7,,,40,,,,,,,,,,,,,,12,,,,,B03,,,1,,1,,,40,40,1,6,4,120.585513,24.185928,3
1029,66000,387130000C,(04)23274275,(04)23288582,2025,10,3,10,17,臺中市,西區,0,0,0,7,,,50,,,,,,,,,,,,,,,,,,,B03,,,1,8,2,,,49,49,1,13,4,120.657477,24.145431,3
1030,66000,387130000C,(04)23274275,(04)23288582,2025,10,3,10,18,臺中市,西屯區,0,2,0,7,3,6,50,13,8,1,5,4,6,6,4,4,5,5,4,2,13,2,9,5,4,C03,7,9,1,10,2,11,,59,59,1,13,4,120.65059,24.157407,2
1031,66000,387130000C,(04)23274275,(04)23288582,2025,10,3,10,20,臺中市,太平區,0,0,0,7,,,40,,,,,,,,,,,,,,13,,,,,B03,,,1,,2,,,84,84,1,12,4,120.726985,24.120976,3
1032,66000,387130000C,(04)23274275,(04)23288582,2025,10,3,10,20,臺中市,梧棲區,0,0,0,7,,,30,,,,,,,,,,,,,,13,,,,,B03,,,1,,2,,,58,58,1,5,4,120.53917,24.257559,3
1033,66000,387130000C,(04)23274275,(04)23288582,2025,10,3,10,22,臺中市,西屯區,0,0,0,7,,,50,,,,,,,,,,,,,,14,,,,,B03,,,1,,1,,,49,49,1,12,4,120.64334,24.163714,3
1034,66000,387130000C,(04)23274275,(04)23288582,2025,10,3,10,22,臺中市,大里區,0,1,0,7,2,6,50,4,2,1,5,4,6,6,1,1,5,4,5,1,13,2,9,1,1,C03,7,9,3,19,2,11,,7,7,1,13,4,120.689599,24.11524,2
1035,66000,387130000C,(04)23274275,(04)23288582,2025,10,3,10,23,臺中市,西區,0,1,0,7,1,6,50,4,1,1,5,4,6,6,1,1,9,4,4,2,17,3,10,3,1,B03,7,6,1,8,2,2,,11,11,1,12,4,120.669805,24.147877,2
1036,66000,387130000C,(04)23274275,(04)23288582,2025,10,3,10,23,臺中市,西區,0,1,0,7,3,6,50,13,9,1,5,4,6,6,4,4,4,1,5,2,13,2,9,1,1,C03,7,9,1,10,2,11,,7,7,1,6,4,120.651469,24.145619,2
1037,66000,387130000C,(04)23274275,(04)23288582,2025,10,3,10,23,臺中市,太平區,0,0,0,7,,3,80,,,,,,,,,,,,,,13,,,,,B02,,,1,,2,,,7,7,1,6,4,120.717012,24.15548,3
1038,66000,387130000C,(04)23274275,(04)23288582,2025,10,3,10,26,臺中市,大肚區,0,1,0,7,2,6,60,4,1,1,5,4,6,6,2,1,10,5,5,2,15,3,10,3,1,B03,7,9,1,8,2,1,,21,21,1,6,4,120.544108,24.16203,2
1039,66000,387130000C,(04)23274275,(04)23288582,2025,10,3,10,27,臺中市,北屯區,0,0,0,7,,,50,,,,,,,,,,,,,,,,,,,B03,,,1,,1,,,49,49,1,6,4,120.72464,24.181115,3
1040,66000,387130000C,(04)23274275,(04)23288582,2025,10,3,10,30,臺中市,沙鹿區,0,0,0,7,2,6,,13,14,1,5,4,6,6,4,4,8,4,5,2,12,,,,,,,,,,,,,119,119,1,,,120.560246,24.243231,3
1041,66000,387130000C,(04)23274275,(04)23288582,2025,10,3,10,30,臺中市,東勢區,0,1,0,7,2,6,50,11,9,1,5,4,6,6,4,4,5,4,5,1,28,2,9,2,1,C03,7,9,1,10,2,11,,84,84,1,12,4,120.799584,24.285347,2
1042,66000,387130000C,(04)23274275,(04)23288582,2025,10,3,10,31,臺中市,西屯區,0,0,0,7,,,50,,,,,,,,,,,,,,13,,,,,B03,,,1,,1,,,59,59,1,12,4,120.661043,24.171538,3
1043,66000,387130000C,(04)23274275,(04)23288582,2025,10,3,10,32,臺中市,西屯區,0,0,0,7,,,0,,,,,,,,,,,,,,14,,,,,B03,,,1,,1,,,49,49,1,13,4,120.635087,24.174294,4
1044,66000,387130000C,(04)23274275,(04)23288582,2025,10,3,10,33,臺中市,烏日區,0,1,0,7,2,6,50,13,9,1,5,4,6,6,4,4,5,4,5,1,9,3,10,5,4,A12,7,1,1,3,2,2,,84,84,1,6,4,120.624611,24.104714,2
1045,66000,387130000C,(04)23274275,(04)23288582,2025,10,3,10,35,臺中市,沙鹿區,0,1,0,7,2,6,50,13,7,1,5,4,6,6,4,4,3,4,4,2,17,3,10,3,1,B03,7,9,1,8,2,2,,87,87,1,13,4,120.568648,24.22231,2
1046,66000,387130000C,(04)23274275,(04)23288582,2025,10,3,10,39,臺中市,西屯區,0,1,0,7,2,6,50,3,1,1,5,4,6,6,4,4,10,5,5,2,17,2,9,5,4,C03,7,6,1,10,2,14,,14,14,1,12,4,120.644503,24.174027,2
1047,66000,387130000C,(04)23274275,(04)23288582,2025,10,3,10,41,臺中市,太平區,0,1,0,7,3,6,50,3,1,1,5,4,6,6,4,4,5,5,5,2,16,3,10,3,1,B03,7,9,1,8,2,2,,20,20,1,12,4,120.732604,24.141645,2
1048,66000,387130000C,(04)23274275,(04)23288582,2025,10,3,10,43,臺中市,沙鹿區,0,0,0,7,,,40,,,,,,,,,,,,,,,,,,,C03,,,1,,1,,,85,85,1,13,4,120.580001,24.226666,4
1049,66000,387130000C,(04)23274275,(04)23288582,2025,10,3,10,45,臺中市,太平區,0,1,0,7,3,6,50,3,1,1,5,4,6,6,1,1,3,4,5,2,16,3,10,3,1,B03,7,5,1,8,2,5,,65,65,1,12,4,120.714659,24.135921,2
1050,66000,387130000C,(04)23274275,(04)23288582,2025,10,3,10,48,臺中市,北屯區,0,0,0,7,,,50,,,,,,,,,,,,,,17,,,,,B12,,,1,,1,,,50,50,1,6,4,120.686057,24.187772,4
1051,66000,387130000C,(04)23274275,(04)23288582,2025,10,3,10,49,臺中市,西區,0,1,0,7,2,6,30,13,9,1,5,4,6,6,4,4,10,5,5,2,9,3,10,5,4,A11,7,2,1,1,2,3,,49,49,1,12,4,120.655883,24.14413,2
1052,66000,387130000C,(04)23274275,(04)23288582,2025,10,3,10,50,臺中市,太平區,0,0,0,7,,3,50,,,,,,,,,,,,,,12,,,,,B03,,,1,,2,,,8,8,1,12,4,120.733783,24.143388,3
1053,66000,387130000C,(04)23274275,(04)23288582,2025,10,3,10,55,臺中市,北屯區,0,1,0,7,2,6,50,13,9,1,5,4,6,6,4,4,1,4,5,2,13,2,9,1,1,C03,7,9,1,10,2,14,,7,7,1,12,4,120.701231,24.179448,2
1054,66000,387130000C,(04)23274275,(04)23288582,2025,10,3,10,56,臺中市,南屯區,0,0,0,7,,,50,,,,,,,,,,,,,,,,,,,B01,,,1,,2,,,14,14,1,6,4,120.640726,24.149835,3
1055,66000,387130000C,(04)23274275,(04)23288582,2025,10,3,10,59,臺中市,西屯區,0,1,0,7,2,6,30,4,1,1,5,4,6,6,4,4,10,5,5,2,15,2,9,1,1,C03,7,9,1,10,2,11,12,13,13,1,12,4,120.650377,24.166795,2
1056,66000,387130000C,(04)23274275,(04)23288582,2025,10,3,11,0,臺中市,太平區,0,0,0,7,,,50,,,,,,,,,,,,,,17,,,,,C03,,,1,,2,,,84,84,1,12,4,120.733512,24.118559,3
1057,66000,387130000C,(04)23274275,(04)23288582,2025,10,3,11,0,臺中市,豐原區,0,0,0,7,,,30,,,,,,,,,,,,,,12,,,,,B03,,,1,,2,,,8,8,1,12,4,120.724349,24.24026,3
1058,66000,387130000C,(04)23274275,(04)23288582,2025,10,3,11,2,臺中市,北屯區,0,0,0,7,,3,40,,,,,,,,,,,,,,,,,,,B03,,,1,,1,,,7,7,1,6,4,120.720646,24.168065,3
1059,66000,387130000C,(04)23274275,(04)23288582,2025,10,3,11,6,臺中市,大里區,0,0,0,7,,,50,,,,,,,,,,,,,,13,,,,,B12,,,1,,2,,,7,7,1,12,4,120.707368,24.111768,3
1060,66000,387130000C,(04)23274275,(04)23288582,2025,10,3,11,7,臺中市,東區,0,0,0,7,,,50,,,,,,,,,,,,,,17,,,,,B12,,,1,,2,,,84,84,1,12,4,120.689193,24.131483,3
1061,66000,387130000C,(04)23274275,(04)23288582,2025,10,3,11,9,臺中市,東區,0,0,0,7,,,50,,,,,,,,,,,,,,13,,,,,B12,,,1,,2,,,84,84,1,12,4,120.699308,24.148098,3
1062,66000,387130000C,(04)23274275,(04)23288582,2025,10,3,11,14,臺中市,潭子區,0,0,0,7,,,50,,,,,,,,,,,,,,,,,,,B03,,,1,,2,,,51,51,1,13,4,120.705471,24.231473,3
1063,66000,387130000C,(04)23274275,(04)23288582,2025,10,3,11,19,臺中市,清水區,0,0,0,7,,,60,,,,,,,,,,,,,,,,,,,A31,,,1,,2,,,8,8,1,12,4,120.632762,24.291998,3
1064,66000,387130000C,(04)23274275,(04)23288582,2025,10,3,11,20,臺中市,大里區,0,0,0,7,,,30,,,,,,,,,,,,,,17,,,,,A12,,,1,,9,,,59,59,1,13,4,120.719569,24.097981,3
1065,66000,387130000C,(04)23274275,(04)23288582,2025,10,3,11,25,臺中市,清水區,0,1,0,7,3,6,50,13,9,1,5,4,6,6,4,4,1,4,5,1,17,2,9,2,1,C03,7,9,1,10,2,16,,85,85,1,12,4,120.560842,24.265695,2
1066,66000,387130000C,(04)23274275,(04)23288582,2025,10,3,11,29,臺中市,中區,0,0,0,7,,,30,,,,,,,,,,,,,,,,,,,C04,,,1,,2,,,20,20,1,12,4,120.680332,24.137508,3
1067,66000,387130000C,(04)23274275,(04)23288582,2025,10,3,11,30,臺中市,東區,0,1,0,7,1,6,50,4,1,1,5,4,6,6,1,1,10,5,5,2,17,3,10,3,1,B03,7,9,1,8,2,1,,84,84,1,12,4,120.705398,24.130222,2
1068,66000,387130000C,(04)23274275,(04)23288582,2025,10,3,11,30,臺中市,南屯區,0,0,0,7,,,50,,,,,,,,,,,,,,12,,,,,B12,,,1,,2,,,59,59,1,12,4,120.651253,24.149866,3
1069,66000,387130000C,(04)23274275,(04)23288582,2025,10,3,11,30,臺中市,太平區,0,1,0,7,2,6,30,3,2,1,5,4,6,6,4,4,9,5,5,1,16,3,10,3,1,B12,7,6,1,8,2,7,,14,14,1,6,4,120.703689,24.113264,2
1070,66000,387130000C,(04)23274275,(04)23288582,2025,10,3,11,35,臺中市,西屯區,0,0,0,7,,,30,,,,,,,,,,,,,,,,,,,B03,,,1,,1,,,49,49,1,12,4,120.613726,24.185482,3
1071,66000,387130000C,(04)23274275,(04)23288582,2025,10,3,11,36,臺中市,霧峰區,0,0,0,7,,,50,,,,,,,,,,,,,,17,,,,,B03,,,1,,2,,,84,84,1,12,4,120.700365,24.067213,3
1072,66000,387130000C,(04)23274275,(04)23288582,2025,10,3,11,37,臺中市,北屯區,0,1,0,7,1,6,50,4,2,1,5,4,6,6,1,1,5,4,5,2,12,3,10,3,1,B12,7,9,1,8,2,1,,84,84,1,13,4,120.711878,24.18213,2
1073,66000,387130000C,(04)23274275,(04)23288582,2025,10,3,11,38,臺中市,西屯區,0,0,0,7,,,50,,,,,,,,,,,,,,16,,,,,C03,,,1,,1,,,84,84,1,13,4,120.654594,24.157093,4
1074,66000,387130000C,(04)23274275,(04)23288582,2025,10,3,11,40,臺中市,西屯區,0,0,0,7,,3,80,,,,,,,,,,,,,,13,,,,,B12,,,1,,2,,,7,7,1,12,4,120.624568,24.154954,3
1075,66000,387130000C,(04)23274275,(04)23288582,2025,10,3,11,40,臺中市,梧棲區,0,0,0,7,,,40,,,,,,,,,,,,,,12,,,,,C03,,,1,,2,,,58,58,1,12,4,120.54944,24.238558,3
1076,66000,387130000C,(04)23274275,(04)23288582,2025,10,3,11,41,臺中市,北屯區,0,0,0,7,,,50,,,,,,,,,,,,,,14,,,,,B03,,,1,,3,,,50,50,1,12,4,120.70764,24.196991,3
1077,66000,387130000C,(04)23274275,(04)23288582,2025,10,3,11,45,臺中市,北屯區,0,1,0,7,3,6,50,3,1,1,5,4,6,6,4,4,10,5,5,2,17,3,10,2,1,C03,7,6,1,10,1,12,,12,12,1,6,4,120.730639,24.172424,2
1078,66000,387130000C,(04)23274275,(04)23288582,2025,10,3,11,45,臺中市,沙鹿區,0,1,0,7,2,6,30,4,9,1,5,4,6,6,4,4,10,5,5,2,15,2,9,2,1,C03,7,9,1,10,2,11,,12,12,1,12,4,120.550041,24.21709,2
1079,66000,387130000C,(04)23274275,(04)23288582,2025,10,3,11,46,臺中市,西屯區,0,1,0,7,2,6,50,3,1,1,5,4,6,6,4,4,10,5,5,2,13,2,9,5,1,C03,7,5,1,10,2,11,,7,7,1,12,4,120.643484,24.176466,2
1080,66000,387130000C,(04)23274275,(04)23288582,2025,10,3,11,46,臺中市,烏日區,0,0,0,7,2,6,40,13,9,5,5,4,6,6,4,4,10,5,5,2,14,3,10,3,1,B03,7,2,1,8,2,7,,49,49,1,6,4,120.644841,24.07754,3
1081,66000,387130000C,(04)23274275,(04)23288582,2025,10,3,11,49,臺中市,霧峰區,0,2,0,7,2,6,50,13,9,1,5,4,6,6,4,4,9,5,5,2,12,2,9,2,1,C03,7,5,1,10,2,13,,84,84,1,13,4,120.687907,24.045665,2
1082,66000,387130000C,(04)23274275,(04)23288582,2025,10,3,11,50,臺中市,西區,0,1,0,7,2,6,50,5,1,1,5,4,6,6,1,1,10,5,5,2,1,3,10,3,1,B03,7,6,1,8,2,1,,10,10,1,12,4,120.669801,24.150724,2
1083,66000,387130000C,(04)23274275,(04)23288582,2025,10,3,11,50,臺中市,太平區,0,2,0,7,2,6,50,4,1,1,5,4,6,6,2,1,9,4,5,2,15,2,9,1,1,C03,7,9,1,10,2,11,,21,21,1,12,4,120.710045,24.134833,2
1084,66000,387130000C,(04)23274275,(04)23288582,2025,10,3,11,50,臺中市,太平區,0,1,0,7,3,6,50,11,9,1,5,4,6,6,4,4,5,5,5,1,17,2,7,3,1,B03,7,9,1,8,2,5,,59,59,2,12,4,120.745209,24.129753,2
1085,66000,387130000C,(04)23274275,(04)23288582,2025,10,3,12,4,臺中市,西屯區,0,0,0,7,,,50,,,,,,,,,,,,,,13,,,,,B03,,,1,,1,,,59,59,1,12,4,120.599317,24.162738,3
1086,66000,387130000C,(04)23274275,(04)23288582,2025,10,3,12,6,臺中市,西屯區,0,1,0,7,2,6,30,13,9,1,5,4,4,6,4,4,9,5,5,2,17,3,10,1,1,C03,7,9,1,10,2,11,,7,7,1,12,4,120.667054,24.176429,2
1087,66000,387130000C,(04)23274275,(04)23288582,2025,10,3,12,7,臺中市,東區,0,1,0,7,3,6,50,4,1,1,5,4,6,6,2,1,3,5,5,2,12,2,9,2,1,C03,7,9,1,10,2,11,,7,7,1,12,4,120.693452,24.133073,2
1088,66000,387130000C,(04)23274275,(04)23288582,2025,10,3,12,17,臺中市,潭子區,0,2,0,7,2,6,50,13,9,1,5,4,6,6,4,4,4,3,5,1,17,2,9,1,1,C03,7,9,1,10,2,13,,85,85,1,13,4,120.705892,24.218218,2
1089,66000,387130000C,(04)23274275,(04)23288582,2025,10,3,12,20,臺中市,南屯區,0,0,0,7,,,50,,,,,,,,,,,,,,14,,,,,B03,,,1,,9,,,49,49,1,12,4,120.639898,24.141388,3
1090,66000,387130000C,(04)23274275,(04)23288582,2025,10,3,12,21,臺中市,北區,0,0,0,7,,,50,,,,,,,,,,,,,,17,,,,,,,,,,,,,85,85,1,,,120.677059,24.153131,4
1091,66000,387130000C,(04)23274275,(04)23288582,2025,10,3,12,21,臺中市,西屯區,0,1,0,7,3,6,40,4,1,1,5,4,6,6,1,1,10,5,5,2,16,3,10,5,4,B03,7,5,1,8,2,6,,11,11,1,13,4,120.644444,24.194302,2
1092,66000,387130000C,(04)23274275,(04)23288582,2025,10,3,12,24,臺中市,南屯區,0,0,0,7,,,50,,,,,,,,,,,,,,13,,,,,B03,,,1,,1,,,59,59,1,12,4,120.631798,24.146026,3
1093,66000,387130000C,(04)23274275,(04)23288582,2025,10,3,12,25,臺中市,神岡區,0,0,0,7,,,50,,,,,,,,,,,,,,14,,,,,B12,,,1,,9,,,49,49,2,13,4,120.6951,24.233962,3
1094,66000,387130000C,(04)23274275,(04)23288582,2025,10,3,12,29,臺中市,大里區,0,1,0,7,2,6,50,4,1,1,5,4,6,6,1,1,5,5,5,1,16,2,9,2,1,C03,7,9,1,10,2,11,,84,84,1,13,4,120.702493,24.08733,2
1095,66000,387130000C,(04)23274275,(04)23288582,2025,10,3,12,30,臺中市,豐原區,0,1,0,7,2,6,50,3,2,1,5,4,6,6,4,4,1,4,5,1,17,2,8,1,1,C03,7,11,1,10,2,14,,45,45,1,12,4,120.709292,24.249457,2
1096,66000,387130000C,(04)23274275,(04)23288582,2025,10,3,12,31,臺中市,龍井區,0,1,0,7,2,6,40,13,8,1,5,4,6,6,4,4,1,4,1,2,23,2,9,1,1,C03,7,15,1,10,2,12,,59,59,1,6,4,120.582805,24.187464,2
1097,66000,387130000C,(04)23274275,(04)23288582,2025,10,3,12,32,臺中市,北區,0,2,0,7,2,6,50,4,1,1,5,4,6,6,2,1,10,5,5,2,17,2,9,1,1,C03,7,9,1,10,2,11,,21,21,1,12,4,120.703795,24.159543,2
1098,66000,387130000C,(04)23274275,(04)23288582,2025,10,3,12,34,臺中市,豐原區,0,0,0,7,,,50,,,,,,,,,,,,,,13,,,,,C03,,,1,,2,,,7,7,1,12,4,120.71118,24.248834,4
1099,66000,387130000C,(04)23274275,(04)23288582,2025,10,3,12,39,臺中市,中區,0,0,0,7,,,50,,,,,,,,,,,,,,,,,,,A41,,,1,1,2,,,49,49,1,13,4,120.679556,24.1479,3
1100,66000,387130000C,(04)23274275,(04)23288582,2025,10,3,12,40,臺中市,大雅區,0,0,0,7,,,50,,,,,,,,,,,,,,,,,,,B12,,,1,,2,,,51,51,1,13,4,120.649286,24.226781,3
1101,66000,387130000C,(04)23274275,(04)23288582,2025,10,3,12,43,臺中市,大里區,0,0,0,7,,3,80,,,,,,,,,,,,,,12,,,,,B12,,,1,,1,,,40,40,1,12,4,120.68285,24.083994,3
1102,66000,387130000C,(04)23274275,(04)23288582,2025,10,3,12,50,臺中市,北區,0,0,0,7,,,50,,,,,,,,,,,,,,17,,,,,B03,,,1,,2,,,59,59,1,12,4,120.673054,24.165479,3
1103,66000,387130000C,(04)23274275,(04)23288582,2025,10,3,12,50,臺中市,龍井區,0,1,0,7,3,6,50,13,9,1,5,2,6,6,1,1,5,4,4,1,18,2,8,2,1,C03,7,15,1,10,2,14,,6,6,1,13,4,120.514072,24.198408,2
1104,66000,387130000C,(04)23274275,(04)23288582,2025,10,3,12,50,臺中市,神岡區,0,0,0,7,,,50,,,,,,,,,,,,,,25,,,,,B03,,,1,,2,,,59,59,1,12,4,120.683783,24.244665,3
1105,66000,387130000C,(04)23274275,(04)23288582,2025,10,3,12,55,臺中市,南屯區,0,1,0,7,2,6,50,4,1,1,5,4,6,6,2,1,1,2,4,2,13,3,10,3,1,A11,7,9,1,2,2,5,,84,84,1,6,4,120.622914,24.145428,2
1106,66000,387130000C,(04)23274275,(04)23288582,2025,10,3,12,56,臺中市,西屯區,0,1,0,7,2,6,40,3,1,1,5,4,6,6,1,1,10,5,5,2,16,2,9,5,1,C03,7,6,1,10,2,12,,48,48,1,12,4,120.598159,24.162982,2
1107,66000,387130000C,(04)23274275,(04)23288582,2025,10,3,12,57,臺中市,太平區,0,4,0,7,2,6,50,13,7,1,5,4,1,6,4,4,5,5,4,1,16,2,9,2,1,C03,7,1,1,10,2,14,,51,51,1,12,4,120.71984,24.129929,2
1108,66000,387130000C,(04)23274275,(04)23288582,2025,10,3,13,0,臺中市,潭子區,0,1,0,7,1,6,50,13,9,1,5,4,6,6,4,4,10,4,5,1,30,2,8,1,1,C03,7,9,1,10,2,14,,59,59,1,13,4,120.69839,24.200256,2
1109,66000,387130000C,(04)23274275,(04)23288582,2025,10,3,13,0,臺中市,北屯區,0,1,0,7,2,6,40,4,1,1,5,4,6,6,2,1,1,4,4,2,16,3,10,3,1,B03,7,5,1,8,2,2,,20,20,1,12,4,120.670072,24.176624,2
1110,66000,387130000C,(04)23274275,(04)23288582,2025,10,3,13,4,臺中市,北屯區,0,2,0,7,1,6,50,3,2,1,5,4,6,6,4,4,5,4,4,2,17,2,9,1,1,C03,7,5,3,19,2,11,,13,13,1,13,4,120.671675,24.182493,2
1111,66000,387130000C,(04)23274275,(04)23288582,2025,10,3,13,7,臺中市,西屯區,0,1,0,7,2,6,0,13,9,1,5,4,6,6,4,4,9,5,5,2,17,2,9,5,4,C01,7,15,1,9,2,11,,84,84,1,13,4,120.592418,24.170097,2
1112,66000,387130000C,(04)23274275,(04)23288582,2025,10,3,13,10,臺中市,北屯區,0,0,0,7,,,30,,,,,,,,,,,,,,14,,,,,B03,,,1,,2,,,50,50,1,6,4,120.673931,24.174862,4
1113,66000,387130000C,(04)23274275,(04)23288582,2025,10,3,13,11,臺中市,中區,0,2,0,7,2,6,50,3,1,1,5,4,6,6,4,4,10,5,5,2,17,2,9,1,1,C03,7,6,1,10,2,11,,48,48,1,12,4,120.678484,24.140455,2
1114,66000,387130000C,(04)23274275,(04)23288582,2025,10,3,13,13,臺中市,清水區,0,0,0,7,,,50,,,,,,,,,,,,,,,,,,,B03,,,1,,2,,,15,15,1,12,4,120.556102,24.279855,3
1115,66000,387130000C,(04)23274275,(04)23288582,2025,10,3,13,16,臺中市,西屯區,0,1,0,7,2,6,50,4,1,1,5,4,6,6,1,1,10,5,5,2,16,3,10,5,4,B03,7,5,1,8,2,2,,11,11,1,12,4,120.650871,24.166529,2
1116,66000,387130000C,(04)23274275,(04)23288582,2025,10,3,13,21,臺中市,北屯區,0,0,0,7,,,30,,,,,,,,,,,,,,14,,,,,B12,,,1,,9,,,49,49,1,6,4,120.694988,24.166968,3
1117,66000,387130000C,(04)23274275,(04)23288582,2025,10,3,13,23,臺中市,北屯區,0,1,0,7,1,6,50,4,2,1,5,4,6,6,4,4,5,4,4,2,18,2,9,1,1,C03,7,9,1,10,2,11,,85,85,1,13,4,120.722539,24.177809,2
1118,66000,387130000C,(04)23274275,(04)23288582,2025,10,3,13,30,臺中市,東區,0,1,0,7,2,6,50,13,7,1,5,4,6,6,4,4,5,5,4,2,18,2,9,2,1,C03,7,9,1,10,2,14,,85,85,1,13,4,120.692286,24.147298,2
1119,66000,387130000C,(04)23274275,(04)23288582,2025,10,3,13,31,臺中市,南區,0,0,0,7,,,50,,,,,,,,,,,,,,17,,,,,B11,,,1,,2,,,78,78,1,13,4,120.663853,24.123522,3
1120,66000,387130000C,(04)23274275,(04)23288582,2025,10,3,13,36,臺中市,南屯區,0,0,0,7,,,50,,,,,,,,,,,,,,17,,,,,B12,,,1,,1,,,84,84,1,6,4,120.634287,24.146228,3
1121,66000,387130000C,(04)23274275,(04)23288582,2025,10,3,13,38,臺中市,北屯區,0,0,0,7,,3,80,,,,,,,,,,,,,,13,,,,,B03,,,1,,1,,,7,7,1,12,4,120.682375,24.200905,3
1122,66000,387130000C,(04)23274275,(04)23288582,2025,10,3,13,39,臺中市,西區,0,0,0,7,,,50,,,,,,,,,,,,,,,,,,,B03,,,1,,1,,,84,84,1,13,4,120.661491,24.147766,3
1123,66000,387130000C,(04)23274275,(04)23288582,2025,10,3,13,39,臺中市,西屯區,0,0,0,7,,,50,,,,,,,,,,,,,,12,,,,,B03,,,1,,1,,,47,47,1,12,4,120.615485,24.174629,3
1124,66000,387130000C,(04)23274275,(04)23288582,2025,10,3,13,44,臺中市,北屯區,0,1,0,7,2,6,50,4,2,1,5,4,6,6,1,1,1,4,4,2,13,3,10,1,1,C03,7,9,1,10,2,11,,7,7,1,12,4,120.663985,24.185952,2
1125,66000,387130000C,(04)23274275,(04)23288582,2025,10,3,13,49,臺中市,西區,0,0,0,7,,,50,,,,,,,,,,,,,,12,,,,,A12,,,1,,1,,,40,40,1,12,4,120.666933,24.141443,3
1126,66000,387130000C,(04)23274275,(04)23288582,2025,10,3,13,49,臺中市,北屯區,0,1,0,7,2,6,50,4,1,1,5,4,6,6,4,4,10,5,5,2,15,2,9,2,1,C03,7,9,1,10,2,12,,12,12,1,12,4,120.673336,24.181497,2