序號,縣市別代碼,機關代碼,市話,傳真,年,月,日,時,分,縣市,區,死亡數量,受傷數量,2-30,天候,道路照明設備,道路類別,道路速限,道路型態,事故位置,路面鋪裝,路面狀態,路面缺陷,障礙物,視距,號誌種類,號誌動作,分向設施,快車道或一般車道間,快慢車道間,路面邊線,事故類型及型態,受傷程度,主要傷處,保護裝備,行動電話或功能裝置,當事者區分(類別),車輛用途,當事者行動狀態,駕照狀態,駕照種類,飲酒情形,車輛撞擊部位最初,車輛撞擊部位其他,肇事因素個別,肇事因素主要,肇事逃逸,職業,共享經濟或外送平台,GPS座標X,GPS座標Y,事故類別
1127,66000,387130000C,(04)23274275,(04)23288582,2025,10,3,13,50,臺中市,北區,0,0,0,7,,,50,,,,,,,,,,,,,,17,,,,,C03,,,1,,1,,,77,77,1,13,4,120.669673,24.154758,3
1128,66000,387130000C,(04)23274275,(04)23288582,2025,10,3,13,51,臺中市,太平區,0,1,0,7,3,6,30,11,9,1,5,4,6,6,4,4,5,5,5,1,18,2,9,2,1,C03,7,9,1,10,2,12,,84,84,1,12,4,120.805449,24.101751,2
1129,66000,387130000C,(04)23274275,(04)23288582,2025,10,3,13,53,臺中市,潭子區,0,0,0,7,,,50,,,,,,,,,,,,,,,,,,,B13,,,1,,2,,,75,75,1,13,4,120.723583,24.217743,3
1130,66000,387130000C,(04)23274275,(04)23288582,2025,10,3,13,56,臺中市,梧棲區,0,0,0,7,,,60,,,,,,,,,,,,,,13,,,,,B03,,,1,,1,,,82,82,1,6,4,120.536208,24.250298,3
1131,66000,387130000C,(04)23274275,(04)23288582,2025,10,3,13,58,臺中市,南屯區,0,0,0,7,,3,50,,,,,,,,,,,,,,,,,,,B03,,,1,,1,,,8,8,1,13,4,120.623561,24.148864,3
1132,66000,387130000C,(04)23274275,(04)23288582,2025,10,3,14,10,臺中市,北屯區,0,1,0,7,3,6,80,13,9,1,5,4,6,6,4,4,1,4,5,2,13,3,10,3,1,B12,7,9,1,8,1,1,,7,7,1,6,4,120.720729,24.169265,2
1133,66000,387130000C,(04)23274275,(04)23288582,2025,10,3,14,12,臺中市,南區,0,0,0,7,,,50,,,,,,,,,,,,,,17,,,,,B12,,,1,,2,,,50,50,1,12,4,120.660047,24.110354,3
1134,66000,387130000C,(04)23274275,(04)23288582,2025,10,3,14,12,臺中市,北屯區,0,0,0,7,,,50,,,,,,,,,,,,,,12,,,,,B03,,,1,,9,,,8,8,1,6,4,120.733616,24.161124,3
1135,66000,387130000C,(04)23274275,(04)23288582,2025,10,3,14,16,臺中市,南屯區,0,0,0,7,,,50,,,,,,,,,,,,,,14,,,,,B01,,,1,,1,,,59,59,1,12,4,120.650194,24.130499,3
1136,66000,387130000C,(04)23274275,(04)23288582,2025,10,3,14,17,臺中市,北區,0,0,0,7,,,30,,,,,,,,,,,,,,13,,,,,B03,,,1,,1,,,84,84,1,13,4,120.679298,24.165404,3
1137,66000,387130000C,(04)23274275,(04)23288582,2025,10,3,14,20,臺中市,北屯區,0,1,0,7,2,6,50,4,19,1,5,4,6,6,2,1,10,5,5,2,3,3,10,3,1,B03,7,6,5,19,2,8,,10,10,1,6,4,120.697612,24.168574,2
1138,66000,387130000C,(04)23274275,(04)23288582,2025,10,3,14,20,臺中市,清水區,0,1,0,7,3,6,50,4,1,1,5,4,6,6,1,1,1,4,1,1,17,3,10,3,1,A12,7,5,1,7,2,2,,47,47,1,12,4,120.552266,24.293936,2
1139,66000,387130000C,(04)23274275,(04)23288582,2025,10,3,14,21,臺中市,外埔區,0,1,0,6,2,6,50,11,9,1,5,4,6,6,4,4,5,5,5,1,18,2,9,1,1,C03,7,9,1,10,2,14,,59,59,1,12,4,120.637215,24.331943,2
1140,66000,387130000C,(04)23274275,(04)23288582,2025,10,3,14,22,臺中市,烏日區,0,0,0,7,,,30,,,,,,,,,,,,,,,,,,,A41,,,1,,2,,,84,84,1,6,4,120.643134,24.072838,3
1141,66000,387130000C,(04)23274275,(04)23288582,2025,10,3,14,27,臺中市,大里區,0,1,0,7,2,6,50,4,1,1,5,4,6,6,1,1,5,4,4,1,17,3,10,3,1,B03,7,9,5,19,2,4,,21,21,1,13,4,120.706717,24.09532,2
1142,66000,387130000C,(04)23274275,(04)23288582,2025,10,3,14,30,臺中市,東區,0,2,0,7,2,6,50,3,1,1,5,4,6,6,4,4,5,4,5,2,16,2,9,2,1,C03,7,6,1,10,2,11,,14,14,1,13,4,120.688199,24.135863,2
1143,66000,387130000C,(04)23274275,(04)23288582,2025,10,3,14,32,臺中市,大里區,0,0,0,7,,,50,,,,,,,,,,,,,,12,,,,,B13,,,1,,2,,,8,8,1,12,4,120.691914,24.101437,3
1144,66000,387130000C,(04)23274275,(04)23288582,2025,10,3,14,33,臺中市,北屯區,0,0,0,7,,,50,,,,,,,,,,,,,,13,,,,,C03,,,1,,1,,,7,7,1,12,4,120.688004,24.174274,3
1145,66000,387130000C,(04)23274275,(04)23288582,2025,10,3,14,33,臺中市,北屯區,0,0,0,7,,,50,,,,,,,,,,,,,,,,,,,B03,,,1,,1,,,7,7,1,13,4,120.706477,24.164999,3
1146,66000,387130000C,(04)23274275,(04)23288582,2025,10,3,14,37,臺中市,大里區,0,2,0,7,2,6,30,4,1,1,5,4,6,6,4,4,10,5,5,2,15,2,8,1,1,C03,7,9,1,10,2,12,14,15,15,1,6,4,120.681009,24.115627,2
1147,66000,387130000C,(04)23274275,(04)23288582,2025,10,3,14,40,臺中市,西區,0,1,0,7,2,6,50,3,1,1,5,4,6,6,1,1,10,5,5,2,17,3,10,3,1,B03,7,9,1,8,2,5,,21,21,1,12,4,120.658977,24.155921,2
1148,66000,387130000C,(04)23274275,(04)23288582,2025,10,3,14,40,臺中市,清水區,0,1,0,7,3,6,50,4,1,1,5,4,6,6,1,1,1,4,5,2,17,3,10,3,1,B03,7,6,1,8,2,2,,11,11,1,12,4,120.542048,24.268002,2
1149,66000,387130000C,(04)23274275,(04)23288582,2025,10,3,14,41,臺中市,霧峰區,0,1,0,7,2,6,50,13,9,1,5,4,6,6,1,1,5,5,5,1,13,3,10,3,1,B03,7,9,1,8,2,1,,7,7,1,13,4,120.686292,24.053254,2
1150,66000,387130000C,(04)23274275,(04)23288582,2025,10,3,14,46,臺中市,沙鹿區,0,0,0,7,,,50,,,,,,,,,,,,,,17,,,,,B03,,,1,,1,,,8,8,1,6,4,120.561683,24.24269,3
1151,66000,387130000C,(04)23274275,(04)23288582,2025,10,3,14,49,臺中市,西屯區,0,0,0,7,,,50,,,,,,,,,,,,,,16,,,,,B03,,,1,,1,,,8,8,1,12,4,120.655569,24.173884,3
1152,66000,387130000C,(04)23274275,(04)23288582,2025,10,3,14,50,臺中市,大雅區,0,0,0,7,,,30,,,,,,,,,,,,,,,,,,,B11,,,1,,2,,,73,73,1,13,4,120.646506,24.221085,3
1153,66000,387130000C,(04)23274275,(04)23288582,2025,10,3,14,51,臺中市,南屯區,0,0,0,7,,,50,,,,,,,,,,,,,,12,,,,,B03,,,1,,9,,,47,47,1,12,4,120.628934,24.15113,3
1154,66000,387130000C,(04)23274275,(04)23288582,2025,10,3,14,52,臺中市,龍井區,0,0,0,7,,,30,,,,,,,,,,,,,,16,,,,,B03,,,1,,1,,,20,20,1,6,4,120.539854,24.176421,3
1155,66000,387130000C,(04)23274275,(04)23288582,2025,10,3,14,55,臺中市,南區,0,3,0,7,3,6,50,4,1,1,5,4,6,6,4,4,10,5,5,2,15,2,9,2,1,C03,7,9,1,10,2,11,,15,15,1,5,4,120.683099,24.131563,2
1156,66000,387130000C,(04)23274275,(04)23288582,2025,10,3,14,56,臺中市,北區,0,1,0,7,2,6,50,4,2,1,5,4,6,6,1,1,5,5,5,2,9,2,9,6,5,H01,8,16,7,21,10,17,,95,95,1,13,5,120.678371,24.160308,2
1157,66000,387130000C,(04)23274275,(04)23288582,2025,10,3,14,56,臺中市,沙鹿區,0,1,0,7,3,6,40,4,1,1,5,4,1,6,2,1,10,5,5,2,17,2,9,2,1,C03,7,12,1,10,2,14,,82,82,1,5,4,120.5799,24.219566,2
1158,66000,387130000C,(04)23274275,(04)23288582,2025,10,3,14,57,臺中市,西屯區,0,1,0,7,2,6,40,4,1,1,5,4,6,6,1,1,10,5,5,2,16,3,10,5,1,B03,7,5,1,8,2,2,,65,65,1,12,4,120.662466,24.163638,2
1159,66000,387130000C,(04)23274275,(04)23288582,2025,10,3,15,6,臺中市,南屯區,0,0,0,7,,,50,,,,,,,,,,,,,,13,,,,,C03,,,1,,1,,,7,7,1,6,4,120.652827,24.140192,3
1160,66000,387130000C,(04)23274275,(04)23288582,2025,10,3,15,8,臺中市,南屯區,0,0,0,7,,,50,,,,,,,,,,,,,,,,,,,B02,,,1,,1,,,40,40,1,13,4,120.622744,24.149871,3
1161,66000,387130000C,(04)23274275,(04)23288582,2025,10,3,15,9,臺中市,北區,0,0,0,7,,,50,,,,,,,,,,,,,,17,,,,,B03,,,1,,2,,,39,39,1,13,4,120.664949,24.165056,3
1162,66000,387130000C,(04)23274275,(04)23288582,2025,10,3,15,10,臺中市,大雅區,0,1,0,7,3,6,30,3,1,1,5,4,6,6,4,4,10,5,5,2,17,3,10,3,1,B03,7,1,1,10,2,5,,51,51,1,12,4,120.648212,24.229379,2
1163,66000,387130000C,(04)23274275,(04)23288582,2025,10,3,15,10,臺中市,烏日區,0,1,0,7,3,6,60,3,2,1,5,4,6,6,4,4,1,4,4,1,17,3,10,4,1,B03,7,14,1,8,2,4,,76,76,1,6,4,120.639258,24.108053,2
1164,66000,387130000C,(04)23274275,(04)23288582,2025,10,3,15,16,臺中市,南屯區,0,0,0,7,,,50,,,,,,,,,,,,,,13,,,,,B13,,,1,,1,,,7,7,1,12,4,120.647348,24.153511,3
1165,66000,387130000C,(04)23274275,(04)23288582,2025,10,3,15,23,臺中市,南屯區,0,0,0,7,,,50,,,,,,,,,,,,,,14,,,,,B03,,,1,,2,,,49,49,1,6,4,120.627727,24.148106,4
1166,66000,387130000C,(04)23274275,(04)23288582,2025,10,3,15,24,臺中市,西區,0,1,0,7,2,6,50,13,9,1,5,4,6,6,4,4,1,4,5,2,17,3,10,3,1,B03,7,5,1,8,2,2,,47,47,1,13,4,120.665824,24.141294,2
1167,66000,387130000C,(04)23274275,(04)23288582,2025,10,3,15,25,臺中市,南屯區,0,0,0,7,,,50,,,,,,,,,,,,,,12,,,,,B03,,,1,,1,,,51,51,1,12,4,120.665719,24.150724,3
1168,66000,387130000C,(04)23274275,(04)23288582,2025,10,3,15,27,臺中市,北區,0,0,0,7,,,50,,,,,,,,,,,,,,17,,,,,C03,,,1,,2,,,84,84,1,12,4,120.6716,24.157004,3
1169,66000,387130000C,(04)23274275,(04)23288582,2025,10,3,15,30,臺中市,大雅區,0,0,0,7,,,60,,,,,,,,,,,,,,,,,,,B03,,,1,,1,,,84,84,1,13,4,120.650638,24.211018,3
1170,66000,387130000C,(04)23274275,(04)23288582,2025,10,3,15,30,臺中市,清水區,0,0,0,7,,,60,,,,,,,,,,,,,,17,,,,,B03,,,1,,2,,,8,8,1,12,4,120.547514,24.275637,3
1171,66000,387130000C,(04)23274275,(04)23288582,2025,10,3,15,31,臺中市,西屯區,0,0,0,7,,,50,,,,,,,,,,,,,,13,,,,,B03,,,1,,1,,,59,59,1,13,4,120.619744,24.187307,3
1172,66000,387130000C,(04)23274275,(04)23288582,2025,10,3,15,40,臺中市,北屯區,0,0,0,7,,,50,,,,,,,,,,,,,,13,,,,,C03,,,1,,1,,,7,7,1,6,4,120.698024,24.170491,4
1173,66000,387130000C,(04)23274275,(04)23288582,2025,10,3,15,41,臺中市,南區,0,1,0,7,2,6,50,13,9,1,5,4,6,6,4,4,1,4,5,2,13,3,10,3,1,B03,7,9,1,8,2,1,,7,7,1,12,4,120.65322,24.117814,2
1174,66000,387130000C,(04)23274275,(04)23288582,2025,10,3,15,44,臺中市,大里區,0,1,0,7,2,6,50,13,9,1,5,4,6,6,4,4,10,5,5,2,11,3,10,3,1,B03,7,1,1,8,2,8,,51,51,1,12,4,120.688602,24.105519,2
1175,66000,387130000C,(04)23274275,(04)23288582,2025,10,3,15,45,臺中市,西屯區,0,0,0,7,,,50,,,,,,,,,,,,,,13,,,,,B12,,,1,,1,,,7,7,1,12,4,120.647424,24.174461,3
1176,66000,387130000C,(04)23274275,(04)23288582,2025,10,3,15,45,臺中市,霧峰區,0,2,0,7,2,6,40,13,8,1,5,4,6,6,4,4,5,5,4,2,17,2,9,2,1,C03,7,9,3,19,2,14,,84,84,1,13,4,120.697903,24.059016,2
1177,66000,387130000C,(04)23274275,(04)23288582,2025,10,3,15,50,臺中市,潭子區,0,2,0,7,2,6,60,4,1,1,5,4,6,6,2,1,1,4,4,1,17,2,9,2,1,C03,7,9,1,10,2,11,,7,7,1,13,4,120.70513,24.207088,2
1178,66000,387130000C,(04)23274275,(04)23288582,2025,10,3,15,53,臺中市,西區,0,1,0,7,2,6,50,4,1,1,5,4,6,6,1,1,10,5,5,2,16,3,10,3,1,B03,7,5,1,8,2,5,,47,47,1,12,4,120.666927,24.153191,2
1179,66000,387130000C,(04)23274275,(04)23288582,2025,10,3,15,54,臺中市,南屯區,0,1,0,7,2,6,50,3,2,1,5,4,6,6,4,4,9,5,5,2,17,2,8,2,1,C03,7,5,1,10,2,11,,84,84,1,13,4,120.64082,24.141906,2
1180,66000,387130000C,(04)23274275,(04)23288582,2025,10,3,15,55,臺中市,烏日區,0,0,0,7,,,70,,,,,,,,,,,,,,,,,,,B12,,,1,,2,,,50,50,1,6,4,120.606485,24.108501,3
1181,66000,387130000C,(04)23274275,(04)23288582,2025,10,3,16,1,臺中市,西屯區,0,1,0,7,2,6,50,4,1,1,5,4,6,6,1,1,5,2,5,2,16,3,10,5,4,B03,7,6,1,8,2,5,,48,48,1,13,4,120.623581,24.176904,2
1182,66000,387130000C,(04)23274275,(04)23288582,2025,10,3,16,2,臺中市,西區,0,0,0,7,,,30,,,,,,,,,,,,,,17,,,,,B03,,,1,,9,,,49,49,1,12,4,120.655367,24.151932,3
1183,66000,387130000C,(04)23274275,(04)23288582,2025,10,3,16,2,臺中市,西屯區,0,1,0,7,2,6,50,13,9,1,5,4,6,6,4,4,1,4,5,2,13,3,10,3,1,B12,7,9,1,8,2,1,,7,7,1,13,4,120.654818,24.168816,2
1184,66000,387130000C,(04)23274275,(04)23288582,2025,10,3,16,6,臺中市,西區,0,2,0,7,2,6,50,4,1,1,5,4,6,6,4,4,10,5,5,2,17,3,10,3,1,B01,7,11,1,8,2,1,,45,45,1,13,4,120.661788,24.151368,2
1185,66000,387130000C,(04)23274275,(04)23288582,2025,10,3,16,7,臺中市,南屯區,0,0,0,7,,,50,,,,,,,,,,,,,,,,,,,B03,,,1,,2,,,51,51,1,13,4,120.63423,24.144422,3
1186,66000,387130000C,(04)23274275,(04)23288582,2025,10,3,16,8,臺中市,西屯區,0,0,0,7,,,50,,,,,,,,,,,,,,12,,,,,B03,,,1,,2,,,40,40,1,12,4,120.587922,24.192868,3
1187,66000,387130000C,(04)23274275,(04)23288582,2025,10,3,16,10,臺中市,西屯區,0,0,0,7,,,50,,,,,,,,,,,,,,13,,,,,B12,,,1,,1,,,84,84,1,12,4,120.644164,24.201417,3
1188,66000,387130000C,(04)23274275,(04)23288582,2025,10,3,16,11,臺中市,外埔區,0,0,0,7,,,50,,,,,,,,,,,,,,15,,,,,B03,,,1,,2,,,48,48,1,12,4,120.64893,24.35376,3
1189,66000,387130000C,(04)23274275,(04)23288582,2025,10,3,16,12,臺中市,中區,0,0,0,7,,,,,,,,,,,,,,,,,,,,,,,,,,,,,,119,119,1,,,120.685428,24.137911,3
1190,66000,387130000C,(04)23274275,(04)23288582,2025,10,3,16,13,臺中市,西屯區,0,0,0,7,,,50,,,,,,,,,,,,,,14,,,,,B03,,,1,,1,,,49,49,1,12,4,120.646901,24.157055,3
1191,66000,387130000C,(04)23274275,(04)23288582,2025,10,3,16,13,臺中市,大甲區,0,1,0,7,3,6,50,3,2,1,5,4,6,6,4,4,10,5,5,1,16,2,9,1,1,C03,7,5,1,10,2,14,,14,14,1,6,4,120.657702,24.398443,2
1192,66000,387130000C,(04)23274275,(04)23288582,2025,10,3,16,15,臺中市,清水區,0,1,0,7,2,6,50,3,1,1,5,4,6,6,1,1,9,3,4,1,17,3,10,3,1,B03,7,6,1,8,2,8,,11,11,1,12,4,120.55552,24.294668,2
1193,66000,387130000C,(04)23274275,(04)23288582,2025,10,3,16,16,臺中市,后里區,0,1,0,7,2,6,40,13,7,1,5,4,6,6,4,4,1,4,4,1,17,2,8,2,1,C03,7,8,1,10,2,11,,84,84,1,12,4,120.723175,24.312655,2
1194,66000,387130000C,(04)23274275,(04)23288582,2025,10,3,16,19,臺中市,南區,0,1,0,7,2,6,50,3,1,1,5,4,6,6,3,1,10,5,5,2,17,3,10,3,1,B03,7,6,1,8,2,1,,24,24,1,12,4,120.65168,24.114873,2
1195,66000,387130000C,(04)23274275,(04)23288582,2025,10,3,16,21,臺中市,西屯區,0,1,0,7,2,6,50,4,1,1,5,4,6,6,2,1,10,5,5,2,11,3,10,3,4,B03,7,6,1,8,2,8,,23,23,1,12,4,120.65389,24.155776,2
1196,66000,387130000C,(04)23274275,(04)23288582,2025,10,3,16,23,臺中市,北屯區,0,1,0,7,2,6,50,4,2,1,5,4,6,6,2,1,1,2,5,2,13,3,10,3,3,B03,7,9,1,8,2,1,,59,59,1,12,4,120.694081,24.164731,2
1197,66000,387130000C,(04)23274275,(04)23288582,2025,10,3,16,23,臺中市,西屯區,0,0,0,7,,,50,,,,,,,,,,,,,,12,,,,,C03,,,1,,1,,,7,7,1,13,4,120.655631,24.199519,3
1198,66000,387130000C,(04)23274275,(04)23288582,2025,10,3,16,24,臺中市,南屯區,0,0,0,7,,,50,,,,,,,,,,,,,,13,,,,,B03,,,1,,1,,,7,7,1,12,4,120.652882,24.133852,3
1199,66000,387130000C,(04)23274275,(04)23288582,2025,10,3,16,25,臺中市,南區,0,0,0,7,,,50,,,,,,,,,,,,,,,,,,,C03,,,1,,1,,,87,87,1,12,4,120.670085,24.125645,3
1200,66000,387130000C,(04)23274275,(04)23288582,2025,10,3,16,26,臺中市,潭子區,0,0,0,7,,,50,,,,,,,,,,,,,,14,,,,,C03,,,1,,2,,,49,49,1,13,4,120.698077,24.216546,3
1201,66000,387130000C,(04)23274275,(04)23288582,2025,10,3,16,26,臺中市,西區,0,0,0,7,,,50,,,,,,,,,,,,,,,,,,,B01,,,1,,2,,,40,40,1,13,4,120.665476,24.145914,3
1202,66000,387130000C,(04)23274275,(04)23288582,2025,10,3,16,29,臺中市,豐原區,0,1,0,7,2,6,50,13,7,1,5,4,6,6,4,4,9,5,4,2,12,3,10,3,1,B03,7,11,1,8,2,8,,45,45,1,12,4,120.734891,24.255567,2
1203,66000,387130000C,(04)23274275,(04)23288582,2025,10,3,16,30,臺中市,南屯區,0,0,0,7,,,50,,,,,,,,,,,,,,12,,,,,C03,,,1,,2,,,43,43,1,12,4,120.648361,24.140371,3
1204,66000,387130000C,(04)23274275,(04)23288582,2025,10,3,16,32,臺中市,大里區,0,0,0,7,2,6,30,5,2,1,5,4,6,6,1,1,1,5,4,2,17,,,,,B03,,,1,,2,,,84,84,1,13,4,120.68145,24.104894,3
1205,66000,387130000C,(04)23274275,(04)23288582,2025,10,3,16,34,臺中市,南區,0,0,0,7,,,50,,,,,,,,,,,,,,13,,,,,B03,,,1,,1,,,84,84,1,6,4,120.679306,24.1199,3
1206,66000,387130000C,(04)23274275,(04)23288582,2025,10,3,16,35,臺中市,外埔區,0,0,0,7,2,6,50,8,7,1,5,4,6,6,4,4,1,3,4,2,13,3,10,3,1,B03,7,9,1,8,2,5,,84,84,1,12,4,120.639931,24.340857,3
1207,66000,387130000C,(04)23274275,(04)23288582,2025,10,3,16,36,臺中市,烏日區,0,2,0,7,2,6,50,3,1,1,5,4,6,6,4,4,5,4,4,2,16,3,10,1,1,C03,7,6,1,10,2,14,,14,14,1,6,4,120.634712,24.105173,2
1208,66000,387130000C,(04)23274275,(04)23288582,2025,10,3,16,38,臺中市,南屯區,0,2,0,7,3,6,50,13,7,1,5,4,6,6,4,4,5,5,4,2,17,2,1,3,1,B03,7,1,1,8,2,8,,51,51,1,6,4,120.608553,24.128236,2
1209,66000,387130000C,(04)23274275,(04)23288582,2025,10,3,16,38,臺中市,烏日區,0,0,0,7,,,50,,,,,,,,,,,,,,17,,,,,C03,,,1,,1,,,8,8,1,6,4,120.624778,24.104116,3
1210,66000,387130000C,(04)23274275,(04)23288582,2025,10,3,16,39,臺中市,北屯區,0,0,0,7,,,50,,,,,,,,,,,,,,,,,,,C03,,,1,,1,,,7,7,1,13,4,120.697984,24.170384,3
1211,66000,387130000C,(04)23274275,(04)23288582,2025,10,3,16,40,臺中市,北區,0,2,0,7,2,6,30,4,1,1,5,4,6,6,4,4,10,5,5,2,15,2,9,2,1,C03,7,9,1,10,2,11,,15,15,1,13,4,120.667492,24.164012,2
1212,66000,387130000C,(04)23274275,(04)23288582,2025,10,3,16,40,臺中市,南區,0,1,0,7,3,6,50,4,1,1,5,4,6,6,4,4,5,5,5,2,16,3,10,3,1,B03,7,6,1,7,2,1,,14,14,1,6,4,120.656249,24.126181,2
1213,66000,387130000C,(04)23274275,(04)23288582,2025,10,3,16,42,臺中市,西屯區,0,1,0,7,2,6,50,4,1,1,5,4,6,6,3,1,1,4,5,2,15,3,10,5,4,B03,7,9,1,8,2,1,,24,24,1,13,4,120.643661,24.192041,2
1214,66000,387130000C,(04)23274275,(04)23288582,2025,10,3,16,47,臺中市,西屯區,0,1,0,7,2,6,50,3,1,1,5,4,6,6,2,1,10,5,5,2,17,2,9,1,1,C03,7,6,1,10,2,14,,84,84,1,5,4,120.614123,24.183851,2
1215,66000,387130000C,(04)23274275,(04)23288582,2025,10,3,16,48,臺中市,南區,0,0,0,7,,,50,,,,,,,,,,,,,,17,,,,,C03,,,1,,1,,,85,85,1,12,4,120.664334,24.124728,3
1216,66000,387130000C,(04)23274275,(04)23288582,2025,10,3,16,50,臺中市,北區,0,0,0,7,,,50,,,,,,,,,,,,,,17,,,,,C03,,,1,,2,,,7,7,1,13,4,120.684628,24.165515,3
1217,66000,387130000C,(04)23274275,(04)23288582,2025,10,3,16,50,臺中市,西屯區,0,1,0,7,2,6,40,13,8,1,5,4,6,6,4,4,5,5,4,2,17,3,10,4,1,F01,7,15,7,21,2,13,,42,42,1,3,1,120.61801,24.161064,2
1218,66000,387130000C,(04)23274275,(04)23288582,2025,10,3,16,52,臺中市,西屯區,0,0,0,7,,,50,,,,,,,,,,,,,,14,,,,,B03,,,1,,1,,,49,49,1,12,4,120.620675,24.184081,3
1219,66000,387130000C,(04)23274275,(04)23288582,2025,10,3,16,52,臺中市,太平區,0,1,0,7,2,6,50,5,3,1,5,4,6,6,1,1,10,5,5,2,16,2,7,2,1,C03,7,9,1,10,2,12,,7,7,1,6,4,120.72697,24.115388,2
1220,66000,387130000C,(04)23274275,(04)23288582,2025,10,3,16,54,臺中市,豐原區,0,1,0,7,2,6,0,18,21,4,5,4,6,6,4,4,10,5,5,2,17,3,10,5,4,B03,7,1,1,8,2,1,,84,84,1,12,4,120.740241,24.262849,2
1221,66000,387130000C,(04)23274275,(04)23288582,2025,10,3,16,55,臺中市,東區,0,1,0,7,2,6,50,4,2,1,5,4,6,6,1,1,5,4,5,2,13,2,9,1,1,C03,7,9,1,10,2,11,,7,7,1,12,4,120.704815,24.130557,2
1222,66000,387130000C,(04)23274275,(04)23288582,2025,10,3,16,55,臺中市,南屯區,0,0,0,7,,,50,,,,,,,,,,,,,,,,,,,B03,,,1,,9,,,59,59,1,13,4,120.624386,24.135818,3
1223,66000,387130000C,(04)23274275,(04)23288582,2025,10,3,17,0,臺中市,北屯區,0,0,0,7,,,50,,,,,,,,,,,,,,17,,,,,B03,,,1,,2,,,94,94,1,12,4,120.729431,24.170718,3
1224,66000,387130000C,(04)23274275,(04)23288582,2025,10,3,17,1,臺中市,大雅區,0,0,0,7,,,60,,,,,,,,,,,,,,,,,,,A12,,,1,,1,,,7,7,1,12,4,120.646894,24.222617,3
1225,66000,387130000C,(04)23274275,(04)23288582,2025,10,3,17,1,臺中市,西區,0,2,0,7,2,6,50,5,1,1,5,2,6,6,1,1,10,5,5,2,18,2,9,1,1,C03,7,5,1,10,2,16,,82,82,1,12,4,120.670404,24.1534,2
1226,66000,387130000C,(04)23274275,(04)23288582,2025,10,3,17,4,臺中市,西屯區,0,1,0,7,2,6,50,3,7,1,5,4,6,6,1,1,5,4,4,2,13,2,9,1,1,C04,7,9,1,10,2,11,,7,7,1,12,4,120.617292,24.161051,2
1227,66000,387130000C,(04)23274275,(04)23288582,2025,10,3,17,10,臺中市,大雅區,0,1,0,7,2,6,50,3,2,1,5,4,6,6,2,1,5,5,5,1,9,2,9,2,1,C03,7,9,1,10,2,12,,84,84,1,13,4,120.65086,24.216697,2
1228,66000,387130000C,(04)23274275,(04)23288582,2025,10,3,17,10,臺中市,南區,0,0,0,7,,,50,,,,,,,,,,,,,,14,,,,,B03,,,1,,1,,,49,49,1,13,4,120.66229,24.125981,3
1229,66000,387130000C,(04)23274275,(04)23288582,2025,10,3,17,11,臺中市,西區,0,0,0,7,,,50,,,,,,,,,,,,,,,,,,,B01,,,1,,2,,,7,7,1,12,4,120.669837,24.150818,3
1230,66000,387130000C,(04)23274275,(04)23288582,2025,10,3,17,15,臺中市,西屯區,0,1,0,7,2,6,50,5,2,1,5,4,6,6,2,1,10,5,5,2,11,3,10,2,4,C03,7,11,1,10,2,15,,11,11,1,12,4,120.638812,24.158653,2
1231,66000,387130000C,(04)23274275,(04)23288582,2025,10,3,17,16,臺中市,大里區,0,0,0,7,,,50,,,,,,,,,,,,,,,,,,,C03,,,1,,2,,,4,4,1,12,4,120.671904,24.103815,3
1232,66000,387130000C,(04)23274275,(04)23288582,2025,10,3,17,17,臺中市,沙鹿區,0,2,0,7,2,6,40,13,8,1,5,4,6,6,4,4,1,4,3,1,12,2,9,2,1,C03,7,15,1,10,2,12,,42,42,1,6,4,120.566943,24.237711,2
1233,66000,387130000C,(04)23274275,(04)23288582,2025,10,3,17,19,臺中市,北區,0,1,0,7,2,6,50,13,9,1,5,4,6,6,4,4,10,5,5,2,17,3,10,3,1,B01,7,14,1,4,2,2,,76,76,1,13,4,120.671846,24.169067,2
1234,66000,387130000C,(04)23274275,(04)23288582,2025,10,3,17,19,臺中市,南屯區,0,1,0,7,1,6,50,4,2,1,5,4,6,6,2,1,1,4,4,2,18,2,9,5,4,F01,7,9,7,21,2,14,,84,84,1,13,1,120.646802,24.146809,2
1235,66000,387130000C,(04)23274275,(04)23288582,2025,10,3,17,19,臺中市,后里區,0,2,0,7,2,6,50,13,9,1,5,4,6,6,4,4,9,5,5,1,17,2,9,2,1,C03,7,1,1,10,2,11,,51,51,1,12,4,120.681045,24.311313,2
1236,66000,387130000C,(04)23274275,(04)23288582,2025,10,3,17,23,臺中市,烏日區,0,0,0,7,,,50,,,,,,,,,,,,,,,,,,,F03,,,7,,2,,,84,84,1,4,4,120.638856,24.108181,3
1237,66000,387130000C,(04)23274275,(04)23288582,2025,10,3,17,25,臺中市,大雅區,0,1,0,7,1,6,50,5,1,1,5,4,6,6,1,1,1,3,5,1,17,3,10,5,4,B03,7,5,1,8,2,1,,84,84,1,13,4,120.629962,24.241187,2
1238,66000,387130000C,(04)23274275,(04)23288582,2025,10,3,17,25,臺中市,北區,0,1,0,7,2,6,50,4,1,1,5,4,6,6,1,1,5,5,4,2,17,2,9,1,1,C03,7,9,1,10,2,11,,34,34,1,12,4,120.686721,24.165009,2