序號,縣市別代碼,機關代碼,市話,傳真,年,月,日,時,分,縣市,區,死亡數量,受傷數量,2-30,天候,道路照明設備,道路類別,道路速限,道路型態,事故位置,路面鋪裝,路面狀態,路面缺陷,障礙物,視距,號誌種類,號誌動作,分向設施,快車道或一般車道間,快慢車道間,路面邊線,事故類型及型態,受傷程度,主要傷處,保護裝備,行動電話或功能裝置,當事者區分(類別),車輛用途,當事者行動狀態,駕照狀態,駕照種類,飲酒情形,車輛撞擊部位最初,車輛撞擊部位其他,肇事因素個別,肇事因素主要,肇事逃逸,職業,共享經濟或外送平台,GPS座標X,GPS座標Y,事故類別
1352,66000,387130000C,(04)23274275,(04)23288582,2025,10,3,21,11,臺中市,北區,0,1,0,7,2,6,50,4,1,1,5,4,6,6,1,1,5,5,5,2,17,3,10,1,1,C03,7,6,1,10,2,14,,48,48,1,12,4,120.678453,24.161676,2
1353,66000,387130000C,(04)23274275,(04)23288582,2025,10,3,21,12,臺中市,潭子區,0,0,0,7,,,40,,,,,,,,,,,,,,,,,,,B03,,,1,,2,,,24,24,1,13,4,120.701733,24.192004,3
1354,66000,387130000C,(04)23274275,(04)23288582,2025,10,3,21,13,臺中市,太平區,0,1,0,7,1,6,50,3,1,1,5,4,6,6,4,4,10,5,5,2,17,2,9,6,1,F01,7,6,7,21,2,14,,12,12,1,12,4,120.726803,24.149904,2
1355,66000,387130000C,(04)23274275,(04)23288582,2025,10,3,21,16,臺中市,后里區,0,1,0,7,2,6,30,4,1,1,5,4,6,6,4,4,5,5,5,1,15,3,10,3,1,B03,7,9,1,8,2,5,,15,15,1,6,4,120.672752,24.308593,2
1356,66000,387130000C,(04)23274275,(04)23288582,2025,10,3,21,19,臺中市,西屯區,0,0,0,7,,,50,,,,,,,,,,,,,,12,,,,,B03,,,1,,1,,,8,8,1,12,4,120.653018,24.165382,3
1357,66000,387130000C,(04)23274275,(04)23288582,2025,10,3,21,19,臺中市,烏日區,0,0,0,7,,,50,,,,,,,,,,,,,,17,,,,,C03,,,1,,9,,,87,87,1,6,4,120.632361,24.105301,3
1358,66000,387130000C,(04)23274275,(04)23288582,2025,10,3,21,25,臺中市,北區,0,0,0,7,,,50,,,,,,,,,,,,,,17,,,,,B03,,,1,,1,,,8,8,1,13,4,120.672779,24.169177,3
1359,66000,387130000C,(04)23274275,(04)23288582,2025,10,3,21,30,臺中市,北屯區,0,0,0,7,,,50,,,,,,,,,,,,,,,,,,,B03,,,1,,2,,,84,84,1,13,4,120.734498,24.173738,3
1360,66000,387130000C,(04)23274275,(04)23288582,2025,10,3,21,30,臺中市,北屯區,0,0,0,7,,,50,,,,,,,,,,,,,,14,,,,,B03,,,1,,2,,,50,50,1,6,4,120.684765,24.174684,3
1361,66000,387130000C,(04)23274275,(04)23288582,2025,10,3,21,33,臺中市,北區,0,0,0,7,,,30,,,,,,,,,,,,,,14,,,,,B03,,,1,,1,,,49,49,1,13,4,120.684863,24.150797,3
1362,66000,387130000C,(04)23274275,(04)23288582,2025,10,3,21,36,臺中市,南屯區,0,0,0,7,,,50,,,,,,,,,,,,,,,,,,,B03,,,1,,2,,,8,8,2,12,4,120.638391,24.151464,3
1363,66000,387130000C,(04)23274275,(04)23288582,2025,10,3,21,42,臺中市,霧峰區,0,3,0,7,1,6,50,13,9,1,5,4,6,6,4,4,5,5,5,1,13,2,9,2,1,C03,7,9,1,10,2,11,,84,84,1,5,4,120.701844,24.06798,2
1364,66000,387130000C,(04)23274275,(04)23288582,2025,10,3,21,44,臺中市,南區,0,1,0,7,1,6,50,13,7,1,5,4,6,6,4,4,5,4,4,2,17,3,10,3,1,B03,7,9,1,8,2,5,,84,84,1,12,4,120.680672,24.133597,2
1365,66000,387130000C,(04)23274275,(04)23288582,2025,10,3,21,47,臺中市,南屯區,0,1,0,7,1,6,50,4,1,1,5,4,6,6,4,4,10,5,5,2,15,2,9,1,1,C04,7,9,1,10,2,11,,15,15,1,13,4,120.643036,24.136029,2
1366,66000,387130000C,(04)23274275,(04)23288582,2025,10,3,21,47,臺中市,北屯區,0,0,0,7,,,50,,,,,,,,,,,,,,13,,,,,B03,,,1,8,2,,,59,59,1,12,4,120.727365,24.176586,3
1367,66000,387130000C,(04)23274275,(04)23288582,2025,10,3,21,56,臺中市,烏日區,0,0,0,7,,,50,,,,,,,,,,,,,,17,,,,,B03,,,1,,1,,,40,40,1,6,4,120.616367,24.116216,3
1368,66000,387130000C,(04)23274275,(04)23288582,2025,10,3,21,58,臺中市,烏日區,0,0,0,7,,3,80,,,,,,,,,,,,,,13,,,,,B03,,,1,,2,,,84,84,1,6,4,120.610765,24.099901,3
1369,66000,387130000C,(04)23274275,(04)23288582,2025,10,3,22,0,臺中市,西屯區,0,0,0,7,,,40,,,,,,,,,,,,,,13,,,,,C03,,,1,,1,,,59,59,1,13,4,120.640941,24.165214,3
1370,66000,387130000C,(04)23274275,(04)23288582,2025,10,3,22,2,臺中市,西屯區,0,1,0,7,1,6,50,3,1,1,5,4,6,6,1,1,10,5,5,2,16,3,10,5,4,B03,7,5,1,8,2,5,,7,7,1,12,4,120.66318,24.176289,2
1371,66000,387130000C,(04)23274275,(04)23288582,2025,10,3,22,12,臺中市,西區,0,0,0,7,,,50,,,,,,,,,,,,,,,,,,,B03,,,1,,1,,,49,49,1,12,4,120.653277,24.152185,3
1372,66000,387130000C,(04)23274275,(04)23288582,2025,10,3,22,13,臺中市,北屯區,0,3,0,7,3,6,50,3,1,1,5,4,6,6,4,4,10,5,5,2,17,2,9,2,1,C03,7,11,1,10,2,14,,45,45,1,6,4,120.711864,24.172325,2
1373,66000,387130000C,(04)23274275,(04)23288582,2025,10,3,22,18,臺中市,西屯區,0,0,0,7,1,6,50,4,2,1,5,4,6,6,2,1,5,2,5,2,13,,,,,C03,,,1,,1,,,7,7,1,13,4,120.633749,24.161613,3
1374,66000,387130000C,(04)23274275,(04)23288582,2025,10,3,22,19,臺中市,西屯區,0,0,0,7,,,50,,,,,,,,,,,,,,17,,,,,C03,,,1,,1,,,50,50,1,13,4,120.643091,24.161063,3
1375,66000,387130000C,(04)23274275,(04)23288582,2025,10,3,22,21,臺中市,太平區,0,0,0,7,,,50,,,,,,,,,,,,,,13,,,,,B03,,,1,,2,,,59,59,1,12,4,120.718242,24.116566,3
1376,66000,387130000C,(04)23274275,(04)23288582,2025,10,3,22,34,臺中市,霧峰區,0,1,0,7,1,6,50,13,7,1,5,4,6,6,4,4,9,5,4,1,12,3,10,1,1,F03,7,9,7,21,2,16,,8,8,1,12,4,120.696023,24.043902,2
1377,66000,387130000C,(04)23274275,(04)23288582,2025,10,3,22,37,臺中市,西屯區,0,1,0,7,1,6,40,13,8,1,5,4,6,6,4,4,1,5,1,1,13,2,1,2,1,C03,7,9,1,10,2,11,,59,59,1,12,4,120.637811,24.159873,2
1378,66000,387130000C,(04)23274275,(04)23288582,2025,10,3,22,39,臺中市,豐原區,0,0,0,7,,,50,,,,,,,,,,,,,,13,,,,,B03,,,1,,2,,,84,84,1,6,4,120.720336,24.236497,3
1379,66000,387130000C,(04)23274275,(04)23288582,2025,10,3,22,51,臺中市,西屯區,0,0,0,7,,,50,,,,,,,,,,,,,,16,,,,,B03,,,1,,1,,,32,32,1,12,4,120.632661,24.170415,3
1380,66000,387130000C,(04)23274275,(04)23288582,2025,10,3,23,6,臺中市,豐原區,0,1,0,7,2,6,50,13,9,1,5,4,6,6,4,4,9,5,5,2,12,3,10,3,1,B03,7,5,1,8,2,5,,84,84,1,12,4,120.717086,24.263087,2
1381,66000,387130000C,(04)23274275,(04)23288582,2025,10,3,23,18,臺中市,西區,0,1,0,7,1,6,50,4,1,1,5,4,6,6,2,1,10,5,5,2,3,3,10,5,4,B03,7,6,1,8,2,1,,10,10,1,12,4,120.661803,24.154396,2
1382,66000,387130000C,(04)23274275,(04)23288582,2025,10,3,23,28,臺中市,北區,0,2,0,7,3,6,50,3,1,1,5,4,6,6,2,1,10,5,5,2,17,2,9,5,4,C03,7,6,1,10,2,14,,48,48,1,13,4,120.689134,24.153572,2
1383,66000,387130000C,(04)23274275,(04)23288582,2025,10,3,23,32,臺中市,豐原區,0,0,0,7,1,6,50,4,7,1,5,4,6,6,2,1,1,2,4,1,12,3,10,3,1,B03,7,9,1,8,2,5,,40,40,1,12,4,120.70356,24.237776,3
1384,66000,387130000C,(04)23274275,(04)23288582,2025,10,3,23,41,臺中市,西屯區,0,0,0,7,,,40,,,,,,,,,,,,,,13,,,,,F02,,,7,,8,,,59,59,1,12,4,120.663006,24.163534,3
1385,66000,387130000C,(04)23274275,(04)23288582,2025,10,3,23,45,臺中市,西區,0,1,0,7,1,6,40,4,1,1,5,4,6,6,1,1,10,5,5,2,16,3,10,3,1,B01,7,11,1,4,2,8,,45,45,1,12,4,120.663182,24.156542,2
1386,66000,387130000C,(04)23274275,(04)23288582,2025,10,3,23,58,臺中市,西區,0,0,0,7,,,50,,,,,,,,,,,,,,17,,,,,B03,,,1,,2,,,84,84,1,12,4,120.671921,24.14077,3
1387,66000,387130000C,(04)23274275,(04)23288582,2025,10,4,0,17,臺中市,東區,0,0,0,7,,,50,,,,,,,,,,,,,,,,,,,B03,,,1,,2,,,84,84,1,13,4,120.709026,24.14432,3
1388,66000,387130000C,(04)23274275,(04)23288582,2025,10,4,0,17,臺中市,大里區,0,0,0,7,,,30,,,,,,,,,,,,,,14,,,,,B03,,,1,,2,,,49,49,1,6,4,120.704281,24.104711,3
1389,66000,387130000C,(04)23274275,(04)23288582,2025,10,4,0,25,臺中市,沙鹿區,0,1,0,7,2,6,50,3,1,1,5,4,6,6,4,4,10,5,5,2,16,3,10,3,1,B03,7,5,1,8,2,5,,47,47,1,6,4,120.554946,24.226814,2
1390,66000,387130000C,(04)23274275,(04)23288582,2025,10,4,0,37,臺中市,西屯區,0,0,0,7,,,30,,,,,,,,,,,,,,17,,,,,B03,,,1,,9,,,84,84,1,12,4,120.645576,24.18189,3
1391,66000,387130000C,(04)23274275,(04)23288582,2025,10,4,0,40,臺中市,豐原區,0,0,0,7,1,6,50,4,9,1,5,4,6,6,2,1,1,2,5,1,12,,,,,,,,,,,1,,86,86,1,,,120.702958,24.251491,3
1392,66000,387130000C,(04)23274275,(04)23288582,2025,10,4,0,58,臺中市,太平區,0,0,0,7,,,40,,,,,,,,,,,,,,,,,,,B03,,,1,,2,,,84,84,1,12,4,120.723824,24.110794,3
1393,66000,387130000C,(04)23274275,(04)23288582,2025,10,4,1,52,臺中市,北區,0,1,0,7,1,6,50,5,2,1,5,4,6,6,2,1,10,5,5,2,13,2,9,2,1,C03,7,9,1,10,2,11,,7,7,1,13,4,120.677303,24.151254,2
1394,66000,387130000C,(04)23274275,(04)23288582,2025,10,4,3,5,臺中市,太平區,0,0,0,7,,,50,,,,,,,,,,,,,,17,,,,,B03,,,1,,2,,,84,84,1,6,4,120.716156,24.13157,3
1395,66000,387130000C,(04)23274275,(04)23288582,2025,10,4,3,14,臺中市,北屯區,0,0,0,7,,,50,,,,,,,,,,,,,,13,,,,,B03,,,1,,1,,,84,84,1,12,4,120.695377,24.164938,3
1396,66000,387130000C,(04)23274275,(04)23288582,2025,10,4,3,15,臺中市,西區,0,0,0,7,,,50,,,,,,,,,,,,,,,,,,,B03,,,3,,1,,,84,84,1,12,4,120.673857,24.149569,3
1397,66000,387130000C,(04)23274275,(04)23288582,2025,10,4,3,20,臺中市,太平區,0,2,0,7,1,6,40,11,9,1,5,4,6,6,4,4,5,4,5,1,17,3,10,3,1,B03,7,8,1,8,2,1,,39,39,1,12,4,120.81682,24.08841,2
1398,66000,387130000C,(04)23274275,(04)23288582,2025,10,4,3,40,臺中市,西屯區,0,0,0,7,,,40,,,,,,,,,,,,,,10,,,,,B02,,,5,,1,,,84,84,1,13,4,120.641016,24.168108,3
1399,66000,387130000C,(04)23274275,(04)23288582,2025,10,4,3,44,臺中市,西屯區,0,0,0,7,,,40,,,,,,,,,,,,,,13,,,,,B02,,,1,,9,,,84,84,2,12,4,120.643149,24.170143,3
1400,66000,387130000C,(04)23274275,(04)23288582,2025,10,4,3,46,臺中市,西屯區,0,0,0,7,,,50,,,,,,,,,,,,,,13,,,,,B02,,,5,,1,,,84,84,1,13,4,120.64373,24.170613,3
1401,66000,387130000C,(04)23274275,(04)23288582,2025,10,4,4,33,臺中市,北屯區,0,0,0,7,,,50,,,,,,,,,,,,,,13,,,,,B03,,,1,,2,,,7,7,1,12,4,120.685782,24.177459,3
1402,66000,387130000C,(04)23274275,(04)23288582,2025,10,4,4,59,臺中市,大雅區,0,0,0,7,,,50,,,,,,,,,,,,,,14,,,,,B03,,,5,,1,,,49,49,1,12,4,120.665977,24.216846,3
1403,66000,387130000C,(04)23274275,(04)23288582,2025,10,4,5,5,臺中市,烏日區,0,0,0,7,,,50,,,,,,,,,,,,,,11,,,,,A41,,,1,,2,,,39,39,1,6,4,120.630367,24.105367,3
1404,66000,387130000C,(04)23274275,(04)23288582,2025,10,4,6,10,臺中市,豐原區,0,1,0,7,2,6,50,5,1,1,5,4,6,6,1,1,5,4,4,2,16,3,10,3,1,B03,7,5,1,8,2,5,,47,47,1,12,4,120.717945,24.251805,2
1405,66000,387130000C,(04)23274275,(04)23288582,2025,10,4,6,18,臺中市,北區,0,1,0,7,2,6,50,4,2,1,5,4,6,6,2,1,10,5,5,2,12,3,10,3,1,B03,7,9,1,8,1,5,,55,55,1,13,4,120.674507,24.162862,2
1406,66000,387130000C,(04)23274275,(04)23288582,2025,10,4,6,22,臺中市,清水區,0,1,0,7,2,6,50,13,8,1,5,4,6,6,4,4,8,3,4,1,2,3,10,3,1,B03,7,9,1,8,5,1,,7,7,1,12,4,120.58295,24.283973,2
1407,66000,387130000C,(04)23274275,(04)23288582,2025,10,4,6,36,臺中市,大甲區,0,2,0,7,3,6,50,13,9,1,5,4,6,6,4,4,9,5,4,1,17,2,9,1,1,C03,7,9,1,10,2,11,,7,7,1,6,4,120.636552,24.358984,2
1408,66000,387130000C,(04)23274275,(04)23288582,2025,10,4,6,42,臺中市,西屯區,0,0,0,7,,,60,,,,,,,,,,,,,,13,,,,,B03,,,1,,1,,,7,7,1,12,4,120.648384,24.162643,3
1409,66000,387130000C,(04)23274275,(04)23288582,2025,10,4,6,58,臺中市,南區,0,1,0,7,3,6,50,13,9,1,5,4,6,6,4,4,9,5,5,2,17,2,8,5,4,F02,7,9,7,21,2,11,,84,84,1,12,4,120.658264,24.114175,2
1410,66000,387130000C,(04)23274275,(04)23288582,2025,10,4,7,6,臺中市,北屯區,0,0,0,7,,,50,,,,,,,,,,,,,,13,,,,,B03,,,1,,1,,,7,7,1,12,4,120.719475,24.163003,3
1411,66000,387130000C,(04)23274275,(04)23288582,2025,10,4,7,15,臺中市,北屯區,0,0,0,7,,,50,,,,,,,,,,,,,,,,,,,B03,,,1,,9,,,21,21,1,6,4,120.722495,24.170966,3
1412,66000,387130000C,(04)23274275,(04)23288582,2025,10,4,7,15,臺中市,后里區,0,1,0,7,2,6,40,13,14,1,5,4,6,6,4,4,1,4,4,1,18,2,9,1,1,C03,7,9,1,10,2,12,,59,59,1,12,4,120.67671,24.287414,2
1413,66000,387130000C,(04)23274275,(04)23288582,2025,10,4,7,24,臺中市,南屯區,0,0,0,7,,,50,,,,,,,,,,,,,,13,,,,,B03,,,1,,2,,,7,7,1,12,4,120.607443,24.12721,3
1414,66000,387130000C,(04)23274275,(04)23288582,2025,10,4,7,24,臺中市,烏日區,0,1,0,7,3,6,60,4,2,1,5,4,6,6,2,1,1,2,5,1,13,3,10,3,1,A11,7,12,1,1,2,1,,7,7,1,6,4,120.618159,24.105792,2
1415,66000,387130000C,(04)23274275,(04)23288582,2025,10,4,7,40,臺中市,烏日區,0,0,0,7,,3,80,,,,,,,,,,,,,,13,,,,,B03,,,1,,2,,,7,7,1,13,4,120.612882,24.103063,3
1416,66000,387130000C,(04)23274275,(04)23288582,2025,10,4,7,44,臺中市,太平區,0,2,0,7,3,6,30,3,2,1,5,4,6,6,4,4,10,5,5,2,11,2,9,1,1,C03,7,9,1,10,2,11,,41,41,1,6,4,120.723308,24.105766,2
1417,66000,387130000C,(04)23274275,(04)23288582,2025,10,4,7,46,臺中市,大甲區,0,1,0,7,1,6,50,3,1,1,5,4,6,6,4,4,5,5,5,1,17,2,9,1,1,C03,7,4,1,10,2,12,,84,84,1,12,4,120.621979,24.34437,2
1418,66000,387130000C,(04)23274275,(04)23288582,2025,10,4,7,47,臺中市,北屯區,0,0,0,7,,,50,,,,,,,,,,,,,,13,,,,,C03,,,1,,2,,,7,7,1,12,4,120.732152,24.177118,3
1419,66000,387130000C,(04)23274275,(04)23288582,2025,10,4,7,48,臺中市,潭子區,0,1,0,7,3,6,50,3,2,1,5,4,6,6,4,4,5,5,5,1,17,2,7,2,1,C02,7,9,1,9,2,14,,7,7,1,13,4,120.694099,24.193095,2
1420,66000,387130000C,(04)23274275,(04)23288582,2025,10,4,7,48,臺中市,豐原區,0,0,0,7,,,50,,,,,,,,,,,,,,13,,,,,B03,,,1,,2,,,7,7,1,12,4,120.747239,24.269435,3
1421,66000,387130000C,(04)23274275,(04)23288582,2025,10,4,7,50,臺中市,大里區,0,1,0,7,2,6,60,13,7,1,5,4,6,6,4,4,1,2,4,1,13,2,9,1,1,C03,7,9,1,10,2,11,,84,84,1,12,4,120.666836,24.105371,2
1422,66000,387130000C,(04)23274275,(04)23288582,2025,10,4,7,56,臺中市,東區,0,0,0,7,,,50,,,,,,,,,,,,,,13,,,,,B03,,,1,,1,,,84,84,1,13,4,120.692441,24.140098,3
1423,66000,387130000C,(04)23274275,(04)23288582,2025,10,4,8,0,臺中市,神岡區,0,1,0,7,1,6,50,3,1,1,5,4,6,6,1,1,5,5,5,1,13,3,10,5,4,B03,7,9,1,8,2,1,,7,7,1,12,4,120.661233,24.269453,2
1424,66000,387130000C,(04)23274275,(04)23288582,2025,10,4,8,24,臺中市,南屯區,0,1,0,7,2,6,50,4,1,1,5,4,6,6,2,1,5,4,4,2,16,3,10,3,1,B03,7,11,1,8,2,2,,25,25,1,12,4,120.638257,24.147178,2
1425,66000,387130000C,(04)23274275,(04)23288582,2025,10,4,8,26,臺中市,龍井區,0,0,0,7,,,40,,,,,,,,,,,,,,,,,,,C03,,,1,,1,,,51,51,1,12,4,120.581398,24.175646,3
1426,66000,387130000C,(04)23274275,(04)23288582,2025,10,4,8,29,臺中市,西屯區,0,0,0,7,,,40,,,,,,,,,,,,,,16,,,,,B11,,,1,,9,,,47,47,1,12,4,120.651929,24.161564,3
1427,66000,387130000C,(04)23274275,(04)23288582,2025,10,4,8,32,臺中市,豐原區,0,1,0,7,2,6,50,3,1,1,5,4,6,6,4,4,1,4,4,2,16,2,9,1,1,C03,7,1,1,10,2,14,,51,51,1,12,4,120.722981,24.277588,2
1428,66000,387130000C,(04)23274275,(04)23288582,2025,10,4,8,33,臺中市,東區,0,2,0,7,2,6,30,11,9,1,5,4,6,6,4,4,10,5,5,1,17,2,9,4,1,C03,7,9,1,10,2,11,,26,26,1,13,4,120.693951,24.133941,2
1429,66000,387130000C,(04)23274275,(04)23288582,2025,10,4,8,42,臺中市,東區,0,0,0,7,,,50,,,,,,,,,,,,,,14,,,,,B03,,,1,,1,,,49,49,1,12,4,120.690073,24.139989,3
1430,66000,387130000C,(04)23274275,(04)23288582,2025,10,4,8,47,臺中市,大里區,0,2,0,7,2,6,40,13,8,1,5,4,6,6,4,4,9,5,4,1,16,2,9,1,1,C03,7,5,1,10,2,12,,47,47,1,12,4,120.692327,24.116655,2
1431,66000,387130000C,(04)23274275,(04)23288582,2025,10,4,8,49,臺中市,西屯區,0,2,0,7,2,6,30,13,9,1,5,4,6,6,4,4,10,5,5,2,12,2,8,2,1,C03,7,6,1,10,2,14,,8,8,1,12,4,120.666308,24.176443,2
1432,66000,387130000C,(04)23274275,(04)23288582,2025,10,4,8,52,臺中市,霧峰區,0,1,0,7,2,6,30,3,1,1,5,4,6,6,4,4,10,5,5,1,17,3,10,3,1,B03,7,6,3,19,2,8,,8,8,1,6,4,120.670715,24.077958,2
1433,66000,387130000C,(04)23274275,(04)23288582,2025,10,4,8,56,臺中市,北屯區,0,0,0,7,,,50,,,,,,,,,,,,,,12,,,,,C03,,,1,,1,,,8,8,1,12,4,120.676519,24.173542,3
1434,66000,387130000C,(04)23274275,(04)23288582,2025,10,4,8,56,臺中市,烏日區,0,0,0,7,,,50,,,,,,,,,,,,,,,,,,,B03,,,1,,1,,,51,51,1,6,4,120.642561,24.065195,3
1435,66000,387130000C,(04)23274275,(04)23288582,2025,10,4,8,56,臺中市,大肚區,0,0,0,7,,,50,,,,,,,,,,,,,,,,,,,C03,,,1,,2,,,85,85,1,12,4,120.580253,24.171668,4
1436,66000,387130000C,(04)23274275,(04)23288582,2025,10,4,9,1,臺中市,東區,0,2,0,7,3,6,40,4,1,1,5,4,6,6,1,1,10,5,5,2,17,2,9,5,4,C03,7,9,1,10,5,11,,21,21,1,12,4,120.696713,24.142137,2
1437,66000,387130000C,(04)23274275,(04)23288582,2025,10,4,9,1,臺中市,沙鹿區,0,2,0,7,2,6,40,13,8,1,5,4,6,6,4,4,1,5,5,1,13,2,9,2,1,C03,7,9,1,10,2,11,,7,7,1,6,4,120.581198,24.212578,2
1438,66000,387130000C,(04)23274275,(04)23288582,2025,10,4,9,4,臺中市,龍井區,0,0,0,7,,,30,,,,,,,,,,,,,,,,,,,B03,,,5,,11,,,8,8,1,6,4,120.573483,24.180422,3
1439,66000,387130000C,(04)23274275,(04)23288582,2025,10,4,9,6,臺中市,大里區,0,0,0,7,2,6,50,3,1,1,5,4,6,6,4,4,5,5,5,2,17,,,,,B03,,,1,,2,,,48,48,1,13,4,120.68629,24.107801,3
1440,66000,387130000C,(04)23274275,(04)23288582,2025,10,4,9,10,臺中市,龍井區,0,1,0,7,2,6,30,5,1,1,5,4,6,6,4,4,10,5,5,2,17,2,8,5,4,C03,7,9,1,10,2,12,,15,15,1,6,4,120.576814,24.180682,2
1441,66000,387130000C,(04)23274275,(04)23288582,2025,10,4,9,15,臺中市,清水區,0,0,0,7,,,30,,,,,,,,,,,,,,17,,,,,B03,,,1,,2,,,50,50,1,12,4,120.573491,24.269504,3
1442,66000,387130000C,(04)23274275,(04)23288582,2025,10,4,9,20,臺中市,東區,0,0,0,7,,,50,,,,,,,,,,,,,,12,,,,,,,,,,,,,23,23,1,,,120.683975,24.134812,3
1443,66000,387130000C,(04)23274275,(04)23288582,2025,10,4,9,29,臺中市,大里區,0,1,0,7,2,6,50,3,1,1,5,4,6,6,4,4,10,5,5,2,16,2,9,2,1,C03,7,6,1,10,2,14,,14,14,1,13,4,120.697159,24.092119,2
1444,66000,387130000C,(04)23274275,(04)23288582,2025,10,4,9,32,臺中市,神岡區,0,0,0,7,,,30,,,,,,,,,,,,,,17,,,,,B03,,,1,,2,,,51,51,1,13,4,120.68281,24.244129,3
1445,66000,387130000C,(04)23274275,(04)23288582,2025,10,4,9,33,臺中市,西屯區,0,1,0,7,2,6,50,13,9,1,5,4,6,6,4,4,5,5,5,2,13,3,10,5,1,C03,7,9,1,10,2,13,,3,3,1,12,4,120.638473,24.180603,2
1446,66000,387130000C,(04)23274275,(04)23288582,2025,10,4,9,36,臺中市,后里區,0,2,0,7,2,6,50,3,1,1,5,4,6,6,1,1,1,4,4,1,16,3,10,3,1,B03,7,5,1,8,2,6,,84,84,1,13,4,120.723671,24.297887,2
1447,66000,387130000C,(04)23274275,(04)23288582,2025,10,4,9,40,臺中市,豐原區,0,0,0,7,,,50,,,,,,,,,,,,,,12,,,,,B03,,,1,,1,,,8,8,1,12,4,120.699859,24.248937,4
1448,66000,387130000C,(04)23274275,(04)23288582,2025,10,4,9,43,臺中市,大甲區,0,0,0,7,,,60,,,,,,,,,,,,,,13,,,,,B02,,,1,,2,,,84,84,1,6,4,120.617053,24.348073,3
1449,66000,387130000C,(04)23274275,(04)23288582,2025,10,4,9,43,臺中市,東勢區,0,0,0,7,,,50,,,,,,,,,,,,,,,,,,,B03,,,1,,9,,,50,50,1,12,4,120.830766,24.252949,3
1450,66000,387130000C,(04)23274275,(04)23288582,2025,10,4,9,45,臺中市,烏日區,0,0,0,7,,,50,,,,,,,,,,,,,,13,,,,,B12,,,5,,2,,,7,7,1,13,4,120.648993,24.093467,3
1451,66000,387130000C,(04)23274275,(04)23288582,2025,10,4,9,45,臺中市,龍井區,0,3,0,7,3,3,80,13,7,1,5,4,6,6,4,4,1,4,5,1,12,3,10,3,1,A31,7,7,1,1,2,5,,40,40,1,6,4,120.511066,24.19621,2
1452,66000,387130000C,(04)23274275,(04)23288582,2025,10,4,9,50,臺中市,太平區,0,1,0,7,3,6,50,13,9,1,5,4,6,6,4,4,9,5,5,2,17,3,10,2,1,C03,7,9,1,10,2,11,,20,20,1,12,4,120.708284,24.153188,2
1453,66000,387130000C,(04)23274275,(04)23288582,2025,10,4,9,56,臺中市,太平區,0,0,0,7,,,30,,,,,,,,,,,,,,11,,,,,B03,,,1,,1,,,41,41,1,6,4,120.711339,24.125975,3
1454,66000,387130000C,(04)23274275,(04)23288582,2025,10,4,9,59,臺中市,霧峰區,0,0,0,7,,,50,,,,,,,,,,,,,,17,,,,,B03,,,1,,1,,,84,84,1,12,4,120.696893,24.063168,3
1455,66000,387130000C,(04)23274275,(04)23288582,2025,10,4,10,5,臺中市,東區,0,2,0,7,2,6,50,3,1,1,5,4,6,6,4,4,10,5,5,2,16,2,9,2,1,C03,7,9,1,10,2,12,,39,39,1,12,4,120.694679,24.139645,2
1456,66000,387130000C,(04)23274275,(04)23288582,2025,10,4,10,5,臺中市,太平區,0,1,0,7,3,6,50,13,9,1,5,4,6,6,4,4,5,2,5,1,12,2,8,1,1,C03,7,9,1,10,2,14,,58,58,1,6,4,120.716458,24.132693,2
1457,66000,387130000C,(04)23274275,(04)23288582,2025,10,4,10,5,臺中市,梧棲區,0,1,0,7,2,6,50,3,1,1,5,4,6,6,1,1,10,5,5,2,16,3,10,3,1,B03,7,5,1,8,2,2,,47,47,1,6,4,120.545542,24.255391,2
1458,66000,387130000C,(04)23274275,(04)23288582,2025,10,4,10,9,臺中市,中區,0,0,0,7,,,50,,,,,,,,,,,,,,,,,,,A11,,,1,,1,,,84,84,1,13,4,120.684916,24.137577,3
1459,66000,387130000C,(04)23274275,(04)23288582,2025,10,4,10,10,臺中市,太平區,0,0,0,7,,,30,,,,,,,,,,,,,,17,,,,,B03,,,1,,9,,,84,84,1,12,4,120.730052,24.150157,3
1460,66000,387130000C,(04)23274275,(04)23288582,2025,10,4,10,12,臺中市,清水區,0,0,0,7,,,40,,,,,,,,,,,,,,,,,,,B03,,,1,,2,,,51,51,1,12,4,120.557287,24.276388,3
1461,66000,387130000C,(04)23274275,(04)23288582,2025,10,4,10,16,臺中市,西區,0,2,0,7,2,6,50,4,1,1,5,4,6,6,1,1,9,4,5,2,17,3,10,3,1,B03,7,5,1,8,2,5,,47,47,1,12,4,120.652997,24.146726,2
1462,66000,387130000C,(04)23274275,(04)23288582,2025,10,4,10,17,臺中市,沙鹿區,0,1,0,7,2,6,30,4,1,1,5,4,6,6,1,1,3,4,3,2,3,3,10,3,1,B03,7,6,5,19,2,8,,10,10,1,13,4,120.57411,24.229806,2
1463,66000,387130000C,(04)23274275,(04)23288582,2025,10,4,10,22,臺中市,西屯區,0,0,0,7,,,50,,,,,,,,,,,,,,13,,,,,B03,,,1,,1,,,7,7,1,12,4,120.644164,24.201417,3
1464,66000,387130000C,(04)23274275,(04)23288582,2025,10,4,10,22,臺中市,豐原區,0,0,0,7,,,50,,,,,,,,,,,,,,13,,,,,B03,,,1,,2,,,7,7,1,12,4,120.729194,24.256635,3