序號,縣市別代碼,機關代碼,市話,傳真,年,月,日,時,分,縣市,區,死亡數量,受傷數量,2-30,天候,道路照明設備,道路類別,道路速限,道路型態,事故位置,路面鋪裝,路面狀態,路面缺陷,障礙物,視距,號誌種類,號誌動作,分向設施,快車道或一般車道間,快慢車道間,路面邊線,事故類型及型態,受傷程度,主要傷處,保護裝備,行動電話或功能裝置,當事者區分(類別),車輛用途,當事者行動狀態,駕照狀態,駕照種類,飲酒情形,車輛撞擊部位最初,車輛撞擊部位其他,肇事因素個別,肇事因素主要,肇事逃逸,職業,共享經濟或外送平台,GPS座標X,GPS座標Y,事故類別
1465,66000,387130000C,(04)23274275,(04)23288582,2025,10,4,10,25,臺中市,北屯區,0,0,0,7,,,50,,,,,,,,,,,,,,13,,,,,B03,,,1,,1,,,7,7,1,6,4,120.686607,24.197844,3
1466,66000,387130000C,(04)23274275,(04)23288582,2025,10,4,10,25,臺中市,大里區,0,0,0,7,,,50,,,,,,,,,,,,,,,,,,,B03,,,1,,2,,,84,84,1,12,4,120.689473,24.116662,3
1467,66000,387130000C,(04)23274275,(04)23288582,2025,10,4,10,25,臺中市,外埔區,0,0,0,7,,,50,,,,,,,,,,,,,,11,,,,,B03,,,1,,2,,,87,87,1,13,4,120.655809,24.332343,3
1468,66000,387130000C,(04)23274275,(04)23288582,2025,10,4,10,30,臺中市,西區,0,0,0,7,,,50,,,,,,,,,,,,,,12,,,,,B02,,,1,,1,,,40,40,1,12,4,120.6626,24.140217,3
1469,66000,387130000C,(04)23274275,(04)23288582,2025,10,4,10,30,臺中市,龍井區,0,1,0,7,3,6,30,4,2,1,5,4,6,6,2,1,1,4,5,1,14,3,10,3,1,B03,7,2,1,8,2,3,,49,49,1,12,4,120.523121,24.219637,2
1470,66000,387130000C,(04)23274275,(04)23288582,2025,10,4,10,34,臺中市,西屯區,0,0,0,7,,,40,,,,,,,,,,,,,,17,,,,,C03,,,1,,2,,,11,11,1,12,4,120.641018,24.167806,3
1471,66000,387130000C,(04)23274275,(04)23288582,2025,10,4,10,34,臺中市,西屯區,0,0,0,7,,,40,,,,,,,,,,,,,,16,,,,,B01,,,1,,2,,,8,8,1,12,4,120.642697,24.164,3
1472,66000,387130000C,(04)23274275,(04)23288582,2025,10,4,10,37,臺中市,東區,0,0,0,7,,,50,,,,,,,,,,,,,,14,,,,,B03,,,1,,1,,,49,49,1,13,4,120.695841,24.133296,3
1473,66000,387130000C,(04)23274275,(04)23288582,2025,10,4,10,38,臺中市,潭子區,0,0,0,7,,,50,,,,,,,,,,,,,,,,,,,C03,,,1,,2,,,84,84,1,13,4,120.697922,24.196583,3
1474,66000,387130000C,(04)23274275,(04)23288582,2025,10,4,10,38,臺中市,大里區,0,0,0,7,2,6,50,4,1,1,5,4,6,6,4,4,5,5,4,1,17,,,,,B03,,,1,,2,,,51,51,1,13,4,120.683872,24.110815,3
1475,66000,387130000C,(04)23274275,(04)23288582,2025,10,4,10,39,臺中市,西區,0,0,0,7,,,50,,,,,,,,,,,,,,,,,,,B03,,,1,,1,,,8,8,1,12,4,120.671994,24.135147,3
1476,66000,387130000C,(04)23274275,(04)23288582,2025,10,4,10,40,臺中市,沙鹿區,0,0,0,7,,,50,,,,,,,,,,,,,,13,,,,,B03,,,1,,1,,,7,7,1,12,4,120.564521,24.238511,3
1477,66000,387130000C,(04)23274275,(04)23288582,2025,10,4,10,43,臺中市,北區,0,0,0,7,,,50,,,,,,,,,,,,,,,,,,,B03,,,1,,9,,,7,7,1,12,4,120.681486,24.15578,3
1478,66000,387130000C,(04)23274275,(04)23288582,2025,10,4,10,47,臺中市,東區,0,1,0,7,2,6,50,4,1,1,5,4,6,6,2,1,10,5,5,2,16,3,10,2,1,C03,7,6,1,10,2,11,,11,11,1,12,4,120.691148,24.134835,2
1479,66000,387130000C,(04)23274275,(04)23288582,2025,10,4,10,48,臺中市,豐原區,0,0,0,7,,,50,,,,,,,,,,,,,,17,,,,,B03,,,1,,2,,,50,50,1,12,4,120.720062,24.251617,3
1480,66000,387130000C,(04)23274275,(04)23288582,2025,10,4,10,50,臺中市,北區,0,1,0,7,2,6,50,4,1,1,5,4,6,6,2,1,10,5,5,2,17,2,8,1,1,C03,7,6,1,10,2,14,,84,84,1,12,4,120.666325,24.15921,2
1481,66000,387130000C,(04)23274275,(04)23288582,2025,10,4,10,50,臺中市,東區,0,0,0,7,,,50,,,,,,,,,,,,,,15,,,,,B03,,,1,,2,,,7,7,1,13,4,120.689261,24.142251,3
1482,66000,387130000C,(04)23274275,(04)23288582,2025,10,4,10,58,臺中市,西屯區,0,1,0,7,2,6,60,13,7,1,5,4,6,6,4,4,1,4,1,2,13,3,10,3,1,B03,7,9,1,8,2,1,,59,59,1,12,4,120.65547,24.159486,2
1483,66000,387130000C,(04)23274275,(04)23288582,2025,10,4,10,58,臺中市,清水區,0,1,0,7,3,6,50,4,1,1,5,4,6,6,3,1,9,4,5,2,15,2,9,2,1,C03,7,9,1,10,2,11,,24,24,1,12,4,120.571084,24.277917,2
1484,66000,387130000C,(04)23274275,(04)23288582,2025,10,4,11,0,臺中市,烏日區,0,0,0,7,,,,,,,,,,,,,,,,,,,,,,,,,,,,,,8,8,1,,,120.61088,24.106416,3
1485,66000,387130000C,(04)23274275,(04)23288582,2025,10,4,11,2,臺中市,豐原區,0,0,0,7,,,50,,,,,,,,,,,,,,17,,,,,B03,,,1,,2,,,8,8,1,12,4,120.724464,24.25105,3
1486,66000,387130000C,(04)23274275,(04)23288582,2025,10,4,11,3,臺中市,豐原區,0,0,0,7,,,30,,,,,,,,,,,,,,11,,,,,B03,,,1,,2,,,8,8,1,12,4,120.713304,24.249417,3
1487,66000,387130000C,(04)23274275,(04)23288582,2025,10,4,11,5,臺中市,北屯區,0,0,0,7,,,50,,,,,,,,,,,,,,14,,,,,B03,,,1,,1,,,49,49,1,12,4,120.69824,24.173264,3
1488,66000,387130000C,(04)23274275,(04)23288582,2025,10,4,11,5,臺中市,清水區,0,1,0,7,3,6,50,4,1,1,5,4,6,6,1,1,5,5,4,1,17,3,10,3,1,B03,7,9,1,8,2,4,,85,85,1,12,4,120.565399,24.274121,2
1489,66000,387130000C,(04)23274275,(04)23288582,2025,10,4,11,8,臺中市,霧峰區,0,0,0,7,,,50,,,,,,,,,,,,,,,,,,,B03,,,1,,2,,,7,7,1,6,4,120.697092,24.055676,3
1490,66000,387130000C,(04)23274275,(04)23288582,2025,10,4,11,8,臺中市,太平區,0,2,0,7,3,6,50,4,1,1,5,4,6,6,1,1,10,5,5,2,15,3,10,3,1,B03,7,9,3,19,2,1,,21,21,1,6,4,120.725886,24.134081,2
1491,66000,387130000C,(04)23274275,(04)23288582,2025,10,4,11,9,臺中市,神岡區,0,0,0,7,,,1,,,,,,,,,,,,,,17,,,,,,,,,,,,,119,119,1,,,120.68675,24.267487,3
1492,66000,387130000C,(04)23274275,(04)23288582,2025,10,4,11,15,臺中市,清水區,0,2,0,7,3,6,30,4,1,1,5,4,6,6,4,4,10,5,5,2,15,2,9,1,1,C03,7,9,1,10,2,11,,15,15,1,12,4,120.54731,24.265745,2
1493,66000,387130000C,(04)23274275,(04)23288582,2025,10,4,11,15,臺中市,石岡區,0,0,0,7,,,50,,,,,,,,,,,,,,,,,,,C03,,,1,,1,,,49,49,1,12,4,120.80131,24.268854,3
1494,66000,387130000C,(04)23274275,(04)23288582,2025,10,4,11,17,臺中市,北區,0,0,0,7,,,50,,,,,,,,,,,,,,17,,,,,B03,,,1,,1,,,51,51,1,12,4,120.682016,24.154112,3
1495,66000,387130000C,(04)23274275,(04)23288582,2025,10,4,11,20,臺中市,大雅區,0,0,0,7,,,50,,,,,,,,,,,,,,,,,,,B01,,,1,,1,,,51,51,1,12,4,120.655525,24.227389,3
1496,66000,387130000C,(04)23274275,(04)23288582,2025,10,4,11,20,臺中市,大里區,0,0,0,7,,,50,,,,,,,,,,,,,,13,,,,,C03,,,1,,1,,,7,7,1,13,4,120.702731,24.088258,3
1497,66000,387130000C,(04)23274275,(04)23288582,2025,10,4,11,23,臺中市,潭子區,0,1,0,7,2,6,50,4,1,1,5,4,6,6,1,1,1,4,4,1,17,2,9,2,1,C03,7,6,1,10,2,14,,20,20,1,13,4,120.703538,24.215794,2
1498,66000,387130000C,(04)23274275,(04)23288582,2025,10,4,11,26,臺中市,北屯區,0,1,0,7,2,6,50,4,1,1,5,4,6,6,1,1,10,5,5,2,13,3,10,1,1,C03,7,9,1,10,2,15,,58,58,1,12,4,120.671456,24.17374,2
1499,66000,387130000C,(04)23274275,(04)23288582,2025,10,4,11,28,臺中市,北屯區,0,1,0,7,2,6,50,4,1,1,5,4,6,6,2,1,10,5,5,2,13,3,10,3,1,B12,7,9,1,8,1,8,,84,84,1,6,4,120.696503,24.17954,2
1500,66000,387130000C,(04)23274275,(04)23288582,2025,10,4,11,30,臺中市,北屯區,0,1,0,7,2,6,50,4,1,1,5,4,6,6,2,1,1,4,5,2,17,3,10,3,1,B01,7,9,1,4,2,4,,21,21,1,12,4,120.700823,24.169394,2
1501,66000,387130000C,(04)23274275,(04)23288582,2025,10,4,11,33,臺中市,西區,0,3,0,7,2,6,40,3,2,1,5,4,6,6,4,4,9,4,4,2,17,3,10,1,1,C03,7,9,1,10,2,12,,7,7,1,12,4,120.67189,24.136391,2
1502,66000,387130000C,(04)23274275,(04)23288582,2025,10,4,11,35,臺中市,北屯區,0,0,0,7,,,50,,,,,,,,,,,,,,14,,,,,B12,,,1,,2,,,49,49,1,12,4,120.683028,24.203124,3
1503,66000,387130000C,(04)23274275,(04)23288582,2025,10,4,11,35,臺中市,梧棲區,0,0,0,7,,,50,,,,,,,,,,,,,,14,,,,,B03,,,1,,1,,,49,49,1,10,4,120.53822,24.259014,3
1504,66000,387130000C,(04)23274275,(04)23288582,2025,10,4,11,35,臺中市,東勢區,0,0,0,7,,,50,,,,,,,,,,,,,,,,,,,B12,,,1,,9,,,59,59,2,12,4,120.828261,24.265281,3
1505,66000,387130000C,(04)23274275,(04)23288582,2025,10,4,11,37,臺中市,北屯區,0,0,0,7,,,50,,,,,,,,,,,,,,12,,,,,B03,,,1,8,1,,,84,84,1,6,4,120.69346,24.164007,4
1506,66000,387130000C,(04)23274275,(04)23288582,2025,10,4,11,47,臺中市,大雅區,0,0,0,7,,,30,,,,,,,,,,,,,,,,,,,B12,,,1,,2,,,84,84,1,13,4,120.650509,24.214857,3
1507,66000,387130000C,(04)23274275,(04)23288582,2025,10,4,11,47,臺中市,西屯區,0,0,0,7,,,50,,,,,,,,,,,,,,12,,,,,B03,,,1,,1,,,50,50,1,12,4,120.623796,24.185788,3
1508,66000,387130000C,(04)23274275,(04)23288582,2025,10,4,11,47,臺中市,大里區,0,0,0,7,,,50,,,,,,,,,,,,,,17,,,,,B03,,,1,,2,,,84,84,1,12,4,120.690982,24.089808,3
1509,66000,387130000C,(04)23274275,(04)23288582,2025,10,4,11,52,臺中市,北區,0,1,0,7,3,6,30,13,9,1,5,4,6,6,4,4,10,5,5,2,17,3,10,3,1,B03,7,9,1,8,2,4,,8,8,1,12,4,120.684339,24.154774,2
1510,66000,387130000C,(04)23274275,(04)23288582,2025,10,4,11,58,臺中市,東區,0,0,0,7,,,50,,,,,,,,,,,,,,17,,,,,,,,,,,,,86,86,1,,,120.701054,24.135651,3
1511,66000,387130000C,(04)23274275,(04)23288582,2025,10,4,12,0,臺中市,西區,0,2,0,7,2,6,50,4,1,1,5,4,6,6,1,1,10,5,5,2,17,2,9,1,1,C03,7,9,1,10,2,11,,21,21,1,12,4,120.666736,24.141067,2
1512,66000,387130000C,(04)23274275,(04)23288582,2025,10,4,12,0,臺中市,北屯區,0,0,0,7,,,50,,,,,,,,,,,,,,13,,,,,B03,,,1,,1,,,7,7,1,12,4,120.742095,24.160812,3
1513,66000,387130000C,(04)23274275,(04)23288582,2025,10,4,12,0,臺中市,西屯區,0,0,0,7,,,0,,,,,,,,,,,,,,14,,,,,B03,,,1,,1,,,49,49,1,12,4,120.644537,24.196715,3
1514,66000,387130000C,(04)23274275,(04)23288582,2025,10,4,12,0,臺中市,龍井區,0,1,0,7,3,6,70,4,1,1,5,4,6,6,1,1,1,4,4,1,17,3,10,3,1,B03,7,5,1,8,2,5,,11,11,1,13,4,120.540945,24.21335,2
1515,66000,387130000C,(04)23274275,(04)23288582,2025,10,4,12,5,臺中市,西屯區,0,0,0,7,,,50,,,,,,,,,,,,,,17,,,,,B03,,,1,,2,,,50,50,1,12,4,120.656276,24.165722,3
1516,66000,387130000C,(04)23274275,(04)23288582,2025,10,4,12,6,臺中市,東區,0,2,0,7,3,6,50,4,1,1,5,4,6,6,1,1,10,5,5,2,15,3,10,5,4,B12,7,9,1,8,2,4,,21,21,1,12,4,120.7075,24.144478,2
1517,66000,387130000C,(04)23274275,(04)23288582,2025,10,4,12,10,臺中市,潭子區,0,0,0,7,,,50,,,,,,,,,,,,,,,,,,,B03,,,1,,2,,,84,84,1,13,4,120.720195,24.219982,3
1518,66000,387130000C,(04)23274275,(04)23288582,2025,10,4,12,10,臺中市,南屯區,0,1,0,7,2,6,50,4,2,1,5,4,6,6,1,1,9,5,5,2,12,2,8,1,1,C03,7,1,1,10,9,14,,59,59,1,12,4,120.611725,24.138415,2
1519,66000,387130000C,(04)23274275,(04)23288582,2025,10,4,12,11,臺中市,北區,0,1,0,7,2,6,50,3,1,1,5,4,6,6,2,1,10,4,4,2,16,3,10,3,1,B03,7,5,1,8,2,5,,20,20,1,12,4,120.681097,24.157585,2
1520,66000,387130000C,(04)23274275,(04)23288582,2025,10,4,12,11,臺中市,南屯區,0,1,0,7,2,6,50,3,1,1,5,4,6,6,2,1,5,5,5,2,13,3,10,3,1,B03,7,9,1,8,2,5,,7,7,1,6,4,120.638656,24.13521,2
1521,66000,387130000C,(04)23274275,(04)23288582,2025,10,4,12,12,臺中市,豐原區,0,1,0,7,2,6,50,13,9,1,5,4,6,6,4,4,9,5,5,1,12,2,9,1,1,C03,7,9,5,19,5,11,12,53,53,1,12,4,120.717419,24.258287,2
1522,66000,387130000C,(04)23274275,(04)23288582,2025,10,4,12,13,臺中市,南屯區,0,1,0,7,2,6,50,4,2,1,5,4,6,6,2,1,3,4,3,2,17,2,8,2,1,C03,7,15,1,10,2,11,,59,59,1,12,4,120.61204,24.150546,2
1523,66000,387130000C,(04)23274275,(04)23288582,2025,10,4,12,14,臺中市,大肚區,0,1,0,7,2,6,50,5,2,1,5,4,6,6,4,4,5,5,5,1,30,2,9,5,4,F01,7,15,7,21,2,15,,82,82,1,12,4,120.579769,24.17098,2
1524,66000,387130000C,(04)23274275,(04)23288582,2025,10,4,12,16,臺中市,北屯區,0,2,0,7,2,6,50,5,1,1,5,4,6,6,1,1,10,5,5,2,17,3,10,3,1,B03,7,5,1,8,2,2,,20,20,1,12,4,120.710836,24.174911,2
1525,66000,387130000C,(04)23274275,(04)23288582,2025,10,4,12,16,臺中市,西屯區,0,0,0,7,,,30,,,,,,,,,,,,,,15,,,,,B03,,,1,,1,,,13,13,1,12,4,120.592257,24.191496,3
1526,66000,387130000C,(04)23274275,(04)23288582,2025,10,4,12,16,臺中市,大甲區,0,1,0,7,3,6,50,4,1,1,5,4,6,6,1,1,10,5,5,2,16,3,10,1,1,C03,7,5,1,10,2,12,,11,11,1,6,4,120.625153,24.340222,2
1527,66000,387130000C,(04)23274275,(04)23288582,2025,10,4,12,18,臺中市,南屯區,0,0,0,7,,,50,,,,,,,,,,,,,,12,,,,,A05,,,1,,9,,,8,8,1,12,4,120.628504,24.147877,3
1528,66000,387130000C,(04)23274275,(04)23288582,2025,10,4,12,19,臺中市,北區,0,2,0,7,2,6,50,4,4,1,5,4,6,6,2,1,5,4,5,2,13,2,9,1,1,C03,7,9,1,10,2,11,12,59,59,1,13,4,120.670536,24.157138,2
1529,66000,387130000C,(04)23274275,(04)23288582,2025,10,4,12,20,臺中市,北區,0,0,0,7,,,50,,,,,,,,,,,,,,17,,,,,B03,,,1,,2,,,8,8,1,13,4,120.670398,24.168289,3
1530,66000,387130000C,(04)23274275,(04)23288582,2025,10,4,12,24,臺中市,南區,0,1,0,7,2,6,50,4,1,1,5,4,6,6,3,1,5,2,5,2,13,2,8,2,1,C03,7,9,1,10,1,11,,84,84,1,13,4,120.666864,24.115769,2
1531,66000,387130000C,(04)23274275,(04)23288582,2025,10,4,12,26,臺中市,北區,0,0,0,7,,,30,,,,,,,,,,,,,,,,,,,B03,,,1,,2,,,7,7,1,12,4,120.67006,24.157192,3
1532,66000,387130000C,(04)23274275,(04)23288582,2025,10,4,12,26,臺中市,西屯區,0,0,0,7,,,60,,,,,,,,,,,,,,12,,,,,B03,,,1,,1,,,26,26,1,12,4,120.628618,24.162771,3
1533,66000,387130000C,(04)23274275,(04)23288582,2025,10,4,12,34,臺中市,沙鹿區,0,0,0,7,,,50,,,,,,,,,,,,,,13,,,,,B03,,,1,,2,,,59,59,1,6,4,120.560639,24.240748,4
1534,66000,387130000C,(04)23274275,(04)23288582,2025,10,4,12,35,臺中市,北屯區,0,1,0,7,2,6,50,4,1,1,5,4,6,6,2,1,5,5,4,2,16,3,10,3,1,B03,7,6,1,8,2,2,,48,48,1,12,4,120.687611,24.183647,2
1535,66000,387130000C,(04)23274275,(04)23288582,2025,10,4,12,35,臺中市,太平區,0,1,0,7,3,6,40,4,2,1,5,4,6,6,4,4,10,5,5,2,12,3,10,3,1,B03,7,9,1,8,2,2,,8,8,1,6,4,120.726778,24.115462,2
1536,66000,387130000C,(04)23274275,(04)23288582,2025,10,4,12,40,臺中市,大里區,0,1,0,7,2,6,50,3,1,1,5,4,6,6,4,4,5,5,5,2,16,3,10,3,1,B03,7,5,1,8,2,2,,47,47,1,6,4,120.700904,24.085948,2
1537,66000,387130000C,(04)23274275,(04)23288582,2025,10,4,12,40,臺中市,太平區,0,1,0,7,3,6,50,3,1,1,5,4,6,6,4,4,5,5,5,1,16,2,9,2,1,C03,7,6,1,10,2,11,,14,14,1,12,4,120.714069,24.152518,2
1538,66000,387130000C,(04)23274275,(04)23288582,2025,10,4,12,41,臺中市,北屯區,0,0,0,7,,,50,,,,,,,,,,,,,,17,,,,,B03,,,1,,2,,,50,50,1,12,4,120.690544,24.176699,3
1539,66000,387130000C,(04)23274275,(04)23288582,2025,10,4,12,41,臺中市,大里區,0,1,0,7,3,6,30,3,1,1,5,4,6,6,4,4,10,5,5,2,14,3,10,3,1,B03,7,2,1,8,2,6,,49,49,1,13,4,120.729266,24.089525,2
1540,66000,387130000C,(04)23274275,(04)23288582,2025,10,4,12,42,臺中市,西區,0,2,0,7,2,6,50,4,1,1,5,4,6,6,1,1,10,5,5,2,17,3,10,3,1,B03,7,11,1,8,2,8,,45,45,1,12,4,120.67691,24.13505,2
1541,66000,387130000C,(04)23274275,(04)23288582,2025,10,4,12,42,臺中市,南屯區,0,0,0,7,,,50,,,,,,,,,,,,,,,,,,,B03,,,1,,2,,,47,47,1,6,4,120.633929,24.144424,3
1542,66000,387130000C,(04)23274275,(04)23288582,2025,10,4,12,43,臺中市,潭子區,0,2,0,7,3,6,30,5,1,1,5,4,6,6,4,4,10,5,5,2,17,2,9,2,1,C03,7,6,1,10,2,11,,41,41,1,13,4,120.707836,24.230113,2
1543,66000,387130000C,(04)23274275,(04)23288582,2025,10,4,12,45,臺中市,烏日區,0,1,0,7,2,6,50,4,1,1,5,4,6,6,1,1,10,5,5,2,12,3,10,5,4,C03,7,6,1,10,2,14,,11,11,1,13,2,120.615593,24.113997,2
1544,66000,387130000C,(04)23274275,(04)23288582,2025,10,4,12,46,臺中市,清水區,0,1,0,7,3,6,40,4,1,1,5,4,6,6,1,1,1,4,4,1,14,3,10,3,1,B03,7,2,1,8,2,3,,49,49,1,12,4,120.541223,24.279913,2
1545,66000,387130000C,(04)23274275,(04)23288582,2025,10,4,12,48,臺中市,西屯區,0,0,0,7,,,60,,,,,,,,,,,,,,13,,,,,B03,,,1,,1,,,7,7,1,12,4,120.641076,24.167898,3
1546,66000,387130000C,(04)23274275,(04)23288582,2025,10,4,12,54,臺中市,北屯區,0,1,0,7,3,6,0,13,9,1,5,4,6,6,4,4,5,5,5,2,16,3,10,3,1,B03,7,1,1,8,2,4,,51,51,1,6,4,120.683049,24.183791,2
1547,66000,387130000C,(04)23274275,(04)23288582,2025,10,4,12,56,臺中市,大里區,0,1,0,7,3,6,30,3,1,1,5,4,6,6,4,4,10,5,5,1,17,3,10,3,1,B12,7,5,1,8,2,8,,14,14,1,12,4,120.697406,24.095077,2
1548,66000,387130000C,(04)23274275,(04)23288582,2025,10,4,12,58,臺中市,北屯區,0,1,0,7,3,6,50,13,9,1,5,4,6,6,4,4,5,5,5,2,17,2,9,6,1,F01,7,9,7,21,9,11,,84,84,1,13,4,120.709656,24.175125,2
1549,66000,387130000C,(04)23274275,(04)23288582,2025,10,4,12,59,臺中市,和平區,0,0,0,7,3,2,40,12,9,1,5,4,6,6,4,4,10,5,5,1,13,3,10,1,1,C02,7,9,3,10,2,11,,7,7,1,13,4,121.262347,24.276382,3
1550,66000,387130000C,(04)23274275,(04)23288582,2025,10,4,13,0,臺中市,北屯區,0,1,0,7,3,6,50,4,1,1,5,4,6,6,1,1,10,5,5,2,16,2,9,2,1,C03,7,6,1,10,1,11,,48,48,1,6,2,120.704783,24.16949,2
1551,66000,387130000C,(04)23274275,(04)23288582,2025,10,4,13,0,臺中市,太平區,0,1,0,7,3,6,50,4,19,1,5,4,6,6,3,1,10,5,5,2,3,3,10,3,1,B03,7,9,1,15,2,1,,10,10,1,6,4,120.734128,24.14394,2
1552,66000,387130000C,(04)23274275,(04)23288582,2025,10,4,13,0,臺中市,沙鹿區,0,3,0,7,2,6,30,4,1,1,5,4,6,6,1,1,10,5,5,2,3,2,7,6,5,H01,8,18,7,21,10,17,,96,96,1,4,5,120.574128,24.229515,2
1553,66000,387130000C,(04)23274275,(04)23288582,2025,10,4,13,3,臺中市,霧峰區,0,0,0,7,,,40,,,,,,,,,,,,,,,,,,,B03,,,1,,2,,,84,84,1,13,4,120.685694,24.023213,3
1554,66000,387130000C,(04)23274275,(04)23288582,2025,10,4,13,5,臺中市,南屯區,0,0,0,7,,,50,,,,,,,,,,,,,,,,,,,B03,,,1,,1,,,59,59,1,12,4,120.638391,24.151464,3
1555,66000,387130000C,(04)23274275,(04)23288582,2025,10,4,13,7,臺中市,西區,0,0,0,7,3,6,50,13,9,1,5,4,6,6,4,4,8,,4,2,13,,,,,B03,,,1,,1,,,7,7,1,13,4,120.65726,24.152223,3
1556,66000,387130000C,(04)23274275,(04)23288582,2025,10,4,13,8,臺中市,潭子區,0,2,0,7,3,6,50,11,9,1,5,4,6,6,4,4,1,5,5,1,20,2,9,2,1,C03,7,9,1,10,2,12,14,84,84,1,13,4,120.711011,24.194171,2
1557,66000,387130000C,(04)23274275,(04)23288582,2025,10,4,13,8,臺中市,西屯區,0,1,0,7,2,6,30,3,1,1,5,4,6,6,4,4,10,5,5,2,16,3,10,5,1,B12,7,5,1,8,2,5,,65,65,1,12,4,120.587227,24.175688,2
1558,66000,387130000C,(04)23274275,(04)23288582,2025,10,4,13,12,臺中市,北屯區,0,0,0,7,,,50,,,,,,,,,,,,,,13,,,,,B03,,,1,,1,,,7,7,1,6,4,120.719796,24.162987,3
1559,66000,387130000C,(04)23274275,(04)23288582,2025,10,4,13,16,臺中市,潭子區,0,0,0,7,,,50,,,,,,,,,,,,,,,,,,,B03,,,1,,2,,,47,47,1,13,4,120.686612,24.210406,3
1560,66000,387130000C,(04)23274275,(04)23288582,2025,10,4,13,17,臺中市,龍井區,0,1,0,7,2,6,30,4,1,1,5,4,6,6,4,4,10,5,5,2,15,3,10,5,4,C03,7,9,1,10,2,12,,12,12,1,12,4,120.587446,24.181218,2
1561,66000,387130000C,(04)23274275,(04)23288582,2025,10,4,13,21,臺中市,沙鹿區,0,1,0,7,2,6,40,4,1,1,5,4,6,6,1,1,3,4,3,2,17,3,10,3,1,B03,7,5,1,8,2,2,,47,47,1,13,4,120.574415,24.229952,2
1562,66000,387130000C,(04)23274275,(04)23288582,2025,10,4,13,24,臺中市,大肚區,0,0,0,7,,,50,,,,,,,,,,,,,,,,,,,B03,,,1,,2,,,8,8,1,6,4,120.544702,24.153679,3
1563,66000,387130000C,(04)23274275,(04)23288582,2025,10,4,13,25,臺中市,潭子區,0,0,0,7,,,50,,,,,,,,,,,,,,,,,,,B03,,,1,,2,,,24,24,1,13,4,120.706176,24.215499,3
1564,66000,387130000C,(04)23274275,(04)23288582,2025,10,4,13,28,臺中市,潭子區,0,2,0,7,2,6,60,4,1,1,5,4,6,6,1,1,1,4,4,1,17,2,9,2,1,C03,7,9,1,10,2,11,,7,7,1,13,4,120.702574,24.190889,2
1565,66000,387130000C,(04)23274275,(04)23288582,2025,10,4,13,28,臺中市,西屯區,0,0,0,7,,,50,,,,,,,,,,,,,,13,,,,,B01,,,1,,1,,,59,59,1,12,4,120.656145,24.165904,4
1566,66000,387130000C,(04)23274275,(04)23288582,2025,10,4,13,30,臺中市,南屯區,0,0,0,7,,,50,,,,,,,,,,,,,,13,,,,,C03,,,1,,1,,,59,59,1,6,4,120.648054,24.137098,3
1567,66000,387130000C,(04)23274275,(04)23288582,2025,10,4,13,30,臺中市,太平區,0,2,0,7,3,6,50,3,2,1,5,4,6,6,1,1,5,5,4,1,16,2,8,2,1,C03,7,6,1,10,2,12,,11,11,1,12,4,120.719663,24.149078,2
1568,66000,387130000C,(04)23274275,(04)23288582,2025,10,4,13,31,臺中市,南區,0,1,0,7,3,6,50,13,8,1,5,4,6,6,1,1,9,4,4,2,13,2,8,2,1,C03,7,9,1,10,2,11,,7,7,1,13,4,120.665376,24.123773,2
1569,66000,387130000C,(04)23274275,(04)23288582,2025,10,4,13,33,臺中市,西屯區,0,0,0,7,,,50,,,,,,,,,,,,,,16,,,,,B03,,,1,,1,,,11,11,1,12,4,120.648294,24.167899,3
1570,66000,387130000C,(04)23274275,(04)23288582,2025,10,4,13,33,臺中市,后里區,0,1,0,7,2,6,50,3,1,1,5,4,6,6,4,4,9,4,4,1,3,3,10,3,1,B03,7,6,1,8,2,8,,84,84,1,12,4,120.721722,24.30899,2
1571,66000,387130000C,(04)23274275,(04)23288582,2025,10,4,13,34,臺中市,南屯區,0,0,0,7,,,50,,,,,,,,,,,,,,,,,,,B03,,,1,,1,,,8,8,1,13,4,120.648311,24.132202,3
1572,66000,387130000C,(04)23274275,(04)23288582,2025,10,4,13,35,臺中市,大雅區,0,0,0,7,,,30,,,,,,,,,,,,,,,,,,,C03,,,1,,2,,,8,8,1,12,4,120.656017,24.221468,3
1573,66000,387130000C,(04)23274275,(04)23288582,2025,10,4,13,37,臺中市,大里區,0,1,0,7,2,6,30,13,9,1,5,4,6,6,4,4,10,5,5,1,17,2,9,1,1,C03,7,9,1,10,2,16,,85,85,1,13,4,120.664302,24.103671,2
1574,66000,387130000C,(04)23274275,(04)23288582,2025,10,4,13,39,臺中市,南區,0,1,0,7,2,6,50,3,1,1,5,4,6,6,4,4,1,4,5,2,16,3,10,3,1,B03,7,5,1,8,2,1,,12,12,1,12,4,120.663419,24.119535,2
1575,66000,387130000C,(04)23274275,(04)23288582,2025,10,4,13,44,臺中市,南區,0,0,0,7,,,50,,,,,,,,,,,,,,12,,,,,A11,,,1,,2,,,85,85,1,12,4,120.646999,24.118795,3
1576,66000,387130000C,(04)23274275,(04)23288582,2025,10,4,13,44,臺中市,清水區,0,0,0,7,,,30,,,,,,,,,,,,,,,,,,,B03,,,1,,2,,,11,11,1,12,4,120.602771,24.26751,3
1577,66000,387130000C,(04)23274275,(04)23288582,2025,10,4,13,46,臺中市,西區,0,0,0,7,,,50,,,,,,,,,,,,,,,,,,,B03,,,1,,1,,,8,8,1,12,4,120.664229,24.159738,3