序號,縣市別代碼,機關代碼,市話,傳真,年,月,日,時,分,縣市,區,死亡數量,受傷數量,2-30,天候,道路照明設備,道路類別,道路速限,道路型態,事故位置,路面鋪裝,路面狀態,路面缺陷,障礙物,視距,號誌種類,號誌動作,分向設施,快車道或一般車道間,快慢車道間,路面邊線,事故類型及型態,受傷程度,主要傷處,保護裝備,行動電話或功能裝置,當事者區分(類別),車輛用途,當事者行動狀態,駕照狀態,駕照種類,飲酒情形,車輛撞擊部位最初,車輛撞擊部位其他,肇事因素個別,肇事因素主要,肇事逃逸,職業,共享經濟或外送平台,GPS座標X,GPS座標Y,事故類別
1578,66000,387130000C,(04)23274275,(04)23288582,2025,10,4,13,47,臺中市,東區,0,2,0,7,3,6,50,3,1,1,5,4,6,6,1,1,10,5,5,2,16,3,10,5,4,B03,7,6,1,8,2,2,,11,11,1,12,4,120.694287,24.151599,2
1579,66000,387130000C,(04)23274275,(04)23288582,2025,10,4,13,48,臺中市,南屯區,0,1,0,7,1,6,50,3,2,1,5,4,6,6,4,4,5,4,4,2,13,2,9,5,4,F02,7,9,7,21,2,11,,84,84,1,13,4,120.632791,24.1482,2
1580,66000,387130000C,(04)23274275,(04)23288582,2025,10,4,13,50,臺中市,東區,0,2,0,7,2,6,50,3,2,1,5,4,6,6,1,1,5,5,5,2,12,2,9,2,1,C03,7,5,1,10,2,11,,85,85,1,13,4,120.685062,24.128882,2
1581,66000,387130000C,(04)23274275,(04)23288582,2025,10,4,13,53,臺中市,清水區,0,1,0,7,3,6,40,4,1,1,5,4,6,6,2,1,1,4,4,1,17,3,10,1,1,C03,7,1,1,10,2,11,,51,51,1,12,4,120.566565,24.268398,2
1582,66000,387130000C,(04)23274275,(04)23288582,2025,10,4,13,54,臺中市,太平區,0,0,0,7,,,50,,,,,,,,,,,,,,13,,,,,C03,,,1,,2,,,84,84,1,6,2,120.723188,24.131929,3
1583,66000,387130000C,(04)23274275,(04)23288582,2025,10,4,13,55,臺中市,中區,0,0,0,7,,,50,,,,,,,,,,,,,,17,,,,,B03,,,1,,1,,,84,84,1,12,4,120.681665,24.138979,3
1584,66000,387130000C,(04)23274275,(04)23288582,2025,10,4,13,56,臺中市,沙鹿區,0,0,0,7,,,50,,,,,,,,,,,,,,13,,,,,B03,,,1,,2,,,7,7,1,6,4,120.570418,24.200185,3
1585,66000,387130000C,(04)23274275,(04)23288582,2025,10,4,14,0,臺中市,大里區,0,0,0,7,,,50,,,,,,,,,,,,,,,,,,,B03,,,1,,2,,,14,14,1,12,4,120.704056,24.107872,3
1586,66000,387130000C,(04)23274275,(04)23288582,2025,10,4,14,5,臺中市,大肚區,0,0,0,7,,,30,,,,,,,,,,,,,,12,,,,,B12,,,1,,2,,,75,75,1,6,4,120.573179,24.173768,3
1587,66000,387130000C,(04)23274275,(04)23288582,2025,10,4,14,6,臺中市,豐原區,0,0,0,7,2,6,50,4,9,1,5,4,6,6,2,1,5,5,4,2,13,3,10,3,1,B03,7,9,1,8,2,1,,84,84,1,12,4,120.722257,24.24997,3
1588,66000,387130000C,(04)23274275,(04)23288582,2025,10,4,14,7,臺中市,東區,0,1,0,7,2,6,50,4,1,1,5,4,6,6,4,4,10,5,5,2,15,2,9,2,1,C03,7,9,1,10,2,11,,12,12,1,12,4,120.697176,24.141003,2
1589,66000,387130000C,(04)23274275,(04)23288582,2025,10,4,14,8,臺中市,北屯區,0,1,0,7,2,6,50,4,1,1,5,4,6,6,2,1,10,5,5,2,13,3,10,2,1,C03,7,9,1,10,2,11,,7,7,1,6,4,120.693702,24.166823,2
1590,66000,387130000C,(04)23274275,(04)23288582,2025,10,4,14,8,臺中市,豐原區,0,1,0,7,2,6,50,3,1,1,5,4,6,6,2,1,5,5,5,2,17,3,10,3,1,B03,7,5,1,8,2,2,,84,84,1,11,4,120.703329,24.244481,2
1591,66000,387130000C,(04)23274275,(04)23288582,2025,10,4,14,10,臺中市,太平區,0,0,0,7,,,50,,,,,,,,,,,,,,17,,,,,B03,,,1,,2,,,58,58,1,6,4,120.727636,24.117102,3
1592,66000,387130000C,(04)23274275,(04)23288582,2025,10,4,14,16,臺中市,烏日區,0,0,0,7,2,6,50,13,9,1,5,4,6,6,4,4,5,4,5,2,12,3,10,3,1,B03,7,8,1,8,2,7,,40,40,1,6,4,120.624916,24.106754,3
1593,66000,387130000C,(04)23274275,(04)23288582,2025,10,4,14,17,臺中市,霧峰區,0,1,0,7,2,6,50,3,2,1,5,4,6,6,4,4,5,5,5,1,17,2,9,6,1,F01,7,9,7,21,2,12,,42,42,1,12,4,120.697895,24.065491,2
1594,66000,387130000C,(04)23274275,(04)23288582,2025,10,4,14,17,臺中市,大肚區,0,1,0,7,2,6,50,13,9,1,5,4,6,6,4,4,9,4,4,2,16,2,9,1,1,C01,7,4,1,9,2,12,,1,1,1,10,4,120.531049,24.166712,2
1595,66000,387130000C,(04)23274275,(04)23288582,2025,10,4,14,17,臺中市,東勢區,0,0,0,7,,,50,,,,,,,,,,,,,,,,,,,B03,,,1,,2,,,84,84,1,12,4,120.828713,24.254745,3
1596,66000,387130000C,(04)23274275,(04)23288582,2025,10,4,14,19,臺中市,豐原區,0,1,0,7,2,6,50,13,9,1,5,4,6,6,4,4,5,5,5,1,17,3,10,3,1,B03,7,1,1,8,2,1,,51,51,1,12,4,120.727022,24.254137,2
1597,66000,387130000C,(04)23274275,(04)23288582,2025,10,4,14,20,臺中市,烏日區,0,0,0,7,,3,80,,,,,,,,,,,,,,13,,,,,B03,,,1,,1,,,7,7,1,6,4,120.616521,24.107356,3
1598,66000,387130000C,(04)23274275,(04)23288582,2025,10,4,14,22,臺中市,龍井區,0,0,0,7,3,6,50,3,9,1,5,4,6,6,1,1,5,4,5,1,13,3,10,3,1,B03,7,9,1,19,2,11,,59,59,1,6,4,120.523412,24.203934,3
1599,66000,387130000C,(04)23274275,(04)23288582,2025,10,4,14,23,臺中市,西屯區,0,2,0,7,2,6,50,3,1,1,5,4,6,6,2,1,10,5,5,2,15,2,9,1,1,C03,7,9,1,10,2,11,12,21,21,1,5,4,120.645191,24.162759,2
1600,66000,387130000C,(04)23274275,(04)23288582,2025,10,4,14,25,臺中市,西區,0,0,0,7,,,50,,,,,,,,,,,,,,,,,,,B03,,,1,,2,,,49,49,1,12,4,120.655938,24.145969,3
1601,66000,387130000C,(04)23274275,(04)23288582,2025,10,4,14,29,臺中市,北區,0,0,0,7,,,50,,,,,,,,,,,,,,,,,,,B03,,,1,,4,,,7,7,1,12,4,120.69195,24.160126,3
1602,66000,387130000C,(04)23274275,(04)23288582,2025,10,4,14,39,臺中市,南區,0,0,0,7,,,50,,,,,,,,,,,,,,13,,,,,B12,,,1,,1,,,84,84,1,12,4,120.679484,24.127279,3
1603,66000,387130000C,(04)23274275,(04)23288582,2025,10,4,14,40,臺中市,中區,0,2,0,7,2,6,50,4,1,1,5,4,6,6,1,1,10,5,5,2,17,2,9,1,1,C03,7,9,1,10,2,11,,7,7,1,12,4,120.677572,24.144109,2
1604,66000,387130000C,(04)23274275,(04)23288582,2025,10,4,14,40,臺中市,北區,0,0,0,7,,,50,,,,,,,,,,,,,,17,,,,,B03,,,1,,2,6,,51,51,1,12,4,120.674119,24.163792,3
1605,66000,387130000C,(04)23274275,(04)23288582,2025,10,4,14,47,臺中市,北屯區,0,1,0,7,2,6,50,5,1,1,5,4,6,6,2,1,1,4,4,2,15,2,9,2,1,C03,7,9,1,10,2,11,,21,21,1,12,4,120.68624,24.188258,2
1606,66000,387130000C,(04)23274275,(04)23288582,2025,10,4,14,50,臺中市,北區,0,0,0,7,3,6,50,4,2,1,5,4,6,6,1,1,1,4,5,2,17,3,10,3,1,B03,7,3,1,8,4,1,,59,59,1,12,4,120.692035,24.160334,3
1607,66000,387130000C,(04)23274275,(04)23288582,2025,10,4,14,56,臺中市,大雅區,0,0,0,7,,,0,,,,,,,,,,,,,,,,,,,B03,,,1,,2,,,1,1,1,12,4,120.651334,24.228196,3
1608,66000,387130000C,(04)23274275,(04)23288582,2025,10,4,14,56,臺中市,東區,0,0,0,7,,,1,,,,,,,,,,,,,,17,,,,,F03,,,7,,2,,,84,84,1,12,4,120.705079,24.142893,3
1609,66000,387130000C,(04)23274275,(04)23288582,2025,10,4,14,59,臺中市,大里區,0,1,0,7,2,6,50,4,1,1,5,4,6,6,1,1,10,5,5,1,17,3,10,3,1,B03,7,9,1,8,2,1,,7,7,1,13,4,120.702733,24.088177,2
1610,66000,387130000C,(04)23274275,(04)23288582,2025,10,4,15,4,臺中市,烏日區,0,0,0,7,2,6,60,13,7,1,5,4,6,6,1,1,1,4,1,1,13,3,10,3,1,B03,7,15,1,8,1,1,,82,82,1,6,4,120.648124,24.086172,3
1611,66000,387130000C,(04)23274275,(04)23288582,2025,10,4,15,5,臺中市,沙鹿區,0,0,0,7,,,60,,,,,,,,,,,,,,,,,,,B03,,,1,,1,,,84,84,1,6,4,120.563167,24.239755,3
1612,66000,387130000C,(04)23274275,(04)23288582,2025,10,4,15,8,臺中市,新社區,0,0,0,7,,,50,,,,,,,,,,,,,,,,,,,B03,,,1,,2,,,48,48,1,12,4,120.844653,24.159806,3
1613,66000,387130000C,(04)23274275,(04)23288582,2025,10,4,15,10,臺中市,清水區,0,0,0,7,,,30,,,,,,,,,,,,,,,,,,,B03,,,1,,2,,,59,59,1,12,4,120.602895,24.286735,3
1614,66000,387130000C,(04)23274275,(04)23288582,2025,10,4,15,11,臺中市,烏日區,0,1,0,7,3,6,50,4,2,1,5,4,6,6,2,1,1,4,4,2,16,3,10,3,1,B03,7,5,1,8,2,8,,20,20,1,12,4,120.619339,24.110409,2
1615,66000,387130000C,(04)23274275,(04)23288582,2025,10,4,15,13,臺中市,太平區,0,0,0,7,,,50,,,,,,,,,,,,,,16,,,,,F01,,,7,,2,,,84,84,1,12,4,120.714631,24.153714,3
1616,66000,387130000C,(04)23274275,(04)23288582,2025,10,4,15,19,臺中市,豐原區,0,1,0,7,2,6,50,13,9,1,5,4,6,6,1,1,1,2,5,1,13,2,9,2,1,C03,7,9,1,10,2,11,14,7,7,1,6,4,120.719091,24.243415,2
1617,66000,387130000C,(04)23274275,(04)23288582,2025,10,4,15,20,臺中市,南屯區,0,0,0,7,,,50,,,,,,,,,,,,,,17,,,,,B03,,,1,,1,,,8,8,1,6,4,120.627193,24.117871,3
1618,66000,387130000C,(04)23274275,(04)23288582,2025,10,4,15,22,臺中市,神岡區,0,1,0,7,1,6,50,3,1,1,5,4,6,6,1,1,10,5,5,2,12,3,10,3,1,B03,7,11,1,8,2,1,,45,45,1,12,4,120.704335,24.261699,2
1619,66000,387130000C,(04)23274275,(04)23288582,2025,10,4,15,23,臺中市,北區,0,2,0,7,2,6,50,13,9,1,5,4,6,6,4,4,9,5,5,2,3,2,9,6,5,H01,8,18,7,21,10,17,,95,95,1,13,5,120.68576,24.151447,2
1620,66000,387130000C,(04)23274275,(04)23288582,2025,10,4,15,25,臺中市,南屯區,0,0,0,7,,3,50,,,,,,,,,,,,,,,,,,,C02,,,1,,1,,,7,7,1,12,4,120.621618,24.134699,3
1621,66000,387130000C,(04)23274275,(04)23288582,2025,10,4,15,27,臺中市,大里區,0,0,0,7,,,50,,,,,,,,,,,,,,17,,,,,B03,,,1,,2,,,45,45,1,12,4,120.680029,24.10482,3
1622,66000,387130000C,(04)23274275,(04)23288582,2025,10,4,15,30,臺中市,南區,0,1,0,7,2,6,50,13,9,1,5,4,6,6,4,4,5,4,5,2,30,2,9,1,1,C03,7,9,1,10,2,12,,84,84,1,12,4,120.65422,24.123306,2
1623,66000,387130000C,(04)23274275,(04)23288582,2025,10,4,15,30,臺中市,北屯區,0,0,0,7,,,30,,,,,,,,,,,,,,17,,,,,,,,,,,,,119,119,1,,,120.667145,24.185925,3
1624,66000,387130000C,(04)23274275,(04)23288582,2025,10,4,15,32,臺中市,西區,0,1,0,7,2,6,50,3,1,1,5,4,6,6,4,4,10,5,5,2,17,3,10,3,1,B03,7,6,3,19,2,1,,12,12,1,12,4,120.661704,24.153989,2
1625,66000,387130000C,(04)23274275,(04)23288582,2025,10,4,15,41,臺中市,南區,0,1,0,7,3,6,50,13,9,1,5,4,6,6,4,4,5,5,5,2,18,4,11,5,4,C03,7,9,1,10,2,15,,84,84,1,6,4,120.679337,24.131429,2
1626,66000,387130000C,(04)23274275,(04)23288582,2025,10,4,15,44,臺中市,大里區,0,0,0,7,3,6,30,4,9,1,5,4,6,6,1,1,10,5,5,1,13,,,,,C03,,,1,,2,,,84,84,1,12,4,120.688634,24.111318,3
1627,66000,387130000C,(04)23274275,(04)23288582,2025,10,4,15,45,臺中市,南區,0,0,0,7,,,50,,,,,,,,,,,,,,,,,,,B03,,,3,,2,,,84,84,1,6,4,120.6631,24.120213,3
1628,66000,387130000C,(04)23274275,(04)23288582,2025,10,4,15,49,臺中市,豐原區,0,1,0,7,2,6,50,3,9,1,5,4,6,6,3,1,5,5,5,2,18,2,9,1,1,C03,7,5,1,10,2,16,12,84,84,1,12,4,120.704605,24.248077,2
1629,66000,387130000C,(04)23274275,(04)23288582,2025,10,4,15,50,臺中市,北屯區,0,0,0,7,,,50,,,,,,,,,,,,,,17,,,,,F07,,,7,,1,,,59,59,1,12,4,120.693459,24.17814,3
1630,66000,387130000C,(04)23274275,(04)23288582,2025,10,4,15,55,臺中市,東區,0,1,0,7,2,6,50,4,1,1,5,4,6,6,2,1,5,4,5,2,17,3,10,3,1,B03,7,5,1,8,2,5,,47,47,1,12,4,120.698687,24.132954,2
1631,66000,387130000C,(04)23274275,(04)23288582,2025,10,4,16,0,臺中市,北區,0,1,0,7,2,6,50,13,9,1,5,4,6,6,4,4,5,4,5,2,18,2,9,1,1,C03,7,9,1,10,2,12,,84,84,1,12,4,120.687642,24.149826,2
1632,66000,387130000C,(04)23274275,(04)23288582,2025,10,4,16,0,臺中市,南屯區,0,1,0,7,2,6,50,13,9,1,5,4,6,6,4,4,9,5,5,2,17,2,8,2,1,C03,7,4,1,10,2,12,,39,39,1,13,4,120.633031,24.149817,2
1633,66000,387130000C,(04)23274275,(04)23288582,2025,10,4,16,0,臺中市,北屯區,0,0,0,7,,,50,,,,,,,,,,,,,,12,,,,,B03,,,1,,1,,,8,8,1,6,4,120.70213,24.169871,3
1634,66000,387130000C,(04)23274275,(04)23288582,2025,10,4,16,2,臺中市,西屯區,0,1,0,7,2,6,30,4,1,1,5,4,6,6,4,4,10,5,5,2,15,3,10,3,4,B03,7,9,1,8,2,4,,12,12,1,12,4,120.642161,24.179982,2
1635,66000,387130000C,(04)23274275,(04)23288582,2025,10,4,16,5,臺中市,西區,0,1,0,7,2,6,50,13,24,1,5,4,6,6,4,4,1,4,4,2,17,2,9,1,1,C03,7,9,1,10,2,14,,84,84,1,13,4,120.660616,24.140253,2
1636,66000,387130000C,(04)23274275,(04)23288582,2025,10,4,16,5,臺中市,大里區,0,0,0,7,,,50,,,,,,,,,,,,,,,,,,,B03,,,1,,1,,,84,84,1,6,4,120.707726,24.086987,3
1637,66000,387130000C,(04)23274275,(04)23288582,2025,10,4,16,6,臺中市,外埔區,0,0,0,7,,,50,,,,,,,,,,,,,,16,,,,,B03,,,1,,9,,,84,84,1,13,4,120.670974,24.317609,3
1638,66000,387130000C,(04)23274275,(04)23288582,2025,10,4,16,8,臺中市,北區,0,0,0,7,,,50,,,,,,,,,,,,,,13,,,,,C03,,,1,,1,,,59,59,1,12,4,120.670235,24.154557,3
1639,66000,387130000C,(04)23274275,(04)23288582,2025,10,4,16,11,臺中市,西屯區,0,0,0,7,,,40,,,,,,,,,,,,,,13,,,,,B03,,,1,,1,,,7,7,1,12,4,120.63045,24.162146,3
1640,66000,387130000C,(04)23274275,(04)23288582,2025,10,4,16,13,臺中市,烏日區,0,0,0,7,,,40,,,,,,,,,,,,,,13,,,,,B03,,,1,,1,,,84,84,1,13,4,120.617365,24.118413,3
1641,66000,387130000C,(04)23274275,(04)23288582,2025,10,4,16,15,臺中市,太平區,0,1,0,7,3,6,50,4,1,1,5,4,6,6,4,4,10,5,5,2,15,2,8,1,1,C03,7,9,1,10,2,12,,15,15,1,6,4,120.718204,24.148114,2
1642,66000,387130000C,(04)23274275,(04)23288582,2025,10,4,16,20,臺中市,太平區,0,0,0,7,,,40,,,,,,,,,,,,,,17,,,,,B03,,,1,,2,,,58,58,1,6,4,120.730991,24.1123,3
1643,66000,387130000C,(04)23274275,(04)23288582,2025,10,4,16,25,臺中市,西區,0,0,0,7,,,50,,,,,,,,,,,,,,,,,,,C03,,,1,,1,,,50,50,1,13,4,120.661476,24.146955,3
1644,66000,387130000C,(04)23274275,(04)23288582,2025,10,4,16,27,臺中市,南屯區,0,0,0,7,,,50,,,,,,,,,,,,,,,,,,,B01,,,1,,1,,,13,13,1,13,4,120.644633,24.134726,3
1645,66000,387130000C,(04)23274275,(04)23288582,2025,10,4,16,28,臺中市,神岡區,0,1,0,7,2,6,50,3,1,1,5,4,6,6,4,4,10,5,5,1,17,3,10,5,4,C03,7,5,1,10,2,11,,84,84,1,13,4,120.688559,24.258947,2
1646,66000,387130000C,(04)23274275,(04)23288582,2025,10,4,16,30,臺中市,北區,0,0,0,7,,,50,,,,,,,,,,,,,,17,,,,,B03,,,1,,2,,,8,8,1,13,4,120.666749,24.161528,3
1647,66000,387130000C,(04)23274275,(04)23288582,2025,10,4,16,30,臺中市,大里區,0,0,0,7,3,6,0,13,23,1,5,4,6,6,4,4,10,5,5,2,12,,,,,C03,,,1,,2,,,84,84,1,12,4,120.692416,24.110333,3
1648,66000,387130000C,(04)23274275,(04)23288582,2025,10,4,16,30,臺中市,大里區,0,1,0,7,2,6,50,5,1,1,5,4,6,6,1,1,10,5,5,2,13,2,3,2,1,C03,7,5,1,10,2,11,,7,7,1,6,4,120.699506,24.085329,2
1649,66000,387130000C,(04)23274275,(04)23288582,2025,10,4,16,35,臺中市,南區,0,1,0,7,2,6,40,13,8,1,5,4,6,6,4,4,1,4,4,2,18,2,9,6,1,F01,7,9,7,21,2,14,,84,84,1,12,4,120.656376,24.116392,2
1650,66000,387130000C,(04)23274275,(04)23288582,2025,10,4,16,35,臺中市,北屯區,0,2,0,7,3,6,50,13,9,1,5,4,6,6,4,4,9,5,5,2,16,3,10,2,1,C02,7,11,1,9,2,14,,65,65,1,6,4,120.729422,24.158162,2
1651,66000,387130000C,(04)23274275,(04)23288582,2025,10,4,16,36,臺中市,東區,0,0,0,7,,,50,,,,,,,,,,,,,,,,,,,B03,,,1,,2,,,11,11,1,6,4,120.6924,24.148056,3
1652,66000,387130000C,(04)23274275,(04)23288582,2025,10,4,16,40,臺中市,霧峰區,0,0,0,7,,,60,,,,,,,,,,,,,,17,,,,,B03,,,1,,1,,,7,7,1,13,4,120.695496,24.052991,3
1653,66000,387130000C,(04)23274275,(04)23288582,2025,10,4,16,42,臺中市,西區,0,0,0,6,,,50,,,,,,,,,,,,,,13,,,,,B03,,,1,,2,,,87,87,1,12,4,120.667092,24.129537,3
1654,66000,387130000C,(04)23274275,(04)23288582,2025,10,4,16,43,臺中市,太平區,0,2,0,7,3,6,50,4,1,1,5,4,6,6,1,1,5,5,4,1,16,2,9,2,1,C03,7,1,1,10,2,11,,84,84,1,12,4,120.722313,24.157438,2
1655,66000,387130000C,(04)23274275,(04)23288582,2025,10,4,16,45,臺中市,北區,0,0,0,7,,,50,,,,,,,,,,,,,,17,,,,,B03,,,3,,1,,,84,84,1,13,4,120.671862,24.170658,3
1656,66000,387130000C,(04)23274275,(04)23288582,2025,10,4,16,48,臺中市,北屯區,0,2,0,7,2,6,50,4,1,1,5,4,6,6,1,1,10,5,5,2,15,3,10,5,4,B03,7,9,1,8,1,5,,21,21,1,12,4,120.680473,24.197879,2
1657,66000,387130000C,(04)23274275,(04)23288582,2025,10,4,16,52,臺中市,北屯區,0,1,0,7,1,6,50,4,2,1,5,4,6,6,1,1,3,4,5,2,18,2,9,1,1,C03,7,9,1,10,2,12,,26,26,1,13,4,120.697745,24.170349,2
1658,66000,387130000C,(04)23274275,(04)23288582,2025,10,4,16,52,臺中市,太平區,0,0,0,7,,,50,,,,,,,,,,,,,,13,,,,,B03,,,1,,2,,,84,84,1,12,4,120.700464,24.148235,3
1659,66000,387130000C,(04)23274275,(04)23288582,2025,10,4,17,3,臺中市,北屯區,0,0,0,7,,,30,,,,,,,,,,,,,,10,,,,,B03,,,1,,2,,,41,41,1,13,4,120.752697,24.165387,3
1660,66000,387130000C,(04)23274275,(04)23288582,2025,10,4,17,5,臺中市,南屯區,0,1,0,7,2,6,50,3,2,1,5,4,6,6,4,4,5,4,4,2,17,2,9,2,1,C03,7,9,1,10,2,11,,42,42,1,12,4,120.611474,24.14745,2
1661,66000,387130000C,(04)23274275,(04)23288582,2025,10,4,17,8,臺中市,后里區,0,0,0,7,,,60,,,,,,,,,,,,,,13,,,,,B03,,,1,,1,,,7,7,1,13,4,120.722816,24.310688,3
1662,66000,387130000C,(04)23274275,(04)23288582,2025,10,4,17,11,臺中市,神岡區,0,1,0,7,2,6,40,3,2,1,5,4,6,6,4,4,9,5,4,2,17,2,9,5,4,C03,7,11,1,10,2,13,,45,45,1,12,4,120.659931,24.259012,2
1663,66000,387130000C,(04)23274275,(04)23288582,2025,10,4,17,13,臺中市,北區,0,1,0,7,2,6,50,4,4,1,5,4,6,6,1,1,1,4,5,2,12,3,10,3,1,B03,7,9,1,8,2,2,,7,7,1,12,4,120.670549,24.164924,2
1664,66000,387130000C,(04)23274275,(04)23288582,2025,10,4,17,15,臺中市,沙鹿區,0,0,0,7,,,60,,,,,,,,,,,,,,13,,,,,B13,,,1,,2,,,7,7,1,6,4,120.569286,24.201639,3
1665,66000,387130000C,(04)23274275,(04)23288582,2025,10,4,17,16,臺中市,東區,0,1,0,7,2,6,50,4,1,1,5,4,6,6,4,4,10,5,5,2,17,3,10,3,1,B03,7,5,1,8,2,5,,14,14,1,12,4,120.705972,24.142206,2
1666,66000,387130000C,(04)23274275,(04)23288582,2025,10,4,17,22,臺中市,中區,0,0,0,7,,,50,,,,,,,,,,,,,,17,,,,,H04,,,7,,2,,,109,109,1,12,5,120.676623,24.146063,3
1667,66000,387130000C,(04)23274275,(04)23288582,2025,10,4,17,24,臺中市,大肚區,0,0,0,7,,,30,,,,,,,,,,,,,,,,,,,B03,,,1,,2,,,59,59,1,6,4,120.573794,24.119767,3
1668,66000,387130000C,(04)23274275,(04)23288582,2025,10,4,17,26,臺中市,龍井區,0,0,0,7,,,30,,,,,,,,,,,,,,,,,,,B12,,,1,,1,,,49,49,1,12,4,120.531221,24.213927,3
1669,66000,387130000C,(04)23274275,(04)23288582,2025,10,4,17,29,臺中市,西區,0,0,0,6,,,30,,,,,,,,,,,,,,,,,,,C03,,,1,,2,,,15,15,1,12,4,120.660894,24.149686,3
1670,66000,387130000C,(04)23274275,(04)23288582,2025,10,4,17,30,臺中市,豐原區,0,0,0,7,,,30,,,,,,,,,,,,,,14,,,,,B03,,,1,,2,,,49,49,1,12,4,120.720086,24.254537,3
1671,66000,387130000C,(04)23274275,(04)23288582,2025,10,4,17,32,臺中市,西屯區,0,0,0,7,,,40,,,,,,,,,,,,,,,,,,,B03,,,1,,1,,,59,59,1,12,4,120.644258,24.195156,3
1672,66000,387130000C,(04)23274275,(04)23288582,2025,10,4,17,40,臺中市,南屯區,0,0,0,7,,,50,,,,,,,,,,,,,,14,,,,,B03,,,1,,1,,,49,49,1,6,4,120.611862,24.147517,4
1673,66000,387130000C,(04)23274275,(04)23288582,2025,10,4,17,42,臺中市,太平區,0,0,0,7,,,50,,,,,,,,,,,,,,16,,,,,C03,,,1,,2,,,48,48,1,13,4,120.721292,24.142655,3
1674,66000,387130000C,(04)23274275,(04)23288582,2025,10,4,17,43,臺中市,西屯區,0,0,0,7,,,70,,,,,,,,,,,,,,,,,,,B03,,,1,,2,,,40,40,1,12,4,120.639025,24.169129,3
1675,66000,387130000C,(04)23274275,(04)23288582,2025,10,4,17,44,臺中市,潭子區,0,0,0,7,,,40,,,,,,,,,,,,,,,,,,,B02,,,1,,2,,,7,7,1,13,4,120.708838,24.204774,3
1676,66000,387130000C,(04)23274275,(04)23288582,2025,10,4,17,50,臺中市,北屯區,0,1,0,7,1,6,50,4,1,1,5,4,6,6,2,1,10,5,5,2,16,3,10,3,1,B03,7,6,1,8,2,5,,11,11,1,6,4,120.69083,24.182331,2
1677,66000,387130000C,(04)23274275,(04)23288582,2025,10,4,17,50,臺中市,霧峰區,0,1,0,7,1,6,50,4,1,1,5,4,6,6,1,1,10,5,5,2,17,3,10,3,1,B03,7,5,1,8,2,5,,84,84,1,6,4,120.699222,24.077997,2
1678,66000,387130000C,(04)23274275,(04)23288582,2025,10,4,17,51,臺中市,北屯區,0,0,0,7,,3,40,,,,,,,,,,,,,,13,,,,,B03,,,1,,1,,,59,59,1,12,4,120.682336,24.200781,3
1679,66000,387130000C,(04)23274275,(04)23288582,2025,10,4,17,54,臺中市,北屯區,0,1,0,7,1,6,50,13,9,1,5,4,6,6,4,4,10,4,4,2,12,2,9,5,4,C03,7,9,3,19,1,12,,8,8,1,12,4,120.707618,24.196917,2
1680,66000,387130000C,(04)23274275,(04)23288582,2025,10,4,17,55,臺中市,西屯區,0,3,0,7,1,6,50,4,8,1,5,4,6,6,1,1,9,4,4,2,12,2,7,2,1,C03,7,7,3,19,2,12,,40,40,1,12,4,120.646234,24.171591,2
1681,66000,387130000C,(04)23274275,(04)23288582,2025,10,4,17,55,臺中市,神岡區,0,1,0,7,2,6,30,4,1,1,5,4,6,6,3,1,10,5,5,2,17,2,9,5,4,C03,7,9,1,10,2,12,,24,24,1,12,2,120.682388,24.271334,2
1682,66000,387130000C,(04)23274275,(04)23288582,2025,10,4,17,58,臺中市,潭子區,0,2,0,7,1,6,50,13,7,1,5,4,6,6,4,4,1,4,4,1,17,3,10,3,1,B03,7,7,1,8,2,5,,40,40,1,13,4,120.689234,24.216114,2
1683,66000,387130000C,(04)23274275,(04)23288582,2025,10,4,17,58,臺中市,南區,0,2,0,7,1,6,50,4,1,1,5,4,6,6,2,1,3,4,4,2,12,3,10,3,1,B03,7,1,1,8,2,8,,51,51,1,12,4,120.682159,24.128329,2
1684,66000,387130000C,(04)23274275,(04)23288582,2025,10,4,17,59,臺中市,豐原區,0,0,0,7,,,50,,,,,,,,,,,,,,13,,,,,B03,,,1,,2,,,7,7,1,6,4,120.747808,24.266859,3
1685,66000,387130000C,(04)23274275,(04)23288582,2025,10,4,18,0,臺中市,西屯區,0,0,0,7,,,60,,,,,,,,,,,,,,13,,,,,B03,,,1,,1,,,59,59,1,12,4,120.637303,24.185945,3
1686,66000,387130000C,(04)23274275,(04)23288582,2025,10,4,18,5,臺中市,南屯區,0,0,0,7,,,50,,,,,,,,,,,,,,,,,,,B03,,,1,,2,,,84,84,1,13,4,120.652389,24.152484,3
1687,66000,387130000C,(04)23274275,(04)23288582,2025,10,4,18,5,臺中市,太平區,0,0,0,7,,,50,,,,,,,,,,,,,,16,,,,,B03,,,1,,2,,,20,20,1,12,4,120.720233,24.157971,3
1688,66000,387130000C,(04)23274275,(04)23288582,2025,10,4,18,14,臺中市,豐原區,0,0,0,7,2,6,50,13,9,1,5,4,6,6,2,1,1,2,5,1,12,3,10,3,1,B03,7,7,1,8,1,2,,40,40,1,12,4,120.749659,24.26841,3
1689,66000,387130000C,(04)23274275,(04)23288582,2025,10,4,18,20,臺中市,北屯區,0,0,0,7,,,50,,,,,,,,,,,,,,,,,,,B03,,,1,,1,,,42,42,1,13,4,120.699938,24.167567,3