序號,縣市別代碼,機關代碼,市話,傳真,年,月,日,時,分,縣市,區,死亡數量,受傷數量,2-30,天候,道路照明設備,道路類別,道路速限,道路型態,事故位置,路面鋪裝,路面狀態,路面缺陷,障礙物,視距,號誌種類,號誌動作,分向設施,快車道或一般車道間,快慢車道間,路面邊線,事故類型及型態,受傷程度,主要傷處,保護裝備,行動電話或功能裝置,當事者區分(類別),車輛用途,當事者行動狀態,駕照狀態,駕照種類,飲酒情形,車輛撞擊部位最初,車輛撞擊部位其他,肇事因素個別,肇事因素主要,肇事逃逸,職業,共享經濟或外送平台,GPS座標X,GPS座標Y,事故類別
1690,66000,387130000C,(04)23274275,(04)23288582,2025,10,4,18,21,臺中市,大里區,0,1,0,6,2,6,40,13,9,1,5,4,6,6,4,4,5,4,5,1,17,2,9,1,1,C03,7,9,1,10,2,11,,7,7,1,13,4,120.71918,24.09741,2
1691,66000,387130000C,(04)23274275,(04)23288582,2025,10,4,18,23,臺中市,南屯區,0,0,0,7,,,50,,,,,,,,,,,,,,,,,,,B03,,,1,,1,,,7,7,1,13,4,120.643187,24.144015,3
1692,66000,387130000C,(04)23274275,(04)23288582,2025,10,4,18,33,臺中市,西屯區,0,1,0,7,1,6,50,5,1,1,1,4,6,6,1,1,1,5,5,2,23,2,9,2,4,C03,7,9,1,10,2,11,,59,59,1,13,4,120.64593,24.191664,2
1693,66000,387130000C,(04)23274275,(04)23288582,2025,10,4,18,34,臺中市,西屯區,0,0,0,7,,,50,,,,,,,,,,,,,,14,,,,,B03,,,1,,1,,,49,49,1,12,4,120.636055,24.176085,3
1694,66000,387130000C,(04)23274275,(04)23288582,2025,10,4,18,40,臺中市,北區,0,2,0,7,1,6,50,5,1,1,5,4,6,6,1,1,5,2,5,2,12,2,9,1,1,C03,7,10,1,10,2,12,,42,42,1,12,1,120.681848,24.144604,2
1695,66000,387130000C,(04)23274275,(04)23288582,2025,10,4,18,43,臺中市,北屯區,0,0,0,7,,,50,,,,,,,,,,,,,,14,,,,,B03,,,1,,1,,,49,49,1,13,4,120.682968,24.184035,3
1696,66000,387130000C,(04)23274275,(04)23288582,2025,10,4,18,43,臺中市,烏日區,0,2,0,7,1,6,40,4,1,1,5,4,6,1,4,4,10,5,5,2,16,2,9,1,1,C03,7,9,1,9,2,12,,12,12,1,6,4,120.635025,24.110429,2
1697,66000,387130000C,(04)23274275,(04)23288582,2025,10,4,18,50,臺中市,龍井區,0,0,0,7,,,50,,,,,,,,,,,,,,23,,,,,A04,,,1,,2,,,59,59,1,6,4,120.579309,24.192097,3
1698,66000,387130000C,(04)23274275,(04)23288582,2025,10,4,18,51,臺中市,太平區,0,0,0,7,,,30,,,,,,,,,,,,,,16,,,,,B12,,,1,,1,,,50,50,1,13,4,120.723391,24.099189,4
1699,66000,387130000C,(04)23274275,(04)23288582,2025,10,4,18,56,臺中市,西屯區,0,2,0,7,1,6,30,13,9,1,5,4,6,6,4,4,10,5,5,2,12,2,9,2,1,C03,7,9,1,10,2,11,,59,59,1,13,4,120.633218,24.1744,2
1700,66000,387130000C,(04)23274275,(04)23288582,2025,10,4,18,57,臺中市,霧峰區,0,1,0,7,1,6,40,3,1,1,5,4,6,6,4,4,10,5,5,2,17,2,9,2,1,C03,7,6,1,10,2,12,,20,20,1,13,4,120.699224,24.064359,2
1701,66000,387130000C,(04)23274275,(04)23288582,2025,10,4,18,57,臺中市,太平區,0,0,0,7,,,50,,,,,,,,,,,,,,17,,,,,B03,,,1,,1,,,40,40,1,12,4,120.715576,24.147212,3
1702,66000,387130000C,(04)23274275,(04)23288582,2025,10,4,19,5,臺中市,西屯區,0,0,0,7,,,50,,,,,,,,,,,,,,13,,,,,C03,,,1,,1,,,7,7,1,12,4,120.646706,24.155106,3
1703,66000,387130000C,(04)23274275,(04)23288582,2025,10,4,19,9,臺中市,北屯區,0,0,0,7,,,50,,,,,,,,,,,,,,13,,,,,B03,,,1,,1,,,82,82,1,12,4,120.707096,24.192437,4
1704,66000,387130000C,(04)23274275,(04)23288582,2025,10,4,19,11,臺中市,西屯區,0,0,0,7,,,70,,,,,,,,,,,,,,,,,,,B03,,,1,,2,,,40,40,1,12,4,120.656508,24.200276,3
1705,66000,387130000C,(04)23274275,(04)23288582,2025,10,4,19,22,臺中市,潭子區,0,1,0,7,1,6,50,13,9,1,5,4,6,6,4,4,1,4,5,2,12,2,7,2,1,C03,7,9,1,10,2,11,,85,85,1,13,4,120.712772,24.217519,2
1706,66000,387130000C,(04)23274275,(04)23288582,2025,10,4,19,22,臺中市,北區,0,0,0,7,,,50,,,,,,,,,,,,,,14,,,,,B03,,,1,,1,,,50,50,1,13,4,120.681643,24.149503,3
1707,66000,387130000C,(04)23274275,(04)23288582,2025,10,4,19,34,臺中市,沙鹿區,0,0,0,7,,,60,,,,,,,,,,,,,,,,,,,B02,,,1,,2,,,40,40,1,6,4,120.580758,24.201702,4
1708,66000,387130000C,(04)23274275,(04)23288582,2025,10,4,19,36,臺中市,沙鹿區,0,1,0,6,1,6,50,5,2,1,5,4,6,6,1,1,3,3,3,1,17,2,9,5,4,C03,7,9,1,10,2,14,,59,59,1,13,4,120.567206,24.252693,2
1709,66000,387130000C,(04)23274275,(04)23288582,2025,10,4,19,48,臺中市,龍井區,0,2,0,7,1,6,30,4,1,1,5,4,6,6,4,4,10,5,5,2,15,2,9,1,1,C03,7,9,1,10,2,11,,12,12,1,6,4,120.597112,24.189299,2
1710,66000,387130000C,(04)23274275,(04)23288582,2025,10,4,19,56,臺中市,沙鹿區,0,1,0,7,2,6,50,3,9,1,5,4,6,6,4,4,10,5,5,2,17,2,8,1,1,C03,7,6,1,10,2,12,,12,12,1,6,4,120.560505,24.237854,2
1711,66000,387130000C,(04)23274275,(04)23288582,2025,10,4,19,59,臺中市,西區,0,0,0,6,,,50,,,,,,,,,,,,,,,,,,,B03,,,1,,2,,,84,84,1,12,4,120.65512,24.1488,3
1712,66000,387130000C,(04)23274275,(04)23288582,2025,10,4,20,0,臺中市,沙鹿區,0,0,0,6,,,30,,,,,,,,,,,,,,,,,,,B03,,,1,,2,,,59,59,1,13,4,120.578144,24.214632,3
1713,66000,387130000C,(04)23274275,(04)23288582,2025,10,4,20,9,臺中市,大里區,0,0,0,6,1,6,50,3,1,1,5,4,6,6,1,1,10,5,5,2,12,,,,,C03,,,1,,2,,,51,51,1,12,4,120.685776,24.115401,3
1714,66000,387130000C,(04)23274275,(04)23288582,2025,10,4,20,31,臺中市,龍井區,0,0,0,7,,,30,,,,,,,,,,,,,,14,,,,,B03,,,1,,2,,,49,49,1,6,4,120.596538,24.188021,3
1715,66000,387130000C,(04)23274275,(04)23288582,2025,10,4,20,47,臺中市,沙鹿區,0,0,0,7,,,50,,,,,,,,,,,,,,,,,,,B03,,,1,,1,,,59,59,1,6,4,120.55858,24.235463,3
1716,66000,387130000C,(04)23274275,(04)23288582,2025,10,4,20,50,臺中市,大里區,0,0,0,6,,,,,,,,,,,,,,,,,17,,,,,,,,,,,,,119,119,1,,,120.70083,24.088527,3
1717,66000,387130000C,(04)23274275,(04)23288582,2025,10,4,21,4,臺中市,北區,0,0,0,7,,,50,,,,,,,,,,,,,,13,,,,,B03,,,1,,2,,,84,84,1,12,4,120.670599,24.163049,3
1718,66000,387130000C,(04)23274275,(04)23288582,2025,10,4,21,7,臺中市,大雅區,0,0,0,7,,,30,,,,,,,,,,,,,,17,,,,,B12,,,1,,2,,,84,84,1,12,4,120.658012,24.225435,3
1719,66000,387130000C,(04)23274275,(04)23288582,2025,10,4,21,7,臺中市,北屯區,0,0,0,7,,,30,,,,,,,,,,,,,,14,,,,,B03,,,1,,2,,,49,49,1,6,4,120.680208,24.192386,3
1720,66000,387130000C,(04)23274275,(04)23288582,2025,10,4,21,10,臺中市,北屯區,0,0,0,7,,,50,,,,,,,,,,,,,,9,,,,,C03,,,1,8,1,,,42,42,1,12,4,120.697138,24.169382,3
1721,66000,387130000C,(04)23274275,(04)23288582,2025,10,4,21,13,臺中市,西屯區,0,1,0,7,1,6,50,13,8,1,5,4,6,6,4,4,1,4,4,2,12,3,10,3,1,B03,7,1,1,8,2,8,,51,51,1,12,4,120.639284,24.166122,2
1722,66000,387130000C,(04)23274275,(04)23288582,2025,10,4,21,15,臺中市,南屯區,0,4,0,7,1,6,50,13,7,1,5,4,6,6,1,1,3,2,4,2,12,2,9,3,1,B01,7,9,1,2,2,8,,8,8,1,12,4,120.622643,24.150214,2
1723,66000,387130000C,(04)23274275,(04)23288582,2025,10,4,21,20,臺中市,中區,0,0,0,7,,,50,,,,,,,,,,,,,,17,,,,,B03,,,1,,1,,,51,51,1,12,4,120.684104,24.138999,3
1724,66000,387130000C,(04)23274275,(04)23288582,2025,10,4,21,22,臺中市,南屯區,0,1,0,7,3,6,50,13,9,1,5,4,6,6,4,4,5,4,5,2,17,2,9,2,1,C03,7,9,1,10,2,14,,7,7,1,12,4,120.649917,24.137614,2
1725,66000,387130000C,(04)23274275,(04)23288582,2025,10,4,21,22,臺中市,后里區,0,1,0,7,1,6,40,13,9,1,5,4,6,6,4,4,9,5,5,1,12,3,10,3,1,B12,7,11,1,8,2,8,,45,45,1,12,4,120.726423,24.309104,2
1726,66000,387130000C,(04)23274275,(04)23288582,2025,10,4,21,27,臺中市,梧棲區,0,0,0,7,,,30,,,,,,,,,,,,,,15,,,,,B01,,,1,,2,,,12,12,1,6,4,120.550816,24.260048,3
1727,66000,387130000C,(04)23274275,(04)23288582,2025,10,4,21,30,臺中市,大里區,0,2,0,7,1,6,50,4,1,1,5,4,6,6,4,4,10,5,5,2,13,2,9,2,1,C03,7,9,1,10,2,11,,84,84,1,5,4,120.7035,24.092144,2
1728,66000,387130000C,(04)23274275,(04)23288582,2025,10,4,21,35,臺中市,北區,0,1,0,7,1,6,50,4,1,1,5,4,6,6,1,1,5,5,4,2,16,3,10,3,1,B03,7,5,1,8,2,2,,84,84,1,12,4,120.669119,24.159161,2
1729,66000,387130000C,(04)23274275,(04)23288582,2025,10,4,21,35,臺中市,沙鹿區,0,1,0,7,2,6,50,4,1,1,5,4,1,6,1,1,10,5,5,2,18,2,7,1,1,C03,7,9,1,10,2,12,,59,59,1,6,4,120.563967,24.22508,2
1730,66000,387130000C,(04)23274275,(04)23288582,2025,10,4,21,44,臺中市,南屯區,0,0,0,7,,,40,,,,,,,,,,,,,,,,,,,C03,,,1,,2,,,8,8,1,13,4,120.633721,24.159255,3
1731,66000,387130000C,(04)23274275,(04)23288582,2025,10,4,21,50,臺中市,梧棲區,0,0,0,7,,,50,,,,,,,,,,,,,,14,,,,,B12,,,1,,2,,,49,49,1,6,4,120.538903,24.243415,3
1732,66000,387130000C,(04)23274275,(04)23288582,2025,10,4,21,51,臺中市,北屯區,0,2,0,7,1,6,50,4,1,1,5,4,6,6,4,4,10,5,5,2,15,2,9,3,1,B03,7,9,1,8,2,2,,12,12,1,13,4,120.679428,24.181803,2
1733,66000,387130000C,(04)23274275,(04)23288582,2025,10,4,21,56,臺中市,西屯區,0,0,0,7,,,50,,,,,,,,,,,,,,12,,,,,B03,,,1,,1,,,8,8,1,12,4,120.65257,24.166995,3
1734,66000,387130000C,(04)23274275,(04)23288582,2025,10,4,22,7,臺中市,大里區,0,2,0,7,1,6,50,4,2,1,5,4,6,6,2,1,1,4,5,1,17,2,6,1,1,C03,7,14,1,10,2,13,,25,25,1,12,4,120.680763,24.105917,2
1735,66000,387130000C,(04)23274275,(04)23288582,2025,10,4,22,8,臺中市,西屯區,0,3,0,7,1,6,40,3,1,1,5,4,6,6,2,1,10,5,5,2,16,2,9,2,4,C03,7,5,1,10,2,12,,11,11,1,13,4,120.618909,24.181093,2
1736,66000,387130000C,(04)23274275,(04)23288582,2025,10,4,22,14,臺中市,霧峰區,0,0,0,6,,,30,,,,,,,,,,,,,,17,,,,,B03,,,1,,2,,,49,49,1,13,4,120.703213,24.059097,3
1737,66000,387130000C,(04)23274275,(04)23288582,2025,10,4,22,15,臺中市,北屯區,0,0,0,7,,,50,,,,,,,,,,,,,,17,,,,,B03,,,1,,1,,,50,50,1,12,4,120.69175,24.169342,3
1738,66000,387130000C,(04)23274275,(04)23288582,2025,10,4,22,18,臺中市,清水區,0,6,0,7,1,6,70,4,1,1,5,4,6,6,1,1,8,3,4,1,17,2,9,3,1,B03,7,9,1,8,2,5,,25,25,1,12,4,120.571402,24.275531,2
1739,66000,387130000C,(04)23274275,(04)23288582,2025,10,4,22,27,臺中市,南屯區,0,0,0,7,1,6,50,13,9,1,5,4,6,6,4,4,3,4,5,2,12,,,,,B03,,,1,,9,,,8,8,2,12,4,120.642685,24.14073,3
1740,66000,387130000C,(04)23274275,(04)23288582,2025,10,4,22,43,臺中市,東區,0,0,0,7,,,50,,,,,,,,,,,,,,,,,,,B03,,,1,,2,,,50,50,1,6,4,120.692012,24.147968,3
1741,66000,387130000C,(04)23274275,(04)23288582,2025,10,4,22,54,臺中市,北區,0,1,0,7,1,6,30,13,9,1,5,4,6,6,4,4,10,5,5,2,17,3,10,3,1,B01,7,9,3,19,2,1,,58,58,1,13,4,120.669884,24.168292,2
1742,66000,387130000C,(04)23274275,(04)23288582,2025,10,4,23,8,臺中市,沙鹿區,0,1,0,7,2,6,30,11,9,1,5,4,6,6,4,4,10,5,5,1,11,2,7,1,1,C03,7,9,1,10,2,14,,59,59,1,6,4,120.593466,24.218423,2
1743,66000,387130000C,(04)23274275,(04)23288582,2025,10,4,23,16,臺中市,西區,0,1,0,7,1,6,50,4,1,1,5,4,6,6,1,1,10,5,5,2,16,2,7,5,4,C03,7,6,1,10,2,11,,11,11,1,12,4,120.660194,24.146693,2
1744,66000,387130000C,(04)23274275,(04)23288582,2025,10,4,23,29,臺中市,大里區,0,1,0,7,1,6,50,4,1,1,5,4,6,6,4,4,10,5,5,2,17,3,10,3,1,B03,7,6,1,7,2,4,,58,58,1,13,4,120.703576,24.092087,2
1745,66000,387130000C,(04)23274275,(04)23288582,2025,10,4,23,30,臺中市,西屯區,0,1,0,7,1,6,50,4,1,1,5,4,6,6,1,1,10,5,5,2,16,2,9,5,4,C03,7,9,1,10,2,12,,59,59,1,12,4,120.6553,24.158174,2
1746,66000,387130000C,(04)23274275,(04)23288582,2025,10,4,23,30,臺中市,大里區,0,0,0,7,,,0,,,,,,,,,,,,,,17,,,,,C03,,,1,,2,,,82,82,1,13,4,120.706103,24.104897,4
1747,66000,387130000C,(04)23274275,(04)23288582,2025,10,4,23,55,臺中市,西區,0,2,0,7,1,6,50,4,1,1,5,4,6,6,3,1,10,5,5,2,15,3,10,3,1,B03,7,9,1,8,2,2,,24,24,1,12,4,120.670542,24.139213,2
1748,66000,387130000C,(04)23274275,(04)23288582,2025,10,4,23,55,臺中市,北屯區,0,0,0,7,,,50,,,,,,,,,,,,,,14,,,,,B03,,,1,,2,,,49,49,1,12,4,120.690852,24.166056,3
1749,66000,387130000C,(04)23274275,(04)23288582,2025,10,5,0,1,臺中市,南屯區,0,2,0,7,1,6,50,4,1,1,5,4,6,6,3,1,10,5,5,2,15,2,8,3,1,B03,7,9,1,8,2,5,,24,24,1,12,4,120.638291,24.133796,2
1750,66000,387130000C,(04)23274275,(04)23288582,2025,10,5,0,13,臺中市,沙鹿區,0,1,0,6,1,6,60,3,2,1,5,4,6,6,1,1,3,3,3,1,18,3,10,5,4,C03,7,9,1,10,2,13,,90,90,1,13,4,120.580315,24.217137,2
1751,66000,387130000C,(04)23274275,(04)23288582,2025,10,5,0,15,臺中市,南屯區,0,0,0,7,,,50,,,,,,,,,,,,,,13,,,,,B01,,,1,,2,,,84,84,1,13,4,120.628319,24.140319,3
1752,66000,387130000C,(04)23274275,(04)23288582,2025,10,5,0,19,臺中市,北屯區,0,0,0,7,,,50,,,,,,,,,,,,,,12,,,,,B03,,,1,,2,,,40,40,1,12,4,120.671094,24.175055,3
1753,66000,387130000C,(04)23274275,(04)23288582,2025,10,5,0,20,臺中市,西屯區,0,1,0,7,1,6,50,13,9,1,5,4,6,6,4,4,9,4,5,2,28,2,9,1,1,C03,7,9,1,10,2,11,,59,59,1,13,4,120.642465,24.196486,2
1754,66000,387130000C,(04)23274275,(04)23288582,2025,10,5,0,28,臺中市,南屯區,0,1,0,7,1,6,50,4,1,1,5,4,6,6,3,1,5,5,4,2,16,3,10,1,1,C03,7,6,1,10,2,11,,20,20,1,12,4,120.614915,24.145607,2
1755,66000,387130000C,(04)23274275,(04)23288582,2025,10,5,1,7,臺中市,大肚區,0,1,0,7,1,6,50,11,9,1,5,4,6,6,4,4,4,5,5,2,18,2,9,2,1,C03,7,9,1,10,2,12,,84,84,1,12,4,120.556884,24.160566,2
1756,66000,387130000C,(04)23274275,(04)23288582,2025,10,5,1,25,臺中市,大里區,0,0,0,7,,,50,,,,,,,,,,,,,,14,,,,,B03,,,1,,2,,,49,49,1,13,4,120.725831,24.091955,3
1757,66000,387130000C,(04)23274275,(04)23288582,2025,10,5,1,56,臺中市,潭子區,0,1,0,7,1,6,50,13,9,1,5,4,6,6,4,4,3,4,5,1,17,2,9,3,1,B03,7,9,1,8,2,5,,84,84,1,12,4,120.712256,24.214587,2
1758,66000,387130000C,(04)23274275,(04)23288582,2025,10,5,2,20,臺中市,西區,0,2,0,7,2,6,50,4,1,1,5,4,6,6,1,1,10,5,5,2,17,2,7,5,4,C03,7,6,1,10,2,11,,4,4,1,12,4,120.669373,24.138795,2
1759,66000,387130000C,(04)23274275,(04)23288582,2025,10,5,2,38,臺中市,西屯區,0,1,0,7,1,6,0,13,21,1,5,4,6,6,4,4,10,5,5,2,30,2,9,5,4,C03,7,9,1,10,2,14,,84,84,1,12,4,120.6438,24.194579,2
1760,66000,387130000C,(04)23274275,(04)23288582,2025,10,5,2,41,臺中市,龍井區,0,0,0,7,,,50,,,,,,,,,,,,,,20,,,,,B03,,,1,,2,,,59,59,1,6,4,120.530549,24.207515,3
1761,66000,387130000C,(04)23274275,(04)23288582,2025,10,5,3,1,臺中市,大甲區,0,1,0,7,1,6,40,13,9,1,5,4,6,6,1,1,6,4,5,1,13,2,9,1,1,F03,7,1,7,21,4,11,,51,51,1,12,4,120.654964,24.381028,2
1762,66000,387130000C,(04)23274275,(04)23288582,2025,10,5,3,59,臺中市,梧棲區,0,0,0,7,,3,90,,,,,,,,,,,,,,23,,,,,A41,,,1,,2,,,59,59,1,6,4,120.538666,24.255917,3
1763,66000,387130000C,(04)23274275,(04)23288582,2025,10,5,5,30,臺中市,東區,0,0,0,7,,,50,,,,,,,,,,,,,,17,,,,,B03,,,1,,1,,,84,84,1,6,4,120.693152,24.134763,3
1764,66000,387130000C,(04)23274275,(04)23288582,2025,10,5,5,52,臺中市,北區,0,0,0,7,,,50,,,,,,,,,,,,,,17,,,,,B03,,,1,,2,,,59,59,1,13,4,120.676314,24.150235,3
1765,66000,387130000C,(04)23274275,(04)23288582,2025,10,5,5,59,臺中市,霧峰區,0,2,0,7,2,6,25,4,1,1,5,4,6,6,4,4,10,5,5,2,15,2,8,2,1,C03,7,9,1,9,2,11,,12,12,1,13,4,120.685695,24.05584,2
1766,66000,387130000C,(04)23274275,(04)23288582,2025,10,5,6,13,臺中市,西屯區,0,2,0,7,1,6,50,5,1,1,5,4,6,6,2,1,10,5,5,2,12,3,10,3,1,B01,7,6,1,4,2,7,,2,2,1,12,4,120.660102,24.164309,2
1767,66000,387130000C,(04)23274275,(04)23288582,2025,10,5,6,15,臺中市,北屯區,0,1,0,7,2,6,50,4,1,1,5,4,6,6,4,4,10,5,5,2,15,2,9,1,1,C03,7,9,1,10,2,11,,12,12,1,12,4,120.679428,24.181803,2
1768,66000,387130000C,(04)23274275,(04)23288582,2025,10,5,6,24,臺中市,北區,0,1,0,7,2,6,50,13,9,1,5,4,6,6,4,4,5,4,5,2,18,2,9,5,1,C03,7,9,1,10,2,12,,84,84,1,13,4,120.677473,24.150144,2
1769,66000,387130000C,(04)23274275,(04)23288582,2025,10,5,6,30,臺中市,中區,0,1,0,7,3,6,50,4,1,1,5,4,6,6,4,4,10,5,5,2,15,3,10,3,1,B03,7,9,1,8,2,2,,13,13,1,12,4,120.682731,24.141855,2
1770,66000,387130000C,(04)23274275,(04)23288582,2025,10,5,6,50,臺中市,霧峰區,0,0,0,7,,,40,,,,,,,,,,,,,,9,,,,,B03,,,1,,2,,,84,84,1,12,4,120.663115,24.073935,3
1771,66000,387130000C,(04)23274275,(04)23288582,2025,10,5,6,52,臺中市,神岡區,0,1,0,7,2,6,50,5,1,1,5,4,6,6,2,1,10,5,5,1,17,2,9,5,4,C03,7,9,1,10,2,12,,59,59,1,13,4,120.656952,24.264437,2
1772,66000,387130000C,(04)23274275,(04)23288582,2025,10,5,7,18,臺中市,西屯區,0,1,0,7,2,6,50,13,9,1,5,4,6,6,4,4,10,5,5,2,3,3,10,5,4,C03,7,9,5,19,11,12,,84,84,1,13,4,120.638478,24.178819,2
1773,66000,387130000C,(04)23274275,(04)23288582,2025,10,5,7,19,臺中市,南屯區,0,1,0,7,3,6,40,4,1,1,5,4,6,6,2,1,10,5,5,2,16,3,10,5,4,B03,7,6,1,8,2,8,,11,11,1,6,4,120.636687,24.148634,2
1774,66000,387130000C,(04)23274275,(04)23288582,2025,10,5,7,22,臺中市,梧棲區,0,1,0,7,2,6,30,4,1,1,5,4,6,6,4,4,10,5,5,2,15,3,10,3,1,B03,7,9,1,7,2,2,,15,15,1,6,4,120.55558,24.258987,2
1775,66000,387130000C,(04)23274275,(04)23288582,2025,10,5,7,31,臺中市,大里區,0,2,0,7,2,6,50,4,2,1,5,4,6,6,1,1,4,3,5,1,17,2,9,1,1,C03,7,6,1,10,2,12,,11,11,1,6,4,120.700301,24.0889,2
1776,66000,387130000C,(04)23274275,(04)23288582,2025,10,5,7,34,臺中市,清水區,0,1,0,7,3,6,40,13,8,1,5,4,6,6,4,4,1,4,4,2,17,2,9,1,1,C03,7,9,1,8,2,12,,87,87,1,12,4,120.575768,24.270436,2
1777,66000,387130000C,(04)23274275,(04)23288582,2025,10,5,7,35,臺中市,大里區,0,0,0,7,2,6,30,13,9,1,5,4,6,6,4,4,10,5,5,2,17,,,,,B03,,,1,,2,,,84,84,1,13,4,120.682773,24.107103,3
1778,66000,387130000C,(04)23274275,(04)23288582,2025,10,5,7,43,臺中市,北屯區,0,1,0,7,2,6,50,3,1,1,5,4,6,6,1,1,10,5,5,2,15,3,10,1,1,C03,7,9,1,10,2,11,,21,21,1,12,4,120.730333,24.173885,2
1779,66000,387130000C,(04)23274275,(04)23288582,2025,10,5,7,44,臺中市,神岡區,0,1,0,7,2,6,50,3,1,1,5,4,6,6,4,4,10,5,5,1,17,3,10,5,4,C03,7,15,1,10,2,12,,65,65,1,13,4,120.684453,24.247523,2
1780,66000,387130000C,(04)23274275,(04)23288582,2025,10,5,7,46,臺中市,西屯區,0,1,0,7,1,6,30,3,1,1,5,4,6,6,4,4,10,5,5,2,15,2,8,1,1,C03,7,1,1,10,1,14,,20,20,1,12,4,120.613379,24.19772,2
1781,66000,387130000C,(04)23274275,(04)23288582,2025,10,5,8,7,臺中市,大里區,0,0,0,7,2,6,50,4,1,1,5,4,6,6,4,4,5,5,5,1,16,,,,,B03,,,1,,2,,,47,47,1,13,4,120.665368,24.110324,3
1782,66000,387130000C,(04)23274275,(04)23288582,2025,10,5,8,10,臺中市,西屯區,0,1,0,7,2,6,30,13,14,1,5,4,6,6,4,4,10,5,5,1,12,2,8,2,1,C03,7,15,1,10,9,12,,59,59,1,12,4,120.640162,24.178168,2
1783,66000,387130000C,(04)23274275,(04)23288582,2025,10,5,8,14,臺中市,后里區,0,1,0,7,2,6,30,3,1,1,5,4,6,6,4,4,5,5,5,1,16,3,10,4,1,G02,7,6,1,21,2,17,,12,12,1,12,4,120.697783,24.301203,2
1784,66000,387130000C,(04)23274275,(04)23288582,2025,10,5,8,22,臺中市,豐原區,0,1,0,7,2,6,60,4,1,1,5,4,6,6,1,1,10,5,5,2,17,2,8,2,1,C03,7,9,1,10,9,11,,26,26,1,13,4,120.720249,24.263965,2
1785,66000,387130000C,(04)23274275,(04)23288582,2025,10,5,8,28,臺中市,大雅區,0,2,0,7,3,6,30,4,1,1,5,4,6,6,4,4,10,5,5,2,17,2,5,2,1,C03,7,9,1,10,2,11,,24,24,1,12,4,120.662798,24.24578,2
1786,66000,387130000C,(04)23274275,(04)23288582,2025,10,5,8,35,臺中市,霧峰區,0,1,0,7,2,6,50,5,1,1,5,4,6,6,1,1,10,4,5,1,16,3,10,1,1,C03,7,9,1,10,11,12,,34,34,1,6,4,120.699178,24.068597,2
1787,66000,387130000C,(04)23274275,(04)23288582,2025,10,5,8,45,臺中市,北屯區,0,1,0,7,2,6,50,5,2,1,5,4,6,6,1,1,1,4,5,2,13,2,9,1,1,C03,7,9,1,10,2,11,,7,7,1,12,4,120.666893,24.180364,2
1788,66000,387130000C,(04)23274275,(04)23288582,2025,10,5,8,46,臺中市,神岡區,0,1,0,7,1,6,40,13,9,1,5,4,3,6,4,4,5,5,5,2,16,2,9,1,1,C03,7,1,1,10,2,11,,51,51,1,12,4,120.65749,24.271134,2
1789,66000,387130000C,(04)23274275,(04)23288582,2025,10,5,8,57,臺中市,沙鹿區,0,0,0,7,,,50,,,,,,,,,,,,,,13,,,,,B03,,,1,,1,,,7,7,1,6,4,120.55787,24.225641,3
1790,66000,387130000C,(04)23274275,(04)23288582,2025,10,5,8,58,臺中市,北區,0,1,0,7,2,6,50,13,9,1,5,4,6,6,4,4,5,5,4,2,17,3,10,3,1,B03,7,14,1,8,2,2,,76,76,1,13,4,120.686055,24.153465,2
1791,66000,387130000C,(04)23274275,(04)23288582,2025,10,5,9,0,臺中市,西屯區,0,1,0,7,2,6,50,13,9,1,5,4,6,6,4,4,9,5,5,2,14,2,9,5,1,C03,7,2,1,10,2,13,,49,49,1,12,4,120.66682,24.17628,2
1792,66000,387130000C,(04)23274275,(04)23288582,2025,10,5,9,6,臺中市,新社區,0,1,0,7,3,6,50,13,9,1,5,4,6,6,4,4,9,5,5,1,12,3,10,5,4,B03,7,1,1,8,2,4,,51,51,1,12,4,120.809218,24.242136,2
1793,66000,387130000C,(04)23274275,(04)23288582,2025,10,5,9,8,臺中市,大里區,0,2,0,7,2,6,50,13,9,1,5,4,6,6,4,4,8,3,5,1,17,2,8,1,1,C03,7,11,1,10,2,14,,45,45,1,6,4,120.697327,24.090279,2
1794,66000,387130000C,(04)23274275,(04)23288582,2025,10,5,9,10,臺中市,南區,0,0,0,7,,,50,,,,,,,,,,,,,,12,,,,,A04,,,1,2,2,,,7,7,1,12,4,120.679286,24.119037,3
1795,66000,387130000C,(04)23274275,(04)23288582,2025,10,5,9,10,臺中市,大甲區,0,1,0,7,1,6,50,3,1,1,5,4,6,6,4,4,5,5,5,1,16,2,9,1,1,C03,7,6,1,10,2,14,,14,14,1,12,4,120.592659,24.369726,2
1796,66000,387130000C,(04)23274275,(04)23288582,2025,10,5,9,12,臺中市,西屯區,0,2,0,7,2,6,50,4,9,1,5,4,6,6,1,1,1,4,1,2,13,2,8,2,1,C03,7,6,1,10,1,12,,58,58,1,6,4,120.632917,24.172308,2
1797,66000,387130000C,(04)23274275,(04)23288582,2025,10,5,9,12,臺中市,霧峰區,0,1,0,7,3,3,80,13,9,1,5,4,6,6,4,4,2,5,5,1,13,3,10,3,1,B03,7,9,1,8,2,1,,7,7,1,12,4,120.687028,24.057585,2
1798,66000,387130000C,(04)23274275,(04)23288582,2025,10,5,9,20,臺中市,大甲區,0,0,0,7,,,50,,,,,,,,,,,,,,16,,,,,B03,,,1,,2,,,20,20,1,6,4,120.620665,24.423818,3
1799,66000,387130000C,(04)23274275,(04)23288582,2025,10,5,9,24,臺中市,大里區,0,1,0,7,2,6,50,13,7,1,5,4,6,6,1,1,5,5,4,2,17,3,10,1,1,C03,7,9,1,10,2,11,,7,7,1,12,4,120.676518,24.112096,2