序號,縣市別代碼,機關代碼,市話,傳真,年,月,日,時,分,縣市,區,死亡數量,受傷數量,2-30,天候,道路照明設備,道路類別,道路速限,道路型態,事故位置,路面鋪裝,路面狀態,路面缺陷,障礙物,視距,號誌種類,號誌動作,分向設施,快車道或一般車道間,快慢車道間,路面邊線,事故類型及型態,受傷程度,主要傷處,保護裝備,行動電話或功能裝置,當事者區分(類別),車輛用途,當事者行動狀態,駕照狀態,駕照種類,飲酒情形,車輛撞擊部位最初,車輛撞擊部位其他,肇事因素個別,肇事因素主要,肇事逃逸,職業,共享經濟或外送平台,GPS座標X,GPS座標Y,事故類別
1800,66000,387130000C,(04)23274275,(04)23288582,2025,10,5,9,29,臺中市,梧棲區,0,1,0,7,2,6,30,3,1,1,5,4,6,6,4,4,10,5,5,2,16,3,10,3,1,B03,7,5,1,8,2,8,,14,14,1,6,4,120.557501,24.256628,2
1801,66000,387130000C,(04)23274275,(04)23288582,2025,10,5,9,33,臺中市,北屯區,0,2,0,7,2,6,50,4,1,1,5,4,6,6,2,1,10,5,5,2,17,3,10,2,1,C03,7,7,1,10,2,13,,42,42,1,6,4,120.677026,24.185674,2
1802,66000,387130000C,(04)23274275,(04)23288582,2025,10,5,9,33,臺中市,豐原區,0,1,0,7,2,6,50,5,1,1,5,4,6,6,2,1,1,4,5,2,17,3,10,5,4,B03,7,5,1,8,2,2,,47,47,1,12,4,120.703042,24.249434,2
1803,66000,387130000C,(04)23274275,(04)23288582,2025,10,5,9,34,臺中市,北屯區,0,0,0,7,,,50,,,,,,,,,,,,,,12,,,,,C03,,,1,,2,,,8,8,1,12,4,120.73042,24.177167,4
1804,66000,387130000C,(04)23274275,(04)23288582,2025,10,5,9,39,臺中市,潭子區,0,0,0,7,,,30,,,,,,,,,,,,,,14,,,,,B03,,,1,,2,,,49,49,1,13,4,120.708092,24.212374,3
1805,66000,387130000C,(04)23274275,(04)23288582,2025,10,5,9,39,臺中市,北屯區,0,1,0,7,2,6,50,4,1,1,5,4,6,6,1,1,10,5,5,2,16,3,10,3,1,B03,7,6,1,8,2,8,,11,11,1,6,4,120.692188,24.169009,2
1806,66000,387130000C,(04)23274275,(04)23288582,2025,10,5,9,45,臺中市,豐原區,0,1,0,7,2,6,50,13,14,1,5,4,6,6,4,4,1,4,4,1,17,2,7,4,1,F07,7,9,7,21,2,12,,55,55,1,12,4,120.743536,24.264094,2
1807,66000,387130000C,(04)23274275,(04)23288582,2025,10,5,9,46,臺中市,西區,0,0,0,7,,,50,,,,,,,,,,,,,,,,,,,A12,,,1,,1,,,84,84,1,12,4,120.667889,24.152592,3
1808,66000,387130000C,(04)23274275,(04)23288582,2025,10,5,9,48,臺中市,西屯區,0,1,0,7,2,6,40,13,8,1,5,4,6,6,4,4,1,4,4,2,18,2,9,2,4,C03,7,9,1,10,2,12,11,8,8,1,12,4,120.62768,24.180997,2
1809,66000,387130000C,(04)23274275,(04)23288582,2025,10,5,9,50,臺中市,新社區,0,1,0,7,3,6,50,11,9,1,5,4,6,6,4,4,9,5,5,1,18,2,9,5,4,C01,7,9,1,9,2,14,,84,84,1,12,4,120.842684,24.160219,2
1810,66000,387130000C,(04)23274275,(04)23288582,2025,10,5,9,51,臺中市,北區,0,2,0,7,3,6,50,4,1,1,5,4,6,6,2,1,1,4,5,2,17,2,9,1,1,C03,7,6,1,10,2,14,,48,48,1,12,4,120.685078,24.160296,2
1811,66000,387130000C,(04)23274275,(04)23288582,2025,10,5,9,55,臺中市,豐原區,0,0,0,7,,,50,,,,,,,,,,,,,,17,,,,,G03,,,6,,2,,,43,43,1,13,4,120.726443,24.240776,3
1812,66000,387130000C,(04)23274275,(04)23288582,2025,10,5,9,59,臺中市,西區,0,2,0,7,2,6,30,4,1,1,5,4,6,6,4,4,10,5,5,2,15,2,8,2,1,C03,7,9,1,10,2,12,,15,15,1,12,4,120.660819,24.152125,2
1813,66000,387130000C,(04)23274275,(04)23288582,2025,10,5,10,4,臺中市,西區,0,1,0,7,3,6,50,4,2,1,5,4,6,6,1,1,4,1,5,2,11,2,9,1,1,C03,7,9,1,10,2,11,,84,84,1,12,4,120.679953,24.136421,2
1814,66000,387130000C,(04)23274275,(04)23288582,2025,10,5,10,5,臺中市,霧峰區,0,1,0,7,2,6,60,13,7,1,5,4,6,6,4,4,1,3,4,2,18,2,9,2,1,C03,7,9,1,10,2,11,,84,84,1,6,4,120.689336,24.076733,2
1815,66000,387130000C,(04)23274275,(04)23288582,2025,10,5,10,5,臺中市,沙鹿區,0,1,0,7,2,6,50,4,1,1,5,4,6,6,1,1,10,5,5,2,18,2,9,2,1,C03,7,9,1,10,2,12,,59,59,1,6,4,120.563876,24.225062,2
1816,66000,387130000C,(04)23274275,(04)23288582,2025,10,5,10,16,臺中市,南屯區,0,2,0,7,2,6,50,4,1,1,5,4,6,6,2,1,9,4,4,2,16,2,7,2,1,C03,7,6,1,10,2,11,,11,11,1,12,4,120.614335,24.143636,2
1817,66000,387130000C,(04)23274275,(04)23288582,2025,10,5,10,21,臺中市,南區,0,1,0,7,3,6,50,5,2,1,5,4,6,6,1,1,1,4,5,2,17,2,8,5,4,C03,7,11,1,10,2,14,,84,84,1,12,4,120.661459,24.121451,2
1818,66000,387130000C,(04)23274275,(04)23288582,2025,10,5,10,28,臺中市,梧棲區,0,0,0,7,,,50,,,,,,,,,,,,,,14,,,,,B03,,,1,,1,,,49,49,1,6,4,120.533585,24.254259,3
1819,66000,387130000C,(04)23274275,(04)23288582,2025,10,5,10,29,臺中市,清水區,0,0,0,7,,,40,,,,,,,,,,,,,,14,,,,,B03,,,1,,2,,,49,49,1,13,4,120.553826,24.260283,3
1820,66000,387130000C,(04)23274275,(04)23288582,2025,10,5,10,32,臺中市,霧峰區,0,0,0,7,,,30,,,,,,,,,,,,,,12,,,,,B12,,,5,,1,,,8,8,1,12,4,120.707161,24.041411,3
1821,66000,387130000C,(04)23274275,(04)23288582,2025,10,5,10,34,臺中市,后里區,0,2,0,6,2,6,40,13,7,1,5,4,6,6,4,4,5,4,4,1,17,2,9,1,1,C03,7,1,1,10,2,14,,51,51,1,12,4,120.69472,24.313457,2
1822,66000,387130000C,(04)23274275,(04)23288582,2025,10,5,10,38,臺中市,北屯區,0,0,0,7,,3,40,,,,,,,,,,,,,,13,,,,,B03,,,1,8,1,,,7,7,1,6,4,120.668387,24.201273,3
1823,66000,387130000C,(04)23274275,(04)23288582,2025,10,5,10,45,臺中市,大里區,0,1,0,7,2,6,50,3,2,1,5,4,6,6,3,1,1,4,5,1,18,2,9,1,1,C03,7,9,1,9,2,16,,84,84,1,13,4,120.684334,24.097341,2
1824,66000,387130000C,(04)23274275,(04)23288582,2025,10,5,10,51,臺中市,豐原區,0,0,0,7,,,60,,,,,,,,,,,,,,13,,,,,B03,,,1,,2,,,59,59,1,12,4,120.735488,24.246882,3
1825,66000,387130000C,(04)23274275,(04)23288582,2025,10,5,10,54,臺中市,后里區,0,1,0,7,2,6,30,13,9,1,5,4,6,6,4,4,10,5,5,1,13,2,8,1,1,C03,7,9,1,10,2,11,,7,7,1,12,4,120.68892,24.315763,2
1826,66000,387130000C,(04)23274275,(04)23288582,2025,10,5,10,56,臺中市,西屯區,0,0,0,7,,,40,,,,,,,,,,,,,,18,,,,,C03,,,5,,2,,,84,84,1,13,4,120.593471,24.183013,3
1827,66000,387130000C,(04)23274275,(04)23288582,2025,10,5,11,0,臺中市,沙鹿區,0,1,0,7,3,6,30,13,9,1,5,4,6,1,4,4,10,5,5,2,17,2,9,1,1,C03,7,9,1,10,2,15,,85,85,1,12,4,120.571173,24.233673,2
1828,66000,387130000C,(04)23274275,(04)23288582,2025,10,5,11,6,臺中市,東區,0,2,0,7,2,6,50,13,9,1,5,4,6,6,4,4,5,4,5,2,12,2,9,2,1,C03,7,8,1,10,2,14,,40,40,1,13,4,120.694807,24.133144,2
1829,66000,387130000C,(04)23274275,(04)23288582,2025,10,5,11,8,臺中市,西屯區,0,2,0,7,3,6,40,13,8,1,5,4,6,6,4,4,1,4,5,1,16,3,10,3,1,B03,7,5,1,8,2,5,,47,47,1,12,4,120.657361,24.158646,2
1830,66000,387130000C,(04)23274275,(04)23288582,2025,10,5,11,9,臺中市,西屯區,0,1,0,7,2,6,40,4,1,1,5,4,6,6,1,1,1,4,4,2,17,3,10,3,1,B03,7,14,1,8,2,2,,84,84,1,12,4,120.646454,24.164454,2
1831,66000,387130000C,(04)23274275,(04)23288582,2025,10,5,11,21,臺中市,西屯區,0,0,0,7,,,30,,,,,,,,,,,,,,14,,,,,B03,,,1,,2,,,49,49,1,12,4,120.615385,24.185426,3
1832,66000,387130000C,(04)23274275,(04)23288582,2025,10,5,11,24,臺中市,大雅區,0,0,0,7,,,0,,,,,,,,,,,,,,14,,,,,C03,,,1,,9,,,49,49,1,13,2,120.654327,24.234145,3
1833,66000,387130000C,(04)23274275,(04)23288582,2025,10,5,11,29,臺中市,南屯區,0,0,0,7,,,50,,,,,,,,,,,,,,13,,,,,C03,,,1,,1,,,7,7,1,12,4,120.646793,24.146658,3
1834,66000,387130000C,(04)23274275,(04)23288582,2025,10,5,11,30,臺中市,南屯區,0,2,0,7,3,6,50,4,1,1,5,4,6,6,1,1,5,4,5,2,16,3,10,3,1,B03,7,6,1,8,2,2,,11,11,1,12,4,120.64418,24.146859,2
1835,66000,387130000C,(04)23274275,(04)23288582,2025,10,5,11,32,臺中市,沙鹿區,0,0,0,7,,,40,,,,,,,,,,,,,,17,,,,,C03,,,1,,2,,,85,85,1,6,4,120.565787,24.249855,4
1836,66000,387130000C,(04)23274275,(04)23288582,2025,10,5,11,36,臺中市,大甲區,0,1,0,7,3,6,50,4,1,1,5,4,6,6,4,4,10,5,5,2,16,3,10,3,1,B12,7,5,1,8,2,5,,84,84,1,6,4,120.626232,24.34806,2
1837,66000,387130000C,(04)23274275,(04)23288582,2025,10,5,11,37,臺中市,太平區,0,1,0,7,2,6,50,4,1,1,5,4,6,6,1,1,10,5,5,2,17,2,8,5,4,C03,7,9,1,10,2,14,,8,8,1,6,4,120.724477,24.130138,2
1838,66000,387130000C,(04)23274275,(04)23288582,2025,10,5,11,38,臺中市,沙鹿區,0,2,0,7,2,6,50,4,1,1,5,4,6,6,3,1,10,5,5,2,15,2,9,1,1,C03,7,9,1,10,2,14,,24,24,1,6,4,120.564279,24.236543,2
1839,66000,387130000C,(04)23274275,(04)23288582,2025,10,5,11,41,臺中市,烏日區,0,0,0,7,,,30,,,,,,,,,,,,,,14,,,,,B02,,,1,,1,,,49,49,1,6,4,120.616401,24.112114,3
1840,66000,387130000C,(04)23274275,(04)23288582,2025,10,5,11,43,臺中市,烏日區,0,0,0,7,,,50,,,,,,,,,,,,,,13,,,,,B03,,,1,,1,,,59,59,1,13,4,120.644303,24.093227,3
1841,66000,387130000C,(04)23274275,(04)23288582,2025,10,5,11,47,臺中市,北區,0,2,0,7,2,6,50,13,9,1,5,4,3,6,4,4,9,4,5,2,16,3,10,3,1,B03,7,1,1,8,2,4,,51,51,1,13,4,120.678496,24.168957,2
1842,66000,387130000C,(04)23274275,(04)23288582,2025,10,5,11,47,臺中市,大里區,0,0,0,7,,,50,,,,,,,,,,,,,,,,,,,B02,,,1,,2,,,50,50,1,6,4,120.688694,24.091432,3
1843,66000,387130000C,(04)23274275,(04)23288582,2025,10,5,11,48,臺中市,南屯區,0,1,0,7,3,6,50,13,9,1,5,4,6,6,2,1,5,2,5,2,17,2,9,2,4,C03,7,9,1,10,2,11,,7,7,1,6,4,120.638207,24.135419,2
1844,66000,387130000C,(04)23274275,(04)23288582,2025,10,5,11,49,臺中市,龍井區,0,1,0,7,2,6,50,4,2,1,5,4,6,6,1,1,5,5,5,1,13,2,9,5,4,C03,7,9,1,10,2,11,,7,7,1,12,4,120.583545,24.18095,2
1845,66000,387130000C,(04)23274275,(04)23288582,2025,10,5,11,50,臺中市,外埔區,0,1,0,7,2,6,50,13,7,1,5,4,6,6,4,4,5,4,4,2,16,3,10,1,1,C03,7,7,3,19,2,12,,40,40,1,12,4,120.65625,24.330979,2
1846,66000,387130000C,(04)23274275,(04)23288582,2025,10,5,11,52,臺中市,西區,0,3,0,7,2,6,50,4,1,1,5,4,6,6,1,1,10,5,5,2,13,2,9,2,1,C03,7,9,1,10,2,11,,7,7,1,12,4,120.671994,24.135147,2
1847,66000,387130000C,(04)23274275,(04)23288582,2025,10,5,11,55,臺中市,西屯區,0,2,0,7,2,6,50,13,9,1,5,4,6,6,1,1,1,4,5,1,13,3,10,3,1,B11,7,9,1,8,2,1,,59,59,1,12,4,120.643832,24.171535,2
1848,66000,387130000C,(04)23274275,(04)23288582,2025,10,5,12,0,臺中市,北屯區,0,1,0,7,1,6,50,4,2,1,5,4,6,6,1,1,3,4,5,2,13,3,10,3,1,B03,7,9,1,8,2,1,,7,7,1,13,4,120.699958,24.164934,2
1849,66000,387130000C,(04)23274275,(04)23288582,2025,10,5,12,1,臺中市,烏日區,0,2,0,6,2,3,80,13,7,1,5,4,6,6,4,4,1,4,1,1,13,3,10,3,1,B02,7,9,1,8,2,1,,84,84,1,6,4,120.611823,24.101535,2
1850,66000,387130000C,(04)23274275,(04)23288582,2025,10,5,12,2,臺中市,北屯區,0,1,0,7,2,6,50,3,1,1,5,4,6,6,1,1,10,5,5,2,17,3,10,3,1,B12,7,6,1,8,2,6,,48,48,1,12,4,120.733272,24.166719,2
1851,66000,387130000C,(04)23274275,(04)23288582,2025,10,5,12,4,臺中市,西區,0,0,0,7,,,,,,,,,,,,,,,,,,,,,,,,,,,,,,87,87,1,,,120.67691,24.13505,3
1852,66000,387130000C,(04)23274275,(04)23288582,2025,10,5,12,11,臺中市,西區,0,1,0,7,2,6,50,13,7,1,5,4,6,6,4,4,5,4,4,2,17,3,10,3,1,B03,7,11,1,8,2,8,,45,45,1,12,4,120.665447,24.14388,2
1853,66000,387130000C,(04)23274275,(04)23288582,2025,10,5,12,16,臺中市,大甲區,0,1,0,7,1,6,50,3,1,1,5,4,6,6,1,1,5,5,5,1,12,3,10,3,1,B03,7,9,1,8,2,2,,8,8,1,12,4,120.629654,24.34031,2
1854,66000,387130000C,(04)23274275,(04)23288582,2025,10,5,12,18,臺中市,西屯區,0,0,0,7,,,50,,,,,,,,,,,,,,12,,,,,A04,,,1,,1,,,8,8,1,13,4,120.619111,24.181355,3
1855,66000,387130000C,(04)23274275,(04)23288582,2025,10,5,12,20,臺中市,北區,0,0,0,7,,,30,,,,,,,,,,,,,,,,,,,B03,,,1,,2,,,49,49,1,12,4,120.665875,24.155592,3
1856,66000,387130000C,(04)23274275,(04)23288582,2025,10,5,12,23,臺中市,南屯區,0,0,0,7,,,50,,,,,,,,,,,,,,12,,,,,C03,,,1,,1,,,39,39,1,12,4,120.63261,24.145759,3
1857,66000,387130000C,(04)23274275,(04)23288582,2025,10,5,12,23,臺中市,霧峰區,0,1,0,7,2,6,50,3,1,1,5,4,6,6,1,1,3,4,4,1,16,2,9,1,1,C03,7,9,3,19,2,12,,21,21,1,6,4,120.695334,24.06117,2
1858,66000,387130000C,(04)23274275,(04)23288582,2025,10,5,12,24,臺中市,北區,0,1,0,7,2,6,50,4,1,1,5,4,6,6,1,1,10,5,5,2,13,3,10,3,1,B03,7,5,1,8,1,1,,7,7,1,12,4,120.683508,24.148272,2
1859,66000,387130000C,(04)23274275,(04)23288582,2025,10,5,12,27,臺中市,烏日區,0,1,0,7,2,6,30,3,1,1,5,4,6,6,4,4,10,5,5,2,16,3,10,5,4,B03,7,5,1,8,2,8,,14,14,1,13,4,120.6533,24.053403,2
1860,66000,387130000C,(04)23274275,(04)23288582,2025,10,5,12,29,臺中市,豐原區,0,1,0,7,2,6,50,3,9,1,5,4,6,6,3,1,1,2,5,1,12,2,9,1,1,C03,7,9,1,10,2,14,,7,7,1,12,4,120.721995,24.275753,2
1861,66000,387130000C,(04)23274275,(04)23288582,2025,10,5,12,31,臺中市,南屯區,0,0,0,7,,,,,,,,,,,,,,,,,17,,,,,,,,,,,,,119,119,1,,,120.643984,24.131355,3
1862,66000,387130000C,(04)23274275,(04)23288582,2025,10,5,12,35,臺中市,沙鹿區,0,3,0,7,3,6,30,3,1,1,5,4,6,1,4,4,10,5,5,2,16,3,10,3,1,B03,7,5,1,8,2,8,,14,14,1,6,4,120.571939,24.239552,2
1863,66000,387130000C,(04)23274275,(04)23288582,2025,10,5,12,36,臺中市,西屯區,0,0,0,7,,,50,,,,,,,,,,,,,,13,,,,,B03,,,1,,1,,,7,7,1,12,4,120.617752,24.185322,3
1864,66000,387130000C,(04)23274275,(04)23288582,2025,10,5,12,40,臺中市,和平區,0,0,0,7,,,30,,,,,,,,,,,,,,14,,,,,B02,,,1,,2,,,51,51,1,13,4,121.255075,24.254381,3
1865,66000,387130000C,(04)23274275,(04)23288582,2025,10,5,12,41,臺中市,太平區,0,1,0,7,2,6,50,4,1,1,5,4,6,6,2,1,10,5,5,2,16,3,10,3,1,B03,7,5,1,8,2,2,,65,65,1,12,4,120.71194,24.144796,2
1866,66000,387130000C,(04)23274275,(04)23288582,2025,10,5,12,41,臺中市,沙鹿區,0,0,0,7,,,50,,,,,,,,,,,,,,17,,,,,B03,,,1,,1,,,87,87,1,6,4,120.564926,24.2426,4
1867,66000,387130000C,(04)23274275,(04)23288582,2025,10,5,12,42,臺中市,西區,0,0,0,7,,,30,,,,,,,,,,,,,,17,,,,,B02,,,1,,9,,,84,84,1,12,4,120.662671,24.151579,3
1868,66000,387130000C,(04)23274275,(04)23288582,2025,10,5,12,43,臺中市,大肚區,0,0,0,7,,,50,,,,,,,,,,,,,,14,,,,,B03,,,1,,2,,,49,49,1,12,4,120.561472,24.125206,3
1869,66000,387130000C,(04)23274275,(04)23288582,2025,10,5,12,44,臺中市,太平區,0,0,0,7,,,40,,,,,,,,,,,,,,16,,,,,C03,,,1,,2,,,58,58,1,6,4,120.715538,24.127111,3
1870,66000,387130000C,(04)23274275,(04)23288582,2025,10,5,12,45,臺中市,大里區,0,2,0,7,2,6,50,3,2,1,5,4,6,6,4,4,4,3,5,1,17,2,9,2,1,C03,7,5,1,10,2,14,,14,14,1,6,4,120.710569,24.10291,2
1871,66000,387130000C,(04)23274275,(04)23288582,2025,10,5,12,47,臺中市,大雅區,0,0,0,7,,,30,,,,,,,,,,,,,,,,,,,B03,,,1,,1,,,49,49,1,12,4,120.636685,24.235413,3
1872,66000,387130000C,(04)23274275,(04)23288582,2025,10,5,13,5,臺中市,南屯區,0,1,0,7,2,6,50,13,9,1,5,4,6,6,4,4,10,4,5,2,17,2,9,2,1,C03,7,1,1,10,1,11,,51,51,1,12,4,120.638584,24.137939,2
1873,66000,387130000C,(04)23274275,(04)23288582,2025,10,5,13,10,臺中市,豐原區,0,1,0,7,2,6,50,3,1,1,5,4,6,6,4,4,10,5,5,2,17,2,9,2,1,C03,7,1,1,11,2,11,,51,51,1,12,4,120.725361,24.246959,2
1874,66000,387130000C,(04)23274275,(04)23288582,2025,10,5,13,11,臺中市,大里區,0,1,0,7,2,6,60,5,2,1,5,4,6,6,1,1,3,2,4,2,13,2,8,1,1,C03,7,9,1,10,2,11,,7,7,1,5,4,120.687632,24.085913,2
1875,66000,387130000C,(04)23274275,(04)23288582,2025,10,5,13,13,臺中市,清水區,0,0,0,7,,,50,,,,,,,,,,,,,,,,,,,B03,,,1,,2,,,49,49,1,12,4,120.578789,24.271562,3
1876,66000,387130000C,(04)23274275,(04)23288582,2025,10,5,13,15,臺中市,南屯區,0,0,0,7,,,50,,,,,,,,,,,,,,,,,,,B03,,,1,,1,,,84,84,1,6,4,120.623141,24.145201,3
1877,66000,387130000C,(04)23274275,(04)23288582,2025,10,5,13,18,臺中市,北屯區,0,0,0,7,2,6,50,4,4,1,5,4,6,6,1,1,3,2,5,2,17,3,10,1,1,C03,7,15,1,10,5,12,,58,58,1,6,4,120.701838,24.182278,3
1878,66000,387130000C,(04)23274275,(04)23288582,2025,10,5,13,19,臺中市,豐原區,0,1,0,7,2,6,30,4,1,1,5,4,6,6,1,1,5,5,4,1,18,2,9,2,1,C03,7,9,1,10,2,16,,84,84,1,12,4,120.714337,24.239376,2
1879,66000,387130000C,(04)23274275,(04)23288582,2025,10,5,13,26,臺中市,太平區,0,0,0,7,,,50,,,,,,,,,,,,,,,,,,,,,,,,,,,119,119,1,,,120.73422,24.149273,3
1880,66000,387130000C,(04)23274275,(04)23288582,2025,10,5,13,34,臺中市,西屯區,0,0,0,7,,,60,,,,,,,,,,,,,,13,,,,,B03,,,1,,1,,,7,7,1,12,4,120.641018,24.167806,3
1881,66000,387130000C,(04)23274275,(04)23288582,2025,10,5,13,35,臺中市,豐原區,0,0,0,7,2,6,50,18,21,1,5,4,6,6,4,4,5,5,5,1,14,3,10,3,1,B03,7,2,1,8,2,8,,49,49,1,12,4,120.704867,24.246203,3
1882,66000,387130000C,(04)23274275,(04)23288582,2025,10,5,13,37,臺中市,南屯區,0,0,0,7,,,50,,,,,,,,,,,,,,,,,,,C03,,,1,,9,,,40,40,1,13,4,120.648167,24.123412,3
1883,66000,387130000C,(04)23274275,(04)23288582,2025,10,5,13,39,臺中市,西屯區,0,1,0,7,2,6,50,13,7,1,5,4,6,6,4,4,3,4,4,2,13,2,9,5,1,C03,7,9,1,10,2,11,,7,7,1,12,4,120.651295,24.207734,2
1884,66000,387130000C,(04)23274275,(04)23288582,2025,10,5,13,39,臺中市,石岡區,0,0,0,7,,,50,,,,,,,,,,,,,,14,,,,,B03,,,1,,1,,,49,49,1,13,4,120.79126,24.272163,3
1885,66000,387130000C,(04)23274275,(04)23288582,2025,10,5,13,40,臺中市,新社區,0,0,0,7,,,50,,,,,,,,,,,,,,,,,,,B03,,,1,,2,,,41,41,1,12,4,120.808813,24.245938,3
1886,66000,387130000C,(04)23274275,(04)23288582,2025,10,5,13,42,臺中市,南屯區,0,2,0,7,3,6,50,4,1,1,5,4,6,6,2,1,10,5,5,2,16,3,10,3,1,B03,7,5,1,8,2,6,,47,47,1,12,4,120.64996,24.139998,2
1887,66000,387130000C,(04)23274275,(04)23288582,2025,10,5,13,42,臺中市,西屯區,0,0,0,7,,,0,,,,,,,,,,,,,,14,,,,,C03,,,5,,11,,,49,49,1,13,4,120.661926,24.169895,3
1888,66000,387130000C,(04)23274275,(04)23288582,2025,10,5,13,54,臺中市,西屯區,0,0,0,7,,,50,,,,,,,,,,,,,,,,,,,B03,,,1,,2,,,45,45,1,12,4,120.639141,24.16498,3
1889,66000,387130000C,(04)23274275,(04)23288582,2025,10,5,13,58,臺中市,大里區,0,1,0,7,2,6,50,3,1,1,5,4,6,6,4,4,10,5,5,2,17,2,9,1,1,C03,7,6,5,19,2,14,,14,14,1,12,4,120.689271,24.107987,2
1890,66000,387130000C,(04)23274275,(04)23288582,2025,10,5,14,2,臺中市,大里區,0,1,0,7,3,6,50,13,7,1,5,4,6,6,4,4,5,5,4,2,17,3,10,3,1,B12,7,1,5,8,2,3,,51,51,1,12,4,120.716112,24.094862,2
1891,66000,387130000C,(04)23274275,(04)23288582,2025,10,5,14,5,臺中市,潭子區,0,0,0,7,,,50,,,,,,,,,,,,,,,,,,,F01,,,7,,2,,,23,23,1,13,4,120.707302,24.211118,3
1892,66000,387130000C,(04)23274275,(04)23288582,2025,10,5,14,7,臺中市,西屯區,0,0,0,7,,,50,,,,,,,,,,,,,,12,,,,,B03,,,1,,1,,,8,8,1,12,4,120.64574,24.170086,3
1893,66000,387130000C,(04)23274275,(04)23288582,2025,10,5,14,8,臺中市,北屯區,0,1,0,7,3,6,50,13,9,1,5,4,6,6,4,4,9,5,5,2,16,2,9,1,1,C03,7,4,1,10,2,14,,84,84,1,6,4,120.706298,24.19727,2
1894,66000,387130000C,(04)23274275,(04)23288582,2025,10,5,14,14,臺中市,東勢區,0,2,0,7,2,6,50,13,9,1,5,4,6,6,1,1,8,5,5,2,13,2,9,1,1,C03,7,9,1,10,2,11,,59,59,1,12,4,120.826069,24.254214,2
1895,66000,387130000C,(04)23274275,(04)23288582,2025,10,5,14,20,臺中市,北屯區,0,0,0,7,,,50,,,,,,,,,,,,,,,,,,,B03,,,1,,1,,,84,84,1,13,4,120.686587,24.195184,3
1896,66000,387130000C,(04)23274275,(04)23288582,2025,10,5,14,25,臺中市,太平區,0,0,0,7,,,40,,,,,,,,,,,,,,12,,,,,C03,,,1,,2,,,51,51,1,6,4,120.717416,24.129957,3
1897,66000,387130000C,(04)23274275,(04)23288582,2025,10,5,14,33,臺中市,西區,0,0,0,7,,,50,,,,,,,,,,,,,,,,,,,B03,,,1,,1,,,84,84,1,12,4,120.655347,24.150958,3
1898,66000,387130000C,(04)23274275,(04)23288582,2025,10,5,14,35,臺中市,龍井區,0,0,0,7,,3,70,,,,,,,,,,,,,,,,,,,B12,,,1,,2,,,6,6,1,6,4,120.513024,24.197568,4
1899,66000,387130000C,(04)23274275,(04)23288582,2025,10,5,14,35,臺中市,豐原區,0,1,0,7,2,6,50,4,1,1,5,4,6,6,1,1,10,5,5,2,17,2,9,1,1,C03,7,1,1,10,2,14,,51,51,1,12,4,120.717468,24.258142,2
1900,66000,387130000C,(04)23274275,(04)23288582,2025,10,5,14,42,臺中市,西區,0,0,0,7,,,50,,,,,,,,,,,,,,,,,,,B03,,,1,,2,,,84,84,1,13,4,120.666157,24.153332,3
1901,66000,387130000C,(04)23274275,(04)23288582,2025,10,5,14,43,臺中市,神岡區,0,1,0,7,2,6,30,4,1,1,5,4,6,6,4,4,10,5,5,2,16,3,10,5,4,B03,7,5,1,8,2,8,,12,12,1,12,4,120.665382,24.251129,2
1902,66000,387130000C,(04)23274275,(04)23288582,2025,10,5,14,48,臺中市,西屯區,0,0,0,7,,,60,,,,,,,,,,,,,,13,,,,,B03,,,1,,1,,,7,7,1,12,4,120.596543,24.181986,3
1903,66000,387130000C,(04)23274275,(04)23288582,2025,10,5,14,49,臺中市,霧峰區,0,0,0,7,,3,80,,,,,,,,,,,,,,13,,,,,B03,,,1,,2,,,59,59,1,12,4,120.688331,24.072781,3
1904,66000,387130000C,(04)23274275,(04)23288582,2025,10,5,14,55,臺中市,西屯區,0,0,0,7,,,30,,,,,,,,,,,,,,14,,,,,B03,,,1,,2,,,49,49,1,12,4,120.64191,24.173778,3
1905,66000,387130000C,(04)23274275,(04)23288582,2025,10,5,14,55,臺中市,龍井區,0,1,0,7,2,6,30,5,1,1,5,4,6,6,4,4,10,5,5,2,15,2,8,1,1,C03,7,9,1,10,2,12,,20,20,1,6,4,120.577982,24.182483,2
1906,66000,387130000C,(04)23274275,(04)23288582,2025,10,5,14,55,臺中市,豐原區,0,0,0,7,,,50,,,,,,,,,,,,,,13,,,,,B03,,,1,,2,,,7,7,1,12,4,120.749072,24.269016,3
1907,66000,387130000C,(04)23274275,(04)23288582,2025,10,5,14,59,臺中市,北區,0,1,0,7,2,6,50,13,7,1,5,4,6,6,4,4,5,4,4,2,12,3,10,6,1,F01,7,8,7,21,2,12,,40,40,1,13,4,120.682254,24.165908,2
1908,66000,387130000C,(04)23274275,(04)23288582,2025,10,5,15,4,臺中市,大雅區,0,1,0,7,1,6,40,13,7,1,5,2,6,6,4,4,1,4,4,1,18,2,9,2,1,C03,7,8,1,10,2,12,,84,84,1,12,4,120.649636,24.214534,2
1909,66000,387130000C,(04)23274275,(04)23288582,2025,10,5,15,5,臺中市,西屯區,0,0,0,7,,,50,,,,,,,,,,,,,,15,,,,,B03,,,1,,2,,,11,11,1,13,4,120.655964,24.17046,3
1910,66000,387130000C,(04)23274275,(04)23288582,2025,10,5,15,5,臺中市,太平區,0,0,0,7,,3,80,,,,,,,,,,,,,,,,,,,B03,,,1,,2,,,84,84,1,6,4,120.707172,24.131488,3