序號,縣市別代碼,機關代碼,市話,傳真,年,月,日,時,分,縣市,區,死亡數量,受傷數量,2-30,天候,道路照明設備,道路類別,道路速限,道路型態,事故位置,路面鋪裝,路面狀態,路面缺陷,障礙物,視距,號誌種類,號誌動作,分向設施,快車道或一般車道間,快慢車道間,路面邊線,事故類型及型態,受傷程度,主要傷處,保護裝備,行動電話或功能裝置,當事者區分(類別),車輛用途,當事者行動狀態,駕照狀態,駕照種類,飲酒情形,車輛撞擊部位最初,車輛撞擊部位其他,肇事因素個別,肇事因素主要,肇事逃逸,職業,共享經濟或外送平台,GPS座標X,GPS座標Y,事故類別
2137,66000,387130000C,(04)23274275,(04)23288582,2025,10,6,12,12,臺中市,豐原區,0,1,0,7,2,6,50,3,1,1,5,4,6,6,4,4,10,4,4,1,13,2,9,1,1,C03,7,9,1,10,2,11,,7,7,1,12,4,120.714862,24.251221,2
2138,66000,387130000C,(04)23274275,(04)23288582,2025,10,6,12,15,臺中市,南屯區,0,0,0,7,,,50,,,,,,,,,,,,,,12,,,,,B03,,,1,,1,,,59,59,1,12,4,120.636778,24.149158,3
2139,66000,387130000C,(04)23274275,(04)23288582,2025,10,6,12,17,臺中市,梧棲區,0,0,0,7,,,50,,,,,,,,,,,,,,13,,,,,C03,,,1,,1,,,7,7,1,6,4,120.53003,24.253543,3
2140,66000,387130000C,(04)23274275,(04)23288582,2025,10,6,12,22,臺中市,沙鹿區,0,0,0,7,,,50,,,,,,,,,,,,,,12,,,,,B03,,,1,,2,,,8,8,1,6,4,120.57611,24.225373,3
2141,66000,387130000C,(04)23274275,(04)23288582,2025,10,6,12,27,臺中市,北區,0,1,0,7,3,6,50,4,2,1,5,4,6,6,1,1,3,2,5,2,17,3,10,5,4,B03,7,15,1,8,2,3,,84,84,1,13,4,120.685106,24.160738,2
2142,66000,387130000C,(04)23274275,(04)23288582,2025,10,6,12,30,臺中市,中區,0,0,0,7,,,50,,,,,,,,,,,,,,,,,,,B03,,,1,,1,,,84,84,1,12,4,120.68532,24.138236,3
2143,66000,387130000C,(04)23274275,(04)23288582,2025,10,6,12,30,臺中市,南屯區,0,0,0,7,3,6,50,13,9,1,5,4,6,6,4,4,3,4,5,2,14,,,,,B03,,,1,,1,,,49,49,1,12,4,120.623744,24.149499,3
2144,66000,387130000C,(04)23274275,(04)23288582,2025,10,6,12,36,臺中市,大雅區,0,0,0,7,,,50,,,,,,,,,,,,,,16,,,,,B12,,,1,,1,,,11,11,1,12,4,120.623963,24.231038,3
2145,66000,387130000C,(04)23274275,(04)23288582,2025,10,6,12,47,臺中市,北區,0,0,0,7,,,50,,,,,,,,,,,,,,,,,,,,,,,,,,,119,119,1,,,120.684022,24.16323,3
2146,66000,387130000C,(04)23274275,(04)23288582,2025,10,6,12,49,臺中市,清水區,0,1,0,7,2,6,50,4,1,1,5,4,6,6,1,1,5,1,4,2,16,3,10,3,1,B03,7,5,1,8,2,5,,85,85,1,13,4,120.567592,24.272506,2
2147,66000,387130000C,(04)23274275,(04)23288582,2025,10,6,12,52,臺中市,南區,0,2,0,7,2,6,30,3,1,1,5,4,6,6,4,4,10,5,5,2,16,3,10,3,1,B03,7,11,1,8,2,8,,65,65,1,12,4,120.670967,24.115417,2
2148,66000,387130000C,(04)23274275,(04)23288582,2025,10,6,12,54,臺中市,太平區,0,1,0,7,3,3,80,13,7,1,5,4,6,6,4,4,1,4,5,1,13,3,10,3,1,B03,7,7,1,8,2,1,,40,40,1,6,4,120.717342,24.156312,2
2149,66000,387130000C,(04)23274275,(04)23288582,2025,10,6,12,54,臺中市,后里區,0,0,0,7,2,6,50,4,2,1,5,4,6,6,1,1,5,4,5,2,20,3,10,3,1,B03,7,5,1,8,2,5,,84,84,1,12,4,120.682469,24.315777,3
2150,66000,387130000C,(04)23274275,(04)23288582,2025,10,6,12,55,臺中市,東區,0,1,0,7,2,6,40,4,1,1,5,4,6,6,1,1,10,5,5,2,16,3,10,3,1,B03,7,5,1,8,2,2,,11,11,1,12,4,120.705368,24.137614,2
2151,66000,387130000C,(04)23274275,(04)23288582,2025,10,6,12,59,臺中市,南屯區,0,1,0,7,2,6,50,13,8,1,5,4,6,6,4,4,1,3,4,2,17,2,1,5,4,B03,7,3,1,8,2,3,,50,50,1,13,4,120.635783,24.151439,2
2152,66000,387130000C,(04)23274275,(04)23288582,2025,10,6,13,0,臺中市,西屯區,0,1,0,7,2,6,40,13,8,1,5,4,6,6,4,4,10,5,5,2,18,2,9,1,1,C03,7,9,1,10,2,12,,59,59,1,13,4,120.604613,24.183536,2
2153,66000,387130000C,(04)23274275,(04)23288582,2025,10,6,13,9,臺中市,大安區,0,1,1,7,3,6,60,5,1,1,5,4,6,6,1,1,10,5,5,2,15,5,9,1,1,C03,7,9,3,19,4,11,,21,21,1,6,4,120.593341,24.384698,2
2154,66000,387130000C,(04)23274275,(04)23288582,2025,10,6,13,11,臺中市,大甲區,0,1,0,7,2,6,50,13,9,1,5,4,6,6,4,4,5,5,5,1,2,3,10,3,1,B03,7,9,1,8,2,5,,58,58,1,6,4,120.622051,24.344873,2
2155,66000,387130000C,(04)23274275,(04)23288582,2025,10,6,13,12,臺中市,太平區,0,0,0,7,,3,80,,,,,,,,,,,,,,,,,,,A11,,,1,,2,,,49,49,1,6,4,120.71516,24.151312,3
2156,66000,387130000C,(04)23274275,(04)23288582,2025,10,6,13,16,臺中市,太平區,0,1,0,6,3,6,50,3,1,1,5,4,6,6,4,4,10,5,5,1,16,3,10,3,1,B03,7,1,1,8,2,1,,51,51,1,12,4,120.716734,24.119232,2
2157,66000,387130000C,(04)23274275,(04)23288582,2025,10,6,13,17,臺中市,霧峰區,0,0,0,7,,,50,,,,,,,,,,,,,,17,,,,,B03,,,1,,2,,,51,51,1,12,4,120.697785,24.066655,3
2158,66000,387130000C,(04)23274275,(04)23288582,2025,10,6,13,17,臺中市,太平區,0,1,0,7,3,6,50,4,1,1,5,4,6,6,4,4,10,5,5,2,17,3,10,3,1,B03,7,6,1,8,2,16,,23,23,1,6,4,120.723245,24.149509,2
2159,66000,387130000C,(04)23274275,(04)23288582,2025,10,6,13,19,臺中市,西屯區,0,0,0,7,,,30,,,,,,,,,,,,,,,,,,,B03,,,1,,1,,,14,14,1,12,4,120.612591,24.196232,3
2160,66000,387130000C,(04)23274275,(04)23288582,2025,10,6,13,20,臺中市,清水區,0,0,0,7,,,30,,,,,,,,,,,,,,,,,,,B03,,,1,,2,,,8,8,1,12,4,120.554266,24.292655,3
2161,66000,387130000C,(04)23274275,(04)23288582,2025,10,6,13,22,臺中市,后里區,0,0,0,7,,,40,,,,,,,,,,,,,,15,,,,,B03,,,1,,3,,,14,14,1,12,4,120.721001,24.308074,3
2162,66000,387130000C,(04)23274275,(04)23288582,2025,10,6,13,24,臺中市,東區,0,0,0,7,,,50,,,,,,,,,,,,,,17,,,,,B03,,,1,,2,,,84,84,1,12,4,120.687096,24.145755,4
2163,66000,387130000C,(04)23274275,(04)23288582,2025,10,6,13,28,臺中市,大甲區,0,1,0,7,3,6,50,13,9,1,5,4,6,6,4,4,9,5,5,1,13,2,8,1,1,C03,7,9,1,10,2,11,,7,7,1,6,4,120.623356,24.343514,2
2164,66000,387130000C,(04)23274275,(04)23288582,2025,10,6,13,32,臺中市,西區,0,0,0,7,,,40,,,,,,,,,,,,,,,,,,,C03,,,1,,1,,,7,7,1,13,4,120.658318,24.158217,3
2165,66000,387130000C,(04)23274275,(04)23288582,2025,10,6,13,47,臺中市,北屯區,0,1,0,7,3,6,50,3,2,1,5,4,6,6,4,4,5,5,4,2,13,3,10,3,1,B03,7,9,1,8,2,1,,84,84,1,6,4,120.692829,24.165051,2
2166,66000,387130000C,(04)23274275,(04)23288582,2025,10,6,13,49,臺中市,南區,0,0,0,7,,,50,,,,,,,,,,,,,,12,,,,,C03,,,1,,1,,,50,50,1,13,4,120.66693,24.118353,3
2167,66000,387130000C,(04)23274275,(04)23288582,2025,10,6,13,58,臺中市,太平區,0,0,0,7,,3,40,,,,,,,,,,,,,,,,,,,B03,,,1,,2,,,59,59,1,6,4,120.718184,24.159697,3
2168,66000,387130000C,(04)23274275,(04)23288582,2025,10,6,14,0,臺中市,清水區,0,0,0,7,,,30,,,,,,,,,,,,,,,,,,,B03,,,5,,2,,,43,43,1,12,4,120.554595,24.263796,3
2169,66000,387130000C,(04)23274275,(04)23288582,2025,10,6,14,0,臺中市,沙鹿區,0,1,0,7,2,6,50,4,2,1,5,4,6,6,1,1,3,3,3,1,17,3,10,5,4,B03,7,5,1,8,2,2,,47,47,1,13,4,120.561645,24.243476,2
2170,66000,387130000C,(04)23274275,(04)23288582,2025,10,6,14,1,臺中市,霧峰區,0,0,0,7,,6,50,,,,,,,,,,,,,,17,,,,,B03,,,1,8,2,,,84,84,1,13,4,120.747084,24.039543,3
2171,66000,387130000C,(04)23274275,(04)23288582,2025,10,6,14,1,臺中市,豐原區,0,0,0,7,,,30,,,,,,,,,,,,,,12,,,,,B03,,,1,,2,,,84,84,1,13,4,120.717309,24.250433,3
2172,66000,387130000C,(04)23274275,(04)23288582,2025,10,6,14,2,臺中市,太平區,0,1,0,7,3,6,50,13,9,1,5,4,6,6,4,4,5,4,5,1,17,2,9,1,1,C03,7,9,1,10,2,11,,59,59,1,12,4,120.71457,24.133325,2
2173,66000,387130000C,(04)23274275,(04)23288582,2025,10,6,14,7,臺中市,太平區,0,0,0,7,,,50,,,,,,,,,,,,,,14,,,,,B03,,,1,,2,,,50,50,1,6,4,120.723301,24.151799,3
2174,66000,387130000C,(04)23274275,(04)23288582,2025,10,6,14,13,臺中市,烏日區,0,1,0,7,3,6,50,4,1,1,5,4,6,6,1,1,10,5,5,2,13,3,10,3,1,B03,7,9,1,8,2,1,,21,21,1,6,4,120.650258,24.106926,2
2175,66000,387130000C,(04)23274275,(04)23288582,2025,10,6,14,13,臺中市,梧棲區,0,1,0,7,3,6,50,13,9,1,5,3,6,6,4,4,5,5,5,2,18,2,9,1,1,C03,7,9,1,10,2,16,,87,87,1,6,4,120.552476,24.238682,2
2176,66000,387130000C,(04)23274275,(04)23288582,2025,10,6,14,20,臺中市,南屯區,0,0,0,7,,,50,,,,,,,,,,,,,,,,,,,C03,,,1,,2,,,7,7,1,6,4,120.640931,24.138351,4
2177,66000,387130000C,(04)23274275,(04)23288582,2025,10,6,14,22,臺中市,西屯區,0,0,0,7,,,30,,,,,,,,,,,,,,12,,,,,B03,,,1,,11,,,8,8,1,13,4,120.660289,24.19531,3
2178,66000,387130000C,(04)23274275,(04)23288582,2025,10,6,14,28,臺中市,東區,0,1,0,7,2,6,50,4,1,1,5,4,6,6,2,1,10,5,5,2,16,3,10,3,1,B03,7,5,1,8,2,2,,42,42,1,12,4,120.701416,24.138892,2
2179,66000,387130000C,(04)23274275,(04)23288582,2025,10,6,14,32,臺中市,北屯區,0,0,0,7,,,50,,,,,,,,,,,,,,2,,,,,B03,,,1,,11,,,40,40,1,6,4,120.756093,24.200036,3
2180,66000,387130000C,(04)23274275,(04)23288582,2025,10,6,14,32,臺中市,沙鹿區,0,0,0,7,,,40,,,,,,,,,,,,,,14,,,,,B03,,,1,,1,,,49,49,1,6,4,120.568558,24.22306,3
2181,66000,387130000C,(04)23274275,(04)23288582,2025,10,6,14,39,臺中市,烏日區,0,1,0,7,2,6,50,4,1,1,5,4,6,6,4,4,10,5,5,2,17,3,10,5,4,A04,7,7,1,2,2,6,,43,43,1,12,4,120.620705,24.106547,2
2182,66000,387130000C,(04)23274275,(04)23288582,2025,10,6,14,42,臺中市,南屯區,0,3,0,7,2,6,50,4,2,1,5,4,6,6,1,1,5,4,4,2,17,2,9,3,1,B03,7,6,1,8,2,1,,11,11,1,12,4,120.644532,24.124975,2
2183,66000,387130000C,(04)23274275,(04)23288582,2025,10,6,14,51,臺中市,東區,0,1,0,7,2,6,50,13,9,1,5,4,6,6,4,4,5,5,5,2,17,3,10,3,1,B03,7,13,1,8,2,4,,76,76,1,12,4,120.710061,24.149272,2
2184,66000,387130000C,(04)23274275,(04)23288582,2025,10,6,14,53,臺中市,北屯區,0,1,0,7,2,6,30,4,1,1,5,4,6,6,4,4,10,5,5,2,18,2,9,1,1,C03,7,9,1,10,2,12,,5,5,1,6,4,120.701708,24.185841,2
2185,66000,387130000C,(04)23274275,(04)23288582,2025,10,6,14,53,臺中市,西屯區,0,0,0,7,,,50,,,,,,,,,,,,,,12,,,,,C03,,,1,,2,,,59,59,1,13,4,120.652407,24.159681,3
2186,66000,387130000C,(04)23274275,(04)23288582,2025,10,6,14,54,臺中市,后里區,0,2,0,7,2,6,30,4,1,1,5,4,6,6,4,4,5,5,5,2,15,2,9,3,1,B03,7,9,1,8,2,4,,12,12,1,12,4,120.720067,24.30491,2
2187,66000,387130000C,(04)23274275,(04)23288582,2025,10,6,14,55,臺中市,后里區,0,0,0,7,2,6,50,4,1,1,5,4,6,6,4,4,5,5,5,2,25,3,10,3,1,B03,7,2,1,8,2,3,,78,78,1,12,4,120.719966,24.304896,3
2188,66000,387130000C,(04)23274275,(04)23288582,2025,10,6,14,58,臺中市,西屯區,0,1,0,7,2,6,40,4,1,1,5,4,6,6,2,1,10,5,5,2,16,3,10,5,4,B03,7,5,1,8,2,2,,11,11,1,13,4,120.624265,24.178452,2
2189,66000,387130000C,(04)23274275,(04)23288582,2025,10,6,15,0,臺中市,清水區,0,0,0,7,,,60,,,,,,,,,,,,,,,,,,,A41,,,1,,2,,,58,58,1,12,4,120.547912,24.277713,3
2190,66000,387130000C,(04)23274275,(04)23288582,2025,10,6,15,1,臺中市,豐原區,0,1,0,7,2,6,50,3,1,1,5,4,6,6,1,1,10,5,5,2,17,3,10,1,1,C03,7,15,1,10,2,12,,84,84,1,13,4,120.741588,24.255566,2
2191,66000,387130000C,(04)23274275,(04)23288582,2025,10,6,15,9,臺中市,沙鹿區,0,1,0,7,2,6,50,4,2,1,5,4,6,6,4,4,8,3,5,2,17,3,10,5,4,B03,7,9,1,8,2,2,,15,15,1,13,4,120.563883,24.246522,2
2192,66000,387130000C,(04)23274275,(04)23288582,2025,10,6,15,10,臺中市,沙鹿區,0,0,0,7,,,60,,,,,,,,,,,,,,13,,,,,B03,,,1,,1,,,84,84,1,6,4,120.583333,24.249846,3
2193,66000,387130000C,(04)23274275,(04)23288582,2025,10,6,15,15,臺中市,西區,0,0,0,7,,,30,,,,,,,,,,,,,,,,,,,B03,,,1,,2,,,50,50,1,12,4,120.662456,24.135643,3
2194,66000,387130000C,(04)23274275,(04)23288582,2025,10,6,15,16,臺中市,神岡區,0,0,0,7,,,30,,,,,,,,,,,,,,13,,,,,C03,,,3,,2,,,59,59,1,12,4,120.688986,24.256494,3
2195,66000,387130000C,(04)23274275,(04)23288582,2025,10,6,15,17,臺中市,南區,0,0,0,7,,,50,,,,,,,,,,,,,,,,,,,B12,,,1,,2,,,59,59,1,6,4,120.681931,24.129978,3
2196,66000,387130000C,(04)23274275,(04)23288582,2025,10,6,15,17,臺中市,東區,0,2,0,7,2,6,50,4,1,1,5,4,6,6,1,1,9,5,5,2,17,2,8,2,1,C03,7,6,1,10,2,11,,48,48,1,12,4,120.698063,24.142776,2
2197,66000,387130000C,(04)23274275,(04)23288582,2025,10,6,15,19,臺中市,西區,0,1,0,7,1,6,50,4,1,1,5,4,6,6,4,4,10,5,5,2,15,2,9,5,4,C04,7,9,3,19,1,12,,15,15,1,12,4,120.672401,24.138948,2
2198,66000,387130000C,(04)23274275,(04)23288582,2025,10,6,15,21,臺中市,西區,0,0,0,7,,,50,,,,,,,,,,,,,,,,,,,B03,,,1,,2,,,47,47,1,6,4,120.674181,24.148483,3
2199,66000,387130000C,(04)23274275,(04)23288582,2025,10,6,15,23,臺中市,西區,0,1,0,7,2,6,50,3,2,1,5,4,6,6,2,1,1,5,5,1,16,3,10,3,1,B03,7,6,1,8,2,2,,11,11,1,13,4,120.671879,24.149002,2
2200,66000,387130000C,(04)23274275,(04)23288582,2025,10,6,15,35,臺中市,霧峰區,0,1,0,5,2,6,50,13,9,1,4,4,6,6,1,1,5,5,5,1,15,3,10,1,1,C03,7,9,1,10,2,11,,21,21,1,12,4,120.686354,24.053348,2
2201,66000,387130000C,(04)23274275,(04)23288582,2025,10,6,15,35,臺中市,龍井區,0,1,0,7,3,6,50,3,1,1,5,4,6,6,4,4,5,4,4,1,17,3,10,3,1,B03,7,5,1,8,2,5,,47,47,1,13,4,120.512923,24.196523,2
2202,66000,387130000C,(04)23274275,(04)23288582,2025,10,6,15,36,臺中市,潭子區,0,0,0,7,,,10,,,,,,,,,,,,,,,,,,,C03,,,1,,9,,,49,49,1,12,4,120.70084,24.209944,3
2203,66000,387130000C,(04)23274275,(04)23288582,2025,10,6,15,36,臺中市,后里區,0,0,0,7,2,6,50,13,9,1,5,4,6,6,4,4,6,1,5,1,14,3,10,3,1,B03,7,2,1,8,2,8,,50,50,1,13,4,120.712873,24.305096,3
2204,66000,387130000C,(04)23274275,(04)23288582,2025,10,6,15,41,臺中市,南屯區,0,0,0,7,,,50,,,,,,,,,,,,,,12,,,,,B03,,,1,,1,,,40,40,1,6,4,120.642532,24.140844,3
2205,66000,387130000C,(04)23274275,(04)23288582,2025,10,6,15,42,臺中市,西屯區,0,0,0,7,,,40,,,,,,,,,,,,,,12,,,,,B03,,,1,,1,,,40,40,1,12,4,120.61912,24.181113,3
2206,66000,387130000C,(04)23274275,(04)23288582,2025,10,6,15,44,臺中市,西屯區,0,1,0,7,2,6,50,5,1,1,5,4,6,6,2,1,10,5,5,2,12,3,10,3,4,B03,7,5,1,8,2,2,,11,11,1,12,4,120.63666,24.171247,2
2207,66000,387130000C,(04)23274275,(04)23288582,2025,10,6,15,48,臺中市,太平區,0,0,0,7,,,30,,,,,,,,,,,,,,,,,,,B12,,,1,,1,,,49,49,1,6,4,120.723802,24.133118,3
2208,66000,387130000C,(04)23274275,(04)23288582,2025,10,6,15,48,臺中市,烏日區,0,1,0,7,3,6,50,13,7,1,5,4,6,6,1,1,5,5,4,2,13,2,5,1,1,C03,7,9,5,10,2,11,,54,54,1,6,4,120.634089,24.106655,2
2209,66000,387130000C,(04)23274275,(04)23288582,2025,10,6,15,53,臺中市,南區,0,0,0,7,,,50,,,,,,,,,,,,,,,,,,,B03,,,1,,2,,,39,39,1,6,4,120.670076,24.114792,3
2210,66000,387130000C,(04)23274275,(04)23288582,2025,10,6,15,53,臺中市,豐原區,0,1,0,7,2,6,50,4,2,1,5,4,6,6,4,4,5,5,5,1,16,3,10,1,1,C03,7,6,1,10,2,14,14,39,39,1,13,4,120.729222,24.255045,2
2211,66000,387130000C,(04)23274275,(04)23288582,2025,10,6,15,55,臺中市,南屯區,0,0,0,7,3,6,50,13,9,1,5,4,6,6,1,1,5,4,5,2,16,,,,,B03,,,1,,1,,,11,11,1,12,4,120.645821,24.12952,3
2212,66000,387130000C,(04)23274275,(04)23288582,2025,10,6,16,2,臺中市,霧峰區,0,1,0,5,2,6,50,13,8,1,4,4,6,6,4,4,1,4,4,1,17,2,9,2,1,C03,7,9,1,10,2,14,,84,84,1,13,4,120.696342,24.054973,2
2213,66000,387130000C,(04)23274275,(04)23288582,2025,10,6,16,7,臺中市,西區,0,2,0,7,2,6,50,3,1,1,5,4,6,6,4,4,10,5,5,2,16,2,9,1,1,C03,7,6,1,10,2,14,,13,13,1,6,4,120.661704,24.133596,2
2214,66000,387130000C,(04)23274275,(04)23288582,2025,10,6,16,14,臺中市,大里區,0,1,0,7,2,6,50,3,1,1,5,4,6,6,4,4,9,5,5,1,16,3,10,5,4,B03,7,6,1,8,2,2,,14,14,1,12,4,120.706849,24.087269,2
2215,66000,387130000C,(04)23274275,(04)23288582,2025,10,6,16,15,臺中市,石岡區,0,1,0,7,2,6,50,4,1,1,5,4,6,6,4,4,10,5,5,2,17,3,10,5,4,B03,7,6,1,8,1,7,,12,12,1,12,4,120.77476,24.276829,2
2216,66000,387130000C,(04)23274275,(04)23288582,2025,10,6,16,16,臺中市,大甲區,0,0,0,7,,,50,,,,,,,,,,,,,,35,,,,,B03,,,1,,2,,,84,84,1,12,4,120.627528,24.351055,3
2217,66000,387130000C,(04)23274275,(04)23288582,2025,10,6,16,22,臺中市,東區,0,2,0,7,2,6,50,4,9,1,5,4,6,6,4,4,10,5,5,2,16,2,9,1,1,C03,7,15,1,10,2,12,,42,42,1,12,4,120.705959,24.142725,2
2218,66000,387130000C,(04)23274275,(04)23288582,2025,10,6,16,26,臺中市,北屯區,0,0,0,7,,,50,,,,,,,,,,,,,,,,,,,B03,,,1,,2,,,49,49,1,12,4,120.666372,24.190002,3
2219,66000,387130000C,(04)23274275,(04)23288582,2025,10,6,16,27,臺中市,霧峰區,0,0,0,7,,,60,,,,,,,,,,,,,,,,,,,B03,,,1,,2,,,7,7,1,6,4,120.688923,24.08043,3
2220,66000,387130000C,(04)23274275,(04)23288582,2025,10,6,16,28,臺中市,烏日區,0,0,0,7,,,50,,,,,,,,,,,,,,,,,,,F03,,,7,,2,,,7,7,1,13,4,120.642068,24.067649,3
2221,66000,387130000C,(04)23274275,(04)23288582,2025,10,6,16,29,臺中市,太平區,0,0,0,7,,,30,,,,,,,,,,,,,,,,,,,B03,,,1,,2,,,56,56,1,12,4,120.731886,24.154102,3
2222,66000,387130000C,(04)23274275,(04)23288582,2025,10,6,16,30,臺中市,沙鹿區,0,0,0,7,,,30,,,,,,,,,,,,,,17,,,,,B03,,,1,,1,,,84,84,1,6,4,120.556951,24.225185,3
2223,66000,387130000C,(04)23274275,(04)23288582,2025,10,6,16,35,臺中市,大甲區,0,0,0,7,,,50,,,,,,,,,,,,,,,,,,,B12,,,1,,1,,,59,59,1,6,4,120.638178,24.361306,3
2224,66000,387130000C,(04)23274275,(04)23288582,2025,10,6,16,36,臺中市,北屯區,0,0,0,7,,3,40,,,,,,,,,,,,,,13,,,,,B03,,,1,,1,,,59,59,1,12,4,120.719566,24.163674,3
2225,66000,387130000C,(04)23274275,(04)23288582,2025,10,6,16,38,臺中市,北屯區,0,1,0,7,2,6,50,13,7,1,5,4,6,6,4,4,5,4,4,2,17,2,9,4,1,F07,7,11,7,21,2,11,,34,34,1,12,4,120.678005,24.190921,2
2226,66000,387130000C,(04)23274275,(04)23288582,2025,10,6,16,40,臺中市,西屯區,0,0,0,7,,,60,,,,,,,,,,,,,,12,,,,,B03,,,1,,1,,,40,40,1,12,4,120.638778,24.159321,3
2227,66000,387130000C,(04)23274275,(04)23288582,2025,10,6,16,41,臺中市,北屯區,0,1,0,7,3,6,50,4,1,1,5,4,6,6,1,1,10,5,5,2,17,2,9,1,1,C03,7,9,1,10,2,11,,21,21,1,12,4,120.689327,24.201289,2
2228,66000,387130000C,(04)23274275,(04)23288582,2025,10,6,16,42,臺中市,太平區,0,0,0,7,,,30,,,,,,,,,,,,,,14,,,,,B03,,,1,,2,,,49,49,1,6,4,120.714073,24.136354,3
2229,66000,387130000C,(04)23274275,(04)23288582,2025,10,6,16,43,臺中市,清水區,0,1,0,7,2,6,40,4,2,1,5,4,6,6,1,1,1,2,4,1,16,2,8,2,1,C03,7,6,1,10,2,11,,36,36,1,13,4,120.572359,24.274754,2
2230,66000,387130000C,(04)23274275,(04)23288582,2025,10,6,16,45,臺中市,神岡區,0,0,0,7,,,50,,,,,,,,,,,,,,2,,,,,B03,,,1,,2,,,84,84,1,12,4,120.695706,24.248232,3
2231,66000,387130000C,(04)23274275,(04)23288582,2025,10,6,16,46,臺中市,北區,0,0,0,7,,,50,,,,,,,,,,,,,,17,,,,,B13,,,1,,1,,,68,68,1,13,4,120.669146,24.155586,3
2232,66000,387130000C,(04)23274275,(04)23288582,2025,10,6,16,48,臺中市,北屯區,0,2,0,7,2,6,50,3,2,1,5,4,6,6,1,1,1,2,5,2,13,3,10,1,1,C03,7,9,1,10,2,11,,84,84,1,6,4,120.696608,24.201555,2
2233,66000,387130000C,(04)23274275,(04)23288582,2025,10,6,16,50,臺中市,北區,0,2,0,7,2,6,50,4,9,1,5,4,6,6,1,1,1,4,5,2,17,2,9,5,4,C03,7,15,1,10,2,12,,40,40,1,13,4,120.684782,24.159876,2
2234,66000,387130000C,(04)23274275,(04)23288582,2025,10,6,16,58,臺中市,南屯區,0,1,0,7,2,6,50,13,8,1,5,4,6,6,3,1,4,3,4,2,16,3,10,1,4,C03,7,5,1,10,2,13,,84,84,1,13,4,120.635386,24.150258,2
2235,66000,387130000C,(04)23274275,(04)23288582,2025,10,6,17,7,臺中市,南區,0,0,0,7,,,50,,,,,,,,,,,,,,,,,,,B03,,,1,,1,,,50,50,1,13,4,120.674575,24.128968,3
2236,66000,387130000C,(04)23274275,(04)23288582,2025,10,6,17,9,臺中市,西區,0,0,0,7,,,50,,,,,,,,,,,,,,15,,,,,B03,,,1,,2,,,21,21,1,13,4,120.665287,24.150867,3
2237,66000,387130000C,(04)23274275,(04)23288582,2025,10,6,17,12,臺中市,大雅區,0,1,0,7,2,6,60,4,1,1,5,4,6,6,1,1,3,5,5,1,17,2,9,2,1,C03,7,1,1,10,2,12,,51,51,1,13,4,120.648779,24.217821,2
2238,66000,387130000C,(04)23274275,(04)23288582,2025,10,6,17,12,臺中市,沙鹿區,0,0,0,7,,,50,,,,,,,,,,,,,,,,,,,B03,,,1,,2,,,8,8,1,12,4,120.56807,24.228622,3
2239,66000,387130000C,(04)23274275,(04)23288582,2025,10,6,17,14,臺中市,梧棲區,0,0,0,7,,,40,,,,,,,,,,,,,,13,,,,,B03,,,1,,1,,,7,7,1,12,4,120.53713,24.251232,3
2240,66000,387130000C,(04)23274275,(04)23288582,2025,10,6,17,19,臺中市,南區,0,0,0,7,,,50,,,,,,,,,,,,,,17,,,,,B03,,,1,,2,,,51,51,1,13,4,120.654468,24.115638,3
2241,66000,387130000C,(04)23274275,(04)23288582,2025,10,6,17,20,臺中市,西屯區,0,0,0,7,,,50,,,,,,,,,,,,,,14,,,,,B03,,,1,,2,,,49,49,1,12,4,120.641255,24.155986,3
2242,66000,387130000C,(04)23274275,(04)23288582,2025,10,6,17,20,臺中市,大里區,0,0,0,7,,,30,,,,,,,,,,,,,,11,,,,,B03,,,1,,1,,,8,8,2,13,4,120.694611,24.123845,3
2243,66000,387130000C,(04)23274275,(04)23288582,2025,10,6,17,22,臺中市,豐原區,0,0,0,7,,,60,,,,,,,,,,,,,,25,,,,,B03,,,1,,2,,,59,59,1,12,4,120.72298,24.264072,3
2244,66000,387130000C,(04)23274275,(04)23288582,2025,10,6,17,25,臺中市,梧棲區,0,0,0,7,,,40,,,,,,,,,,,,,,13,,,,,B03,,,1,,2,,,7,7,1,12,4,120.526274,24.222359,3
2245,66000,387130000C,(04)23274275,(04)23288582,2025,10,6,17,26,臺中市,潭子區,0,0,0,7,,,50,,,,,,,,,,,,,,,,,,,B03,,,1,,9,,,84,84,1,12,4,120.69976,24.205609,3
2246,66000,387130000C,(04)23274275,(04)23288582,2025,10,6,17,34,臺中市,南區,0,0,0,7,,,50,,,,,,,,,,,,,,13,,,,,B03,,,1,,1,,,84,84,1,12,4,120.6549,24.115786,3
2247,66000,387130000C,(04)23274275,(04)23288582,2025,10,6,17,34,臺中市,南區,0,0,0,7,,,50,,,,,,,,,,,,,,,,,,,B03,,,1,,2,,,84,84,1,6,4,120.674485,24.130838,3
2248,66000,387130000C,(04)23274275,(04)23288582,2025,10,6,17,42,臺中市,西屯區,0,0,0,7,,,30,,,,,,,,,,,,,,,,,,,B03,,,1,,1,,,8,8,1,12,4,120.615326,24.183938,3
2249,66000,387130000C,(04)23274275,(04)23288582,2025,10,6,17,46,臺中市,北區,0,2,0,7,1,6,50,4,1,1,5,4,6,6,1,1,10,5,5,2,17,2,9,5,4,C03,7,6,1,10,2,11,,11,11,1,12,4,120.672088,24.166873,2