序號,縣市別代碼,機關代碼,市話,傳真,年,月,日,時,分,縣市,區,死亡數量,受傷數量,2-30,天候,道路照明設備,道路類別,道路速限,道路型態,事故位置,路面鋪裝,路面狀態,路面缺陷,障礙物,視距,號誌種類,號誌動作,分向設施,快車道或一般車道間,快慢車道間,路面邊線,事故類型及型態,受傷程度,主要傷處,保護裝備,行動電話或功能裝置,當事者區分(類別),車輛用途,當事者行動狀態,駕照狀態,駕照種類,飲酒情形,車輛撞擊部位最初,車輛撞擊部位其他,肇事因素個別,肇事因素主要,肇事逃逸,職業,共享經濟或外送平台,GPS座標X,GPS座標Y,事故類別
2474,66000,387130000C,(04)23274275,(04)23288582,2025,10,7,10,53,臺中市,東區,0,1,0,7,2,6,40,13,8,1,5,4,6,6,4,4,1,4,4,2,17,2,9,1,1,C03,7,9,1,10,2,14,,84,84,1,12,4,120.696474,24.135602,2
2475,66000,387130000C,(04)23274275,(04)23288582,2025,10,7,11,0,臺中市,大雅區,0,0,0,7,,,50,,,,,,,,,,,,,,12,,,,,A12,,,1,,1,,,51,51,1,13,4,120.629058,24.206808,3
2476,66000,387130000C,(04)23274275,(04)23288582,2025,10,7,11,0,臺中市,東區,0,0,0,7,,,50,,,,,,,,,,,,,,13,,,,,B12,,,1,,1,,,84,84,1,12,4,120.708891,24.149263,3
2477,66000,387130000C,(04)23274275,(04)23288582,2025,10,7,11,10,臺中市,北屯區,0,0,0,7,,,50,,,,,,,,,,,,,,13,,,,,B03,,,1,8,1,,,7,7,1,6,4,120.693539,24.165009,3
2478,66000,387130000C,(04)23274275,(04)23288582,2025,10,7,11,10,臺中市,北屯區,0,0,0,7,,,50,,,,,,,,,,,,,,12,,,,,B03,,,1,,2,,,8,8,1,6,4,120.687078,24.187276,3
2479,66000,387130000C,(04)23274275,(04)23288582,2025,10,7,11,10,臺中市,梧棲區,0,0,0,7,,,50,,,,,,,,,,,,,,13,,,,,C03,,,1,,2,,,7,7,1,12,4,120.53849,24.242016,3
2480,66000,387130000C,(04)23274275,(04)23288582,2025,10,7,11,12,臺中市,北區,0,0,0,7,2,6,50,13,9,1,5,4,6,6,4,,5,4,5,2,13,3,10,3,1,B12,7,9,1,8,2,1,,84,84,1,12,4,120.680982,24.163023,3
2481,66000,387130000C,(04)23274275,(04)23288582,2025,10,7,11,17,臺中市,豐原區,0,1,0,7,2,6,50,3,1,1,5,4,6,6,4,4,1,4,5,2,13,2,9,2,1,C03,7,9,3,19,3,11,,7,7,1,13,4,120.70523,24.249732,2
2482,66000,387130000C,(04)23274275,(04)23288582,2025,10,7,11,18,臺中市,北區,0,0,0,7,,,50,,,,,,,,,,,,,,,,,,,B12,,,1,,2,,,7,7,1,13,4,120.68478,24.16549,3
2483,66000,387130000C,(04)23274275,(04)23288582,2025,10,7,11,18,臺中市,北區,0,0,0,7,,,50,,,,,,,,,,,,,,,,,,,B12,,,1,,2,,,84,84,1,12,4,120.680077,24.15321,4
2484,66000,387130000C,(04)23274275,(04)23288582,2025,10,7,11,19,臺中市,神岡區,0,1,0,7,2,6,50,13,7,1,5,4,6,6,4,4,9,4,4,2,17,2,9,2,1,C03,7,9,1,10,2,11,,84,84,1,6,4,120.681531,24.251465,2
2485,66000,387130000C,(04)23274275,(04)23288582,2025,10,7,11,23,臺中市,東區,0,1,0,7,2,6,50,13,7,1,5,4,6,6,4,4,5,5,4,2,12,2,9,2,1,C03,7,9,1,10,2,14,,42,42,1,12,4,120.705462,24.148392,2
2486,66000,387130000C,(04)23274275,(04)23288582,2025,10,7,11,23,臺中市,東區,0,0,0,7,,,50,,,,,,,,,,,,,,,,,,,B03,,,1,,2,,,51,51,1,12,4,120.707834,24.144568,3
2487,66000,387130000C,(04)23274275,(04)23288582,2025,10,7,11,29,臺中市,北屯區,0,1,0,7,2,6,50,4,1,1,5,4,6,6,4,4,10,5,5,2,15,2,9,2,1,C03,7,9,1,10,2,11,,15,15,1,12,4,120.665717,24.181566,2
2488,66000,387130000C,(04)23274275,(04)23288582,2025,10,7,11,29,臺中市,霧峰區,0,0,0,7,,,50,,,,,,,,,,,,,,17,,,,,B03,,,1,8,1,,,84,84,1,13,4,120.693165,24.073116,3
2489,66000,387130000C,(04)23274275,(04)23288582,2025,10,7,11,30,臺中市,后里區,0,1,0,7,3,6,50,3,9,1,5,4,6,6,4,4,9,4,5,1,17,2,1,3,1,B03,7,9,1,8,2,1,,59,59,1,6,4,120.729559,24.30753,2
2490,66000,387130000C,(04)23274275,(04)23288582,2025,10,7,11,33,臺中市,太平區,0,0,0,7,2,6,30,,,,,,,,,,,,,,,,,,,B12,,,1,,2,7,,49,49,1,12,4,120.706198,24.12736,3
2491,66000,387130000C,(04)23274275,(04)23288582,2025,10,7,11,37,臺中市,南屯區,0,0,0,7,,,60,,,,,,,,,,,,,,17,,,,,B12,,,1,,1,,,51,51,1,12,4,120.641575,24.134848,3
2492,66000,387130000C,(04)23274275,(04)23288582,2025,10,7,11,37,臺中市,南屯區,0,0,0,7,,,50,,,,,,,,,,,,,,17,,,,,B12,,,1,,1,,,7,7,1,12,4,120.629286,24.150923,3
2493,66000,387130000C,(04)23274275,(04)23288582,2025,10,7,11,41,臺中市,東勢區,0,0,0,7,,,50,,,,,,,,,,,,,,15,,,,,B03,,,1,,2,,,12,12,1,13,4,120.828801,24.255661,3
2494,66000,387130000C,(04)23274275,(04)23288582,2025,10,7,11,43,臺中市,西屯區,0,0,0,7,,,40,,,,,,,,,,,,,,13,,,,,B03,,,1,,1,,,7,7,1,13,4,120.644276,24.165246,4
2495,66000,387130000C,(04)23274275,(04)23288582,2025,10,7,11,48,臺中市,烏日區,0,0,0,7,,,30,,,,,,,,,,,,,,16,,,,,B03,,,1,,1,,,14,14,1,6,4,120.641574,24.103177,3
2496,66000,387130000C,(04)23274275,(04)23288582,2025,10,7,11,49,臺中市,霧峰區,0,1,0,7,2,6,50,3,2,1,5,4,6,6,4,4,1,4,5,1,17,2,9,2,1,C03,7,9,1,10,2,11,,84,84,1,6,4,120.699374,24.076787,2
2497,66000,387130000C,(04)23274275,(04)23288582,2025,10,7,11,49,臺中市,豐原區,0,0,0,7,,,50,,,,,,,,,,,,,,17,,,,,B03,,,1,,9,,,8,8,2,13,4,120.723118,24.249304,3
2498,66000,387130000C,(04)23274275,(04)23288582,2025,10,7,11,50,臺中市,烏日區,0,2,0,7,2,6,30,5,1,1,5,4,6,6,4,4,10,5,5,2,17,2,9,5,4,C03,7,9,1,10,2,12,,15,15,1,13,4,120.632666,24.070676,2
2499,66000,387130000C,(04)23274275,(04)23288582,2025,10,7,11,51,臺中市,大里區,0,0,0,6,3,6,50,13,9,1,5,4,6,6,1,1,5,4,5,2,13,,,,,A21,,,1,,2,,,84,84,1,12,4,120.694468,24.100336,3
2500,66000,387130000C,(04)23274275,(04)23288582,2025,10,7,11,51,臺中市,大里區,0,1,0,7,2,6,50,3,1,1,5,4,6,6,4,4,10,5,5,2,17,3,10,3,1,B03,7,5,1,8,2,8,,14,14,1,12,4,120.694713,24.123443,2
2501,66000,387130000C,(04)23274275,(04)23288582,2025,10,7,11,52,臺中市,北屯區,0,0,0,7,,,50,,,,,,,,,,,,,,,,,,,B03,,,1,,1,,,51,51,1,12,4,120.714384,24.182291,3
2502,66000,387130000C,(04)23274275,(04)23288582,2025,10,7,11,53,臺中市,西屯區,0,0,0,7,,,50,,,,,,,,,,,,,,14,,,,,B03,,,1,,1,,,49,49,1,13,4,120.661127,24.202293,3
2503,66000,387130000C,(04)23274275,(04)23288582,2025,10,7,11,54,臺中市,潭子區,0,2,0,7,3,6,50,4,1,1,5,4,6,6,4,4,5,5,5,2,15,2,9,2,1,C03,7,9,1,10,2,14,,13,13,1,13,4,120.676539,24.205332,2
2504,66000,387130000C,(04)23274275,(04)23288582,2025,10,7,11,54,臺中市,大甲區,0,0,0,7,,,50,,,,,,,,,,,,,,,,,,,B12,,,1,,1,,,15,15,1,6,4,120.625878,24.347026,3
2505,66000,387130000C,(04)23274275,(04)23288582,2025,10,7,11,55,臺中市,沙鹿區,0,0,0,7,,,30,,,,,,,,,,,,,,16,,,,,B03,,,1,,1,,,14,14,1,6,4,120.595995,24.256434,3
2506,66000,387130000C,(04)23274275,(04)23288582,2025,10,7,11,56,臺中市,西屯區,0,0,0,7,,,30,,,,,,,,,,,,,,30,,,,,B03,,,1,,2,,,59,59,1,13,4,120.657118,24.166034,3
2507,66000,387130000C,(04)23274275,(04)23288582,2025,10,7,12,0,臺中市,西屯區,0,1,0,7,2,6,40,5,1,1,5,4,6,6,2,1,10,5,5,2,13,2,8,1,1,C03,7,9,1,9,2,11,,7,7,1,13,4,120.643643,24.165818,2
2508,66000,387130000C,(04)23274275,(04)23288582,2025,10,7,12,4,臺中市,南區,0,2,0,7,2,6,30,4,1,1,5,4,6,6,4,4,10,5,5,2,15,2,7,1,1,C03,7,9,1,10,2,14,,12,12,1,12,4,120.675279,24.129241,2
2509,66000,387130000C,(04)23274275,(04)23288582,2025,10,7,12,5,臺中市,西屯區,0,1,0,7,2,6,50,4,1,1,5,4,6,6,1,1,10,5,5,1,16,3,10,3,1,B03,7,5,1,8,2,3,,47,47,1,12,4,120.643933,24.160497,2
2510,66000,387130000C,(04)23274275,(04)23288582,2025,10,7,12,8,臺中市,西屯區,0,0,0,7,,,50,,,,,,,,,,,,,,12,,,,,B03,,,1,,2,,,8,8,1,12,4,120.610002,24.185449,3
2511,66000,387130000C,(04)23274275,(04)23288582,2025,10,7,12,8,臺中市,霧峰區,0,0,0,7,,,50,,,,,,,,,,,,,,,,,,,C03,,,1,,2,,,48,48,1,12,4,120.693341,24.05866,3
2512,66000,387130000C,(04)23274275,(04)23288582,2025,10,7,12,11,臺中市,北屯區,0,0,0,7,,,30,,,,,,,,,,,,,,17,,,,,B03,,,1,,1,,,84,84,1,12,4,120.666765,24.185374,3
2513,66000,387130000C,(04)23274275,(04)23288582,2025,10,7,12,16,臺中市,西屯區,0,0,0,7,,,50,,,,,,,,,,,,,,,,,,,B03,,,1,,1,,,59,59,1,13,4,120.645907,24.172891,3
2514,66000,387130000C,(04)23274275,(04)23288582,2025,10,7,12,16,臺中市,沙鹿區,0,0,0,7,2,6,40,13,8,1,5,4,6,6,4,4,1,2,4,2,17,3,10,3,2,B03,7,7,1,3,7,5,,62,62,1,6,4,120.552116,24.231343,3
2515,66000,387130000C,(04)23274275,(04)23288582,2025,10,7,12,18,臺中市,北屯區,0,1,0,7,1,6,50,3,2,1,5,3,6,6,1,1,5,4,4,2,12,3,10,3,1,B03,7,5,1,8,2,2,,11,11,1,13,4,120.705627,24.172842,2
2516,66000,387130000C,(04)23274275,(04)23288582,2025,10,7,12,21,臺中市,西區,0,1,0,7,2,6,50,13,9,1,5,4,6,6,4,4,1,4,5,1,13,3,10,2,1,C03,7,9,1,10,2,11,,7,7,1,13,4,120.666775,24.153311,2
2517,66000,387130000C,(04)23274275,(04)23288582,2025,10,7,12,22,臺中市,南屯區,0,0,0,7,,,30,,,,,,,,,,,,,,15,,,,,C03,,,1,,1,,,13,13,1,6,4,120.612791,24.148444,3
2518,66000,387130000C,(04)23274275,(04)23288582,2025,10,7,12,24,臺中市,南區,0,1,0,7,3,6,50,4,1,1,5,4,6,6,1,1,10,5,5,2,18,2,8,5,4,C03,7,5,1,9,2,14,,84,84,1,12,4,120.652873,24.108827,2
2519,66000,387130000C,(04)23274275,(04)23288582,2025,10,7,12,26,臺中市,太平區,0,1,0,7,2,6,50,3,2,1,5,4,6,6,4,4,5,4,5,2,16,3,10,3,1,B03,7,6,1,8,2,4,,12,12,1,13,4,120.729846,24.125595,2
2520,66000,387130000C,(04)23274275,(04)23288582,2025,10,7,12,27,臺中市,西區,0,1,0,7,2,6,50,13,9,1,5,4,6,6,4,4,5,4,5,2,17,3,10,3,1,B01,7,14,1,4,2,2,,77,77,1,12,4,120.65778,24.15105,2
2521,66000,387130000C,(04)23274275,(04)23288582,2025,10,7,12,27,臺中市,北屯區,0,0,0,7,,3,80,,,,,,,,,,,,,,30,,,,,,,,,,,,,114,114,1,,,120.722464,24.187986,3
2522,66000,387130000C,(04)23274275,(04)23288582,2025,10,7,12,27,臺中市,西屯區,0,0,0,7,,,50,,,,,,,,,,,,,,13,,,,,B03,,,1,,1,,,84,84,1,13,4,120.642079,24.197289,3
2523,66000,387130000C,(04)23274275,(04)23288582,2025,10,7,12,29,臺中市,北屯區,0,0,0,7,,,50,,,,,,,,,,,,,,14,,,,,C03,,,1,,9,,,50,50,1,12,4,120.659129,24.190848,3
2524,66000,387130000C,(04)23274275,(04)23288582,2025,10,7,12,35,臺中市,大里區,0,0,0,7,,,60,,,,,,,,,,,,,,13,,,,,B12,,,1,,2,,,7,7,1,13,4,120.66351,24.107404,3
2525,66000,387130000C,(04)23274275,(04)23288582,2025,10,7,12,40,臺中市,沙鹿區,0,0,0,7,,,50,,,,,,,,,,,,,,17,,,,,C03,,,1,,2,,,8,8,1,6,4,120.557763,24.234572,3
2526,66000,387130000C,(04)23274275,(04)23288582,2025,10,7,12,45,臺中市,北區,0,1,0,7,3,6,50,3,2,1,5,4,6,6,4,4,5,4,5,2,16,2,9,5,4,C03,7,5,1,10,2,14,,12,12,1,13,4,120.67562,24.156178,2
2527,66000,387130000C,(04)23274275,(04)23288582,2025,10,7,12,47,臺中市,烏日區,0,0,0,7,,,50,,,,,,,,,,,,,,17,,,,,B03,,,1,,9,,,77,77,1,6,4,120.643842,24.08385,3
2528,66000,387130000C,(04)23274275,(04)23288582,2025,10,7,12,51,臺中市,西屯區,0,2,0,7,2,6,30,3,1,1,5,4,6,6,4,4,10,5,5,2,16,2,9,5,4,C03,7,5,1,10,2,11,13,7,7,1,13,4,120.630524,24.173254,2
2529,66000,387130000C,(04)23274275,(04)23288582,2025,10,7,12,55,臺中市,大里區,0,2,0,7,2,6,30,3,1,1,5,4,6,6,4,4,9,5,5,1,17,2,7,1,4,C03,7,6,1,10,2,11,,84,84,1,13,4,120.706375,24.082221,2
2530,66000,387130000C,(04)23274275,(04)23288582,2025,10,7,12,59,臺中市,東區,0,0,0,7,,,50,,,,,,,,,,,,,,,,,,,,,,,,,,,84,84,1,,,120.683491,24.134095,3
2531,66000,387130000C,(04)23274275,(04)23288582,2025,10,7,13,0,臺中市,北屯區,0,1,0,7,3,6,50,4,2,1,5,4,6,6,1,1,5,2,5,2,13,3,10,3,1,B03,7,15,1,8,1,1,,7,7,1,6,4,120.694672,24.16561,2
2532,66000,387130000C,(04)23274275,(04)23288582,2025,10,7,13,5,臺中市,烏日區,0,2,0,7,3,6,50,13,9,1,5,4,6,6,4,4,5,4,5,1,17,3,10,3,1,B03,7,11,1,8,2,4,,45,45,1,6,4,120.643791,24.09354,2
2533,66000,387130000C,(04)23274275,(04)23288582,2025,10,7,13,5,臺中市,清水區,0,0,0,7,,,50,,,,,,,,,,,,,,13,,,,,B01,,,1,,1,,,56,56,1,12,4,120.572226,24.263312,3
2534,66000,387130000C,(04)23274275,(04)23288582,2025,10,7,13,10,臺中市,北區,0,0,0,7,2,6,40,13,8,1,5,4,6,6,4,4,1,4,4,2,17,3,10,3,1,B03,7,9,1,8,1,2,,8,8,1,12,4,120.679301,24.15213,3
2535,66000,387130000C,(04)23274275,(04)23288582,2025,10,7,13,11,臺中市,南區,0,0,0,7,,,30,,,,,,,,,,,,,,20,,,,,B03,,,1,,2,,,84,84,1,12,4,120.648536,24.112365,3
2536,66000,387130000C,(04)23274275,(04)23288582,2025,10,7,13,13,臺中市,西屯區,0,0,0,7,,,30,,,,,,,,,,,,,,,,,,,B03,,,1,,1,,,12,12,1,13,4,120.630359,24.158643,4
2537,66000,387130000C,(04)23274275,(04)23288582,2025,10,7,13,14,臺中市,北屯區,0,0,0,7,,,50,,,,,,,,,,,,,,,,,,,B03,,,1,,2,,,45,45,1,12,4,120.668248,24.197949,3
2538,66000,387130000C,(04)23274275,(04)23288582,2025,10,7,13,20,臺中市,北屯區,0,0,0,7,,,50,,,,,,,,,,,,,,,,,,,,,,,,,,,119,119,1,,,120.722621,24.173449,3
2539,66000,387130000C,(04)23274275,(04)23288582,2025,10,7,13,22,臺中市,太平區,0,1,0,7,2,6,30,13,9,1,5,4,6,6,4,4,10,5,5,2,16,3,10,3,1,B02,7,11,1,8,2,1,,45,45,1,13,4,120.718033,24.153874,2
2540,66000,387130000C,(04)23274275,(04)23288582,2025,10,7,13,30,臺中市,南區,0,0,0,7,,,50,,,,,,,,,,,,,,,,,,,B03,,,1,,2,,,87,87,1,12,4,120.677501,24.128361,3
2541,66000,387130000C,(04)23274275,(04)23288582,2025,10,7,13,30,臺中市,大里區,0,0,0,7,,,50,,,,,,,,,,,,,,17,,,,,B03,,,1,,2,,,50,50,1,13,4,120.690123,24.110177,3
2542,66000,387130000C,(04)23274275,(04)23288582,2025,10,7,13,30,臺中市,烏日區,0,0,0,7,,,50,,,,,,,,,,,,,,14,,,,,B03,,,1,,1,,,49,49,1,6,4,120.618611,24.103099,3
2543,66000,387130000C,(04)23274275,(04)23288582,2025,10,7,13,31,臺中市,南區,0,1,0,7,2,6,50,13,8,1,5,4,6,6,4,4,1,4,4,2,12,3,10,3,1,B03,7,7,1,8,1,5,,40,40,1,12,4,120.655681,24.115007,2
2544,66000,387130000C,(04)23274275,(04)23288582,2025,10,7,13,36,臺中市,大里區,0,0,0,7,,,50,,,,,,,,,,,,,,,,,,,B03,,,1,,2,,,49,49,1,12,4,120.689982,24.085001,3
2545,66000,387130000C,(04)23274275,(04)23288582,2025,10,7,13,38,臺中市,東區,0,1,0,7,3,6,50,5,2,1,5,4,6,6,1,1,10,5,5,2,17,2,9,5,4,C03,7,15,1,10,2,14,,84,84,1,12,4,120.69451,24.142756,2
2546,66000,387130000C,(04)23274275,(04)23288582,2025,10,7,13,39,臺中市,清水區,0,0,0,7,,,50,,,,,,,,,,,,,,12,,,,,B03,,,1,,2,,,20,20,1,13,4,120.574889,24.267457,3
2547,66000,387130000C,(04)23274275,(04)23288582,2025,10,7,13,40,臺中市,北區,0,1,0,7,3,6,50,3,2,1,5,4,6,6,4,4,5,4,5,2,16,3,10,5,4,B03,7,5,1,8,2,2,,84,84,1,13,4,120.690159,24.155671,2
2548,66000,387130000C,(04)23274275,(04)23288582,2025,10,7,13,40,臺中市,南屯區,0,1,0,7,2,6,50,4,1,1,5,4,6,6,3,1,10,5,5,2,16,3,10,5,4,B03,7,11,1,8,2,8,,45,45,1,13,4,120.653915,24.144965,2
2549,66000,387130000C,(04)23274275,(04)23288582,2025,10,7,13,42,臺中市,西屯區,0,0,0,7,,,50,,,,,,,,,,,,,,,,,,,B02,,,1,,2,,,59,59,1,12,4,120.642543,24.184594,3
2550,66000,387130000C,(04)23274275,(04)23288582,2025,10,7,13,45,臺中市,烏日區,0,1,0,7,2,6,70,3,1,1,5,4,6,6,1,1,10,5,5,2,12,3,10,3,1,B12,7,5,1,8,2,2,,47,47,1,6,4,120.592851,24.113059,2
2551,66000,387130000C,(04)23274275,(04)23288582,2025,10,7,13,45,臺中市,外埔區,0,0,0,7,2,6,50,13,9,1,5,4,6,6,4,4,9,5,5,2,11,,,,,B03,,,1,,2,,,84,84,1,6,4,120.641291,24.342447,3
2552,66000,387130000C,(04)23274275,(04)23288582,2025,10,7,13,46,臺中市,北屯區,0,1,0,7,1,6,50,4,2,1,5,4,6,6,1,1,3,4,5,2,13,3,10,1,1,C03,7,9,1,10,2,11,,84,84,1,13,4,120.660253,24.192607,2
2553,66000,387130000C,(04)23274275,(04)23288582,2025,10,7,13,49,臺中市,西屯區,0,0,0,7,,,50,,,,,,,,,,,,,,13,,,,,C03,,,1,9,1,,,7,7,1,12,4,120.64993,24.163411,3
2554,66000,387130000C,(04)23274275,(04)23288582,2025,10,7,13,52,臺中市,中區,0,0,0,7,,,50,,,,,,,,,,,,,,,,,,,B03,,,1,,1,,,6,6,1,12,4,120.68063,24.140059,3
2555,66000,387130000C,(04)23274275,(04)23288582,2025,10,7,13,55,臺中市,清水區,0,0,0,7,,,50,,,,,,,,,,,,,,17,,,,,C03,,,1,,2,,,50,50,1,12,4,120.570694,24.276138,3
2556,66000,387130000C,(04)23274275,(04)23288582,2025,10,7,13,58,臺中市,西屯區,0,0,0,7,,,50,,,,,,,,,,,,,,17,,,,,B03,,,1,,1,,,59,59,1,13,4,120.647527,24.171204,3
2557,66000,387130000C,(04)23274275,(04)23288582,2025,10,7,13,59,臺中市,北屯區,0,0,0,7,,,50,,,,,,,,,,,,,,,,,,,B03,,,1,,1,,,45,45,1,12,4,120.707892,24.192331,3
2558,66000,387130000C,(04)23274275,(04)23288582,2025,10,7,13,59,臺中市,烏日區,0,0,0,7,,,60,,,,,,,,,,,,,,12,,,,,A12,,,1,,1,,,59,59,1,6,4,120.648137,24.083993,3
2559,66000,387130000C,(04)23274275,(04)23288582,2025,10,7,14,2,臺中市,烏日區,0,0,0,7,,,30,,,,,,,,,,,,,,,,,,,A12,,,1,,1,,,8,8,1,6,4,120.642828,24.095331,3
2560,66000,387130000C,(04)23274275,(04)23288582,2025,10,7,14,4,臺中市,西屯區,0,2,0,7,2,6,50,13,9,1,5,4,6,6,4,4,8,5,5,2,16,2,9,5,4,C03,7,11,1,10,2,14,,45,45,1,13,4,120.652039,24.158203,2
2561,66000,387130000C,(04)23274275,(04)23288582,2025,10,7,14,6,臺中市,西屯區,0,0,0,7,,,50,,,,,,,,,,,,,,16,,,,,B03,,,1,,2,,,14,14,1,13,4,120.6374,24.185187,4
2562,66000,387130000C,(04)23274275,(04)23288582,2025,10,7,14,7,臺中市,西屯區,0,0,0,7,,,50,,,,,,,,,,,,,,12,,,,,B03,,,1,,1,,,40,40,1,13,4,120.648157,24.160162,3
2563,66000,387130000C,(04)23274275,(04)23288582,2025,10,7,14,10,臺中市,南屯區,0,0,0,7,,,50,,,,,,,,,,,,,,,,,,,,,,,,,,,119,119,1,,,120.637184,24.15155,3
2564,66000,387130000C,(04)23274275,(04)23288582,2025,10,7,14,10,臺中市,沙鹿區,0,0,0,7,,,30,,,,,,,,,,,,,,,,,,,G03,,,1,,2,,,84,84,1,6,4,120.566622,24.241748,3
2565,66000,387130000C,(04)23274275,(04)23288582,2025,10,7,14,11,臺中市,北屯區,0,1,0,7,3,6,30,4,1,1,5,4,6,6,4,4,10,5,5,2,18,2,9,1,1,C03,7,6,1,10,2,14,,84,84,1,6,4,120.697478,24.161816,2
2566,66000,387130000C,(04)23274275,(04)23288582,2025,10,7,14,13,臺中市,西區,0,0,0,7,,,50,,,,,,,,,,,,,,17,,,,,B03,,,1,,1,,,50,50,1,13,4,120.674222,24.142503,3
2567,66000,387130000C,(04)23274275,(04)23288582,2025,10,7,14,15,臺中市,西屯區,0,0,0,7,,,50,,,,,,,,,,,,,,15,,,,,B03,,,1,,1,,,15,15,1,12,4,120.655939,24.165531,3
2568,66000,387130000C,(04)23274275,(04)23288582,2025,10,7,14,15,臺中市,沙鹿區,0,0,0,7,,,60,,,,,,,,,,,,,,12,,,,,B03,,,1,,2,,,40,40,1,6,4,120.59661,24.249918,3
2569,66000,387130000C,(04)23274275,(04)23288582,2025,10,7,14,16,臺中市,西屯區,0,1,0,7,2,6,40,3,1,1,5,4,6,6,4,4,10,5,5,1,16,3,10,3,1,B03,7,5,1,8,2,6,,47,47,1,12,4,120.617469,24.182191,2
2570,66000,387130000C,(04)23274275,(04)23288582,2025,10,7,14,16,臺中市,西屯區,0,1,0,7,2,6,50,5,1,1,5,4,6,6,2,1,10,5,5,1,17,3,10,3,1,B01,7,9,1,4,2,5,,21,21,1,13,4,120.664197,24.16453,2
2571,66000,387130000C,(04)23274275,(04)23288582,2025,10,7,14,17,臺中市,大甲區,0,2,0,7,2,6,50,13,12,1,5,4,6,6,4,4,1,4,4,1,11,2,8,2,1,C03,7,9,1,10,2,12,,4,4,1,6,4,120.619162,24.354937,2
2572,66000,387130000C,(04)23274275,(04)23288582,2025,10,7,14,20,臺中市,中區,0,0,0,7,,,50,,,,,,,,,,,,,,17,,,,,C03,,,1,,1,,,59,59,1,12,4,120.67591,24.141938,3
2573,66000,387130000C,(04)23274275,(04)23288582,2025,10,7,14,20,臺中市,中區,0,0,0,7,,,50,,,,,,,,,,,,,,,,,,,B03,,,1,,2,,,84,84,1,6,4,120.677419,24.143859,3
2574,66000,387130000C,(04)23274275,(04)23288582,2025,10,7,14,20,臺中市,豐原區,0,0,0,7,,,50,,,,,,,,,,,,,,17,,,,,C03,,,3,,2,,,51,51,1,12,4,120.713585,24.243656,3
2575,66000,387130000C,(04)23274275,(04)23288582,2025,10,7,14,25,臺中市,烏日區,0,0,0,7,,,50,,,,,,,,,,,,,,13,,,,,B03,,,1,,1,,,7,7,1,6,4,120.607267,24.122379,3
2576,66000,387130000C,(04)23274275,(04)23288582,2025,10,7,14,29,臺中市,西屯區,0,1,0,7,3,6,30,4,9,1,5,4,6,6,1,1,10,5,5,2,16,2,9,5,4,C03,7,6,1,10,1,14,,84,84,1,12,4,120.639467,24.174628,2
2577,66000,387130000C,(04)23274275,(04)23288582,2025,10,7,14,31,臺中市,東勢區,0,0,0,7,,,60,,,,,,,,,,,,,,,,,,,B03,,,1,,1,,,84,84,1,12,4,120.823912,24.258443,3
2578,66000,387130000C,(04)23274275,(04)23288582,2025,10,7,14,32,臺中市,大里區,0,0,0,7,,,50,,,,,,,,,,,,,,17,,,,,B12,,,,8,2,,,84,84,2,13,4,120.710369,24.086211,3
2579,66000,387130000C,(04)23274275,(04)23288582,2025,10,7,14,33,臺中市,太平區,0,1,0,7,2,6,50,13,9,1,5,4,6,6,4,4,5,2,5,2,17,3,10,3,1,B03,7,6,1,8,2,4,,42,42,1,12,4,120.725229,24.134215,2
2580,66000,387130000C,(04)23274275,(04)23288582,2025,10,7,14,42,臺中市,西區,0,1,0,7,1,6,50,13,9,1,5,4,6,6,4,4,5,5,5,2,17,2,9,5,4,C03,7,9,1,10,2,11,,84,84,1,12,4,120.655632,24.154807,2
2581,66000,387130000C,(04)23274275,(04)23288582,2025,10,7,14,45,臺中市,北屯區,0,1,0,7,3,6,50,4,1,1,5,4,6,6,1,1,10,5,5,2,13,3,10,2,1,C03,7,9,1,10,1,11,,7,7,1,6,4,120.704783,24.16949,2
2582,66000,387130000C,(04)23274275,(04)23288582,2025,10,7,14,46,臺中市,西屯區,0,0,0,7,,,50,,,,,,,,,,,,,,17,,,,,A11,,,1,,9,,,59,59,1,12,4,120.659145,24.191025,3
2583,66000,387130000C,(04)23274275,(04)23288582,2025,10,7,14,56,臺中市,沙鹿區,0,1,0,7,2,6,40,13,8,1,5,4,6,6,4,4,1,4,4,2,14,3,10,3,1,B03,7,2,1,8,2,3,,49,49,1,6,4,120.567767,24.22705,2
2584,66000,387130000C,(04)23274275,(04)23288582,2025,10,7,15,0,臺中市,西屯區,0,0,0,7,,,50,,,,,,,,,,,,,,13,,,,,A11,,,1,,1,,,7,7,1,12,4,120.609218,24.15576,3
2585,66000,387130000C,(04)23274275,(04)23288582,2025,10,7,15,0,臺中市,西屯區,0,0,0,7,,,50,,,,,,,,,,,,,,14,,,,,A41,,,1,,1,,,49,49,1,13,4,120.606989,24.155124,3
2586,66000,387130000C,(04)23274275,(04)23288582,2025,10,7,15,2,臺中市,東區,0,0,0,7,,,50,,,,,,,,,,,,,,,,,,,B13,,,1,,2,,,84,84,1,6,4,120.70534,24.130292,3
2587,66000,387130000C,(04)23274275,(04)23288582,2025,10,7,15,2,臺中市,南區,0,0,0,7,,,,,,,,,,,,,,,,,,,,,,,,,,,,,,109,109,1,,,120.680226,24.126374,3