序號,縣市別代碼,機關代碼,市話,傳真,年,月,日,時,分,縣市,區,死亡數量,受傷數量,2-30,天候,道路照明設備,道路類別,道路速限,道路型態,事故位置,路面鋪裝,路面狀態,路面缺陷,障礙物,視距,號誌種類,號誌動作,分向設施,快車道或一般車道間,快慢車道間,路面邊線,事故類型及型態,受傷程度,主要傷處,保護裝備,行動電話或功能裝置,當事者區分(類別),車輛用途,當事者行動狀態,駕照狀態,駕照種類,飲酒情形,車輛撞擊部位最初,車輛撞擊部位其他,肇事因素個別,肇事因素主要,肇事逃逸,職業,共享經濟或外送平台,GPS座標X,GPS座標Y,事故類別
2588,66000,387130000C,(04)23274275,(04)23288582,2025,10,7,15,7,臺中市,南屯區,0,0,0,7,,,50,,,,,,,,,,,,,,17,,,,,B03,,,1,,10,,,87,87,1,12,4,120.650363,24.134295,3
2589,66000,387130000C,(04)23274275,(04)23288582,2025,10,7,15,7,臺中市,西屯區,0,0,0,7,,,50,,,,,,,,,,,,,,13,,,,,B12,,,1,,1,,,7,7,1,13,4,120.645095,24.170875,3
2590,66000,387130000C,(04)23274275,(04)23288582,2025,10,7,15,8,臺中市,西屯區,0,2,0,7,2,6,30,4,1,1,5,4,6,6,3,1,10,5,5,2,15,3,10,3,1,B03,7,9,1,8,2,4,,24,24,1,12,4,120.645341,24.192849,2
2591,66000,387130000C,(04)23274275,(04)23288582,2025,10,7,15,10,臺中市,南屯區,0,0,0,7,3,6,50,13,9,1,5,4,6,6,1,1,3,4,5,2,13,,,,,B03,,,1,,1,,,7,7,1,12,4,120.637429,24.150225,3
2592,66000,387130000C,(04)23274275,(04)23288582,2025,10,7,15,14,臺中市,大雅區,0,1,0,7,1,6,70,13,9,1,5,4,6,6,4,4,1,5,5,1,12,3,10,3,1,B03,7,5,1,8,2,5,,84,84,1,12,4,120.637008,24.23465,2
2593,66000,387130000C,(04)23274275,(04)23288582,2025,10,7,15,17,臺中市,西區,0,0,0,7,,,50,,,,,,,,,,,,,,17,,,,,B03,,,1,,10,,,87,87,1,13,4,120.655613,24.143172,3
2594,66000,387130000C,(04)23274275,(04)23288582,2025,10,7,15,23,臺中市,中區,0,0,0,7,,,40,,,,,,,,,,,,,,,,,,,C03,,,1,,1,,,84,84,1,12,4,120.674268,24.142871,3
2595,66000,387130000C,(04)23274275,(04)23288582,2025,10,7,15,24,臺中市,南屯區,0,0,0,7,3,6,40,13,8,1,5,4,6,6,4,4,5,5,4,2,14,,,,,B03,,,1,,2,,,49,49,1,12,4,120.636479,24.145688,3
2596,66000,387130000C,(04)23274275,(04)23288582,2025,10,7,15,26,臺中市,梧棲區,0,0,0,7,,,50,,,,,,,,,,,,,,14,,,,,B11,,,1,,2,,,49,49,1,6,4,120.531665,24.268939,3
2597,66000,387130000C,(04)23274275,(04)23288582,2025,10,7,15,31,臺中市,潭子區,0,1,0,7,3,6,30,3,1,1,5,4,6,6,4,4,10,5,5,2,17,3,10,2,1,C03,7,6,1,10,2,11,,14,14,1,13,4,120.701928,24.225227,2
2598,66000,387130000C,(04)23274275,(04)23288582,2025,10,7,15,36,臺中市,南屯區,0,0,0,7,,,50,,,,,,,,,,,,,,17,,,,,B03,,,1,,1,,,56,56,1,13,4,120.647354,24.133859,3
2599,66000,387130000C,(04)23274275,(04)23288582,2025,10,7,15,39,臺中市,北區,0,1,0,7,2,6,40,13,7,1,5,4,6,6,4,4,1,4,4,2,17,2,9,5,4,C03,7,8,1,10,2,14,,40,40,1,13,4,120.677758,24.151272,2
2600,66000,387130000C,(04)23274275,(04)23288582,2025,10,7,15,44,臺中市,霧峰區,0,1,0,7,2,6,50,4,2,1,5,4,6,6,1,1,4,3,4,1,17,3,10,3,1,B03,7,5,1,8,2,5,,11,11,1,6,4,120.699636,24.059632,2
2601,66000,387130000C,(04)23274275,(04)23288582,2025,10,7,15,47,臺中市,豐原區,0,1,0,7,2,6,50,13,8,1,5,4,6,6,4,4,5,4,4,2,17,2,8,2,1,C03,7,11,1,10,2,11,,34,34,1,13,4,120.709834,24.25017,2
2602,66000,387130000C,(04)23274275,(04)23288582,2025,10,7,15,55,臺中市,大肚區,0,1,0,7,2,6,40,13,8,1,5,4,6,6,4,4,3,4,2,2,17,2,9,1,1,F03,7,9,7,21,2,14,,59,59,1,4,4,120.582324,24.171872,2
2603,66000,387130000C,(04)23274275,(04)23288582,2025,10,7,15,56,臺中市,大里區,0,1,0,7,2,6,50,4,1,1,5,4,6,6,1,1,10,5,5,2,16,3,10,3,1,B12,7,6,1,8,2,6,,11,11,1,12,4,120.694597,24.111591,2
2604,66000,387130000C,(04)23274275,(04)23288582,2025,10,7,16,0,臺中市,潭子區,0,0,0,7,,,50,,,,,,,,,,,,,,,,,,,B03,,,1,,2,,,35,35,1,12,4,120.701126,24.216249,4
2605,66000,387130000C,(04)23274275,(04)23288582,2025,10,7,16,1,臺中市,東區,0,0,0,7,,,50,,,,,,,,,,,,,,,,,,,B12,,,1,,9,,,8,8,1,6,4,120.693531,24.124293,3
2606,66000,387130000C,(04)23274275,(04)23288582,2025,10,7,16,1,臺中市,大甲區,0,0,0,7,,,50,,,,,,,,,,,,,,17,,,,,B03,,,1,,2,,,8,8,1,12,4,120.617161,24.351834,3
2607,66000,387130000C,(04)23274275,(04)23288582,2025,10,7,16,10,臺中市,南區,0,0,0,7,,,50,,,,,,,,,,,,,,13,,,,,B03,,,1,,1,,,84,84,1,12,4,120.658366,24.118129,3
2608,66000,387130000C,(04)23274275,(04)23288582,2025,10,7,16,10,臺中市,南屯區,0,1,0,7,1,6,50,4,1,1,5,4,6,6,2,1,10,5,5,2,13,2,9,1,1,C03,7,15,1,10,2,11,,7,7,1,6,4,120.6353,24.15106,2
2609,66000,387130000C,(04)23274275,(04)23288582,2025,10,7,16,10,臺中市,大甲區,0,0,0,7,,,60,,,,,,,,,,,,,,,,,,,B03,,,1,,1,,,59,59,1,6,4,120.622913,24.357075,3
2610,66000,387130000C,(04)23274275,(04)23288582,2025,10,7,16,12,臺中市,南屯區,0,3,0,7,2,6,50,4,2,1,5,4,6,6,1,1,5,4,4,2,17,2,9,2,1,C03,7,6,1,10,2,14,,48,48,1,12,4,120.649904,24.137869,2
2611,66000,387130000C,(04)23274275,(04)23288582,2025,10,7,16,14,臺中市,西屯區,0,2,0,7,2,6,40,13,8,1,5,4,6,6,4,4,1,4,1,2,13,2,9,5,4,C03,7,9,1,10,2,11,,7,7,1,13,4,120.638971,24.169718,2
2612,66000,387130000C,(04)23274275,(04)23288582,2025,10,7,16,17,臺中市,南屯區,0,1,0,7,3,6,30,13,9,1,5,4,6,6,4,4,10,5,5,2,12,3,10,3,1,B03,7,5,1,8,2,2,,84,84,1,12,4,120.61834,24.148628,2
2613,66000,387130000C,(04)23274275,(04)23288582,2025,10,7,16,17,臺中市,神岡區,0,1,0,7,1,6,50,4,1,1,5,4,6,6,1,1,5,5,5,1,16,3,10,5,4,B03,7,5,1,8,2,5,,84,84,1,12,4,120.661314,24.263413,2
2614,66000,387130000C,(04)23274275,(04)23288582,2025,10,7,16,21,臺中市,北屯區,0,0,0,7,,,50,,,,,,,,,,,,,,13,,,,,C03,,,1,,1,,,7,7,1,6,4,120.685871,24.176859,3
2615,66000,387130000C,(04)23274275,(04)23288582,2025,10,7,16,23,臺中市,太平區,0,0,0,7,,,50,,,,,,,,,,,,,,17,,,,,B03,,,1,,11,,,51,51,1,13,4,120.734372,24.121537,3
2616,66000,387130000C,(04)23274275,(04)23288582,2025,10,7,16,24,臺中市,潭子區,0,1,0,7,3,6,0,4,1,1,5,4,6,6,1,1,1,4,4,1,18,2,1,2,1,C03,7,9,1,10,2,14,,84,84,1,13,4,120.704998,24.215493,2
2617,66000,387130000C,(04)23274275,(04)23288582,2025,10,7,16,24,臺中市,南屯區,0,2,0,7,3,6,50,13,7,1,5,4,6,6,1,1,5,5,4,2,13,3,10,3,1,B03,7,9,1,8,2,1,,84,84,1,12,4,120.636786,24.153497,2
2618,66000,387130000C,(04)23274275,(04)23288582,2025,10,7,16,29,臺中市,南屯區,0,1,0,7,3,6,30,13,9,1,5,4,6,6,4,4,10,5,5,2,14,3,10,5,4,B03,7,2,1,8,1,6,7,49,49,1,13,4,120.60729,24.132373,2
2619,66000,387130000C,(04)23274275,(04)23288582,2025,10,7,16,30,臺中市,南區,0,0,0,7,,,50,,,,,,,,,,,,,,17,,,,,B12,,,1,,1,,,87,87,1,12,4,120.656021,24.123564,3
2620,66000,387130000C,(04)23274275,(04)23288582,2025,10,7,16,32,臺中市,大里區,0,0,0,7,,,50,,,,,,,,,,,,,,13,,,,,B02,,,1,,2,,,59,59,1,6,4,120.69666,24.110783,3
2621,66000,387130000C,(04)23274275,(04)23288582,2025,10,7,16,34,臺中市,東區,0,1,0,7,1,6,40,4,4,1,5,4,6,6,2,1,10,5,5,2,13,2,9,5,4,C03,7,9,1,10,2,11,,7,7,1,13,4,120.690351,24.126153,2
2622,66000,387130000C,(04)23274275,(04)23288582,2025,10,7,16,35,臺中市,南屯區,0,0,0,7,,,50,,,,,,,,,,,,,,,,,,,B03,,,1,,1,,,56,56,1,6,4,120.647309,24.123992,3
2623,66000,387130000C,(04)23274275,(04)23288582,2025,10,7,16,37,臺中市,西屯區,0,0,0,7,,,40,,,,,,,,,,,,,,13,,,,,B03,,,1,,1,,,7,7,1,12,4,120.615369,24.183119,3
2624,66000,387130000C,(04)23274275,(04)23288582,2025,10,7,16,37,臺中市,西屯區,0,1,0,7,2,6,50,13,9,1,5,4,6,6,4,4,5,4,5,2,13,2,9,1,4,C03,7,9,1,10,3,11,14,7,7,1,12,4,120.652373,24.160197,2
2625,66000,387130000C,(04)23274275,(04)23288582,2025,10,7,16,40,臺中市,北區,0,0,0,7,3,6,50,3,2,1,5,4,6,6,4,4,5,5,5,2,35,,,,,B02,,,1,,2,,,59,59,1,13,4,120.680854,24.151025,3
2626,66000,387130000C,(04)23274275,(04)23288582,2025,10,7,16,40,臺中市,豐原區,0,0,0,7,,,50,,,,,,,,,,,,,,17,,,,,B12,,,1,,2,,,8,8,1,12,4,120.712195,24.260489,3
2627,66000,387130000C,(04)23274275,(04)23288582,2025,10,7,16,44,臺中市,北區,0,1,0,7,3,6,50,13,9,1,5,4,6,6,1,1,5,4,5,2,17,3,10,3,1,B01,7,14,1,8,2,2,,87,87,1,6,4,120.668126,24.166574,2
2628,66000,387130000C,(04)23274275,(04)23288582,2025,10,7,16,44,臺中市,大里區,0,1,0,7,3,6,40,13,8,1,5,4,6,6,4,4,5,4,4,1,18,2,9,1,1,C03,7,9,1,10,2,14,,84,84,1,12,4,120.67406,24.097705,2
2629,66000,387130000C,(04)23274275,(04)23288582,2025,10,7,16,48,臺中市,南屯區,0,2,0,7,3,6,40,13,8,1,5,4,6,6,4,4,5,5,4,2,12,2,9,1,1,C03,7,1,1,10,2,14,,51,51,1,12,4,120.626145,24.113633,2
2630,66000,387130000C,(04)23274275,(04)23288582,2025,10,7,16,48,臺中市,南屯區,0,1,0,7,2,6,50,5,2,1,5,4,6,6,2,1,5,4,4,2,17,2,9,2,1,C03,7,9,1,10,2,11,,39,39,1,12,4,120.637724,24.142453,2
2631,66000,387130000C,(04)23274275,(04)23288582,2025,10,7,16,49,臺中市,西屯區,0,0,0,7,,,40,,,,,,,,,,,,,,13,,,,,C03,,,1,,1,,,7,7,1,13,4,120.606493,24.183522,3
2632,66000,387130000C,(04)23274275,(04)23288582,2025,10,7,16,49,臺中市,大里區,0,0,0,7,,,50,,,,,,,,,,,,,,13,,,,,B03,,,1,,2,,,7,7,1,12,4,120.681359,24.105238,3
2633,66000,387130000C,(04)23274275,(04)23288582,2025,10,7,16,50,臺中市,太平區,0,0,0,7,2,6,50,,,,,,,,,,,,,,,,,,,C03,,,1,,2,13,12,42,42,1,12,2,120.732827,24.134871,3
2634,66000,387130000C,(04)23274275,(04)23288582,2025,10,7,16,51,臺中市,霧峰區,0,1,0,7,2,6,60,13,7,1,5,4,6,6,4,4,3,4,4,1,13,2,9,1,1,C03,7,9,1,8,2,14,,59,59,1,6,4,120.693877,24.034649,2
2635,66000,387130000C,(04)23274275,(04)23288582,2025,10,7,16,53,臺中市,大里區,0,1,0,7,2,6,50,13,9,1,5,4,6,6,4,4,5,4,4,2,17,3,10,1,1,C03,7,5,1,10,2,16,,47,47,1,6,4,120.690942,24.112523,2
2636,66000,387130000C,(04)23274275,(04)23288582,2025,10,7,16,54,臺中市,霧峰區,0,0,0,7,,,50,,,,,,,,,,,,,,17,,,,,B03,,,1,,2,,,7,7,1,6,4,120.692814,24.047647,3
2637,66000,387130000C,(04)23274275,(04)23288582,2025,10,7,16,54,臺中市,太平區,0,0,0,7,,,30,,,,,,,,,,,,,,,,,,,B03,,,1,,2,,,84,84,1,6,4,120.732895,24.139435,3
2638,66000,387130000C,(04)23274275,(04)23288582,2025,10,7,16,55,臺中市,清水區,0,0,0,7,2,6,30,13,9,1,5,4,6,6,4,4,9,4,5,2,11,,,,,B03,,,1,,1,,,83,83,1,12,4,120.564569,24.258045,3
2639,66000,387130000C,(04)23274275,(04)23288582,2025,10,7,16,58,臺中市,大里區,0,2,0,7,3,6,30,13,9,1,5,4,6,6,4,4,10,5,5,2,17,2,9,1,1,C03,7,1,1,10,2,11,,51,51,1,12,4,120.675805,24.108772,2
2640,66000,387130000C,(04)23274275,(04)23288582,2025,10,7,16,59,臺中市,太平區,0,0,0,7,2,6,50,,,,,,,,,,,,,,,,,,,B12,,,1,,2,5,,7,7,1,12,4,120.713485,24.104735,3
2641,66000,387130000C,(04)23274275,(04)23288582,2025,10,7,17,0,臺中市,南屯區,0,0,0,7,,,,,,,,,,,,,,,,,,,,,,,,,,,,,,119,119,1,,,120.642663,24.146686,4
2642,66000,387130000C,(04)23274275,(04)23288582,2025,10,7,17,0,臺中市,北屯區,0,2,0,7,3,6,50,3,1,1,5,4,6,6,4,4,10,5,5,2,16,3,10,4,1,F01,7,1,7,21,9,14,,51,51,1,12,4,120.699374,24.178929,2
2643,66000,387130000C,(04)23274275,(04)23288582,2025,10,7,17,0,臺中市,豐原區,0,1,0,7,1,6,50,13,9,1,5,4,6,6,4,4,1,4,5,1,17,2,9,1,1,C03,7,9,1,10,2,11,,84,84,1,12,4,120.730011,24.255642,2
2644,66000,387130000C,(04)23274275,(04)23288582,2025,10,7,17,1,臺中市,南屯區,0,0,0,7,,,50,,,,,,,,,,,,,,17,,,,,B03,,,1,,2,,,50,50,1,13,4,120.612429,24.137905,3
2645,66000,387130000C,(04)23274275,(04)23288582,2025,10,7,17,6,臺中市,西屯區,0,1,0,7,2,6,50,3,2,1,5,4,6,6,2,1,1,4,5,2,12,3,10,5,4,B03,7,7,1,8,2,5,,40,40,1,13,4,120.594795,24.190813,2
2646,66000,387130000C,(04)23274275,(04)23288582,2025,10,7,17,8,臺中市,北屯區,0,2,0,7,2,6,30,13,7,1,5,4,6,6,4,4,10,4,4,2,3,2,9,6,5,H01,8,18,7,21,10,17,,95,95,1,12,5,120.693004,24.167603,2
2647,66000,387130000C,(04)23274275,(04)23288582,2025,10,7,17,12,臺中市,西區,0,0,0,7,,,50,,,,,,,,,,,,,,,,,,,B03,,,1,,1,,,87,87,1,12,4,120.681208,24.135405,3
2648,66000,387130000C,(04)23274275,(04)23288582,2025,10,7,17,18,臺中市,西屯區,0,0,0,7,,,50,,,,,,,,,,,,,,13,,,,,B03,,,1,,1,,,58,58,1,12,4,120.66175,24.165661,3
2649,66000,387130000C,(04)23274275,(04)23288582,2025,10,7,17,19,臺中市,大里區,0,1,0,7,2,6,50,13,9,1,5,4,6,6,4,4,5,5,5,1,14,3,10,3,1,B03,7,2,1,8,2,3,,49,49,1,6,4,120.694387,24.082619,2
2650,66000,387130000C,(04)23274275,(04)23288582,2025,10,7,17,20,臺中市,大雅區,0,2,0,7,1,6,50,13,9,1,5,4,6,6,4,4,5,5,5,2,9,2,9,1,1,C03,7,4,1,10,2,14,12,1,1,1,13,4,120.648089,24.222928,2
2651,66000,387130000C,(04)23274275,(04)23288582,2025,10,7,17,20,臺中市,西區,0,0,0,7,,,50,,,,,,,,,,,,,,13,,,,,B03,,,1,,2,,,7,7,1,13,4,120.655632,24.154807,3
2652,66000,387130000C,(04)23274275,(04)23288582,2025,10,7,17,21,臺中市,大里區,0,0,0,7,,,30,,,,,,,,,,,,,,,,,,,B03,,,1,,2,,,8,8,1,12,4,120.699265,24.09836,3
2653,66000,387130000C,(04)23274275,(04)23288582,2025,10,7,17,21,臺中市,太平區,0,0,0,7,,,50,,,,,,,,,,,,,,,,,,,C03,,,1,,2,,,48,48,1,6,4,120.706675,24.159352,3
2654,66000,387130000C,(04)23274275,(04)23288582,2025,10,7,17,21,臺中市,烏日區,0,1,0,7,2,6,50,4,2,1,5,4,6,6,4,4,5,5,4,2,13,2,8,5,4,C03,7,9,1,10,2,11,,7,7,1,12,4,120.634259,24.108509,2
2655,66000,387130000C,(04)23274275,(04)23288582,2025,10,7,17,22,臺中市,神岡區,0,0,0,7,,,50,,,,,,,,,,,,,,13,,,,,B03,,,1,,1,,,59,59,1,13,4,120.694281,24.248659,3
2656,66000,387130000C,(04)23274275,(04)23288582,2025,10,7,17,23,臺中市,北屯區,0,0,0,7,,,60,,,,,,,,,,,,,,13,,,,,B03,,,3,,1,,,84,84,1,12,4,120.719849,24.163045,3
2657,66000,387130000C,(04)23274275,(04)23288582,2025,10,7,17,24,臺中市,大里區,0,0,0,7,,,50,,,,,,,,,,,,,,17,,,,,B03,,,1,,2,,,8,8,1,12,4,120.689964,24.111082,3
2658,66000,387130000C,(04)23274275,(04)23288582,2025,10,7,17,24,臺中市,神岡區,0,0,0,7,,,30,,,,,,,,,,,,,,14,,,,,B03,,,1,,1,,,49,49,1,13,4,120.652662,24.26344,3
2659,66000,387130000C,(04)23274275,(04)23288582,2025,10,7,17,25,臺中市,北屯區,0,0,0,7,,,50,,,,,,,,,,,,,,12,,,,,B03,,,1,,1,,,40,40,1,13,4,120.693827,24.164936,3
2660,66000,387130000C,(04)23274275,(04)23288582,2025,10,7,17,27,臺中市,烏日區,0,1,0,7,2,6,50,4,1,1,5,4,6,6,1,1,10,5,5,2,13,2,9,2,1,C03,7,9,1,10,2,11,,7,7,1,6,4,120.644202,24.085706,2
2661,66000,387130000C,(04)23274275,(04)23288582,2025,10,7,17,28,臺中市,霧峰區,0,0,0,7,,,50,,,,,,,,,,,,,,,,,,,C03,,,3,,2,,,85,85,1,6,4,120.693079,24.073009,3
2662,66000,387130000C,(04)23274275,(04)23288582,2025,10,7,17,30,臺中市,南屯區,0,1,0,7,1,6,50,13,9,1,5,4,6,6,1,1,5,5,5,2,17,2,9,1,1,C03,7,9,1,10,2,14,,21,21,1,12,4,120.636388,24.141058,2
2663,66000,387130000C,(04)23274275,(04)23288582,2025,10,7,17,30,臺中市,西屯區,0,0,0,7,,,50,,,,,,,,,,,,,,13,,,,,C03,,,1,,1,,,7,7,1,12,4,120.655877,24.170443,3
2664,66000,387130000C,(04)23274275,(04)23288582,2025,10,7,17,30,臺中市,霧峰區,0,1,0,7,2,6,50,4,2,1,5,4,6,6,1,1,4,3,5,1,17,3,10,3,1,B02,7,9,1,8,7,1,,53,53,1,6,4,120.718448,24.078822,2
2665,66000,387130000C,(04)23274275,(04)23288582,2025,10,7,17,30,臺中市,太平區,0,0,0,7,2,6,40,,,,,,,,,,,,,,,,,,,C03,,,1,,9,16,,85,85,1,12,4,120.712678,24.142432,3
2666,66000,387130000C,(04)23274275,(04)23288582,2025,10,7,17,30,臺中市,沙鹿區,0,0,0,7,,,60,,,,,,,,,,,,,,13,,,,,B03,,,1,,1,,,7,7,1,12,4,120.622598,24.242341,4
2667,66000,387130000C,(04)23274275,(04)23288582,2025,10,7,17,31,臺中市,西區,0,2,0,7,2,6,50,5,1,1,5,4,6,6,2,1,10,5,5,2,16,2,9,2,1,C03,7,6,1,10,2,12,,11,11,1,12,4,120.661671,24.147885,2
2668,66000,387130000C,(04)23274275,(04)23288582,2025,10,7,17,32,臺中市,大雅區,0,1,0,7,3,6,50,13,9,1,5,4,6,6,4,4,5,2,5,1,17,3,10,3,1,B03,7,11,1,8,2,5,,45,45,1,12,4,120.605947,24.238008,2
2669,66000,387130000C,(04)23274275,(04)23288582,2025,10,7,17,32,臺中市,太平區,0,1,0,7,1,6,50,13,9,1,5,4,6,6,1,1,5,5,5,1,14,3,10,5,4,B03,7,2,1,8,2,3,,49,49,1,6,4,120.71661,24.115639,2
2670,66000,387130000C,(04)23274275,(04)23288582,2025,10,7,17,33,臺中市,南屯區,0,0,0,7,,,50,,,,,,,,,,,,,,13,,,,,C03,,,1,,1,,,7,7,1,13,4,120.613353,24.138925,3
2671,66000,387130000C,(04)23274275,(04)23288582,2025,10,7,17,40,臺中市,西屯區,0,0,0,7,,,50,,,,,,,,,,,,,,13,,,,,C03,,,1,,1,,,7,7,1,13,4,120.597834,24.164099,3
2672,66000,387130000C,(04)23274275,(04)23288582,2025,10,7,17,40,臺中市,后里區,0,1,0,7,2,6,30,3,2,1,5,4,6,6,4,4,5,5,5,2,16,3,10,3,1,B03,7,5,1,8,2,6,,84,84,1,12,4,120.701321,24.325077,2
2673,66000,387130000C,(04)23274275,(04)23288582,2025,10,7,17,43,臺中市,沙鹿區,0,0,0,7,,,60,,,,,,,,,,,,,,17,,,,,B03,,,1,,1,,,85,85,1,6,4,120.597347,24.250033,4
2674,66000,387130000C,(04)23274275,(04)23288582,2025,10,7,17,47,臺中市,沙鹿區,0,2,0,7,2,6,50,3,1,1,5,4,6,6,4,4,10,5,5,2,16,2,5,1,1,C03,7,6,1,10,2,13,14,14,14,1,12,4,120.565352,24.235679,2
2675,66000,387130000C,(04)23274275,(04)23288582,2025,10,7,17,48,臺中市,沙鹿區,0,1,0,7,2,6,50,13,9,1,5,4,6,6,4,4,1,4,5,2,30,2,8,5,1,F01,7,9,7,21,9,15,,59,59,1,13,4,120.572009,24.225893,2
2676,66000,387130000C,(04)23274275,(04)23288582,2025,10,7,17,49,臺中市,北屯區,0,0,0,7,,,50,,,,,,,,,,,,,,17,,,,,B03,,,1,,1,,,84,84,1,6,4,120.68348,24.201308,3
2677,66000,387130000C,(04)23274275,(04)23288582,2025,10,7,17,52,臺中市,西屯區,0,0,0,7,1,6,50,4,1,1,5,4,6,6,1,1,5,4,5,2,13,,,,,C02,,,1,,1,,,7,7,1,13,4,120.598379,24.204613,3
2678,66000,387130000C,(04)23274275,(04)23288582,2025,10,7,17,58,臺中市,西區,0,0,0,7,,,50,,,,,,,,,,,,,,,,,,,B03,,,1,,1,,,49,49,1,12,4,120.66999,24.134403,3
2679,66000,387130000C,(04)23274275,(04)23288582,2025,10,7,17,59,臺中市,北區,0,0,0,7,,,50,,,,,,,,,,,,,,13,,,,,B03,,,1,,2,,,59,59,1,12,4,120.698372,24.156729,3
2680,66000,387130000C,(04)23274275,(04)23288582,2025,10,7,18,0,臺中市,南屯區,0,0,0,7,,,50,,,,,,,,,,,,,,,,,,,B03,,,1,,1,,,7,7,1,6,4,120.618735,24.139659,3
2681,66000,387130000C,(04)23274275,(04)23288582,2025,10,7,18,1,臺中市,神岡區,0,1,0,7,1,6,50,13,11,1,5,4,6,6,4,4,9,4,4,1,16,3,10,5,4,B03,7,5,1,8,2,2,,20,20,1,12,4,120.643549,24.285127,2
2682,66000,387130000C,(04)23274275,(04)23288582,2025,10,7,18,4,臺中市,西屯區,0,0,0,7,,,50,,,,,,,,,,,,,,13,,,,,C03,,,1,,1,,,59,59,1,12,4,120.647056,24.165648,3
2683,66000,387130000C,(04)23274275,(04)23288582,2025,10,7,18,5,臺中市,西屯區,0,1,0,7,1,6,50,4,1,1,5,4,6,6,1,1,3,4,5,2,16,2,8,1,1,C03,7,9,1,10,1,12,,7,7,1,12,4,120.620614,24.184046,2
2684,66000,387130000C,(04)23274275,(04)23288582,2025,10,7,18,5,臺中市,大里區,0,1,0,7,1,6,50,13,9,1,5,4,6,6,4,4,1,4,4,1,17,3,10,3,1,B03,7,9,1,8,2,6,,85,85,1,6,4,120.69054,24.100698,2
2685,66000,387130000C,(04)23274275,(04)23288582,2025,10,7,18,5,臺中市,沙鹿區,0,0,0,7,1,6,30,13,9,1,5,4,6,6,4,4,10,5,5,2,27,,,,,B13,,,1,,2,,,50,50,1,12,4,120.576664,24.213792,3
2686,66000,387130000C,(04)23274275,(04)23288582,2025,10,7,18,7,臺中市,西屯區,0,0,0,7,,,30,,,,,,,,,,,,,,14,,,,,B03,,,1,,1,,,49,49,1,12,4,120.617699,24.164056,4
2687,66000,387130000C,(04)23274275,(04)23288582,2025,10,7,18,8,臺中市,烏日區,0,0,0,7,,,30,,,,,,,,,,,,,,17,,,,,B03,,,1,,1,,,8,8,1,6,4,120.642415,24.11151,3
2688,66000,387130000C,(04)23274275,(04)23288582,2025,10,7,18,10,臺中市,西屯區,0,0,0,7,,3,80,,,,,,,,,,,,,,12,,,,,B03,,,1,,2,,,43,43,1,13,4,120.633047,24.171873,3
2689,66000,387130000C,(04)23274275,(04)23288582,2025,10,7,18,12,臺中市,南區,0,1,0,7,1,6,50,3,1,1,5,4,6,6,1,1,10,5,5,2,13,2,9,2,1,C03,7,9,1,10,2,11,,84,84,1,12,4,120.651786,24.121732,2
2690,66000,387130000C,(04)23274275,(04)23288582,2025,10,7,18,13,臺中市,西區,0,0,0,7,,,50,,,,,,,,,,,,,,,,,,,C03,,,1,,1,,,84,84,1,12,4,120.662421,24.15537,3
2691,66000,387130000C,(04)23274275,(04)23288582,2025,10,7,18,15,臺中市,后里區,0,0,0,7,,,50,,,,,,,,,,,,,,,,,,,,,,,,,,,86,86,1,,,120.724674,24.323789,3
2692,66000,387130000C,(04)23274275,(04)23288582,2025,10,7,18,17,臺中市,大雅區,0,1,0,7,1,6,50,13,9,1,5,4,6,6,4,4,5,5,5,1,12,2,7,1,1,F03,7,9,7,21,2,11,,8,8,1,13,4,120.648002,24.222757,2
2693,66000,387130000C,(04)23274275,(04)23288582,2025,10,7,18,18,臺中市,南屯區,0,0,0,7,,,50,,,,,,,,,,,,,,,,,,,B03,,,1,,1,,,59,59,1,12,4,120.633034,24.157892,3
2694,66000,387130000C,(04)23274275,(04)23288582,2025,10,7,18,18,臺中市,北屯區,0,0,0,7,,,50,,,,,,,,,,,,,,13,,,,,B03,,,1,,1,,,7,7,1,13,4,120.685758,24.177273,3
2695,66000,387130000C,(04)23274275,(04)23288582,2025,10,7,18,20,臺中市,大雅區,0,0,0,7,,,50,,,,,,,,,,,,,,,,,,,B03,,,1,,1,,,7,7,1,12,4,120.654428,24.229621,3
2696,66000,387130000C,(04)23274275,(04)23288582,2025,10,7,18,23,臺中市,清水區,0,0,0,7,,,50,,,,,,,,,,,,,,12,,,,,B03,,,1,,2,,,34,34,1,13,4,120.558063,24.277905,3
2697,66000,387130000C,(04)23274275,(04)23288582,2025,10,7,18,26,臺中市,神岡區,0,1,0,7,2,6,40,13,9,1,5,4,6,6,4,4,10,5,5,1,17,2,9,5,4,F02,7,1,7,21,2,14,,51,51,1,13,4,120.676294,24.263922,2
2698,66000,387130000C,(04)23274275,(04)23288582,2025,10,7,18,29,臺中市,大肚區,0,3,0,7,1,6,50,13,14,1,5,4,6,6,4,4,9,5,5,1,2,2,9,1,1,C03,7,9,1,10,2,11,,59,59,1,6,4,120.573338,24.158001,2
2699,66000,387130000C,(04)23274275,(04)23288582,2025,10,7,18,30,臺中市,北區,0,1,0,7,1,6,50,4,1,1,5,4,6,6,1,1,10,5,5,2,16,2,9,5,4,C03,7,6,1,10,2,12,,11,11,1,13,4,120.682585,24.167007,2