序號,縣市別代碼,機關代碼,市話,傳真,年,月,日,時,分,縣市,區,死亡數量,受傷數量,2-30,天候,道路照明設備,道路類別,道路速限,道路型態,事故位置,路面鋪裝,路面狀態,路面缺陷,障礙物,視距,號誌種類,號誌動作,分向設施,快車道或一般車道間,快慢車道間,路面邊線,事故類型及型態,受傷程度,主要傷處,保護裝備,行動電話或功能裝置,當事者區分(類別),車輛用途,當事者行動狀態,駕照狀態,駕照種類,飲酒情形,車輛撞擊部位最初,車輛撞擊部位其他,肇事因素個別,肇事因素主要,肇事逃逸,職業,共享經濟或外送平台,GPS座標X,GPS座標Y,事故類別
2925,66000,387130000C,(04)23274275,(04)23288582,2025,10,8,11,57,臺中市,西區,0,2,0,7,2,6,50,4,1,1,5,4,6,6,4,4,10,5,5,2,17,2,9,1,1,C03,7,9,1,10,2,11,,15,15,1,12,4,120.659658,24.152648,2
2926,66000,387130000C,(04)23274275,(04)23288582,2025,10,8,12,1,臺中市,大雅區,0,0,0,7,,,30,,,,,,,,,,,,,,,,,,,B03,,,1,,2,,,84,84,1,13,4,120.653191,24.218115,3
2927,66000,387130000C,(04)23274275,(04)23288582,2025,10,8,12,3,臺中市,南屯區,0,1,0,7,1,6,50,13,8,1,5,4,6,6,4,4,1,4,4,2,12,3,10,5,4,B12,7,7,1,8,2,2,,40,40,1,13,4,120.637783,24.151261,2
2928,66000,387130000C,(04)23274275,(04)23288582,2025,10,8,12,5,臺中市,北屯區,0,0,0,7,,,50,,,,,,,,,,,,,,,,,,,,,,,,,,,119,119,1,,,120.724963,24.160128,3
2929,66000,387130000C,(04)23274275,(04)23288582,2025,10,8,12,7,臺中市,霧峰區,0,0,0,7,,,50,,,,,,,,,,,,,,,,,,,B12,,,1,,2,,,47,47,1,12,4,120.699506,24.07103,3
2930,66000,387130000C,(04)23274275,(04)23288582,2025,10,8,12,8,臺中市,西區,0,0,0,7,,,40,,,,,,,,,,,,,,,,,,,B03,,,1,,2,,,40,40,1,6,4,120.658373,24.158042,3
2931,66000,387130000C,(04)23274275,(04)23288582,2025,10,8,12,10,臺中市,北區,0,1,0,7,2,6,50,13,9,1,5,4,6,6,4,4,1,4,5,2,13,2,3,1,1,C03,7,8,1,10,2,11,,7,7,1,12,4,120.671496,24.173684,2
2932,66000,387130000C,(04)23274275,(04)23288582,2025,10,8,12,15,臺中市,北屯區,0,0,0,7,,,50,,,,,,,,,,,,,,,,,,,B03,,,1,,1,,,84,84,1,12,4,120.711867,24.181835,3
2933,66000,387130000C,(04)23274275,(04)23288582,2025,10,8,12,15,臺中市,太平區,0,0,0,7,,,40,,,,,,,,,,,,,,17,,,,,B12,,,1,,1,,,84,84,1,12,4,120.717642,24.152443,3
2934,66000,387130000C,(04)23274275,(04)23288582,2025,10,8,12,21,臺中市,南屯區,0,2,0,7,2,6,60,4,1,1,5,4,6,6,2,1,7,4,5,2,16,2,7,1,1,C03,7,6,1,10,1,11,,11,11,1,5,4,120.609707,24.138486,2
2935,66000,387130000C,(04)23274275,(04)23288582,2025,10,8,12,22,臺中市,梧棲區,0,0,0,7,,,50,,,,,,,,,,,,,,14,,,,,B12,,,1,,1,,,49,49,1,12,4,120.531533,24.257206,3
2936,66000,387130000C,(04)23274275,(04)23288582,2025,10,8,12,23,臺中市,烏日區,0,0,0,7,,,30,,,,,,,,,,,,,,,,,,,B03,,,1,,2,,,8,8,1,12,4,120.637532,24.108206,3
2937,66000,387130000C,(04)23274275,(04)23288582,2025,10,8,12,24,臺中市,南屯區,0,0,0,7,2,6,40,13,9,1,5,4,6,6,1,1,8,3,5,1,12,3,10,1,1,C03,7,9,1,10,7,14,,8,8,1,12,4,120.653519,24.136794,3
2938,66000,387130000C,(04)23274275,(04)23288582,2025,10,8,12,26,臺中市,東勢區,0,0,0,7,,,50,,,,,,,,,,,,,,12,,,,,A12,,,1,,1,,,75,75,1,13,4,120.827792,24.260222,3
2939,66000,387130000C,(04)23274275,(04)23288582,2025,10,8,12,28,臺中市,北屯區,0,0,0,7,,,50,,,,,,,,,,,,,,,,,,,B03,,,1,,2,,,84,84,1,13,4,120.671641,24.178145,3
2940,66000,387130000C,(04)23274275,(04)23288582,2025,10,8,12,31,臺中市,北屯區,0,1,0,7,2,6,50,3,1,1,5,4,6,6,4,4,10,5,5,2,16,3,10,3,1,A12,7,5,1,7,2,6,,65,65,1,6,4,120.703891,24.179152,2
2941,66000,387130000C,(04)23274275,(04)23288582,2025,10,8,12,34,臺中市,后里區,0,1,0,7,2,6,50,13,14,1,5,4,6,6,4,4,5,4,4,1,14,3,10,3,1,B03,7,2,1,8,2,3,,49,49,1,6,4,120.72862,24.325886,2
2942,66000,387130000C,(04)23274275,(04)23288582,2025,10,8,12,35,臺中市,北屯區,0,1,0,7,3,6,50,3,1,1,5,4,6,6,4,4,10,5,5,2,16,3,10,3,1,B03,7,5,1,8,2,2,,11,11,1,6,4,120.706426,24.166087,2
2943,66000,387130000C,(04)23274275,(04)23288582,2025,10,8,12,35,臺中市,北屯區,0,0,0,7,,,50,,,,,,,,,,,,,,13,,,,,C03,,,1,,1,,,7,7,1,6,4,120.704567,24.186493,3
2944,66000,387130000C,(04)23274275,(04)23288582,2025,10,8,12,46,臺中市,石岡區,0,1,0,7,2,6,70,3,2,1,5,4,6,6,4,4,10,4,4,1,13,2,9,5,4,C03,7,9,1,10,2,11,,59,59,1,13,4,120.780065,24.274134,2
2945,66000,387130000C,(04)23274275,(04)23288582,2025,10,8,12,51,臺中市,豐原區,0,1,0,7,2,6,50,11,9,4,5,4,6,6,4,4,10,5,5,2,10,2,7,1,1,C03,7,9,1,10,2,14,,41,41,1,12,2,120.739408,24.266942,2
2946,66000,387130000C,(04)23274275,(04)23288582,2025,10,8,13,1,臺中市,南屯區,0,0,0,7,,,50,,,,,,,,,,,,,,13,,,,,B03,,,1,,1,,,7,7,1,13,4,120.652718,24.153347,4
2947,66000,387130000C,(04)23274275,(04)23288582,2025,10,8,13,3,臺中市,大甲區,0,1,0,7,2,6,60,13,12,1,5,4,6,6,4,4,1,4,4,1,16,3,10,3,1,B03,7,5,1,8,2,2,,47,47,1,6,4,120.617064,24.345743,2
2948,66000,387130000C,(04)23274275,(04)23288582,2025,10,8,13,6,臺中市,龍井區,0,0,0,7,,,50,,,,,,,,,,,,,,14,,,,,A32,,,1,,1,,,49,49,1,6,4,120.564676,24.192298,3
2949,66000,387130000C,(04)23274275,(04)23288582,2025,10,8,13,7,臺中市,太平區,0,2,0,7,3,6,50,5,2,1,5,4,6,6,4,4,5,4,5,2,16,3,10,1,1,C03,7,9,1,10,2,13,,84,84,1,12,4,120.710862,24.126389,2
2950,66000,387130000C,(04)23274275,(04)23288582,2025,10,8,13,10,臺中市,北屯區,0,1,0,7,2,6,50,5,1,1,5,4,6,6,2,1,10,5,5,2,12,3,10,2,1,C03,7,9,1,10,2,11,,84,84,1,12,4,120.690303,24.183629,2
2951,66000,387130000C,(04)23274275,(04)23288582,2025,10,8,13,12,臺中市,大里區,0,2,0,7,3,6,50,4,2,1,5,4,6,6,1,1,5,5,4,1,17,2,8,1,1,C03,7,6,1,10,2,12,,34,34,1,12,4,120.703127,24.090008,2
2952,66000,387130000C,(04)23274275,(04)23288582,2025,10,8,13,19,臺中市,東區,0,0,0,7,,,30,,,,,,,,,,,,,,12,,,,,B13,,,1,,1,,,84,84,1,12,4,120.695814,24.15053,3
2953,66000,387130000C,(04)23274275,(04)23288582,2025,10,8,13,20,臺中市,清水區,0,0,0,7,,,50,,,,,,,,,,,,,,,,,,,B03,,,1,,1,,,50,50,1,12,4,120.578712,24.2701,3
2954,66000,387130000C,(04)23274275,(04)23288582,2025,10,8,13,20,臺中市,沙鹿區,0,1,0,7,2,6,50,3,9,1,5,4,6,6,3,1,4,5,5,2,12,3,10,3,1,B03,7,11,1,8,2,1,,45,45,1,12,4,120.569156,24.244605,2
2955,66000,387130000C,(04)23274275,(04)23288582,2025,10,8,13,21,臺中市,北區,0,0,0,7,,,50,,,,,,,,,,,,,,,,,,,C03,,,1,,1,,,7,7,1,13,4,120.691723,24.160167,3
2956,66000,387130000C,(04)23274275,(04)23288582,2025,10,8,13,25,臺中市,西屯區,0,0,0,7,,,50,,,,,,,,,,,,,,,,,,,B03,,,1,,1,,,59,59,1,13,4,120.604215,24.186387,3
2957,66000,387130000C,(04)23274275,(04)23288582,2025,10,8,13,31,臺中市,北屯區,0,1,0,7,1,6,50,4,2,1,5,4,6,6,1,1,5,4,4,2,13,2,9,1,1,C03,7,6,1,10,2,11,,85,85,1,13,4,120.660546,24.188796,2
2958,66000,387130000C,(04)23274275,(04)23288582,2025,10,8,13,32,臺中市,太平區,0,1,0,7,2,6,50,3,1,1,5,4,6,6,3,1,10,5,5,2,16,3,10,5,4,A11,7,6,1,1,2,5,,11,11,1,12,4,120.732601,24.115213,2
2959,66000,387130000C,(04)23274275,(04)23288582,2025,10,8,13,35,臺中市,潭子區,0,0,0,7,,,50,,,,,,,,,,,,,,,,,,,C03,,,1,,2,,,84,84,1,13,4,120.706366,24.207025,3
2960,66000,387130000C,(04)23274275,(04)23288582,2025,10,8,13,35,臺中市,西屯區,0,0,0,7,,,50,,,,,,,,,,,,,,,,,,,B03,,,1,,2,,,8,8,1,11,4,120.622418,24.186226,3
2961,66000,387130000C,(04)23274275,(04)23288582,2025,10,8,13,39,臺中市,沙鹿區,0,0,0,7,,,50,,,,,,,,,,,,,,,,,,,B12,,,1,,2,,,7,7,1,6,4,120.570113,24.217512,3
2962,66000,387130000C,(04)23274275,(04)23288582,2025,10,8,13,40,臺中市,西區,0,0,0,7,,,54,,,,,,,,,,,,,,17,,,,,B03,,,1,,9,,,85,85,1,12,4,120.667759,24.150112,3
2963,66000,387130000C,(04)23274275,(04)23288582,2025,10,8,13,46,臺中市,大里區,0,0,0,7,,,50,,,,,,,,,,,,,,30,,,,,B03,,,1,,1,,,84,84,1,6,4,120.678918,24.084405,3
2964,66000,387130000C,(04)23274275,(04)23288582,2025,10,8,13,47,臺中市,西區,0,1,0,7,2,6,50,4,1,1,5,4,6,6,1,1,10,5,5,2,17,3,10,1,1,C03,7,9,1,10,2,11,,7,7,1,12,4,120.660201,24.15084,2
2965,66000,387130000C,(04)23274275,(04)23288582,2025,10,8,13,50,臺中市,大雅區,0,1,0,7,1,6,60,4,1,1,5,4,6,6,1,1,1,5,5,1,17,3,10,3,1,B12,7,5,1,8,2,2,,84,84,1,13,4,120.650233,24.211954,2
2966,66000,387130000C,(04)23274275,(04)23288582,2025,10,8,13,50,臺中市,清水區,0,0,0,7,,,70,,,,,,,,,,,,,,17,,,,,B12,,,1,,2,,,7,7,1,12,4,120.5671,24.297706,3
2967,66000,387130000C,(04)23274275,(04)23288582,2025,10,8,14,3,臺中市,西屯區,0,1,0,7,2,6,50,4,1,1,5,4,6,6,1,1,10,5,5,2,12,3,10,3,4,B03,7,5,1,8,1,2,,47,47,1,13,4,120.66058,24.164191,2
2968,66000,387130000C,(04)23274275,(04)23288582,2025,10,8,14,4,臺中市,梧棲區,0,1,0,7,3,6,60,13,9,1,5,4,6,6,1,1,1,2,5,1,13,2,7,3,1,B03,7,9,1,8,2,1,,84,84,1,6,4,120.536159,24.250291,2
2969,66000,387130000C,(04)23274275,(04)23288582,2025,10,8,14,9,臺中市,北屯區,0,0,0,7,,,50,,,,,,,,,,,,,,,,,,,B03,,,1,,2,,,84,84,1,12,4,120.709404,24.178211,3
2970,66000,387130000C,(04)23274275,(04)23288582,2025,10,8,14,13,臺中市,西區,0,2,0,7,3,6,50,3,1,1,5,4,6,6,4,4,10,5,5,2,12,2,9,1,1,F01,7,1,7,21,2,11,,51,51,1,6,4,120.664012,24.132867,2
2971,66000,387130000C,(04)23274275,(04)23288582,2025,10,8,14,14,臺中市,豐原區,0,1,0,7,3,6,40,3,1,1,5,4,6,6,1,1,1,4,4,1,13,2,9,1,4,C03,7,9,1,10,2,11,,7,7,1,12,4,120.751471,24.270711,2
2972,66000,387130000C,(04)23274275,(04)23288582,2025,10,8,14,16,臺中市,西屯區,0,1,0,7,2,6,50,5,1,1,5,4,6,6,2,1,4,4,5,2,16,3,10,5,4,C03,7,9,1,10,8,11,,53,53,1,13,4,120.618859,24.178962,2
2973,66000,387130000C,(04)23274275,(04)23288582,2025,10,8,14,26,臺中市,大里區,0,1,0,7,1,6,50,13,9,1,5,4,6,6,4,4,5,5,5,2,11,3,10,3,1,B03,7,9,1,8,2,8,,42,42,1,13,4,120.707782,24.102841,2
2974,66000,387130000C,(04)23274275,(04)23288582,2025,10,8,14,30,臺中市,北屯區,0,0,0,7,,,50,,,,,,,,,,,,,,14,,,,,B03,,,1,,1,,,49,49,1,12,4,120.692013,24.182689,3
2975,66000,387130000C,(04)23274275,(04)23288582,2025,10,8,14,30,臺中市,烏日區,0,1,0,7,2,6,50,3,1,1,5,4,6,6,4,4,10,5,5,2,17,3,10,5,4,B03,7,5,1,8,2,6,,14,14,1,12,4,120.62247,24.106443,2
2976,66000,387130000C,(04)23274275,(04)23288582,2025,10,8,14,32,臺中市,北屯區,0,1,0,7,2,6,50,13,9,1,5,4,6,6,4,4,5,4,5,2,17,2,8,1,2,C03,7,9,1,10,1,12,,61,61,1,6,4,120.711935,24.172435,2
2977,66000,387130000C,(04)23274275,(04)23288582,2025,10,8,14,35,臺中市,西屯區,0,0,0,7,,,60,,,,,,,,,,,,,,12,,,,,B03,,,1,,1,,,8,8,1,12,4,120.64706,24.164066,3
2978,66000,387130000C,(04)23274275,(04)23288582,2025,10,8,14,36,臺中市,南區,0,2,0,7,2,6,30,4,1,1,5,4,6,6,4,4,10,5,5,2,15,2,9,1,1,C03,7,9,1,10,2,11,,15,15,1,12,4,120.664428,24.119739,2
2979,66000,387130000C,(04)23274275,(04)23288582,2025,10,8,14,42,臺中市,北屯區,0,1,0,7,3,6,50,13,8,1,5,4,6,6,4,4,3,5,4,2,12,3,10,3,1,B03,7,7,1,8,2,6,,40,40,1,6,4,120.669167,24.177806,2
2980,66000,387130000C,(04)23274275,(04)23288582,2025,10,8,14,49,臺中市,西區,0,1,0,7,2,6,50,3,24,1,5,4,6,6,1,1,1,4,5,2,17,3,10,3,1,B03,7,5,1,8,2,2,,14,14,1,12,4,120.661008,24.159263,2
2981,66000,387130000C,(04)23274275,(04)23288582,2025,10,8,14,55,臺中市,北區,0,0,0,7,,,50,,,,,,,,,,,,,,17,,,,,B03,,,1,,1,,,7,7,1,13,4,120.674663,24.14682,3
2982,66000,387130000C,(04)23274275,(04)23288582,2025,10,8,14,55,臺中市,北區,0,0,0,7,,,30,,,,,,,,,,,,,,15,,,,,B03,,,1,,1,,,15,15,1,13,4,120.680057,24.151494,3
2983,66000,387130000C,(04)23274275,(04)23288582,2025,10,8,14,56,臺中市,大雅區,0,0,0,7,,,40,,,,,,,,,,,,,,,,,,,B03,,,1,,2,,,84,84,1,12,4,120.631053,24.240008,3
2984,66000,387130000C,(04)23274275,(04)23288582,2025,10,8,15,0,臺中市,梧棲區,0,1,0,7,3,6,50,13,9,1,5,4,6,6,4,4,1,4,5,1,13,2,9,1,1,C03,7,9,1,10,2,11,,59,59,1,6,4,120.551264,24.238379,2
2985,66000,387130000C,(04)23274275,(04)23288582,2025,10,8,15,2,臺中市,西屯區,0,0,0,7,,,30,,,,,,,,,,,,,,,,,,,C03,,,1,,1,,,20,20,1,12,4,120.624505,24.197777,3
2986,66000,387130000C,(04)23274275,(04)23288582,2025,10,8,15,3,臺中市,大里區,0,0,0,7,,,25,,,,,,,,,,,,,,12,,,,,C02,,,1,,1,,,8,8,1,6,4,120.697844,24.110931,3
2987,66000,387130000C,(04)23274275,(04)23288582,2025,10,8,15,4,臺中市,豐原區,0,0,0,7,,,50,,,,,,,,,,,,,,17,,,,,B11,,,1,,2,,,50,50,1,12,4,120.72594,24.246645,3
2988,66000,387130000C,(04)23274275,(04)23288582,2025,10,8,15,5,臺中市,北屯區,0,0,0,7,,,50,,,,,,,,,,,,,,15,,,,,B03,,,1,,2,,,15,15,1,12,4,120.725371,24.165362,3
2989,66000,387130000C,(04)23274275,(04)23288582,2025,10,8,15,8,臺中市,西區,0,0,0,7,,,50,,,,,,,,,,,,,,15,,,,,B11,,,1,,1,,,15,15,1,13,4,120.662646,24.13515,3
2990,66000,387130000C,(04)23274275,(04)23288582,2025,10,8,15,9,臺中市,北屯區,0,0,0,7,,,40,,,,,,,,,,,,,,17,,,,,B02,,,3,,2,,,12,12,1,6,4,120.721083,24.178891,3
2991,66000,387130000C,(04)23274275,(04)23288582,2025,10,8,15,14,臺中市,北屯區,0,3,0,7,3,6,50,4,1,1,5,4,6,6,4,4,10,5,5,2,15,2,9,2,1,C03,7,9,3,19,2,14,,12,12,1,12,4,120.701194,24.185849,2
2992,66000,387130000C,(04)23274275,(04)23288582,2025,10,8,15,14,臺中市,太平區,0,1,0,7,2,6,50,4,3,1,5,4,6,6,2,1,10,5,5,2,14,3,10,3,1,B03,7,2,1,8,2,7,,49,49,1,12,4,120.710678,24.140807,2
2993,66000,387130000C,(04)23274275,(04)23288582,2025,10,8,15,17,臺中市,霧峰區,0,1,0,7,2,6,50,4,1,1,5,4,6,6,2,1,10,5,5,2,17,3,10,5,4,B03,7,5,1,8,2,5,,84,84,1,13,4,120.699264,24.068778,2
2994,66000,387130000C,(04)23274275,(04)23288582,2025,10,8,15,18,臺中市,北區,0,0,0,7,,,50,,,,,,,,,,,,,,17,,,,,B01,,,1,,1,,,8,8,1,13,4,120.680442,24.149213,3
2995,66000,387130000C,(04)23274275,(04)23288582,2025,10,8,15,19,臺中市,西區,0,0,0,7,,,40,,,,,,,,,,,,,,,,,,,B03,,,1,,2,,,84,84,1,12,4,120.66588,24.151902,3
2996,66000,387130000C,(04)23274275,(04)23288582,2025,10,8,15,19,臺中市,西屯區,0,0,0,7,,,40,,,,,,,,,,,,,,13,,,,,B03,,,1,,2,,,7,7,1,13,4,120.65785,24.158256,3
2997,66000,387130000C,(04)23274275,(04)23288582,2025,10,8,15,23,臺中市,北屯區,0,0,0,7,,,50,,,,,,,,,,,,,,,,,,,B03,,,1,,1,,,84,84,1,13,4,120.699062,24.168325,3
2998,66000,387130000C,(04)23274275,(04)23288582,2025,10,8,15,24,臺中市,潭子區,0,0,0,7,,,50,,,,,,,,,,,,,,,,,,,B12,,,1,,2,,,50,50,1,12,4,120.696716,24.216097,3
2999,66000,387130000C,(04)23274275,(04)23288582,2025,10,8,15,24,臺中市,北屯區,0,1,0,7,1,6,50,3,2,1,5,4,6,6,4,4,3,4,4,2,12,3,10,3,1,B03,7,5,1,8,2,2,,20,20,1,13,4,120.684,24.181634,2
3000,66000,387130000C,(04)23274275,(04)23288582,2025,10,8,15,25,臺中市,南區,0,0,0,7,,,50,,,,,,,,,,,,,,,,,,,B03,,,1,,2,,,84,84,1,13,4,120.655014,24.115412,3
3001,66000,387130000C,(04)23274275,(04)23288582,2025,10,8,15,30,臺中市,西屯區,0,0,0,7,,,50,,,,,,,,,,,,,,13,,,,,B03,,,1,,2,,,7,7,1,12,4,120.645191,24.162759,3
3002,66000,387130000C,(04)23274275,(04)23288582,2025,10,8,15,30,臺中市,烏日區,0,0,0,7,,,70,,,,,,,,,,,,,,17,,,,,B03,,,1,,1,,,87,87,1,6,4,120.604842,24.109424,3
3003,66000,387130000C,(04)23274275,(04)23288582,2025,10,8,15,35,臺中市,北屯區,0,0,0,7,,,,,,,,,,,,,,,,,17,,,,,,,,,,,,,119,119,1,,,120.709408,24.168054,3
3004,66000,387130000C,(04)23274275,(04)23288582,2025,10,8,15,40,臺中市,外埔區,0,0,0,7,,,50,,,,,,,,,,,,,,16,,,,,B03,,,1,,2,,,51,51,1,12,4,120.638642,24.341508,3
3005,66000,387130000C,(04)23274275,(04)23288582,2025,10,8,15,45,臺中市,清水區,0,0,0,7,2,6,50,13,8,1,5,4,6,6,4,4,8,3,4,2,12,,,,,B03,,,1,,1,,,7,7,1,12,4,120.575128,24.267861,3
3006,66000,387130000C,(04)23274275,(04)23288582,2025,10,8,15,49,臺中市,豐原區,0,0,0,7,,,50,,,,,,,,,,,,,,12,,,,,C03,,,1,,2,,,8,8,1,13,4,120.744703,24.264533,3
3007,66000,387130000C,(04)23274275,(04)23288582,2025,10,8,15,51,臺中市,太平區,0,0,0,7,,,50,,,,,,,,,,,,,,,,,,,B12,,,1,,1,,,59,59,1,12,4,120.713413,24.124454,3
3008,66000,387130000C,(04)23274275,(04)23288582,2025,10,8,16,0,臺中市,西區,0,0,0,7,,,50,,,,,,,,,,,,,,,,,,,B03,,,1,,1,,,85,85,1,6,4,120.653812,24.155266,3
3009,66000,387130000C,(04)23274275,(04)23288582,2025,10,8,16,0,臺中市,北屯區,0,0,0,7,,,50,,,,,,,,,,,,,,13,,,,,B03,,,1,,1,,,58,58,1,6,4,120.666764,24.180246,3
3010,66000,387130000C,(04)23274275,(04)23288582,2025,10,8,16,2,臺中市,烏日區,0,1,0,7,2,6,30,4,2,1,5,4,6,6,4,4,10,5,5,2,12,3,10,3,1,B12,7,5,1,8,2,2,,20,20,1,6,4,120.650956,24.072803,2
3011,66000,387130000C,(04)23274275,(04)23288582,2025,10,8,16,4,臺中市,北屯區,0,0,0,7,,,50,,,,,,,,,,,,,,,,,,,B12,,,1,,9,,,84,84,1,12,4,120.719758,24.179643,4
3012,66000,387130000C,(04)23274275,(04)23288582,2025,10,8,16,7,臺中市,潭子區,0,2,0,7,3,6,60,3,1,1,5,4,6,6,1,1,1,4,4,1,17,3,10,3,1,B03,7,9,1,8,2,1,,84,84,1,13,4,120.705226,24.209328,2
3013,66000,387130000C,(04)23274275,(04)23288582,2025,10,8,16,11,臺中市,西區,0,0,0,7,,,50,,,,,,,,,,,,,,,,,,,B03,,,1,,1,,,11,11,1,13,4,120.669371,24.138985,3
3014,66000,387130000C,(04)23274275,(04)23288582,2025,10,8,16,12,臺中市,大甲區,0,0,0,7,,,50,,,,,,,,,,,,,,,,,,,B03,,,1,,2,,,45,45,1,6,4,120.622159,24.344587,3
3015,66000,387130000C,(04)23274275,(04)23288582,2025,10,8,16,15,臺中市,太平區,0,0,0,7,2,6,30,,,,,,,,,,,,,,,,,,,B03,,,1,,2,2,,84,84,1,12,4,120.71995,24.128908,3
3016,66000,387130000C,(04)23274275,(04)23288582,2025,10,8,16,17,臺中市,沙鹿區,0,0,0,7,,,50,,,,,,,,,,,,,,,,,,,C03,,,1,,2,,,84,84,1,13,4,120.565592,24.232307,3
3017,66000,387130000C,(04)23274275,(04)23288582,2025,10,8,16,23,臺中市,北區,0,0,0,7,,,50,,,,,,,,,,,,,,17,,,,,B03,,,1,,2,,,39,39,1,12,4,120.674478,24.159032,3
3018,66000,387130000C,(04)23274275,(04)23288582,2025,10,8,16,27,臺中市,大里區,0,0,0,7,,,40,,,,,,,,,,,,,,17,,,,,B12,,,1,,2,,,84,84,1,12,4,120.675202,24.100659,3
3019,66000,387130000C,(04)23274275,(04)23288582,2025,10,8,16,27,臺中市,石岡區,0,1,0,7,2,6,50,3,1,1,5,4,6,6,1,1,10,5,5,2,17,3,10,5,4,C03,7,9,2,19,9,11,,7,7,1,13,4,120.789601,24.273815,2
3020,66000,387130000C,(04)23274275,(04)23288582,2025,10,8,16,29,臺中市,豐原區,0,1,0,7,2,6,50,13,9,1,5,4,6,6,4,4,5,2,5,2,17,4,11,5,4,C03,7,9,1,10,2,11,,58,58,1,12,4,120.748164,24.266109,2
3021,66000,387130000C,(04)23274275,(04)23288582,2025,10,8,16,30,臺中市,潭子區,0,0,0,7,,,50,,,,,,,,,,,,,,,,,,,B03,,,1,,2,,,7,7,1,12,4,120.692269,24.224824,3
3022,66000,387130000C,(04)23274275,(04)23288582,2025,10,8,16,30,臺中市,西屯區,0,0,0,7,,,50,,,,,,,,,,,,,,13,,,,,B03,,,1,,1,,,7,7,1,12,4,120.613833,24.183739,3
3023,66000,387130000C,(04)23274275,(04)23288582,2025,10,8,16,30,臺中市,后里區,0,0,0,7,2,6,50,4,9,1,5,4,6,6,1,1,1,2,4,1,17,3,10,3,1,B03,7,9,1,8,1,1,,40,40,1,12,4,120.722305,24.308898,3
3024,66000,387130000C,(04)23274275,(04)23288582,2025,10,8,16,36,臺中市,潭子區,0,0,0,7,,,50,,,,,,,,,,,,,,,,,,,B03,,,1,,2,,,26,26,1,13,4,120.70967,24.200709,3
3025,66000,387130000C,(04)23274275,(04)23288582,2025,10,8,16,38,臺中市,西區,0,0,0,7,,,50,,,,,,,,,,,,,,9,,,,,B03,,,1,,2,,,84,84,1,13,4,120.662233,24.138902,3
3026,66000,387130000C,(04)23274275,(04)23288582,2025,10,8,16,41,臺中市,南屯區,0,0,0,7,,,50,,,,,,,,,,,,,,12,,,,,B03,,,1,,1,,,34,34,1,12,4,120.649825,24.149932,3
3027,66000,387130000C,(04)23274275,(04)23288582,2025,10,8,16,42,臺中市,南區,0,0,0,7,,,50,,,,,,,,,,,,,,,,,,,B03,,,1,,1,,,50,50,1,6,4,120.653434,24.113516,3
3028,66000,387130000C,(04)23274275,(04)23288582,2025,10,8,16,45,臺中市,沙鹿區,0,0,0,7,2,6,50,3,14,1,5,4,6,6,4,4,4,4,4,2,16,,,,,B03,,,1,,2,,,45,45,1,12,4,120.564349,24.244541,3
3029,66000,387130000C,(04)23274275,(04)23288582,2025,10,8,16,49,臺中市,西屯區,0,0,0,7,,,30,,,,,,,,,,,,,,,,,,,B03,,,1,,1,,,59,59,1,12,4,120.612823,24.184057,3
3030,66000,387130000C,(04)23274275,(04)23288582,2025,10,8,16,50,臺中市,北區,0,1,0,7,1,6,50,13,9,1,5,4,6,6,4,4,5,5,5,2,3,2,9,6,5,H01,8,16,7,21,10,17,,95,95,1,13,5,120.686894,24.156639,2
3031,66000,387130000C,(04)23274275,(04)23288582,2025,10,8,16,51,臺中市,龍井區,0,0,0,7,,,50,,,,,,,,,,,,,,17,,,,,C03,,,1,,1,,,84,84,1,6,4,120.584409,24.182545,3
3032,66000,387130000C,(04)23274275,(04)23288582,2025,10,8,17,0,臺中市,北屯區,0,2,0,7,3,6,50,13,7,1,5,4,6,6,4,4,5,5,4,2,13,2,9,2,1,C03,7,9,1,10,2,11,,7,7,1,13,4,120.666406,24.178559,2
3033,66000,387130000C,(04)23274275,(04)23288582,2025,10,8,17,3,臺中市,大甲區,0,0,0,7,,,30,,,,,,,,,,,,,,17,,,,,C03,,,1,,1,,,84,84,1,6,4,120.644803,24.367576,3
3034,66000,387130000C,(04)23274275,(04)23288582,2025,10,8,17,4,臺中市,北屯區,0,0,0,7,,,50,,,,,,,,,,,,,,,,,,,B03,,,1,,1,,,84,84,1,13,4,120.7116,24.165897,3
3035,66000,387130000C,(04)23274275,(04)23288582,2025,10,8,17,7,臺中市,后里區,0,0,0,7,2,6,50,13,9,1,5,4,6,6,4,4,9,5,5,1,17,3,10,3,1,B12,7,11,1,2,2,6,,45,45,1,12,4,120.706564,24.31067,3
3036,66000,387130000C,(04)23274275,(04)23288582,2025,10,8,17,9,臺中市,清水區,0,2,0,7,2,6,50,4,1,1,5,4,6,6,4,4,5,2,5,2,15,2,1,3,1,B03,7,9,1,8,2,8,,12,12,1,13,4,120.563008,24.275422,2
3037,66000,387130000C,(04)23274275,(04)23288582,2025,10,8,17,10,臺中市,神岡區,0,1,0,7,2,6,50,3,1,1,5,4,6,6,2,1,10,5,5,2,16,2,8,5,4,C03,7,6,1,10,2,11,,42,42,1,12,4,120.703497,24.262101,2