序號,縣市別代碼,機關代碼,市話,傳真,年,月,日,時,分,縣市,區,死亡數量,受傷數量,2-30,天候,道路照明設備,道路類別,道路速限,道路型態,事故位置,路面鋪裝,路面狀態,路面缺陷,障礙物,視距,號誌種類,號誌動作,分向設施,快車道或一般車道間,快慢車道間,路面邊線,事故類型及型態,受傷程度,主要傷處,保護裝備,行動電話或功能裝置,當事者區分(類別),車輛用途,當事者行動狀態,駕照狀態,駕照種類,飲酒情形,車輛撞擊部位最初,車輛撞擊部位其他,肇事因素個別,肇事因素主要,肇事逃逸,職業,共享經濟或外送平台,GPS座標X,GPS座標Y,事故類別
3151,66000,387130000C,(04)23274275,(04)23288582,2025,10,8,21,44,臺中市,大里區,0,1,0,7,2,6,50,4,1,1,5,4,6,6,2,1,10,5,5,2,17,2,9,5,4,C03,7,6,1,10,2,12,,84,84,1,13,4,120.695384,24.096944,2
3152,66000,387130000C,(04)23274275,(04)23288582,2025,10,8,21,57,臺中市,北屯區,0,0,0,7,,,50,,,,,,,,,,,,,,17,,,,,B03,,,1,,1,,,58,58,1,6,4,120.723399,24.173533,3
3153,66000,387130000C,(04)23274275,(04)23288582,2025,10,8,21,57,臺中市,西屯區,0,0,0,7,,,30,,,,,,,,,,,,,,,,,,,B03,,,1,,9,,,43,43,1,12,4,120.647985,24.182797,3
3154,66000,387130000C,(04)23274275,(04)23288582,2025,10,8,22,8,臺中市,東區,0,1,0,7,1,6,50,4,1,1,5,4,6,6,1,1,10,5,5,2,13,3,10,3,1,B03,7,9,1,8,2,1,,59,59,1,13,4,120.689297,24.144334,2
3155,66000,387130000C,(04)23274275,(04)23288582,2025,10,8,22,9,臺中市,西區,0,2,0,7,1,6,50,13,9,1,5,4,6,6,4,4,1,4,5,2,14,2,8,1,1,C03,7,2,1,10,2,12,,49,49,1,13,4,120.654329,24.150255,2
3156,66000,387130000C,(04)23274275,(04)23288582,2025,10,8,22,12,臺中市,南區,0,2,0,7,1,6,50,3,1,1,5,4,6,6,2,1,10,5,5,2,17,2,9,5,4,C03,7,5,1,10,2,12,,11,11,1,13,4,120.668358,24.114545,2
3157,66000,387130000C,(04)23274275,(04)23288582,2025,10,8,22,14,臺中市,潭子區,0,0,0,6,,,60,,,,,,,,,,,,,,,,,,,C03,,,1,,9,,,84,84,2,13,4,120.704886,24.207493,3
3158,66000,387130000C,(04)23274275,(04)23288582,2025,10,8,22,17,臺中市,霧峰區,0,1,0,6,1,6,50,4,2,1,5,4,6,6,1,1,4,3,5,1,17,2,9,2,1,C03,7,5,1,10,2,14,,8,8,1,6,4,120.709265,24.080858,2
3159,66000,387130000C,(04)23274275,(04)23288582,2025,10,8,22,19,臺中市,北區,0,0,0,7,,,50,,,,,,,,,,,,,,13,,,,,B03,,,1,,1,,,84,84,1,12,4,120.674669,24.162778,3
3160,66000,387130000C,(04)23274275,(04)23288582,2025,10,8,22,23,臺中市,太平區,0,1,0,7,3,6,50,4,1,1,5,4,6,6,1,1,5,4,5,1,13,3,10,3,1,B03,7,6,1,8,2,1,,84,84,1,12,4,120.732125,24.134773,2
3161,66000,387130000C,(04)23274275,(04)23288582,2025,10,8,22,29,臺中市,北屯區,0,1,0,7,1,6,50,13,9,1,5,4,6,6,2,1,1,4,5,2,13,3,10,3,1,B03,7,9,1,8,2,5,,84,84,1,12,4,120.685595,24.172175,2
3162,66000,387130000C,(04)23274275,(04)23288582,2025,10,8,22,30,臺中市,西屯區,0,0,0,7,,,50,,,,,,,,,,,,,,13,,,,,C04,,,1,,1,,,7,7,1,12,4,120.659596,24.16456,3
3163,66000,387130000C,(04)23274275,(04)23288582,2025,10,8,22,31,臺中市,西屯區,0,0,0,7,,,60,,,,,,,,,,,,,,12,,,,,B03,,,1,,1,,,8,8,1,13,4,120.653431,24.160609,3
3164,66000,387130000C,(04)23274275,(04)23288582,2025,10,8,22,48,臺中市,北區,0,1,0,7,2,6,0,4,1,1,5,4,6,6,2,1,10,5,5,2,18,2,9,5,1,F01,7,9,7,21,8,16,,84,84,1,13,4,120.670529,24.162837,2
3165,66000,387130000C,(04)23274275,(04)23288582,2025,10,8,22,56,臺中市,西區,0,1,0,7,1,6,40,13,8,1,5,4,6,6,4,4,1,4,1,2,13,3,10,3,1,B03,7,9,1,8,2,5,,84,84,1,6,4,120.662889,24.155509,2
3166,66000,387130000C,(04)23274275,(04)23288582,2025,10,8,22,58,臺中市,清水區,0,0,0,7,,,70,,,,,,,,,,,,,,,,,,,B02,,,1,,2,,,7,7,1,12,4,120.552289,24.293688,3
3167,66000,387130000C,(04)23274275,(04)23288582,2025,10,8,23,10,臺中市,神岡區,0,0,0,7,,,50,,,,,,,,,,,,,,14,,,,,B12,,,1,,1,,,49,49,1,12,4,120.686857,24.246837,3
3168,66000,387130000C,(04)23274275,(04)23288582,2025,10,8,23,25,臺中市,南屯區,0,0,0,7,,,50,,,,,,,,,,,,,,17,,,,,C03,,,1,,10,,,87,87,1,12,4,120.651235,24.14959,3
3169,66000,387130000C,(04)23274275,(04)23288582,2025,10,8,23,35,臺中市,北屯區,0,0,0,7,,3,80,,,,,,,,,,,,,,12,,,,,B03,,,1,,1,,,40,40,1,13,4,120.690522,24.201035,3
3170,66000,387130000C,(04)23274275,(04)23288582,2025,10,8,23,46,臺中市,西區,0,0,0,7,,,40,,,,,,,,,,,,,,,,,,,B03,,,1,3,1,,,49,49,1,13,4,120.657061,24.153137,3
3171,66000,387130000C,(04)23274275,(04)23288582,2025,10,9,0,3,臺中市,西區,0,1,0,7,1,6,40,13,8,1,5,4,6,6,4,4,5,5,4,2,13,3,10,3,1,B03,7,9,1,8,2,5,,84,84,1,6,4,120.672625,24.131696,2
3172,66000,387130000C,(04)23274275,(04)23288582,2025,10,9,0,15,臺中市,豐原區,0,1,0,7,1,6,50,3,2,1,5,4,6,6,3,1,1,4,5,1,17,2,9,2,4,C03,7,9,1,10,2,11,,55,55,1,12,4,120.721831,24.243408,2
3173,66000,387130000C,(04)23274275,(04)23288582,2025,10,9,0,25,臺中市,霧峰區,0,1,0,7,1,6,30,3,2,1,5,4,6,6,4,4,10,5,5,1,18,2,9,1,1,C03,7,6,1,10,2,14,,82,82,1,5,4,120.673493,24.076095,2
3174,66000,387130000C,(04)23274275,(04)23288582,2025,10,9,0,32,臺中市,東區,0,1,0,7,1,6,50,4,1,1,5,4,6,6,1,1,10,5,5,2,13,3,10,3,1,B12,7,9,1,3,2,1,,84,84,1,12,4,120.693229,24.133556,2
3175,66000,387130000C,(04)23274275,(04)23288582,2025,10,9,0,40,臺中市,南屯區,0,0,0,7,1,6,50,4,2,1,5,4,6,6,4,4,5,5,5,2,15,,,,,B03,,,1,,1,,,15,15,1,12,4,120.612469,24.147231,3
3176,66000,387130000C,(04)23274275,(04)23288582,2025,10,9,0,46,臺中市,霧峰區,0,1,0,7,1,6,50,3,1,1,5,4,6,6,1,1,5,4,4,2,17,3,10,5,4,C03,7,1,3,19,11,16,,51,51,1,12,4,120.699802,24.073364,2
3177,66000,387130000C,(04)23274275,(04)23288582,2025,10,9,0,50,臺中市,大雅區,0,0,0,7,,,,,,,,,,,,,,,,,,,,,,,,,,,,,,86,86,1,,,120.64447,24.220971,3
3178,66000,387130000C,(04)23274275,(04)23288582,2025,10,9,1,27,臺中市,龍井區,0,0,0,7,,,40,,,,,,,,,,,,,,13,,,,,B03,,,1,,1,,,59,59,1,6,4,120.585513,24.185928,3
3179,66000,387130000C,(04)23274275,(04)23288582,2025,10,9,2,14,臺中市,北屯區,0,0,0,7,,,50,,,,,,,,,,,,,,17,,,,,B03,,,1,,2,,,54,54,1,13,4,120.713114,24.168231,3
3180,66000,387130000C,(04)23274275,(04)23288582,2025,10,9,2,32,臺中市,西區,0,1,0,7,1,6,50,4,1,1,5,4,6,6,1,1,10,5,5,2,16,3,10,3,1,B03,7,5,1,8,2,3,,47,47,1,13,4,120.673668,24.147719,2
3181,66000,387130000C,(04)23274275,(04)23288582,2025,10,9,2,43,臺中市,西區,0,0,0,7,,,30,,,,,,,,,,,,,,,,,,,B03,,,1,,2,,,49,49,1,12,4,120.654097,24.151188,3
3182,66000,387130000C,(04)23274275,(04)23288582,2025,10,9,2,57,臺中市,太平區,0,0,0,7,,,50,,,,,,,,,,,,,,17,,,,,C03,,,3,,2,,,84,84,1,12,4,120.722326,24.103455,3
3183,66000,387130000C,(04)23274275,(04)23288582,2025,10,9,3,19,臺中市,西區,1,2,0,7,1,6,50,3,1,1,5,4,6,6,1,1,10,5,5,2,9,2,1,5,4,B03,7,9,1,8,2,1,,52,52,1,13,4,120.665968,24.14016,1
3184,66000,387130000C,(04)23274275,(04)23288582,2025,10,9,4,10,臺中市,大雅區,0,0,0,7,,,50,,,,,,,,,,,,,,,,,,,B03,,,1,,2,,,84,84,1,13,4,120.667936,24.237525,3
3185,66000,387130000C,(04)23274275,(04)23288582,2025,10,9,4,40,臺中市,沙鹿區,0,1,0,7,1,6,50,4,1,1,5,4,6,6,1,1,10,5,5,2,20,2,1,1,1,C03,7,9,1,10,2,11,12,59,59,1,6,4,120.576373,24.224806,2
3186,66000,387130000C,(04)23274275,(04)23288582,2025,10,9,4,45,臺中市,西屯區,0,1,0,7,1,6,50,4,1,1,5,4,6,6,2,1,5,5,4,2,16,3,10,5,4,B03,7,9,1,8,7,4,,21,21,1,13,4,120.660451,24.164449,2
3187,66000,387130000C,(04)23274275,(04)23288582,2025,10,9,5,27,臺中市,豐原區,0,0,0,7,,,50,,,,,,,,,,,,,,17,,,,,B03,,,1,,2,,,24,24,1,12,4,120.698984,24.246651,3
3188,66000,387130000C,(04)23274275,(04)23288582,2025,10,9,6,10,臺中市,大雅區,0,0,0,7,,,50,,,,,,,,,,,,,,,,,,,A41,,,1,,2,,,8,8,1,13,4,120.603773,24.231711,3
3189,66000,387130000C,(04)23274275,(04)23288582,2025,10,9,6,32,臺中市,大甲區,0,1,0,7,2,6,30,11,9,1,5,4,6,6,4,4,10,5,5,2,12,3,10,3,1,B03,7,9,1,8,2,8,,6,6,1,6,4,120.616423,24.346234,2
3190,66000,387130000C,(04)23274275,(04)23288582,2025,10,9,6,34,臺中市,潭子區,0,1,0,7,2,6,50,4,1,1,5,4,6,6,4,4,5,4,5,1,17,2,9,2,1,C03,7,9,1,10,2,11,,13,13,1,13,4,120.700831,24.216866,2
3191,66000,387130000C,(04)23274275,(04)23288582,2025,10,9,7,7,臺中市,石岡區,1,0,0,7,2,6,70,13,9,1,5,4,6,6,4,4,1,4,5,1,12,3,10,5,4,A11,7,7,1,3,2,2,,40,40,1,12,4,120.79049,24.273143,1
3192,66000,387130000C,(04)23274275,(04)23288582,2025,10,9,7,9,臺中市,北區,0,0,0,7,,,50,,,,,,,,,,,,,,17,,,,,B03,,,1,,1,,,40,40,1,12,4,120.675677,24.159047,3
3193,66000,387130000C,(04)23274275,(04)23288582,2025,10,9,7,10,臺中市,大甲區,0,0,0,7,,,50,,,,,,,,,,,,,,,,,,,B03,,,1,,2,,,8,8,1,6,4,120.625878,24.347026,3
3194,66000,387130000C,(04)23274275,(04)23288582,2025,10,9,7,16,臺中市,西區,0,0,0,7,,,50,,,,,,,,,,,,,,,,,,,B03,,,1,,1,,,8,8,1,13,4,120.673552,24.133067,3
3195,66000,387130000C,(04)23274275,(04)23288582,2025,10,9,7,20,臺中市,北屯區,0,0,0,7,,,50,,,,,,,,,,,,,,13,,,,,B03,,,1,,1,,,55,55,1,6,4,120.68492,24.171992,3
3196,66000,387130000C,(04)23274275,(04)23288582,2025,10,9,7,20,臺中市,北屯區,0,0,0,7,,,50,,,,,,,,,,,,,,17,,,,,C03,,,1,,1,,,84,84,1,6,4,120.719612,24.16787,3
3197,66000,387130000C,(04)23274275,(04)23288582,2025,10,9,7,20,臺中市,大里區,0,0,0,7,,,50,,,,,,,,,,,,,,,,,,,B03,,,1,,2,,,8,8,1,12,4,120.691582,24.100321,3
3198,66000,387130000C,(04)23274275,(04)23288582,2025,10,9,7,22,臺中市,東勢區,0,1,0,7,2,6,60,3,1,1,5,4,6,6,1,1,10,5,5,2,12,3,10,5,4,B12,7,5,1,8,2,6,,20,20,1,12,4,120.824538,24.257406,2
3199,66000,387130000C,(04)23274275,(04)23288582,2025,10,9,7,26,臺中市,石岡區,0,0,0,7,,,30,,,,,,,,,,,,,,12,,,,,B03,,,1,,2,,,8,8,1,13,4,120.814797,24.260768,3
3200,66000,387130000C,(04)23274275,(04)23288582,2025,10,9,7,27,臺中市,沙鹿區,0,3,0,7,2,6,50,13,9,1,5,4,6,6,1,1,8,3,5,1,17,3,10,5,4,B03,7,14,1,8,2,2,,76,76,1,13,4,120.562158,24.235897,2
3201,66000,387130000C,(04)23274275,(04)23288582,2025,10,9,7,29,臺中市,東區,0,1,0,7,2,6,50,3,1,1,5,4,6,6,4,4,10,5,5,2,17,3,10,1,1,C03,7,6,1,10,2,12,,14,14,1,12,4,120.692432,24.140709,2
3202,66000,387130000C,(04)23274275,(04)23288582,2025,10,9,7,29,臺中市,北屯區,0,2,0,7,3,6,30,14,9,1,5,4,6,6,4,4,10,5,5,2,13,2,9,2,1,C03,7,6,1,10,2,13,,65,65,1,6,4,120.740347,24.1792,2
3203,66000,387130000C,(04)23274275,(04)23288582,2025,10,9,7,30,臺中市,北區,0,0,0,7,,,50,,,,,,,,,,,,,,12,,,,,A04,,,1,,1,,,84,84,1,13,4,120.684688,24.151623,3
3204,66000,387130000C,(04)23274275,(04)23288582,2025,10,9,7,30,臺中市,北屯區,0,3,0,7,3,6,50,4,1,1,5,4,6,6,1,1,10,5,5,2,13,3,10,3,1,B03,7,9,1,8,2,8,,84,84,1,6,4,120.724715,24.175041,2
3205,66000,387130000C,(04)23274275,(04)23288582,2025,10,9,7,33,臺中市,北屯區,0,0,0,7,,3,40,,,,,,,,,,,,,,,,,,,B03,,,1,,1,,,84,84,1,12,4,120.718831,24.161528,3
3206,66000,387130000C,(04)23274275,(04)23288582,2025,10,9,7,34,臺中市,烏日區,0,0,0,7,,,50,,,,,,,,,,,,,,12,,,,,B03,,,1,,2,,,2,2,1,13,4,120.618037,24.105716,3
3207,66000,387130000C,(04)23274275,(04)23288582,2025,10,9,7,37,臺中市,霧峰區,0,1,0,7,2,6,30,3,1,1,5,4,6,6,4,4,10,5,5,2,17,2,9,1,1,F06,7,9,7,21,2,14,,7,7,1,13,4,120.710123,24.078048,2
3208,66000,387130000C,(04)23274275,(04)23288582,2025,10,9,7,38,臺中市,龍井區,0,0,0,7,,,60,,,,,,,,,,,,,,12,,,,,B12,,,1,,2,,,8,8,1,6,4,120.533228,24.220348,3
3209,66000,387130000C,(04)23274275,(04)23288582,2025,10,9,7,40,臺中市,西區,0,1,0,7,2,6,40,4,1,1,5,4,6,6,1,1,10,5,5,2,17,2,9,1,1,C03,7,15,1,10,2,14,,40,40,1,12,4,120.667114,24.136564,2
3210,66000,387130000C,(04)23274275,(04)23288582,2025,10,9,7,40,臺中市,大肚區,0,2,0,7,1,6,50,3,1,1,5,4,6,6,4,4,9,5,5,2,13,2,9,1,1,C03,7,9,1,10,2,11,,7,7,1,6,4,120.569672,24.155681,2
3211,66000,387130000C,(04)23274275,(04)23288582,2025,10,9,7,41,臺中市,西區,0,1,0,7,2,6,50,4,2,1,5,4,6,6,1,1,5,2,5,2,12,2,9,1,1,C03,7,15,1,10,2,12,,84,84,1,12,4,120.653037,24.14875,2
3212,66000,387130000C,(04)23274275,(04)23288582,2025,10,9,7,41,臺中市,西屯區,0,1,0,7,2,6,50,4,1,1,5,4,6,6,1,1,10,5,5,2,16,3,10,3,1,B01,7,5,1,3,2,2,,47,47,1,12,4,120.64574,24.170086,2
3213,66000,387130000C,(04)23274275,(04)23288582,2025,10,9,7,42,臺中市,北屯區,0,0,0,7,,,50,,,,,,,,,,,,,,13,,,,,C03,,,1,,2,,,7,7,1,6,4,120.669954,24.176559,4
3214,66000,387130000C,(04)23274275,(04)23288582,2025,10,9,7,42,臺中市,北屯區,0,0,0,7,,,50,,,,,,,,,,,,,,14,,,,,B03,,,1,,1,,,82,82,1,12,4,120.72265,24.169032,3
3215,66000,387130000C,(04)23274275,(04)23288582,2025,10,9,7,42,臺中市,豐原區,0,0,0,7,2,6,50,4,9,1,5,4,6,6,4,4,1,2,5,2,13,3,10,3,1,B03,7,9,1,8,2,1,,7,7,1,12,4,120.720267,24.236526,3
3216,66000,387130000C,(04)23274275,(04)23288582,2025,10,9,7,45,臺中市,北屯區,0,1,0,7,2,6,50,4,2,1,5,4,6,6,2,1,10,5,5,2,12,3,10,3,1,B03,7,5,1,8,2,5,,65,65,1,6,4,120.709465,24.174833,2
3217,66000,387130000C,(04)23274275,(04)23288582,2025,10,9,7,45,臺中市,西屯區,0,1,0,7,2,6,30,4,1,1,5,4,6,6,4,4,5,5,5,2,16,3,10,3,1,B03,7,6,1,8,2,1,,14,14,1,12,4,120.651579,24.171857,2
3218,66000,387130000C,(04)23274275,(04)23288582,2025,10,9,7,45,臺中市,西屯區,0,1,0,7,3,6,50,3,1,1,5,4,6,6,1,1,5,4,4,2,18,2,9,5,4,C03,7,9,1,10,2,12,,84,84,1,12,4,120.599212,24.17304,2
3219,66000,387130000C,(04)23274275,(04)23288582,2025,10,9,7,45,臺中市,霧峰區,0,1,0,7,2,6,30,3,1,1,5,4,6,6,4,4,10,5,5,2,14,3,10,3,1,B12,7,2,1,8,2,7,,49,49,1,13,4,120.68024,24.048716,2
3220,66000,387130000C,(04)23274275,(04)23288582,2025,10,9,7,45,臺中市,龍井區,0,2,0,7,3,6,50,13,9,1,5,4,6,6,4,4,9,4,5,1,13,2,9,1,1,C03,7,9,1,10,2,11,,7,7,1,6,4,120.517534,24.188631,2
3221,66000,387130000C,(04)23274275,(04)23288582,2025,10,9,7,45,臺中市,神岡區,0,0,0,7,,,50,,,,,,,,,,,,,,12,,,,,B03,,,1,,1,,,59,59,1,6,4,120.699418,24.263962,3
3222,66000,387130000C,(04)23274275,(04)23288582,2025,10,9,7,47,臺中市,大里區,0,0,0,7,,,50,,,,,,,,,,,,,,13,,,,,B12,,,1,,2,,,7,7,1,13,4,120.688907,24.093601,3
3223,66000,387130000C,(04)23274275,(04)23288582,2025,10,9,7,49,臺中市,北區,0,2,0,7,2,6,50,3,1,1,5,4,6,6,1,1,5,5,5,2,16,2,9,1,1,C03,7,6,1,10,2,11,,11,11,1,12,4,120.668862,24.171649,2
3224,66000,387130000C,(04)23274275,(04)23288582,2025,10,9,7,50,臺中市,南區,0,0,0,7,,,50,,,,,,,,,,,,,,,,,,,B03,,,1,,1,,,1,1,1,6,4,120.661476,24.121735,3
3225,66000,387130000C,(04)23274275,(04)23288582,2025,10,9,7,52,臺中市,西區,0,0,0,7,,,50,,,,,,,,,,,,,,,,,,,C03,,,1,,1,,,36,36,1,13,4,120.666043,24.137742,3
3226,66000,387130000C,(04)23274275,(04)23288582,2025,10,9,7,52,臺中市,南區,0,0,0,7,,,50,,,,,,,,,,,,,,,,,,,B03,,,1,,9,,,8,8,1,12,4,120.683986,24.128036,3
3227,66000,387130000C,(04)23274275,(04)23288582,2025,10,9,7,53,臺中市,西屯區,0,1,0,7,2,6,50,13,9,1,5,4,6,6,4,4,5,4,5,2,13,2,9,1,4,C03,7,9,1,10,1,11,,84,84,1,13,4,120.642359,24.190472,2
3228,66000,387130000C,(04)23274275,(04)23288582,2025,10,9,7,53,臺中市,西屯區,0,1,0,7,2,6,30,3,1,1,5,4,6,6,4,4,10,5,5,2,20,3,10,5,4,B03,7,6,1,8,2,5,6,59,59,1,12,4,120.626356,24.165829,2
3229,66000,387130000C,(04)23274275,(04)23288582,2025,10,9,7,53,臺中市,大里區,0,1,0,7,3,6,50,13,9,1,5,4,6,6,4,4,9,5,5,1,17,3,10,1,1,C03,7,9,1,10,2,12,,84,84,1,12,4,120.701513,24.084455,2
3230,66000,387130000C,(04)23274275,(04)23288582,2025,10,9,7,57,臺中市,烏日區,0,0,0,7,,,40,,,,,,,,,,,,,,13,,,,,C03,,,1,,1,,,7,7,1,6,4,120.642067,24.109077,3
3231,66000,387130000C,(04)23274275,(04)23288582,2025,10,9,7,59,臺中市,北屯區,0,0,0,7,,,50,,,,,,,,,,,,,,13,,,,,B03,,,1,8,1,,,7,7,1,6,4,120.693308,24.162081,3
3232,66000,387130000C,(04)23274275,(04)23288582,2025,10,9,8,0,臺中市,東區,0,2,0,7,2,6,50,4,1,1,5,4,6,6,2,1,10,5,5,2,17,2,9,2,1,C03,7,5,1,10,2,14,,22,22,1,12,4,120.7062,24.129599,2
3233,66000,387130000C,(04)23274275,(04)23288582,2025,10,9,8,1,臺中市,南區,0,0,0,7,,,50,,,,,,,,,,,,,,,,,,,B03,,,1,,1,,,51,51,1,6,4,120.659071,24.117092,3
3234,66000,387130000C,(04)23274275,(04)23288582,2025,10,9,8,2,臺中市,東區,0,1,0,7,2,6,50,4,2,1,5,4,6,6,1,1,5,5,4,2,17,3,10,3,1,B01,7,1,1,8,2,8,,51,51,1,12,4,120.708839,24.142736,2
3235,66000,387130000C,(04)23274275,(04)23288582,2025,10,9,8,2,臺中市,南屯區,0,1,0,7,3,6,50,4,2,1,5,4,6,6,2,1,5,5,4,2,13,2,9,1,1,C03,7,9,1,10,1,11,,7,7,1,12,4,120.641163,24.132069,2
3236,66000,387130000C,(04)23274275,(04)23288582,2025,10,9,8,2,臺中市,西屯區,0,2,0,7,2,6,40,3,1,1,5,4,6,6,4,4,10,5,5,2,16,2,8,2,1,C02,7,5,1,9,2,13,,84,84,1,12,4,120.64428,24.163127,2
3237,66000,387130000C,(04)23274275,(04)23288582,2025,10,9,8,5,臺中市,北屯區,0,1,0,7,3,6,50,4,2,1,5,4,6,6,1,1,5,2,5,2,13,3,10,2,1,C03,7,9,1,10,1,11,,84,84,1,6,4,120.709601,24.171309,2
3238,66000,387130000C,(04)23274275,(04)23288582,2025,10,9,8,7,臺中市,南屯區,0,0,0,7,,,50,,,,,,,,,,,,,,13,,,,,B03,,,1,,1,,,59,59,1,13,4,120.613241,24.138824,3
3239,66000,387130000C,(04)23274275,(04)23288582,2025,10,9,8,8,臺中市,烏日區,0,1,0,7,2,6,50,3,1,1,5,4,6,6,2,1,10,5,5,2,17,3,10,5,4,B03,7,15,3,19,9,16,,85,85,2,13,4,120.615937,24.105872,2
3240,66000,387130000C,(04)23274275,(04)23288582,2025,10,9,8,16,臺中市,北區,0,2,0,7,3,6,50,4,2,1,5,4,6,6,4,4,3,2,4,2,17,3,10,5,4,B01,7,7,1,8,2,16,,40,40,1,13,4,120.676751,24.150813,2
3241,66000,387130000C,(04)23274275,(04)23288582,2025,10,9,8,17,臺中市,東區,0,0,0,7,,,50,,,,,,,,,,,,,,,,,,,C03,,,1,,1,,,84,84,1,12,4,120.689902,24.13827,4
3242,66000,387130000C,(04)23274275,(04)23288582,2025,10,9,8,18,臺中市,東區,0,2,0,7,2,6,40,4,1,1,5,4,6,6,4,4,10,5,5,2,16,2,9,2,1,C03,7,11,1,10,2,14,12,45,45,1,12,4,120.692458,24.143107,2
3243,66000,387130000C,(04)23274275,(04)23288582,2025,10,9,8,20,臺中市,西區,0,0,0,7,,,40,,,,,,,,,,,,,,,,,,,C03,,,1,,1,,,7,7,1,13,4,120.672782,24.14838,3
3244,66000,387130000C,(04)23274275,(04)23288582,2025,10,9,8,20,臺中市,霧峰區,0,0,0,7,,,40,,,,,,,,,,,,,,17,,,,,B12,,,1,,1,,,7,7,1,13,4,120.686626,24.053691,3
3245,66000,387130000C,(04)23274275,(04)23288582,2025,10,9,8,21,臺中市,北區,0,0,0,7,,,50,,,,,,,,,,,,,,17,,,,,C03,,,1,,1,,,84,84,1,13,4,120.676751,24.150813,3
3246,66000,387130000C,(04)23274275,(04)23288582,2025,10,9,8,21,臺中市,北屯區,0,3,0,7,2,6,50,18,24,1,5,4,6,6,3,1,10,5,5,2,16,2,9,2,1,C03,7,6,1,10,2,11,,20,20,1,12,4,120.690083,24.180862,2
3247,66000,387130000C,(04)23274275,(04)23288582,2025,10,9,8,22,臺中市,石岡區,0,2,0,7,2,6,30,3,1,1,5,4,6,6,3,1,10,5,5,2,17,2,8,5,4,C03,7,6,1,10,2,14,,12,12,1,13,4,120.779883,24.275855,2
3248,66000,387130000C,(04)23274275,(04)23288582,2025,10,9,8,23,臺中市,西屯區,0,0,0,7,,,0,,,,,,,,,,,,,,,,,,,B03,,,1,,2,,,50,50,1,12,4,120.604344,24.168853,3
3249,66000,387130000C,(04)23274275,(04)23288582,2025,10,9,8,24,臺中市,潭子區,0,2,0,7,2,6,50,3,1,1,5,4,6,6,2,1,10,5,5,2,15,2,9,1,1,C03,7,9,1,10,2,11,,21,21,1,13,4,120.721752,24.198032,2
3250,66000,387130000C,(04)23274275,(04)23288582,2025,10,9,8,25,臺中市,大里區,0,1,0,7,2,6,30,3,1,1,5,4,6,6,4,4,10,5,5,2,16,3,10,3,1,B12,7,6,1,8,2,8,,14,14,1,13,4,120.680918,24.076473,2
3251,66000,387130000C,(04)23274275,(04)23288582,2025,10,9,8,30,臺中市,西屯區,0,1,0,7,3,6,50,4,2,1,5,4,6,6,4,4,5,4,5,2,18,2,9,5,4,C03,7,7,1,10,2,14,,84,84,1,12,4,120.64512,24.176665,2
3252,66000,387130000C,(04)23274275,(04)23288582,2025,10,9,8,30,臺中市,大里區,0,0,0,7,,,30,,,,,,,,,,,,,,9,,,,,,,,,,,,,86,86,1,,,120.700537,24.091554,3
3253,66000,387130000C,(04)23274275,(04)23288582,2025,10,9,8,31,臺中市,沙鹿區,0,0,0,7,,,60,,,,,,,,,,,,,,,,,,,B03,,,1,,1,,,56,56,1,12,4,120.569596,24.238218,3
3254,66000,387130000C,(04)23274275,(04)23288582,2025,10,9,8,33,臺中市,太平區,0,1,0,7,3,6,50,3,9,1,5,4,6,6,1,1,5,5,5,1,16,2,9,2,1,C03,7,9,3,19,2,12,,21,21,1,12,4,120.71825,24.122987,2
3255,66000,387130000C,(04)23274275,(04)23288582,2025,10,9,8,36,臺中市,南屯區,0,0,0,7,,,40,,,,,,,,,,,,,,17,,,,,B03,,,1,,1,,,50,50,1,12,4,120.647657,24.142697,3
3256,66000,387130000C,(04)23274275,(04)23288582,2025,10,9,8,39,臺中市,西區,0,0,0,7,,,50,,,,,,,,,,,,,,17,,,,,C03,,,1,,2,,,51,51,1,12,4,120.677905,24.135877,3
3257,66000,387130000C,(04)23274275,(04)23288582,2025,10,9,8,41,臺中市,大里區,0,0,0,7,,,50,,,,,,,,,,,,,,,,,,,C03,,,1,,2,,,49,49,1,12,4,120.677087,24.105824,3
3258,66000,387130000C,(04)23274275,(04)23288582,2025,10,9,8,43,臺中市,南屯區,0,0,0,7,,,50,,,,,,,,,,,,,,17,,,,,B03,,,1,,2,,,51,51,1,6,4,120.640086,24.151238,3
3259,66000,387130000C,(04)23274275,(04)23288582,2025,10,9,8,45,臺中市,北屯區,0,1,0,7,1,6,50,11,9,1,5,4,6,6,2,1,10,5,5,2,23,2,9,1,1,C03,7,15,1,10,2,11,,54,54,1,6,4,120.692794,24.162343,2
3260,66000,387130000C,(04)23274275,(04)23288582,2025,10,9,8,45,臺中市,西屯區,0,0,0,7,,,50,,,,,,,,,,,,,,13,,,,,B03,,,1,,1,,,84,84,1,13,4,120.649864,24.163498,3
3261,66000,387130000C,(04)23274275,(04)23288582,2025,10,9,8,45,臺中市,清水區,0,1,0,7,3,6,40,13,8,1,5,4,6,6,4,4,1,4,4,1,30,,,,,,,,,,,,,119,119,1,,,120.540487,24.2656,2
3262,66000,387130000C,(04)23274275,(04)23288582,2025,10,9,8,50,臺中市,西屯區,0,0,0,7,,,50,,,,,,,,,,,,,,13,,,,,B03,,,1,,1,,,59,59,1,12,4,120.611452,24.184876,3
3263,66000,387130000C,(04)23274275,(04)23288582,2025,10,9,8,50,臺中市,霧峰區,0,1,0,7,2,6,40,13,9,1,5,4,6,6,4,4,5,4,5,1,18,2,1,1,1,F03,7,9,7,21,2,14,,84,84,1,13,4,120.70255,24.069848,2