序號,縣市別代碼,機關代碼,市話,傳真,年,月,日,時,分,縣市,區,死亡數量,受傷數量,2-30,天候,道路照明設備,道路類別,道路速限,道路型態,事故位置,路面鋪裝,路面狀態,路面缺陷,障礙物,視距,號誌種類,號誌動作,分向設施,快車道或一般車道間,快慢車道間,路面邊線,事故類型及型態,受傷程度,主要傷處,保護裝備,行動電話或功能裝置,當事者區分(類別),車輛用途,當事者行動狀態,駕照狀態,駕照種類,飲酒情形,車輛撞擊部位最初,車輛撞擊部位其他,肇事因素個別,肇事因素主要,肇事逃逸,職業,共享經濟或外送平台,GPS座標X,GPS座標Y,事故類別
3490,66000,387130000C,(04)23274275,(04)23288582,2025,10,9,18,0,臺中市,北區,0,0,0,7,,,30,,,,,,,,,,,,,,17,,,,,C03,,,1,,1,,,87,87,1,13,4,120.679444,24.158422,3
3491,66000,387130000C,(04)23274275,(04)23288582,2025,10,9,18,0,臺中市,南屯區,0,1,0,7,3,6,50,4,1,1,5,4,6,6,1,1,10,5,5,2,13,3,10,3,1,B03,7,9,1,7,2,1,3,59,59,1,12,4,120.634861,24.153676,2
3492,66000,387130000C,(04)23274275,(04)23288582,2025,10,9,18,0,臺中市,大里區,0,0,0,7,,,40,,,,,,,,,,,,,,12,,,,,B01,,,1,,2,,,84,84,1,6,4,120.665018,24.092824,3
3493,66000,387130000C,(04)23274275,(04)23288582,2025,10,9,18,0,臺中市,豐原區,0,0,0,7,,,50,,,,,,,,,,,,,,17,,,,,B03,,,1,,9,,,51,51,1,12,4,120.719008,24.261123,3
3494,66000,387130000C,(04)23274275,(04)23288582,2025,10,9,18,1,臺中市,南區,0,2,0,7,1,6,50,4,1,1,5,4,6,6,4,4,10,5,5,2,15,2,9,2,1,C03,7,9,1,10,2,11,,15,15,1,6,4,120.666434,24.122164,2
3495,66000,387130000C,(04)23274275,(04)23288582,2025,10,9,18,4,臺中市,霧峰區,0,1,0,7,2,6,30,13,9,1,5,4,6,6,4,4,10,5,5,2,17,2,9,5,4,C03,7,9,1,10,2,14,,84,84,1,13,4,120.687044,24.051107,2
3496,66000,387130000C,(04)23274275,(04)23288582,2025,10,9,18,4,臺中市,沙鹿區,0,1,0,7,2,6,50,5,1,1,5,4,6,6,4,4,10,5,5,2,17,2,8,1,1,C03,7,6,1,10,2,12,11,12,12,1,5,4,120.579962,24.214373,2
3497,66000,387130000C,(04)23274275,(04)23288582,2025,10,9,18,5,臺中市,北屯區,0,0,0,7,,,50,,,,,,,,,,,,,,,,,,,B03,,,1,,1,,,14,14,1,6,4,120.696249,24.182546,3
3498,66000,387130000C,(04)23274275,(04)23288582,2025,10,9,18,6,臺中市,東勢區,0,1,0,6,1,6,30,4,1,1,5,4,6,6,4,4,10,5,5,2,3,3,10,1,1,C03,7,9,1,10,2,11,,10,10,1,6,4,120.828427,24.252368,2
3499,66000,387130000C,(04)23274275,(04)23288582,2025,10,9,18,7,臺中市,南屯區,0,0,0,7,,,50,,,,,,,,,,,,,,13,,,,,B03,,,1,,1,,,56,56,1,13,4,120.636225,24.155909,3
3500,66000,387130000C,(04)23274275,(04)23288582,2025,10,9,18,8,臺中市,東區,0,0,0,7,,,50,,,,,,,,,,,,,,,,,,,B03,,,1,,1,,,7,7,1,13,4,120.685909,24.143155,3
3501,66000,387130000C,(04)23274275,(04)23288582,2025,10,9,18,10,臺中市,沙鹿區,0,2,0,7,2,6,30,4,1,1,5,4,6,6,4,4,10,5,5,2,17,2,8,6,1,F01,7,6,7,21,2,14,13,14,14,1,3,4,120.567075,24.254786,2
3502,66000,387130000C,(04)23274275,(04)23288582,2025,10,9,18,10,臺中市,東勢區,0,0,0,7,,,50,,,,,,,,,,,,,,14,,,,,B12,,,1,,1,,,49,49,1,6,4,120.829725,24.252831,3
3503,66000,387130000C,(04)23274275,(04)23288582,2025,10,9,18,12,臺中市,潭子區,0,0,0,7,,,50,,,,,,,,,,,,,,,,,,,B02,,,1,,2,,,57,57,1,13,4,120.710929,24.212774,3
3504,66000,387130000C,(04)23274275,(04)23288582,2025,10,9,18,13,臺中市,西屯區,0,0,0,7,,,60,,,,,,,,,,,,,,12,,,,,B03,,,1,,1,,,40,40,1,12,4,120.636235,24.182023,3
3505,66000,387130000C,(04)23274275,(04)23288582,2025,10,9,18,14,臺中市,霧峰區,0,2,0,6,1,6,50,4,2,1,5,4,6,6,1,1,4,3,5,1,17,2,7,2,1,C03,7,6,1,10,2,11,,11,11,1,6,4,120.699206,24.077928,2
3506,66000,387130000C,(04)23274275,(04)23288582,2025,10,9,18,15,臺中市,北區,0,0,0,7,,,50,,,,,,,,,,,,,,,,,,,C03,,,1,,1,,,7,7,1,12,4,120.664875,24.162658,3
3507,66000,387130000C,(04)23274275,(04)23288582,2025,10,9,18,17,臺中市,北區,0,0,0,7,,,50,,,,,,,,,,,,,,13,,,,,C03,,,1,,1,,,7,7,1,12,4,120.688884,24.152696,3
3508,66000,387130000C,(04)23274275,(04)23288582,2025,10,9,18,17,臺中市,西屯區,0,1,0,7,1,6,50,4,1,1,5,4,6,6,2,1,1,4,1,2,17,3,10,2,1,C03,7,9,1,10,2,11,,43,43,1,12,4,120.655659,24.199906,2
3509,66000,387130000C,(04)23274275,(04)23288582,2025,10,9,18,17,臺中市,沙鹿區,0,1,0,7,1,6,50,4,1,1,5,4,6,6,1,1,10,5,5,2,17,2,7,1,1,C03,7,9,1,10,2,16,,7,7,1,12,4,120.560783,24.241187,2
3510,66000,387130000C,(04)23274275,(04)23288582,2025,10,9,18,18,臺中市,南區,0,0,0,7,,,50,,,,,,,,,,,,,,,,,,,C04,,,3,,1,,,84,84,1,13,5,120.677918,24.129093,3
3511,66000,387130000C,(04)23274275,(04)23288582,2025,10,9,18,19,臺中市,西區,0,0,0,7,,,40,,,,,,,,,,,,,,9,,,,,C03,,,1,,2,,,84,84,1,12,4,120.658808,24.156291,3
3512,66000,387130000C,(04)23274275,(04)23288582,2025,10,9,18,20,臺中市,豐原區,0,0,0,7,,,50,,,,,,,,,,,,,,13,,,,,B03,,,1,,2,,,7,7,1,13,4,120.736809,24.255679,3
3513,66000,387130000C,(04)23274275,(04)23288582,2025,10,9,18,21,臺中市,北區,0,0,0,7,,,50,,,,,,,,,,,,,,17,,,,,B03,,,1,,1,,,7,7,1,13,4,120.694184,24.15619,3
3514,66000,387130000C,(04)23274275,(04)23288582,2025,10,9,18,21,臺中市,南屯區,0,0,0,7,1,6,40,13,9,1,5,4,6,6,1,1,3,4,4,2,12,,,,,C03,,,1,,1,,,7,7,1,12,4,120.647898,24.150923,3
3515,66000,387130000C,(04)23274275,(04)23288582,2025,10,9,18,21,臺中市,后里區,0,0,0,6,,,50,,,,,,,,,,,,,,,,,,,B03,,,1,,1,,,7,7,1,12,4,120.722068,24.308814,3
3516,66000,387130000C,(04)23274275,(04)23288582,2025,10,9,18,22,臺中市,西區,0,2,0,7,1,6,30,4,1,1,5,4,6,6,4,4,10,5,5,2,15,2,9,1,1,C03,7,9,1,10,2,12,,15,15,1,12,4,120.661197,24.161744,2
3517,66000,387130000C,(04)23274275,(04)23288582,2025,10,9,18,22,臺中市,西屯區,0,0,0,7,,,50,,,,,,,,,,,,,,13,,,,,B12,,,1,,2,,,7,7,1,12,4,120.636299,24.181932,4
3518,66000,387130000C,(04)23274275,(04)23288582,2025,10,9,18,23,臺中市,大里區,0,2,0,7,1,6,50,3,1,1,5,4,6,6,4,4,10,5,5,2,16,2,9,1,1,C03,7,9,1,10,2,11,14,7,7,1,12,4,120.689987,24.106999,2
3519,66000,387130000C,(04)23274275,(04)23288582,2025,10,9,18,23,臺中市,神岡區,0,0,0,7,,,50,,,,,,,,,,,,,,2,,,,,B03,,,3,,1,,,7,7,1,12,4,120.679971,24.248399,3
3520,66000,387130000C,(04)23274275,(04)23288582,2025,10,9,18,26,臺中市,北屯區,0,0,0,7,,,50,,,,,,,,,,,,,,13,,,,,C03,,,1,,1,,,84,84,1,12,4,120.694967,24.183914,3
3521,66000,387130000C,(04)23274275,(04)23288582,2025,10,9,18,27,臺中市,北區,0,0,0,7,,,50,,,,,,,,,,,,,,,,,,,B03,,,1,,2,,,7,7,1,12,4,120.692274,24.161089,3
3522,66000,387130000C,(04)23274275,(04)23288582,2025,10,9,18,27,臺中市,西屯區,0,0,0,7,,,50,,,,,,,,,,,,,,12,,,,,B01,,,1,,1,,,40,40,1,13,4,120.63713,24.18149,3
3523,66000,387130000C,(04)23274275,(04)23288582,2025,10,9,18,27,臺中市,西屯區,0,0,0,7,,,70,,,,,,,,,,,,,,,,,,,B03,,,3,,2,,,40,40,1,12,4,120.653229,24.160826,3
3524,66000,387130000C,(04)23274275,(04)23288582,2025,10,9,18,28,臺中市,北區,0,1,0,7,1,6,50,4,9,1,5,4,6,6,1,1,5,5,5,2,17,2,9,5,4,C03,7,5,1,10,7,14,,84,84,1,13,4,120.671381,24.171769,2
3525,66000,387130000C,(04)23274275,(04)23288582,2025,10,9,18,30,臺中市,南區,0,0,0,7,,,50,,,,,,,,,,,,,,,,,,,C03,,,1,,9,,,50,50,1,13,4,120.664202,24.113553,3
3526,66000,387130000C,(04)23274275,(04)23288582,2025,10,9,18,30,臺中市,西屯區,0,1,0,7,1,6,50,13,9,1,5,4,6,6,4,4,1,4,5,2,18,2,9,2,4,C03,7,9,1,10,2,14,,84,84,1,13,4,120.631662,24.169419,2
3527,66000,387130000C,(04)23274275,(04)23288582,2025,10,9,18,35,臺中市,西區,0,0,0,7,,,50,,,,,,,,,,,,,,,,,,,B03,,,1,,1,,,50,50,1,12,4,120.663552,24.153447,3
3528,66000,387130000C,(04)23274275,(04)23288582,2025,10,9,18,35,臺中市,霧峰區,0,0,0,7,,,50,,,,,,,,,,,,,,,,,,,B12,,,1,,2,,,8,8,1,12,4,120.711006,24.07745,3
3529,66000,387130000C,(04)23274275,(04)23288582,2025,10,9,18,36,臺中市,潭子區,0,1,0,6,3,6,50,4,1,1,5,4,6,6,4,4,1,5,5,1,17,3,10,3,1,B03,7,5,5,19,3,5,,14,14,1,13,4,120.718114,24.219794,2
3530,66000,387130000C,(04)23274275,(04)23288582,2025,10,9,18,36,臺中市,西屯區,0,0,0,7,,,50,,,,,,,,,,,,,,16,,,,,B03,,,1,,2,,,47,47,1,12,4,120.650297,24.163835,3
3531,66000,387130000C,(04)23274275,(04)23288582,2025,10,9,18,38,臺中市,太平區,0,0,0,7,2,7,50,13,14,1,5,4,6,6,4,4,5,5,5,1,2,3,10,3,1,B03,7,9,1,8,2,2,,85,85,1,10,4,120.706457,24.117417,3
3532,66000,387130000C,(04)23274275,(04)23288582,2025,10,9,18,40,臺中市,東區,0,0,0,7,,,50,,,,,,,,,,,,,,,,,,,B03,,,1,,2,,,50,50,1,6,4,120.694118,24.149867,4
3533,66000,387130000C,(04)23274275,(04)23288582,2025,10,9,18,45,臺中市,大里區,0,1,0,7,1,6,50,3,1,1,5,4,6,6,4,4,10,5,5,2,13,2,9,2,1,C03,7,12,1,10,2,11,,7,7,1,6,4,120.687871,24.11819,2
3534,66000,387130000C,(04)23274275,(04)23288582,2025,10,9,18,48,臺中市,北區,0,1,0,7,1,6,50,4,1,1,5,4,6,6,1,1,5,4,5,2,16,3,10,3,1,B03,7,6,1,8,2,6,,11,11,1,12,4,120.680829,24.167105,2
3535,66000,387130000C,(04)23274275,(04)23288582,2025,10,9,18,48,臺中市,西屯區,0,0,0,7,,,50,,,,,,,,,,,,,,17,,,,,C03,,,1,,2,,,50,50,1,13,4,120.657931,24.168059,3
3536,66000,387130000C,(04)23274275,(04)23288582,2025,10,9,18,51,臺中市,南屯區,0,3,0,7,3,3,80,13,9,1,5,4,6,6,4,4,1,4,5,1,13,2,8,3,1,B03,7,9,1,8,2,1,,59,59,1,12,4,120.620111,24.130494,2
3537,66000,387130000C,(04)23274275,(04)23288582,2025,10,9,18,53,臺中市,東區,0,1,0,7,1,6,50,4,1,1,5,4,6,6,1,1,10,5,5,2,17,3,10,3,1,B03,7,15,1,8,2,15,,8,8,1,13,4,120.70016,24.140126,2
3538,66000,387130000C,(04)23274275,(04)23288582,2025,10,9,18,55,臺中市,北屯區,0,0,0,7,,,50,,,,,,,,,,,,,,12,,,,,B03,,,1,,1,,,59,59,1,12,4,120.723719,24.17611,3
3539,66000,387130000C,(04)23274275,(04)23288582,2025,10,9,18,57,臺中市,南屯區,0,0,0,7,,,50,,,,,,,,,,,,,,,,,,,B03,,,1,,2,,,84,84,1,6,4,120.644041,24.131311,3
3540,66000,387130000C,(04)23274275,(04)23288582,2025,10,9,18,59,臺中市,太平區,0,0,0,7,,,30,,,,,,,,,,,,,,11,,,,,B03,,,1,,1,,,43,43,1,12,4,120.717019,24.139753,3
3541,66000,387130000C,(04)23274275,(04)23288582,2025,10,9,19,5,臺中市,南區,0,0,0,7,,,50,,,,,,,,,,,,,,,,,,,C03,,,1,,1,,,59,59,1,13,4,120.652498,24.122127,3
3542,66000,387130000C,(04)23274275,(04)23288582,2025,10,9,19,5,臺中市,東區,0,2,0,7,1,6,50,3,1,1,5,4,6,6,2,1,10,5,5,2,16,2,9,2,1,C03,7,6,1,10,2,11,,48,48,1,5,4,120.691681,24.133673,2
3543,66000,387130000C,(04)23274275,(04)23288582,2025,10,9,19,6,臺中市,西屯區,0,0,0,7,,,30,,,,,,,,,,,,,,13,,,,,B03,,,1,,9,,,84,84,1,13,4,120.618575,24.188739,3
3544,66000,387130000C,(04)23274275,(04)23288582,2025,10,9,19,7,臺中市,西屯區,0,1,0,7,1,6,50,3,1,1,5,4,6,6,4,4,10,5,5,2,16,3,10,3,1,B03,7,5,5,19,2,2,,14,14,1,12,4,120.623594,24.173687,2
3545,66000,387130000C,(04)23274275,(04)23288582,2025,10,9,19,7,臺中市,大里區,0,1,0,7,1,6,40,3,1,1,5,4,6,6,4,4,10,5,5,2,16,2,9,1,1,C03,7,6,1,10,2,13,,11,11,1,12,4,120.676813,24.104622,2
3546,66000,387130000C,(04)23274275,(04)23288582,2025,10,9,19,7,臺中市,豐原區,0,0,0,7,,,50,,,,,,,,,,,,,,17,,,,,C03,,,1,,1,,,84,84,1,12,4,120.727957,24.244792,4
3547,66000,387130000C,(04)23274275,(04)23288582,2025,10,9,19,8,臺中市,南屯區,0,0,0,7,,,50,,,,,,,,,,,,,,,,,,,B03,,,1,,1,,,40,40,1,13,4,120.619152,24.153313,3
3548,66000,387130000C,(04)23274275,(04)23288582,2025,10,9,19,9,臺中市,南區,0,0,0,7,,,50,,,,,,,,,,,,,,,,,,,B03,,,1,,2,,,51,51,1,13,4,120.66676,24.121113,3
3549,66000,387130000C,(04)23274275,(04)23288582,2025,10,9,19,9,臺中市,西屯區,0,0,0,7,,,50,,,,,,,,,,,,,,11,,,,,B03,,,1,,1,,,84,84,1,12,4,120.647757,24.173218,3
3550,66000,387130000C,(04)23274275,(04)23288582,2025,10,9,19,12,臺中市,西區,0,0,0,7,,,50,,,,,,,,,,,,,,,,,,,B03,,,1,8,2,,,84,84,2,13,4,120.655551,24.139883,3
3551,66000,387130000C,(04)23274275,(04)23288582,2025,10,9,19,14,臺中市,潭子區,0,0,0,7,,3,80,,,,,,,,,,,,,,,,,,,B03,,,1,,2,,,40,40,1,13,4,120.717149,24.198337,3
3552,66000,387130000C,(04)23274275,(04)23288582,2025,10,9,19,15,臺中市,豐原區,0,0,0,7,,,50,,,,,,,,,,,,,,14,,,,,B03,,,1,,2,,,49,49,1,11,4,120.723553,24.260841,4
3553,66000,387130000C,(04)23274275,(04)23288582,2025,10,9,19,17,臺中市,北屯區,0,1,0,7,1,6,50,4,2,1,5,4,6,6,1,1,5,5,5,2,3,3,10,3,1,B02,7,9,1,8,2,5,,58,58,1,6,4,120.724595,24.172183,2
3554,66000,387130000C,(04)23274275,(04)23288582,2025,10,9,19,20,臺中市,神岡區,0,0,0,7,,,30,,,,,,,,,,,,,,19,,,,,B03,,,1,,2,,,59,59,1,6,4,120.6699,24.260341,3
3555,66000,387130000C,(04)23274275,(04)23288582,2025,10,9,19,22,臺中市,外埔區,0,1,0,7,1,6,40,13,8,1,5,4,6,6,4,4,9,5,4,1,13,2,9,2,1,C03,7,9,1,10,2,11,,7,7,1,12,4,120.65516,24.330014,2
3556,66000,387130000C,(04)23274275,(04)23288582,2025,10,9,19,23,臺中市,北區,0,1,0,7,1,6,50,4,1,1,5,4,6,6,1,1,10,5,5,2,17,2,9,5,4,C03,7,6,1,10,2,12,,34,34,1,13,4,120.680853,24.149177,2
3557,66000,387130000C,(04)23274275,(04)23288582,2025,10,9,19,25,臺中市,大雅區,0,2,0,7,1,6,0,4,1,1,5,4,6,6,1,1,4,3,5,1,17,2,9,1,4,C04,7,9,1,11,2,12,,84,84,1,12,4,120.651779,24.227995,2
3558,66000,387130000C,(04)23274275,(04)23288582,2025,10,9,19,25,臺中市,北屯區,0,0,0,7,,,50,,,,,,,,,,,,,,,,,,,C03,,,1,,2,,,84,84,1,12,4,120.682288,24.182668,3
3559,66000,387130000C,(04)23274275,(04)23288582,2025,10,9,19,28,臺中市,潭子區,0,0,0,6,,3,80,,,,,,,,,,,,,,,,,,,B03,,,1,,2,,,7,7,1,13,4,120.709739,24.200514,3
3560,66000,387130000C,(04)23274275,(04)23288582,2025,10,9,19,38,臺中市,南屯區,0,0,0,7,,3,80,,,,,,,,,,,,,,13,,,,,B03,,,1,,2,,,56,56,1,13,4,120.62474,24.155196,3
3561,66000,387130000C,(04)23274275,(04)23288582,2025,10,9,19,44,臺中市,北區,0,1,0,7,1,6,40,13,9,1,5,4,6,6,4,4,1,4,4,2,17,3,10,3,1,B03,7,7,1,8,2,2,,20,20,1,12,4,120.680342,24.152525,2
3562,66000,387130000C,(04)23274275,(04)23288582,2025,10,9,19,45,臺中市,南屯區,0,0,0,7,,,50,,,,,,,,,,,,,,,,,,,B03,,,1,,1,,,8,8,1,12,4,120.626436,24.138311,3
3563,66000,387130000C,(04)23274275,(04)23288582,2025,10,9,19,45,臺中市,北屯區,0,0,0,7,,3,40,,,,,,,,,,,,,,,,,,,B12,,,1,,1,,,7,7,1,6,4,120.673035,24.200875,3
3564,66000,387130000C,(04)23274275,(04)23288582,2025,10,9,19,48,臺中市,南屯區,0,0,0,7,,,50,,,,,,,,,,,,,,,,,,,B03,,,1,,2,,,10,10,1,6,4,120.612454,24.138443,4
3565,66000,387130000C,(04)23274275,(04)23288582,2025,10,9,19,50,臺中市,南屯區,0,0,0,7,,,50,,,,,,,,,,,,,,13,,,,,C01,,,3,,1,,,7,7,1,12,4,120.622571,24.140411,3
3566,66000,387130000C,(04)23274275,(04)23288582,2025,10,9,19,59,臺中市,南區,0,1,0,7,1,6,50,13,9,1,5,4,6,6,4,4,5,2,5,2,17,2,8,1,1,C03,7,11,5,19,2,11,,4,4,1,6,4,120.68339,24.133464,2
3567,66000,387130000C,(04)23274275,(04)23288582,2025,10,9,20,4,臺中市,東勢區,0,1,0,7,1,6,30,4,1,1,5,4,6,6,4,4,10,5,5,2,15,3,10,5,4,B03,7,9,1,8,2,8,,12,12,1,13,4,120.825933,24.258213,2
3568,66000,387130000C,(04)23274275,(04)23288582,2025,10,9,20,7,臺中市,南屯區,0,2,0,7,1,6,40,13,8,1,5,4,6,6,4,4,9,5,4,2,13,2,8,1,1,C03,7,9,1,16,2,11,,7,7,1,12,4,120.644793,24.153506,2
3569,66000,387130000C,(04)23274275,(04)23288582,2025,10,9,20,8,臺中市,南區,0,0,0,7,,,50,,,,,,,,,,,,,,,,,,,C03,,,1,,9,,,7,7,1,6,2,120.664211,24.11349,3
3570,66000,387130000C,(04)23274275,(04)23288582,2025,10,9,20,8,臺中市,豐原區,0,0,0,7,,,50,,,,,,,,,,,,,,14,,,,,B03,,,1,,2,,,49,49,1,12,4,120.720245,24.263861,3
3571,66000,387130000C,(04)23274275,(04)23288582,2025,10,9,20,23,臺中市,沙鹿區,0,0,0,7,,,50,,,,,,,,,,,,,,17,,,,,B03,,,1,,2,,,14,14,1,12,4,120.571121,24.216361,3
3572,66000,387130000C,(04)23274275,(04)23288582,2025,10,9,20,32,臺中市,太平區,0,0,0,7,,,50,,,,,,,,,,,,,,17,,,,,B03,,,1,,2,,,84,84,1,12,4,120.71551,24.127356,3
3573,66000,387130000C,(04)23274275,(04)23288582,2025,10,9,20,49,臺中市,南區,0,0,0,6,,,50,,,,,,,,,,,,,,,,,,,B03,,,1,,2,,,7,7,1,13,4,120.679399,24.12407,3
3574,66000,387130000C,(04)23274275,(04)23288582,2025,10,9,20,55,臺中市,太平區,0,1,0,7,1,6,50,4,1,1,5,4,6,6,4,4,10,5,5,2,16,2,8,1,1,C03,7,6,1,10,2,11,,11,11,1,6,4,120.725883,24.133579,2
3575,66000,387130000C,(04)23274275,(04)23288582,2025,10,9,21,0,臺中市,北屯區,0,1,0,7,1,6,50,3,1,1,5,4,6,6,3,1,10,5,5,2,17,3,10,4,1,F01,7,1,7,21,2,14,,51,51,1,12,1,120.707401,24.173489,2
3576,66000,387130000C,(04)23274275,(04)23288582,2025,10,9,21,10,臺中市,大雅區,0,0,0,7,,,50,,,,,,,,,,,,,,,,,,,B03,,,1,,9,,,8,8,1,13,4,120.667447,24.23758,3
3577,66000,387130000C,(04)23274275,(04)23288582,2025,10,9,21,13,臺中市,西屯區,0,1,0,7,1,6,30,4,1,1,5,4,6,6,2,1,10,5,5,2,23,2,9,1,1,C03,7,9,1,10,2,11,,59,59,1,5,4,120.656577,24.18842,2
3578,66000,387130000C,(04)23274275,(04)23288582,2025,10,9,21,16,臺中市,北區,0,1,0,7,1,6,50,3,1,1,5,4,6,6,1,1,1,4,5,2,30,,,,,,,,,,,,,119,119,1,,,120.685993,24.144713,2
3579,66000,387130000C,(04)23274275,(04)23288582,2025,10,9,21,20,臺中市,霧峰區,0,1,0,7,1,6,50,4,1,1,5,4,6,6,2,1,10,5,5,2,17,3,10,5,4,B03,7,5,1,8,2,5,,84,84,1,13,4,120.670958,24.042842,2
3580,66000,387130000C,(04)23274275,(04)23288582,2025,10,9,21,21,臺中市,沙鹿區,0,0,0,7,,,50,,,,,,,,,,,,,,14,,,,,B03,,,1,,2,,,49,49,1,6,4,120.569073,24.255745,3
3581,66000,387130000C,(04)23274275,(04)23288582,2025,10,9,21,24,臺中市,太平區,0,2,0,7,3,6,50,13,9,1,5,4,6,6,4,4,5,5,4,1,16,2,9,2,1,F01,7,6,7,21,2,14,,48,48,1,12,4,120.708114,24.159218,2
3582,66000,387130000C,(04)23274275,(04)23288582,2025,10,9,21,33,臺中市,烏日區,0,1,0,7,1,6,50,3,19,1,5,4,6,6,1,1,10,5,5,2,3,3,10,3,1,B03,7,6,1,8,2,1,,10,10,1,6,4,120.643284,24.078953,2
3583,66000,387130000C,(04)23274275,(04)23288582,2025,10,9,21,38,臺中市,西屯區,0,2,0,7,1,6,50,4,1,1,5,4,6,6,2,1,10,5,5,2,16,2,8,5,4,C03,7,9,1,10,2,11,,59,59,1,13,4,120.636035,24.169396,2
3584,66000,387130000C,(04)23274275,(04)23288582,2025,10,9,21,43,臺中市,龍井區,0,0,0,7,,,30,,,,,,,,,,,,,,12,,,,,B03,,,1,,2,,,8,8,1,6,4,120.59176,24.181915,3
3585,66000,387130000C,(04)23274275,(04)23288582,2025,10,9,21,43,臺中市,豐原區,0,1,0,7,1,6,50,3,1,1,5,4,6,6,4,4,5,4,4,2,16,3,10,1,1,C03,7,6,1,10,2,12,,14,14,1,12,4,120.720169,24.251598,2
3586,66000,387130000C,(04)23274275,(04)23288582,2025,10,9,21,49,臺中市,南屯區,0,1,0,7,1,6,50,13,8,1,5,4,6,6,4,4,1,4,4,2,17,3,10,3,1,B03,7,1,1,10,2,4,,51,51,1,6,4,120.649186,24.150954,2
3587,66000,387130000C,(04)23274275,(04)23288582,2025,10,9,21,50,臺中市,大肚區,0,0,0,7,,,50,,,,,,,,,,,,,,13,,,,,B03,,,1,,1,,,59,59,1,6,4,120.570263,24.121093,3
3588,66000,387130000C,(04)23274275,(04)23288582,2025,10,9,22,5,臺中市,南區,0,0,0,7,,,50,,,,,,,,,,,,,,,,,,,B03,,,1,,9,,,8,8,1,13,4,120.658881,24.121027,3
3589,66000,387130000C,(04)23274275,(04)23288582,2025,10,9,22,7,臺中市,太平區,0,1,0,7,1,6,50,4,1,1,5,4,6,6,4,4,5,5,5,2,15,2,8,2,1,C03,7,9,1,10,2,11,,15,15,1,12,4,120.718213,24.148089,2
3590,66000,387130000C,(04)23274275,(04)23288582,2025,10,9,22,11,臺中市,大里區,0,0,0,7,,,50,,,,,,,,,,,,,,13,,,,,B03,,,1,,2,,,59,59,1,13,4,120.678962,24.112286,3
3591,66000,387130000C,(04)23274275,(04)23288582,2025,10,9,22,17,臺中市,西屯區,0,0,0,7,,,50,,,,,,,,,,,,,,9,,,,,B03,,,1,,2,,,84,84,1,5,4,120.641167,24.155914,3
3592,66000,387130000C,(04)23274275,(04)23288582,2025,10,9,22,20,臺中市,北區,0,2,0,7,1,6,50,4,1,1,5,4,6,6,1,1,10,5,5,2,13,3,10,1,1,C03,7,9,1,10,2,11,,84,84,1,12,4,120.663127,24.161428,2
3593,66000,387130000C,(04)23274275,(04)23288582,2025,10,9,22,22,臺中市,龍井區,0,1,0,7,1,6,30,4,1,1,5,4,6,6,4,4,10,5,5,2,15,2,9,1,1,C03,7,9,1,10,2,11,,12,12,1,5,4,120.522894,24.211109,2
3594,66000,387130000C,(04)23274275,(04)23288582,2025,10,9,22,24,臺中市,烏日區,0,0,0,7,,,50,,,,,,,,,,,,,,12,,,,,C03,,,1,,1,,,7,7,1,5,4,120.635523,24.109878,3
3595,66000,387130000C,(04)23274275,(04)23288582,2025,10,9,22,25,臺中市,大雅區,0,2,0,7,1,6,60,3,1,1,5,4,6,6,1,1,10,5,5,2,17,2,9,2,1,C03,7,15,1,10,2,12,,84,84,1,12,4,120.658177,24.230929,2
3596,66000,387130000C,(04)23274275,(04)23288582,2025,10,9,22,28,臺中市,南區,0,1,0,7,1,6,50,4,2,1,5,4,6,6,4,4,1,5,5,2,12,2,9,2,1,C03,7,5,1,10,2,12,,84,84,1,13,4,120.669442,24.126269,2
3597,66000,387130000C,(04)23274275,(04)23288582,2025,10,9,22,31,臺中市,清水區,0,2,0,7,1,6,50,4,1,1,5,4,6,6,1,1,8,3,4,2,16,2,9,1,1,C03,7,6,1,10,2,11,,11,11,1,12,4,120.607748,24.269373,2
3598,66000,387130000C,(04)23274275,(04)23288582,2025,10,9,22,32,臺中市,西屯區,0,1,0,7,1,6,50,13,9,1,5,4,6,6,4,4,1,4,5,2,12,2,9,1,1,C03,7,8,1,10,2,14,,8,8,1,5,4,120.644604,24.163081,2
3599,66000,387130000C,(04)23274275,(04)23288582,2025,10,9,22,42,臺中市,神岡區,0,1,0,7,1,6,50,13,7,1,5,4,6,6,1,1,5,4,4,2,17,2,8,2,1,C03,7,9,1,10,2,11,,59,59,1,6,4,120.657191,24.257981,2
3600,66000,387130000C,(04)23274275,(04)23288582,2025,10,9,22,52,臺中市,龍井區,0,0,0,7,,,30,,,,,,,,,,,,,,14,,,,,C03,,,1,,1,,,41,41,1,6,4,120.593087,24.181335,3
3601,66000,387130000C,(04)23274275,(04)23288582,2025,10,9,22,53,臺中市,北屯區,0,0,0,7,,,50,,,,,,,,,,,,,,14,,,,,B03,,,1,,2,,,49,49,1,12,4,120.702538,24.173253,3
3602,66000,387130000C,(04)23274275,(04)23288582,2025,10,9,23,5,臺中市,北屯區,0,1,0,7,1,6,30,4,1,1,5,4,6,6,4,4,5,5,5,2,16,3,10,2,1,C03,7,6,1,10,2,14,,12,12,1,12,4,120.680231,24.178106,2