序號,縣市別代碼,機關代碼,市話,傳真,年,月,日,時,分,縣市,區,死亡數量,受傷數量,2-30,天候,道路照明設備,道路類別,道路速限,道路型態,事故位置,路面鋪裝,路面狀態,路面缺陷,障礙物,視距,號誌種類,號誌動作,分向設施,快車道或一般車道間,快慢車道間,路面邊線,事故類型及型態,受傷程度,主要傷處,保護裝備,行動電話或功能裝置,當事者區分(類別),車輛用途,當事者行動狀態,駕照狀態,駕照種類,飲酒情形,車輛撞擊部位最初,車輛撞擊部位其他,肇事因素個別,肇事因素主要,肇事逃逸,職業,共享經濟或外送平台,GPS座標X,GPS座標Y,事故類別
3603,66000,387130000C,(04)23274275,(04)23288582,2025,10,9,23,10,臺中市,北區,0,2,0,7,1,6,50,4,2,1,5,4,6,6,1,1,5,4,4,2,13,2,9,2,1,C03,7,9,1,10,2,11,,7,7,1,12,4,120.694315,24.155404,2
3604,66000,387130000C,(04)23274275,(04)23288582,2025,10,9,23,23,臺中市,西屯區,0,0,0,7,,,50,,,,,,,,,,,,,,13,,,,,B03,,,1,,1,,,59,59,1,12,4,120.64194,24.163251,3
3605,66000,387130000C,(04)23274275,(04)23288582,2025,10,9,23,27,臺中市,西屯區,0,2,0,7,1,6,40,3,2,1,5,4,6,6,2,1,1,5,1,2,13,2,9,5,4,C03,7,9,1,10,2,11,,7,7,1,13,4,120.614123,24.183851,2
3606,66000,387130000C,(04)23274275,(04)23288582,2025,10,9,23,47,臺中市,北屯區,0,0,0,7,,,50,,,,,,,,,,,,,,13,,,,,B12,,,1,,1,,,56,56,1,12,4,120.725336,24.172061,3
3607,66000,387130000C,(04)23274275,(04)23288582,2025,10,9,23,52,臺中市,烏日區,0,0,0,7,,,50,,,,,,,,,,,,,,,,,,,C03,,,1,,2,,,7,7,1,6,4,120.644343,24.087916,3
3608,66000,387130000C,(04)23274275,(04)23288582,2025,10,10,0,38,臺中市,大里區,0,0,0,7,,,50,,,,,,,,,,,,,,17,,,,,B03,,,1,,2,,,51,51,1,12,4,120.689871,24.111147,3
3609,66000,387130000C,(04)23274275,(04)23288582,2025,10,10,0,39,臺中市,大里區,0,1,0,7,1,6,50,13,9,1,5,4,6,6,4,4,5,5,5,1,17,2,9,1,1,C03,7,9,1,10,1,11,,84,84,1,12,4,120.705684,24.111594,2
3610,66000,387130000C,(04)23274275,(04)23288582,2025,10,10,0,45,臺中市,東區,0,0,0,7,,,50,,,,,,,,,,,,,,12,,,,,B12,,,1,,1,,,50,50,1,13,4,120.69669,24.146506,3
3611,66000,387130000C,(04)23274275,(04)23288582,2025,10,10,0,47,臺中市,北屯區,0,0,0,7,,,50,,,,,,,,,,,,,,15,,,,,B01,,,1,,1,,,15,15,1,6,4,120.702049,24.169011,3
3612,66000,387130000C,(04)23274275,(04)23288582,2025,10,10,1,4,臺中市,南屯區,0,2,0,7,2,6,50,4,1,1,5,4,6,6,2,1,9,4,5,2,13,2,9,1,1,C03,7,9,1,10,2,11,,84,84,1,12,4,120.646262,24.129737,2
3613,66000,387130000C,(04)23274275,(04)23288582,2025,10,10,1,20,臺中市,龍井區,0,0,0,7,,,30,,,,,,,,,,,,,,,,,,,B03,,,1,,2,,,84,84,1,6,4,120.498245,24.199125,3
3614,66000,387130000C,(04)23274275,(04)23288582,2025,10,10,1,21,臺中市,南區,0,1,0,7,1,6,30,3,1,1,5,4,6,6,4,4,10,5,5,2,16,3,10,3,1,B03,7,6,1,8,2,1,,14,14,1,12,4,120.656134,24.131388,2
3615,66000,387130000C,(04)23274275,(04)23288582,2025,10,10,1,50,臺中市,南屯區,0,2,0,7,1,6,50,13,9,1,5,4,6,6,4,4,5,5,4,2,17,2,9,3,1,B03,7,9,1,8,2,1,,84,84,1,12,4,120.637879,24.139096,2
3616,66000,387130000C,(04)23274275,(04)23288582,2025,10,10,1,56,臺中市,烏日區,0,0,0,7,,,50,,,,,,,,,,,,,,,,,,,B12,,,1,,2,,,45,45,1,6,4,120.593647,24.136462,3
3617,66000,387130000C,(04)23274275,(04)23288582,2025,10,10,3,34,臺中市,沙鹿區,0,0,0,7,,,50,,,,,,,,,,,,,,14,,,,,A11,,,1,,2,,,49,49,1,6,4,120.563476,24.216027,3
3618,66000,387130000C,(04)23274275,(04)23288582,2025,10,10,4,17,臺中市,沙鹿區,0,2,0,7,1,6,40,5,1,1,5,4,6,6,1,1,10,5,5,2,13,2,9,2,1,C03,7,9,1,10,2,11,,7,7,1,6,4,120.579362,24.221391,2
3619,66000,387130000C,(04)23274275,(04)23288582,2025,10,10,5,43,臺中市,西屯區,0,0,0,7,,,50,,,,,,,,,,,,,,17,,,,,B03,,,1,,1,,,42,42,1,12,4,120.63545,24.180609,3
3620,66000,387130000C,(04)23274275,(04)23288582,2025,10,10,6,7,臺中市,大里區,0,0,0,7,,,,,,,,,,,,,,,,,17,,,,,,,,,,,,,119,119,1,,,120.686063,24.114466,3
3621,66000,387130000C,(04)23274275,(04)23288582,2025,10,10,6,12,臺中市,西屯區,0,1,0,7,2,6,30,11,9,1,5,4,6,6,4,4,10,5,5,2,18,2,9,5,4,C03,7,9,1,10,2,12,,59,59,1,13,4,120.631693,24.19153,2
3622,66000,387130000C,(04)23274275,(04)23288582,2025,10,10,6,21,臺中市,后里區,0,0,0,7,2,6,50,13,14,1,5,4,6,6,4,4,9,4,4,1,12,,,,,B03,,,1,,2,,,59,59,1,6,4,120.693265,24.313864,3
3623,66000,387130000C,(04)23274275,(04)23288582,2025,10,10,6,22,臺中市,北屯區,0,1,0,7,2,6,50,4,1,1,5,4,6,6,4,4,5,5,4,2,16,3,10,3,1,B03,7,6,5,8,2,1,,12,12,1,12,4,120.662813,24.197538,2
3624,66000,387130000C,(04)23274275,(04)23288582,2025,10,10,6,52,臺中市,大肚區,0,2,0,7,2,6,50,13,9,1,5,4,6,6,4,4,5,4,5,2,3,2,9,6,5,H01,8,16,7,21,10,17,,95,95,1,6,5,120.544955,24.152395,2
3625,66000,387130000C,(04)23274275,(04)23288582,2025,10,10,6,55,臺中市,中區,0,2,0,7,2,6,50,4,1,1,5,4,6,6,1,1,10,5,5,2,17,3,10,1,1,C03,7,6,1,10,2,11,,11,11,1,12,4,120.681726,24.144636,2
3626,66000,387130000C,(04)23274275,(04)23288582,2025,10,10,7,0,臺中市,西屯區,0,1,0,7,2,6,50,13,9,1,5,4,6,6,4,4,1,4,5,2,18,2,9,4,1,F01,7,9,7,21,2,16,,59,59,1,13,1,120.594193,24.192085,2
3627,66000,387130000C,(04)23274275,(04)23288582,2025,10,10,7,14,臺中市,龍井區,0,2,0,7,3,6,30,4,1,1,5,4,6,6,4,4,10,5,5,1,15,2,8,2,1,C03,7,9,1,10,2,11,,15,15,1,12,4,120.530634,24.191771,2
3628,66000,387130000C,(04)23274275,(04)23288582,2025,10,10,7,17,臺中市,豐原區,0,1,0,7,2,6,50,13,8,1,5,4,6,6,4,4,5,5,4,2,18,,,,,,,,,,,,,119,119,1,,,120.741645,24.255556,2
3629,66000,387130000C,(04)23274275,(04)23288582,2025,10,10,7,18,臺中市,南屯區,0,0,0,7,,,50,,,,,,,,,,,,,,13,,,,,B03,,,1,,1,,,59,59,1,6,4,120.628969,24.147663,3
3630,66000,387130000C,(04)23274275,(04)23288582,2025,10,10,7,29,臺中市,龍井區,0,2,0,7,3,6,40,13,11,1,5,4,6,6,4,4,10,5,5,1,13,2,8,2,1,C03,7,9,1,10,2,11,,7,7,1,12,4,120.54344,24.217912,2
3631,66000,387130000C,(04)23274275,(04)23288582,2025,10,10,7,32,臺中市,大里區,0,2,0,7,3,6,50,5,1,1,5,4,6,6,2,1,5,5,4,2,16,2,9,1,1,C03,7,6,1,10,2,14,,11,11,1,13,4,120.692196,24.115509,2
3632,66000,387130000C,(04)23274275,(04)23288582,2025,10,10,7,36,臺中市,南屯區,0,1,0,7,2,6,50,13,9,1,5,4,6,6,1,1,9,5,5,2,17,3,10,3,1,B03,7,5,1,8,2,2,,47,47,1,13,4,120.632356,24.145477,2
3633,66000,387130000C,(04)23274275,(04)23288582,2025,10,10,7,37,臺中市,太平區,0,2,0,7,2,6,50,13,9,1,5,4,6,6,4,4,1,4,5,2,13,2,7,1,1,F03,7,9,7,21,2,12,,59,59,1,12,4,120.72342,24.150961,2
3634,66000,387130000C,(04)23274275,(04)23288582,2025,10,10,7,38,臺中市,大雅區,0,0,0,7,,,70,,,,,,,,,,,,,,13,,,,,B03,,,1,,1,,,84,84,1,13,4,120.641273,24.230122,3
3635,66000,387130000C,(04)23274275,(04)23288582,2025,10,10,7,40,臺中市,南屯區,0,0,0,7,,,50,,,,,,,,,,,,,,12,,,,,B03,,,5,,2,,,40,40,1,13,4,120.628991,24.147587,3
3636,66000,387130000C,(04)23274275,(04)23288582,2025,10,10,7,42,臺中市,西屯區,0,0,0,7,,,0,,,,,,,,,,,,,,,,,,,C03,,,1,,1,,,50,50,1,12,4,120.648825,24.157713,3
3637,66000,387130000C,(04)23274275,(04)23288582,2025,10,10,7,50,臺中市,南區,0,0,0,7,,,40,,,,,,,,,,,,,,17,,,,,C03,,,1,,2,,,84,84,1,12,4,120.680225,24.12219,3
3638,66000,387130000C,(04)23274275,(04)23288582,2025,10,10,7,50,臺中市,南屯區,0,0,0,7,,,50,,,,,,,,,,,,,,17,,,,,B02,,,1,,2,,,8,8,1,12,4,120.6293,24.147774,3
3639,66000,387130000C,(04)23274275,(04)23288582,2025,10,10,7,57,臺中市,北屯區,0,0,0,7,,,50,,,,,,,,,,,,,,,,,,,B03,,,1,,1,,,40,40,1,13,4,120.660971,24.190581,4
3640,66000,387130000C,(04)23274275,(04)23288582,2025,10,10,8,0,臺中市,南屯區,0,0,0,7,,,30,,,,,,,,,,,,,,16,,,,,C03,,,1,,1,,,84,84,1,6,4,120.61991,24.136435,3
3641,66000,387130000C,(04)23274275,(04)23288582,2025,10,10,8,14,臺中市,沙鹿區,0,0,0,7,,,50,,,,,,,,,,,,,,,,,,,C03,,,1,,1,,,73,73,1,12,4,120.565279,24.232688,3
3642,66000,387130000C,(04)23274275,(04)23288582,2025,10,10,8,18,臺中市,東勢區,0,1,0,7,2,6,60,3,1,1,5,4,6,5,1,1,10,5,5,2,16,3,10,3,1,B12,7,6,1,8,2,8,,84,84,1,12,4,120.800408,24.303403,2
3643,66000,387130000C,(04)23274275,(04)23288582,2025,10,10,8,25,臺中市,南區,0,0,0,7,,,30,,,,,,,,,,,,,,,,,,,B03,,,1,,9,,,8,8,1,13,4,120.679539,24.132603,3
3644,66000,387130000C,(04)23274275,(04)23288582,2025,10,10,8,29,臺中市,沙鹿區,0,0,0,7,,,40,,,,,,,,,,,,,,17,,,,,B03,,,1,,1,,,50,50,1,6,4,120.575137,24.227991,3
3645,66000,387130000C,(04)23274275,(04)23288582,2025,10,10,8,32,臺中市,梧棲區,0,0,0,7,,,40,,,,,,,,,,,,,,21,,,,,A31,,,1,,2,,,84,84,1,6,4,120.520086,24.244266,3
3646,66000,387130000C,(04)23274275,(04)23288582,2025,10,10,8,45,臺中市,大甲區,0,0,0,7,,,50,,,,,,,,,,,,,,30,,,,,C03,,,1,,2,,,84,84,1,12,4,120.617136,24.340972,3
3647,66000,387130000C,(04)23274275,(04)23288582,2025,10,10,8,48,臺中市,東區,0,0,0,7,,,50,,,,,,,,,,,,,,,,,,,C03,,,2,,2,,,11,11,1,3,4,120.686242,24.140214,3
3648,66000,387130000C,(04)23274275,(04)23288582,2025,10,10,8,48,臺中市,南區,0,1,0,7,3,6,50,3,1,1,5,4,6,6,4,4,5,5,5,2,16,3,10,3,1,B03,7,6,1,8,2,4,,12,12,1,6,4,120.663366,24.127266,2
3649,66000,387130000C,(04)23274275,(04)23288582,2025,10,10,8,50,臺中市,南屯區,0,0,0,7,,,40,,,,,,,,,,,,,,,,,,,A11,,,1,,1,,,8,8,1,13,4,120.611184,24.158421,3
3650,66000,387130000C,(04)23274275,(04)23288582,2025,10,10,8,53,臺中市,南區,0,2,0,7,1,6,50,13,9,1,5,4,6,6,4,4,9,4,5,2,11,2,9,1,1,F01,7,9,7,21,2,12,14,84,84,1,12,4,120.651957,24.114744,2
3651,66000,387130000C,(04)23274275,(04)23288582,2025,10,10,8,53,臺中市,西屯區,0,0,0,7,,,30,,,,,,,,,,,,,,,,,,,B03,,,1,,1,,,76,76,1,12,4,120.633728,24.170582,3
3652,66000,387130000C,(04)23274275,(04)23288582,2025,10,10,8,56,臺中市,南屯區,0,0,0,7,,,50,,,,,,,,,,,,,,,,,,,B03,,,1,,9,,,84,84,1,13,4,120.587332,24.160922,3
3653,66000,387130000C,(04)23274275,(04)23288582,2025,10,10,8,58,臺中市,大肚區,0,1,0,7,3,6,50,4,2,1,5,4,6,6,1,1,5,5,5,1,13,3,10,3,1,G03,7,9,1,8,2,17,,84,84,1,6,4,120.547336,24.151624,2
3654,66000,387130000C,(04)23274275,(04)23288582,2025,10,10,9,1,臺中市,太平區,0,0,0,7,,,30,,,,,,,,,,,,,,,,,,,B12,,,1,,2,,,50,50,1,12,4,120.739351,24.135189,3
3655,66000,387130000C,(04)23274275,(04)23288582,2025,10,10,9,4,臺中市,南屯區,0,0,0,7,,,50,,,,,,,,,,,,,,12,,,,,A12,,,1,,1,,,40,40,1,13,4,120.62334,24.150122,3
3656,66000,387130000C,(04)23274275,(04)23288582,2025,10,10,9,8,臺中市,西屯區,0,0,0,7,,,0,,,,,,,,,,,,,,17,,,,,C03,,,1,,10,,,84,84,1,12,4,120.648826,24.160117,3
3657,66000,387130000C,(04)23274275,(04)23288582,2025,10,10,9,9,臺中市,北區,0,2,0,7,2,6,50,4,1,1,5,4,6,6,2,1,10,5,5,2,12,2,9,1,1,C03,7,21,3,19,2,14,,84,84,1,13,4,120.690207,24.156245,2
3658,66000,387130000C,(04)23274275,(04)23288582,2025,10,10,9,12,臺中市,北屯區,0,0,0,7,,,50,,,,,,,,,,,,,,14,,,,,B03,,,1,,2,,,49,49,1,6,4,120.724145,24.162994,3
3659,66000,387130000C,(04)23274275,(04)23288582,2025,10,10,9,16,臺中市,豐原區,0,1,0,7,2,6,50,13,9,1,5,4,6,6,4,4,5,2,5,1,12,2,9,1,1,C03,7,9,1,10,2,14,,65,65,1,12,4,120.724393,24.23143,2
3660,66000,387130000C,(04)23274275,(04)23288582,2025,10,10,9,21,臺中市,豐原區,0,1,0,7,2,6,50,13,9,1,5,4,6,6,4,4,9,5,5,1,16,2,9,1,1,C03,7,9,1,10,2,11,12,7,7,1,6,4,120.731981,24.25025,2
3661,66000,387130000C,(04)23274275,(04)23288582,2025,10,10,9,30,臺中市,南區,0,0,0,7,,,50,,,,,,,,,,,,,,9,,,,,B03,,,1,,1,,,85,85,1,12,4,120.664037,24.116117,4
3662,66000,387130000C,(04)23274275,(04)23288582,2025,10,10,9,34,臺中市,大甲區,0,1,0,7,1,6,60,3,1,1,5,4,6,6,3,1,1,3,4,1,16,3,10,3,1,B03,7,5,3,19,2,2,,11,11,1,12,4,120.642792,24.416189,2
3663,66000,387130000C,(04)23274275,(04)23288582,2025,10,10,9,37,臺中市,大里區,0,1,0,7,2,6,50,4,2,1,5,4,6,6,1,1,10,5,5,1,16,3,10,3,1,B03,7,5,1,8,2,6,,47,47,1,12,4,120.676683,24.109404,2
3664,66000,387130000C,(04)23274275,(04)23288582,2025,10,10,9,40,臺中市,大甲區,0,1,0,7,2,6,60,8,11,1,5,4,6,6,4,4,6,3,4,1,13,3,10,3,1,A12,7,14,1,7,2,7,,84,84,1,12,4,120.605933,24.319208,2
3665,66000,387130000C,(04)23274275,(04)23288582,2025,10,10,9,49,臺中市,潭子區,0,0,0,7,,,40,,,,,,,,,,,,,,,,,,,B03,,,1,,2,,,7,7,1,12,4,120.698056,24.205223,3
3666,66000,387130000C,(04)23274275,(04)23288582,2025,10,10,9,51,臺中市,北區,0,1,0,7,2,6,50,5,1,1,5,4,6,6,2,1,3,4,4,2,17,3,10,3,1,B03,7,11,1,8,2,1,,45,45,1,12,4,120.68447,24.154002,2
3667,66000,387130000C,(04)23274275,(04)23288582,2025,10,10,9,54,臺中市,北屯區,0,0,0,7,,,40,,,,,,,,,,,,,,14,,,,,B12,,,1,8,1,,,49,49,1,6,4,120.680175,24.189007,3
3668,66000,387130000C,(04)23274275,(04)23288582,2025,10,10,9,57,臺中市,大雅區,0,0,0,7,,,0,,,,,,,,,,,,,,,,,,,B03,,,1,,1,,,78,78,1,12,4,120.644052,24.208444,3
3669,66000,387130000C,(04)23274275,(04)23288582,2025,10,10,10,0,臺中市,北屯區,0,0,0,7,,,50,,,,,,,,,,,,,,9,,,,,B03,,,1,,1,,,82,82,1,6,4,120.699677,24.160368,3
3670,66000,387130000C,(04)23274275,(04)23288582,2025,10,10,10,1,臺中市,南屯區,0,1,0,7,2,6,50,3,9,1,5,4,6,6,2,1,1,3,5,1,13,2,9,1,1,C03,7,9,1,10,1,11,,7,7,1,12,4,120.646623,24.144937,2
3671,66000,387130000C,(04)23274275,(04)23288582,2025,10,10,10,2,臺中市,北區,0,1,0,7,2,6,50,13,9,1,5,4,6,6,4,4,8,3,5,2,30,3,10,3,1,B03,7,9,1,8,2,1,,55,55,1,13,4,120.685145,24.143041,2
3672,66000,387130000C,(04)23274275,(04)23288582,2025,10,10,10,5,臺中市,西屯區,0,0,0,7,,,50,,,,,,,,,,,,,,16,,,,,B03,,,1,,2,,,11,11,1,12,4,120.657265,24.196711,3
3673,66000,387130000C,(04)23274275,(04)23288582,2025,10,10,10,13,臺中市,東區,0,0,0,7,,,30,,,,,,,,,,,,,,,,,,,B03,,,1,,1,,,49,49,1,12,4,120.694183,24.12889,3
3674,66000,387130000C,(04)23274275,(04)23288582,2025,10,10,10,14,臺中市,烏日區,0,0,0,7,,,50,,,,,,,,,,,,,,15,,,,,A04,,,1,,2,,,15,15,1,13,4,120.61262,24.108668,3
3675,66000,387130000C,(04)23274275,(04)23288582,2025,10,10,10,15,臺中市,南屯區,0,2,0,7,3,6,50,4,1,1,5,4,6,6,2,1,10,5,5,2,16,2,9,1,1,C03,7,6,1,10,2,14,,48,48,1,5,4,120.648755,24.146836,2
3676,66000,387130000C,(04)23274275,(04)23288582,2025,10,10,10,20,臺中市,大里區,0,1,0,7,3,6,60,13,9,1,5,4,6,6,3,1,10,5,5,2,17,3,10,5,4,B03,7,11,1,8,2,6,,45,45,1,13,4,120.690061,24.075545,2
3677,66000,387130000C,(04)23274275,(04)23288582,2025,10,10,10,20,臺中市,烏日區,0,0,0,7,,,50,,,,,,,,,,,,,,2,,,,,A41,,,1,,2,,,87,87,1,6,4,120.622401,24.104875,3
3678,66000,387130000C,(04)23274275,(04)23288582,2025,10,10,10,22,臺中市,太平區,0,1,0,7,2,9,30,13,13,1,5,4,6,6,4,4,10,5,5,2,20,2,9,1,1,F01,7,9,7,21,2,11,,59,59,1,6,4,120.702651,24.152569,2
3679,66000,387130000C,(04)23274275,(04)23288582,2025,10,10,10,22,臺中市,烏日區,0,1,0,7,2,6,40,4,1,1,5,4,6,6,1,1,10,5,5,2,12,3,10,5,4,B12,7,9,1,8,2,4,,8,8,1,13,4,120.625766,24.110373,2
3680,66000,387130000C,(04)23274275,(04)23288582,2025,10,10,10,34,臺中市,西區,0,1,0,7,2,6,50,5,1,1,5,4,6,6,1,1,10,5,5,2,17,3,10,1,1,C03,7,9,1,10,2,14,,84,84,1,12,4,120.671857,24.140753,2
3681,66000,387130000C,(04)23274275,(04)23288582,2025,10,10,10,35,臺中市,西區,0,0,0,7,,,30,,,,,,,,,,,,,,,,,,,B03,,,1,,1,,,84,84,1,12,4,120.657958,24.148591,3
3682,66000,387130000C,(04)23274275,(04)23288582,2025,10,10,10,37,臺中市,霧峰區,0,0,0,7,,,50,,,,,,,,,,,,,,17,,,,,B03,,,3,,2,,,7,7,1,13,4,120.695204,24.052442,3
3683,66000,387130000C,(04)23274275,(04)23288582,2025,10,10,10,37,臺中市,豐原區,0,0,0,7,,,50,,,,,,,,,,,,,,13,,,,,C03,,,1,,2,,,7,7,1,12,4,120.715394,24.248234,3
3684,66000,387130000C,(04)23274275,(04)23288582,2025,10,10,10,38,臺中市,豐原區,0,1,0,7,2,6,50,3,9,1,5,4,6,6,4,4,10,5,5,1,12,4,11,1,1,C03,7,4,1,10,2,12,,84,84,1,12,4,120.729379,24.234117,2
3685,66000,387130000C,(04)23274275,(04)23288582,2025,10,10,10,43,臺中市,大甲區,0,0,0,7,,,40,,,,,,,,,,,,,,,,,,,C03,,,1,,1,,,49,49,1,12,4,120.621922,24.344881,3
3686,66000,387130000C,(04)23274275,(04)23288582,2025,10,10,10,50,臺中市,霧峰區,0,0,0,7,,,30,,,,,,,,,,,,,,11,,,,,C03,,,1,,2,,,41,41,1,6,4,120.749016,24.068483,3
3687,66000,387130000C,(04)23274275,(04)23288582,2025,10,10,10,53,臺中市,豐原區,0,1,0,7,2,6,50,5,1,1,5,4,6,6,4,4,10,5,5,2,13,3,10,1,1,C03,7,9,1,10,2,11,,7,7,1,12,4,120.71423,24.248015,2
3688,66000,387130000C,(04)23274275,(04)23288582,2025,10,10,10,55,臺中市,大里區,0,2,0,7,3,6,30,4,1,1,5,4,6,6,4,4,10,5,5,2,15,3,10,3,1,B03,7,9,1,8,2,2,,13,13,1,12,4,120.688066,24.086033,2
3689,66000,387130000C,(04)23274275,(04)23288582,2025,10,10,10,57,臺中市,北屯區,0,0,0,7,,,50,,,,,,,,,,,,,,12,,,,,B03,,,1,,2,,,40,40,1,12,4,120.721708,24.183108,4
3690,66000,387130000C,(04)23274275,(04)23288582,2025,10,10,10,57,臺中市,大里區,0,1,0,7,2,6,50,4,1,1,5,4,6,6,1,1,5,5,5,1,16,3,10,1,1,C03,7,5,3,19,2,13,,47,47,1,13,4,120.684237,24.107451,2
3691,66000,387130000C,(04)23274275,(04)23288582,2025,10,10,11,2,臺中市,沙鹿區,0,1,0,7,2,6,30,4,1,1,5,4,6,6,1,1,10,5,5,2,17,3,10,1,1,C03,7,6,3,19,1,12,,48,48,1,13,4,120.570595,24.199067,2
3692,66000,387130000C,(04)23274275,(04)23288582,2025,10,10,11,5,臺中市,東區,0,0,0,7,,,50,,,,,,,,,,,,,,,,,,,A04,,,1,,1,,,84,84,1,12,4,120.687255,24.14015,3
3693,66000,387130000C,(04)23274275,(04)23288582,2025,10,10,11,14,臺中市,北區,0,1,0,7,2,6,50,13,9,1,5,4,6,6,4,4,8,3,5,2,13,2,9,2,1,C03,7,9,1,10,2,11,,7,7,1,13,4,120.682217,24.144732,2
3694,66000,387130000C,(04)23274275,(04)23288582,2025,10,10,11,16,臺中市,大里區,0,0,0,7,,,40,,,,,,,,,,,,,,13,,,,,B03,,,1,,2,,,7,7,1,13,4,120.690709,24.101025,3
3695,66000,387130000C,(04)23274275,(04)23288582,2025,10,10,11,18,臺中市,南屯區,0,0,0,7,,,50,,,,,,,,,,,,,,,,,,,B03,,,1,,1,,,11,11,1,13,4,120.650644,24.150891,3
3696,66000,387130000C,(04)23274275,(04)23288582,2025,10,10,11,20,臺中市,西屯區,0,1,0,7,2,6,50,4,2,1,5,4,6,6,2,1,10,5,5,2,16,3,10,3,1,B03,7,5,1,8,2,5,,47,47,1,12,4,120.664517,24.178132,2
3697,66000,387130000C,(04)23274275,(04)23288582,2025,10,10,11,20,臺中市,大里區,0,0,0,7,,,50,,,,,,,,,,,,,,,,,,,B03,,,3,,2,,,7,7,1,12,4,120.689765,24.106923,3
3698,66000,387130000C,(04)23274275,(04)23288582,2025,10,10,11,26,臺中市,北屯區,0,1,0,7,2,6,50,4,1,1,5,4,6,6,4,4,10,5,5,2,16,2,9,1,1,C03,7,9,1,10,2,12,,12,12,1,6,4,120.679428,24.181803,2
3699,66000,387130000C,(04)23274275,(04)23288582,2025,10,10,11,29,臺中市,南屯區,0,1,0,7,1,6,50,4,1,1,5,4,6,6,1,1,5,4,4,2,11,3,10,5,4,B03,7,6,1,8,2,6,,48,48,1,13,4,120.643821,24.153671,2
3700,66000,387130000C,(04)23274275,(04)23288582,2025,10,10,11,30,臺中市,后里區,0,1,0,7,2,6,50,13,8,1,5,4,6,6,4,4,3,4,4,1,12,3,10,3,1,B03,7,1,1,8,2,5,,51,51,1,6,4,120.721917,24.307762,2
3701,66000,387130000C,(04)23274275,(04)23288582,2025,10,10,11,31,臺中市,北區,0,3,0,7,2,6,30,3,1,1,5,4,6,6,4,4,10,5,5,2,12,2,9,1,1,C03,7,6,1,10,2,13,,84,84,1,13,4,120.676635,24.152681,2
3702,66000,387130000C,(04)23274275,(04)23288582,2025,10,10,11,32,臺中市,南屯區,0,0,0,7,,3,80,,,,,,,,,,,,,,17,,,,,B12,,,1,,1,,,40,40,1,12,4,120.621618,24.134699,3
3703,66000,387130000C,(04)23274275,(04)23288582,2025,10,10,11,34,臺中市,北屯區,0,0,0,7,,,50,,,,,,,,,,,,,,17,,,,,B03,,,1,,2,,,51,51,1,6,4,120.747535,24.195727,3
3704,66000,387130000C,(04)23274275,(04)23288582,2025,10,10,11,35,臺中市,清水區,0,1,0,7,3,6,40,13,9,1,5,4,6,6,4,4,5,5,5,1,17,3,10,3,1,B03,7,1,1,8,2,7,,51,51,1,12,4,120.63178,24.303063,2
3705,66000,387130000C,(04)23274275,(04)23288582,2025,10,10,11,35,臺中市,后里區,0,0,0,7,,,60,,,,,,,,,,,,,,,,,,,C03,,,1,,2,,,1,1,1,5,4,120.691901,24.317896,3
3706,66000,387130000C,(04)23274275,(04)23288582,2025,10,10,11,43,臺中市,南屯區,0,1,0,7,3,6,50,4,1,1,5,4,6,6,2,1,10,5,5,2,16,3,10,3,1,B01,7,5,1,4,2,5,,11,11,1,6,4,120.64657,24.150767,2
3707,66000,387130000C,(04)23274275,(04)23288582,2025,10,10,11,43,臺中市,后里區,0,1,0,7,2,6,50,11,9,1,5,4,6,6,4,4,5,4,5,1,18,2,9,1,1,C03,7,9,1,10,2,12,14,59,59,1,6,4,120.737121,24.330401,2
3708,66000,387130000C,(04)23274275,(04)23288582,2025,10,10,11,46,臺中市,西區,0,1,0,7,2,6,50,4,1,1,5,4,6,6,1,1,10,5,5,2,17,3,10,5,4,C03,7,9,1,10,2,12,,39,39,1,12,4,120.660194,24.146693,2
3709,66000,387130000C,(04)23274275,(04)23288582,2025,10,10,11,47,臺中市,大甲區,0,2,0,7,3,6,50,4,1,1,5,4,6,6,1,1,10,5,5,2,16,3,10,3,1,B03,7,6,1,8,2,4,,42,42,1,6,4,120.620299,24.344853,2
3710,66000,387130000C,(04)23274275,(04)23288582,2025,10,10,11,50,臺中市,清水區,0,0,0,7,,,50,,,,,,,,,,,,,,17,,,,,B03,,,1,,2,,,50,50,1,12,4,120.568129,24.27637,3
3711,66000,387130000C,(04)23274275,(04)23288582,2025,10,10,11,52,臺中市,南區,0,1,0,7,1,6,50,3,1,1,5,4,6,6,4,4,9,4,5,2,12,2,9,1,1,C03,7,11,1,10,2,12,,39,39,1,12,4,120.66039,24.11609,2
3712,66000,387130000C,(04)23274275,(04)23288582,2025,10,10,11,55,臺中市,東區,0,1,0,7,2,6,40,13,8,1,5,4,6,6,4,4,3,4,4,2,18,2,9,1,1,C03,7,9,1,10,2,12,,84,84,1,13,4,120.692811,24.147694,2
3713,66000,387130000C,(04)23274275,(04)23288582,2025,10,10,11,58,臺中市,龍井區,0,0,0,7,,,40,,,,,,,,,,,,,,17,,,,,B03,,,1,,2,,,50,50,1,6,4,120.525155,24.196254,3
3714,66000,387130000C,(04)23274275,(04)23288582,2025,10,10,12,0,臺中市,烏日區,0,1,0,7,2,6,40,13,8,1,5,4,6,6,4,4,1,5,4,1,17,3,10,3,1,A12,7,3,1,3,2,2,,20,20,1,6,4,120.650569,24.096524,2