序號,縣市別代碼,機關代碼,市話,傳真,年,月,日,時,分,縣市,區,死亡數量,受傷數量,2-30,天候,道路照明設備,道路類別,道路速限,道路型態,事故位置,路面鋪裝,路面狀態,路面缺陷,障礙物,視距,號誌種類,號誌動作,分向設施,快車道或一般車道間,快慢車道間,路面邊線,事故類型及型態,受傷程度,主要傷處,保護裝備,行動電話或功能裝置,當事者區分(類別),車輛用途,當事者行動狀態,駕照狀態,駕照種類,飲酒情形,車輛撞擊部位最初,車輛撞擊部位其他,肇事因素個別,肇事因素主要,肇事逃逸,職業,共享經濟或外送平台,GPS座標X,GPS座標Y,事故類別
3827,66000,387130000C,(04)23274275,(04)23288582,2025,10,10,16,55,臺中市,北屯區,0,0,0,7,,,50,,,,,,,,,,,,,,17,,,,,B03,,,1,,1,,,45,45,1,12,4,120.713669,24.169691,3
3828,66000,387130000C,(04)23274275,(04)23288582,2025,10,10,16,58,臺中市,東勢區,0,1,0,7,2,6,60,3,2,1,5,4,6,6,3,1,1,4,4,1,12,3,10,3,1,B12,7,5,1,6,2,2,,47,47,1,12,4,120.834048,24.239979,2
3829,66000,387130000C,(04)23274275,(04)23288582,2025,10,10,17,4,臺中市,潭子區,0,0,0,6,,,60,,,,,,,,,,,,,,,,,,,B03,,,1,,2,,,84,84,1,13,4,120.702267,24.188067,3
3830,66000,387130000C,(04)23274275,(04)23288582,2025,10,10,17,7,臺中市,大里區,0,1,0,7,2,6,40,13,5,1,5,4,6,6,4,4,1,4,1,1,30,2,9,1,1,C03,7,7,1,10,2,11,,84,84,1,13,4,120.689814,24.093188,2
3831,66000,387130000C,(04)23274275,(04)23288582,2025,10,10,17,8,臺中市,西屯區,0,1,0,7,3,6,40,4,1,1,5,4,6,6,1,1,10,5,5,2,17,3,10,5,4,C03,7,1,1,10,9,16,,84,84,1,13,4,120.62686,24.159784,2
3832,66000,387130000C,(04)23274275,(04)23288582,2025,10,10,17,10,臺中市,北區,0,0,0,7,,,50,,,,,,,,,,,,,,17,,,,,B03,,,1,,2,,,40,40,1,13,4,120.677393,24.154908,3
3833,66000,387130000C,(04)23274275,(04)23288582,2025,10,10,17,12,臺中市,龍井區,0,1,0,7,2,6,50,13,9,1,5,4,6,6,4,4,9,5,5,1,2,3,10,3,1,B03,7,9,1,8,2,5,,8,8,1,6,4,120.592201,24.181375,2
3834,66000,387130000C,(04)23274275,(04)23288582,2025,10,10,17,14,臺中市,東區,0,0,0,7,,,50,,,,,,,,,,,,,,12,,,,,B03,,,1,,1,,,39,39,1,12,4,120.703938,24.134185,3
3835,66000,387130000C,(04)23274275,(04)23288582,2025,10,10,17,14,臺中市,北屯區,0,1,0,7,3,6,50,13,7,1,5,4,6,6,4,4,1,4,4,2,13,2,8,1,1,C03,7,9,1,10,2,11,,7,7,1,12,4,120.69345,24.161855,2
3836,66000,387130000C,(04)23274275,(04)23288582,2025,10,10,17,17,臺中市,西區,0,0,0,7,,,50,,,,,,,,,,,,,,13,,,,,B03,,,1,,1,,,84,84,1,12,4,120.674507,24.148779,3
3837,66000,387130000C,(04)23274275,(04)23288582,2025,10,10,17,20,臺中市,南區,0,0,0,7,,,50,,,,,,,,,,,,,,16,,,,,B03,,,1,,1,,,14,14,1,6,4,120.677682,24.124086,3
3838,66000,387130000C,(04)23274275,(04)23288582,2025,10,10,17,22,臺中市,西屯區,0,0,0,7,,,40,,,,,,,,,,,,,,12,,,,,C03,,,1,,1,,,7,7,1,13,4,120.649288,24.162735,3
3839,66000,387130000C,(04)23274275,(04)23288582,2025,10,10,17,23,臺中市,豐原區,0,0,0,7,,,50,,,,,,,,,,,,,,30,,,,,B03,,,1,,2,,,51,51,1,12,4,120.724375,24.225384,3
3840,66000,387130000C,(04)23274275,(04)23288582,2025,10,10,17,25,臺中市,大里區,0,1,0,7,3,6,60,4,2,1,5,4,6,6,1,1,1,2,4,2,13,2,7,2,1,C03,7,9,1,10,2,11,,7,7,1,6,4,120.691471,24.100564,2
3841,66000,387130000C,(04)23274275,(04)23288582,2025,10,10,17,28,臺中市,西屯區,0,0,0,7,,,50,,,,,,,,,,,,,,17,,,,,B03,,,1,,1,,,51,51,1,12,4,120.644033,24.160964,3
3842,66000,387130000C,(04)23274275,(04)23288582,2025,10,10,17,28,臺中市,龍井區,0,0,0,7,,,50,,,,,,,,,,,,,,13,,,,,C03,,,1,,1,,,7,7,1,6,4,120.560869,24.183745,3
3843,66000,387130000C,(04)23274275,(04)23288582,2025,10,10,17,30,臺中市,烏日區,0,1,0,7,2,6,50,4,1,1,5,4,6,6,1,1,5,4,5,1,18,2,9,1,1,C03,7,6,1,10,2,14,,84,84,1,6,4,120.644282,24.087895,2
3844,66000,387130000C,(04)23274275,(04)23288582,2025,10,10,17,30,臺中市,神岡區,0,0,0,7,,,50,,,,,,,,,,,,,,12,,,,,A12,,,1,,2,,,8,8,1,13,4,120.696603,24.248474,3
3845,66000,387130000C,(04)23274275,(04)23288582,2025,10,10,17,31,臺中市,北區,0,2,0,7,2,6,50,3,1,1,5,4,3,6,4,4,5,5,5,2,16,2,9,1,1,C03,7,6,1,10,2,11,14,13,13,1,13,4,120.674459,24.160451,2
3846,66000,387130000C,(04)23274275,(04)23288582,2025,10,10,17,34,臺中市,豐原區,0,0,0,7,,,40,,,,,,,,,,,,,,17,,,,,C03,,,1,,2,,,50,50,1,13,4,120.70641,24.25163,3
3847,66000,387130000C,(04)23274275,(04)23288582,2025,10,10,17,42,臺中市,西屯區,0,0,0,7,,,50,,,,,,,,,,,,,,12,,,,,B03,,,1,,1,,,59,59,1,12,4,120.654277,24.161769,4
3848,66000,387130000C,(04)23274275,(04)23288582,2025,10,10,17,45,臺中市,西屯區,0,1,0,7,2,6,50,4,1,1,5,4,6,6,2,1,5,4,5,2,13,3,10,3,1,B03,7,9,1,8,2,1,,59,59,1,12,4,120.641176,24.173412,2
3849,66000,387130000C,(04)23274275,(04)23288582,2025,10,10,17,46,臺中市,南屯區,0,0,0,7,,3,80,,,,,,,,,,,,,,17,,,,,A12,,,1,,1,,,68,68,1,12,4,120.620914,24.13323,3
3850,66000,387130000C,(04)23274275,(04)23288582,2025,10,10,17,47,臺中市,北屯區,0,0,0,7,,,50,,,,,,,,,,,,,,17,,,,,B03,,,1,,1,,,50,50,1,6,4,120.695374,24.170091,3
3851,66000,387130000C,(04)23274275,(04)23288582,2025,10,10,17,53,臺中市,南屯區,0,0,0,7,,3,80,,,,,,,,,,,,,,30,,,,,A12,,,1,,9,,,68,68,1,12,4,120.620984,24.133373,3
3852,66000,387130000C,(04)23274275,(04)23288582,2025,10,10,17,54,臺中市,西屯區,0,0,0,7,,,40,,,,,,,,,,,,,,13,,,,,C03,,,1,,1,,,7,7,1,12,4,120.644695,24.165089,3
3853,66000,387130000C,(04)23274275,(04)23288582,2025,10,10,17,54,臺中市,大甲區,0,0,0,7,,,50,,,,,,,,,,,,,,35,,,,,C03,,,1,,2,,,84,84,1,12,4,120.617067,24.34597,3
3854,66000,387130000C,(04)23274275,(04)23288582,2025,10,10,17,55,臺中市,西屯區,0,0,0,7,,3,80,,,,,,,,,,,,,,13,,,,,B03,,,1,,1,,,8,8,1,13,4,120.650044,24.197296,3
3855,66000,387130000C,(04)23274275,(04)23288582,2025,10,10,17,56,臺中市,南屯區,0,3,0,7,1,6,50,13,7,1,5,4,6,6,4,4,5,5,4,2,13,2,9,1,1,C03,7,9,1,10,2,11,,7,7,1,12,4,120.641361,24.13457,2
3856,66000,387130000C,(04)23274275,(04)23288582,2025,10,10,17,57,臺中市,西屯區,0,1,0,7,1,6,50,4,1,1,5,4,6,6,2,1,10,5,5,2,13,3,10,1,1,C03,7,6,1,10,2,11,,7,7,1,13,4,120.661043,24.171538,2
3857,66000,387130000C,(04)23274275,(04)23288582,2025,10,10,17,58,臺中市,北屯區,0,1,0,7,1,6,50,4,1,1,5,4,6,6,1,1,10,5,5,2,13,2,9,1,1,C03,7,9,1,10,2,11,,59,59,1,12,4,120.686298,24.190458,2
3858,66000,387130000C,(04)23274275,(04)23288582,2025,10,10,17,58,臺中市,烏日區,0,0,0,7,1,6,60,13,14,1,5,4,6,6,4,4,1,4,4,1,12,3,10,3,1,B03,7,9,1,8,1,1,,84,84,1,6,4,120.637905,24.107719,3
3859,66000,387130000C,(04)23274275,(04)23288582,2025,10,10,17,59,臺中市,沙鹿區,0,0,0,7,,,40,,,,,,,,,,,,,,17,,,,,B03,,,1,,2,,,84,84,1,6,4,120.568922,24.224429,3
3860,66000,387130000C,(04)23274275,(04)23288582,2025,10,10,18,2,臺中市,南屯區,0,1,0,7,1,6,50,4,1,1,5,4,6,6,1,1,10,5,5,2,13,2,9,2,1,C03,7,6,1,10,2,11,,7,7,1,12,4,120.61529,24.147719,2
3861,66000,387130000C,(04)23274275,(04)23288582,2025,10,10,18,2,臺中市,西屯區,0,1,0,7,1,6,50,4,1,1,5,4,6,6,2,1,10,5,5,2,17,2,9,1,1,C03,7,9,1,10,2,11,,84,84,1,13,4,120.661043,24.171538,2
3862,66000,387130000C,(04)23274275,(04)23288582,2025,10,10,18,8,臺中市,南屯區,0,0,0,7,,,50,,,,,,,,,,,,,,,,,,,B03,,,1,,2,,,85,85,1,13,4,120.616394,24.153226,3
3863,66000,387130000C,(04)23274275,(04)23288582,2025,10,10,18,9,臺中市,后里區,0,0,0,7,1,6,30,13,9,1,5,4,6,6,4,4,10,5,5,2,17,3,10,1,1,F01,7,9,7,21,2,12,,84,84,1,12,4,120.721573,24.304948,3
3864,66000,387130000C,(04)23274275,(04)23288582,2025,10,10,18,13,臺中市,大里區,0,0,0,6,1,6,30,11,14,1,5,4,6,6,1,1,10,5,5,1,12,,,,,C03,,,1,,1,,,84,84,1,12,4,120.674458,24.110059,3
3865,66000,387130000C,(04)23274275,(04)23288582,2025,10,10,18,22,臺中市,烏日區,0,1,0,7,2,6,20,12,9,1,5,4,1,4,4,4,10,5,5,2,18,2,9,5,4,C03,7,9,1,10,2,12,,59,59,1,13,4,120.588348,24.127862,2
3866,66000,387130000C,(04)23274275,(04)23288582,2025,10,10,18,23,臺中市,西屯區,0,0,0,7,,,50,,,,,,,,,,,,,,13,,,,,C03,,,1,,1,,,59,59,1,13,4,120.615672,24.189163,3
3867,66000,387130000C,(04)23274275,(04)23288582,2025,10,10,18,24,臺中市,北區,0,0,0,7,,,50,,,,,,,,,,,,,,12,,,,,B03,,,1,,1,,,40,40,1,13,4,120.672318,24.162793,3
3868,66000,387130000C,(04)23274275,(04)23288582,2025,10,10,18,25,臺中市,西區,0,0,0,7,,,30,,,,,,,,,,,,,,,,,,,C03,,,1,,2,,,82,82,1,12,4,120.660033,24.155871,3
3869,66000,387130000C,(04)23274275,(04)23288582,2025,10,10,18,30,臺中市,大雅區,0,0,0,7,,,60,,,,,,,,,,,,,,,,,,,B03,,,1,,1,,,7,7,1,13,4,120.650505,24.211409,3
3870,66000,387130000C,(04)23274275,(04)23288582,2025,10,10,18,30,臺中市,南區,0,1,0,7,3,6,50,3,1,1,5,4,6,6,2,1,10,5,5,2,3,3,10,3,1,B03,7,6,1,8,2,7,,10,10,1,13,4,120.668248,24.118658,2
3871,66000,387130000C,(04)23274275,(04)23288582,2025,10,10,18,34,臺中市,后里區,0,0,0,7,3,2,50,13,14,1,5,4,6,6,4,4,1,3,4,2,14,3,10,6,1,B03,7,13,1,4,1,3,,84,84,1,13,4,120.722282,24.307882,3
3872,66000,387130000C,(04)23274275,(04)23288582,2025,10,10,18,39,臺中市,東區,0,0,0,7,,,50,,,,,,,,,,,,,,,,,,,B03,,,1,,2,,,84,84,1,13,4,120.698303,24.13297,3
3873,66000,387130000C,(04)23274275,(04)23288582,2025,10,10,18,40,臺中市,豐原區,0,1,0,7,1,6,50,4,1,1,5,4,6,6,1,1,5,4,5,1,16,4,11,1,1,C03,7,9,1,9,2,13,,21,21,1,12,4,120.720849,24.268895,2
3874,66000,387130000C,(04)23274275,(04)23288582,2025,10,10,18,47,臺中市,西屯區,0,1,0,7,1,6,40,13,8,1,5,4,6,6,4,4,1,4,1,2,17,2,9,5,4,C03,7,8,1,10,2,14,,40,40,1,12,4,120.641076,24.167898,2
3875,66000,387130000C,(04)23274275,(04)23288582,2025,10,10,18,48,臺中市,東區,0,1,0,7,1,6,50,4,1,1,5,4,6,6,2,1,5,4,5,2,11,3,10,2,1,C03,7,4,1,10,2,14,,1,1,1,13,4,120.699357,24.14797,2
3876,66000,387130000C,(04)23274275,(04)23288582,2025,10,10,18,57,臺中市,西區,0,1,0,7,1,6,50,13,9,1,5,4,6,6,1,1,3,4,5,2,17,2,9,5,4,C03,7,8,1,10,2,14,,40,40,1,12,4,120.655131,24.15079,2
3877,66000,387130000C,(04)23274275,(04)23288582,2025,10,10,19,5,臺中市,南區,0,0,0,7,,,50,,,,,,,,,,,,,,13,,,,,B03,,,1,,1,,,7,7,1,6,4,120.669821,24.115445,3
3878,66000,387130000C,(04)23274275,(04)23288582,2025,10,10,19,5,臺中市,南屯區,0,0,0,7,,,50,,,,,,,,,,,,,,13,,,,,B03,,,1,,1,,,7,7,1,6,4,120.645913,24.146732,3
3879,66000,387130000C,(04)23274275,(04)23288582,2025,10,10,19,6,臺中市,南區,0,0,0,7,,,50,,,,,,,,,,,,,,14,,,,,B03,,,1,,2,,,49,49,1,12,4,120.660781,24.123345,3
3880,66000,387130000C,(04)23274275,(04)23288582,2025,10,10,19,33,臺中市,西屯區,0,0,0,7,,,50,,,,,,,,,,,,,,,,,,,B03,,,1,,10,,,87,87,1,12,4,120.647634,24.159219,3
3881,66000,387130000C,(04)23274275,(04)23288582,2025,10,10,19,34,臺中市,西屯區,0,0,0,7,,,50,,,,,,,,,,,,,,12,,,,,B03,,,1,,2,,,8,8,1,12,4,120.633143,24.164001,3
3882,66000,387130000C,(04)23274275,(04)23288582,2025,10,10,19,36,臺中市,西屯區,0,1,0,7,1,6,50,4,1,1,5,4,6,6,1,1,10,5,5,2,16,3,10,5,4,B03,7,6,1,8,1,1,,11,11,1,13,4,120.647873,24.169797,2
3883,66000,387130000C,(04)23274275,(04)23288582,2025,10,10,19,36,臺中市,西屯區,0,1,0,7,1,6,30,3,1,1,5,4,6,6,4,4,10,5,5,2,16,2,9,5,4,C03,7,5,1,10,2,11,,14,14,1,13,4,120.647191,24.174889,2
3884,66000,387130000C,(04)23274275,(04)23288582,2025,10,10,19,37,臺中市,太平區,0,1,0,7,1,6,50,4,2,1,5,4,6,6,4,4,5,5,5,1,17,2,9,2,1,C03,7,9,3,19,2,16,,84,84,2,12,4,120.722381,24.103142,2
3885,66000,387130000C,(04)23274275,(04)23288582,2025,10,10,19,39,臺中市,北區,0,2,0,7,1,6,50,3,19,1,5,4,6,6,4,4,5,4,5,2,3,2,9,1,1,C03,7,9,1,10,2,11,,10,10,1,12,4,120.686721,24.147858,2
3886,66000,387130000C,(04)23274275,(04)23288582,2025,10,10,19,42,臺中市,沙鹿區,0,1,0,7,1,6,40,13,7,1,5,4,6,6,4,4,5,5,4,2,16,3,10,2,1,C03,7,11,1,10,2,14,,45,45,1,6,4,120.565032,24.201382,2
3887,66000,387130000C,(04)23274275,(04)23288582,2025,10,10,19,45,臺中市,南屯區,0,0,0,7,1,6,50,13,9,1,5,4,6,6,4,4,1,4,5,2,12,,,,,B03,,,1,,1,,,8,8,1,12,4,120.646681,24.137979,3
3888,66000,387130000C,(04)23274275,(04)23288582,2025,10,10,19,51,臺中市,太平區,0,0,0,7,,,50,,,,,,,,,,,,,,17,,,,,B03,,,1,,2,,,84,84,1,12,4,120.734278,24.14412,3
3889,66000,387130000C,(04)23274275,(04)23288582,2025,10,10,19,54,臺中市,潭子區,0,1,0,7,1,6,60,13,9,1,5,4,6,6,4,4,1,4,5,2,17,2,9,1,1,C03,7,9,1,10,2,11,,84,84,1,13,4,120.713008,24.218684,2
3890,66000,387130000C,(04)23274275,(04)23288582,2025,10,10,19,56,臺中市,沙鹿區,0,1,0,6,2,6,50,4,1,1,5,4,6,6,1,1,3,4,5,2,15,2,9,1,1,C03,7,9,1,10,2,14,,12,12,1,13,4,120.568098,24.253461,2
3891,66000,387130000C,(04)23274275,(04)23288582,2025,10,10,20,7,臺中市,梧棲區,0,2,0,7,1,6,50,4,1,1,5,4,6,6,1,1,10,5,5,2,15,2,9,1,1,C03,7,9,2,19,2,12,,21,21,1,6,4,120.539506,24.25227,2
3892,66000,387130000C,(04)23274275,(04)23288582,2025,10,10,20,18,臺中市,北屯區,0,0,0,7,,,50,,,,,,,,,,,,,,11,,,,,B03,,,1,8,2,,,39,39,1,12,4,120.702819,24.169937,3
3893,66000,387130000C,(04)23274275,(04)23288582,2025,10,10,20,25,臺中市,北屯區,0,2,0,7,1,6,50,4,1,1,5,4,6,6,4,4,10,5,5,2,15,3,10,1,1,C03,7,9,2,19,2,11,,12,12,1,12,4,120.687077,24.178193,2
3894,66000,387130000C,(04)23274275,(04)23288582,2025,10,10,20,26,臺中市,沙鹿區,0,1,0,7,1,6,50,3,1,1,5,4,6,6,1,1,10,5,5,2,20,2,9,2,1,C03,7,9,1,10,1,11,,85,85,1,6,4,120.57824,24.221911,2
3895,66000,387130000C,(04)23274275,(04)23288582,2025,10,10,20,29,臺中市,北屯區,0,0,0,7,,,50,,,,,,,,,,,,,,15,,,,,C03,,,1,,1,,,15,15,1,12,4,120.701708,24.185841,3
3896,66000,387130000C,(04)23274275,(04)23288582,2025,10,10,20,40,臺中市,潭子區,0,3,0,7,1,6,60,3,9,1,5,4,6,6,1,1,1,4,4,1,9,2,7,2,1,C03,7,9,1,10,2,11,,84,84,1,13,4,120.703859,24.202664,2
3897,66000,387130000C,(04)23274275,(04)23288582,2025,10,10,20,45,臺中市,西屯區,0,0,0,7,,,50,,,,,,,,,,,,,,12,,,,,B03,,,1,,1,,,51,51,1,12,4,120.650484,24.15707,3
3898,66000,387130000C,(04)23274275,(04)23288582,2025,10,10,20,50,臺中市,外埔區,0,0,0,7,1,6,50,13,9,1,5,4,6,6,4,4,4,4,4,1,14,3,10,3,1,B03,7,2,1,8,1,7,,49,49,1,12,4,120.638304,24.341866,3
3899,66000,387130000C,(04)23274275,(04)23288582,2025,10,10,21,3,臺中市,西屯區,0,3,0,7,1,6,40,3,1,1,5,4,6,6,4,4,10,4,1,2,17,2,9,5,4,C03,7,5,1,10,2,12,,20,20,1,12,4,120.650964,24.162311,2
3900,66000,387130000C,(04)23274275,(04)23288582,2025,10,10,21,4,臺中市,北區,0,1,0,7,1,6,50,3,19,1,5,4,6,6,2,1,5,4,4,2,2,3,10,3,1,B03,7,6,1,8,2,1,,10,10,1,13,4,120.680489,24.165365,2
3901,66000,387130000C,(04)23274275,(04)23288582,2025,10,10,21,4,臺中市,南區,0,0,0,7,,,30,,,,,,,,,,,,,,,,,,,C03,,,1,,1,,,84,84,1,13,4,120.65529,24.12035,3
3902,66000,387130000C,(04)23274275,(04)23288582,2025,10,10,21,13,臺中市,西屯區,0,0,0,7,,,30,,,,,,,,,,,,,,,,,,,C03,,,1,,10,,,85,85,1,12,4,120.648656,24.175338,3
3903,66000,387130000C,(04)23274275,(04)23288582,2025,10,10,21,18,臺中市,西屯區,0,0,0,7,,,50,,,,,,,,,,,,,,13,,,,,B03,,,1,,2,,,59,59,1,12,4,120.657165,24.196606,3
3904,66000,387130000C,(04)23274275,(04)23288582,2025,10,10,21,22,臺中市,南屯區,0,1,0,7,1,6,50,4,1,1,5,4,6,6,2,1,5,4,4,2,16,3,10,3,1,B01,7,6,1,4,2,5,,11,11,1,12,4,120.634162,24.158251,2
3905,66000,387130000C,(04)23274275,(04)23288582,2025,10,10,21,26,臺中市,潭子區,0,2,0,7,1,6,50,11,9,1,5,4,6,6,4,4,5,5,5,2,4,2,1,6,5,H01,8,20,7,21,10,16,,99,99,1,13,5,120.703621,24.216099,2
3906,66000,387130000C,(04)23274275,(04)23288582,2025,10,10,21,27,臺中市,北屯區,0,1,0,7,1,6,50,4,1,1,5,4,6,6,4,4,10,5,5,2,15,3,10,1,1,C03,7,9,1,10,2,11,,12,12,1,12,4,120.725205,24.163411,2
3907,66000,387130000C,(04)23274275,(04)23288582,2025,10,10,21,39,臺中市,西屯區,0,0,0,7,,,40,,,,,,,,,,,,,,13,,,,,C03,,,1,,1,,,7,7,1,12,4,120.64148,24.167827,3
3908,66000,387130000C,(04)23274275,(04)23288582,2025,10,10,21,40,臺中市,沙鹿區,0,0,0,7,,,40,,,,,,,,,,,,,,14,,,,,B03,,,1,,2,,,49,49,1,12,4,120.567513,24.205519,3
3909,66000,387130000C,(04)23274275,(04)23288582,2025,10,10,21,43,臺中市,南屯區,0,0,0,7,,,50,,,,,,,,,,,,,,,,,,,C03,,,1,,2,,,50,50,1,6,4,120.64956,24.150048,3
3910,66000,387130000C,(04)23274275,(04)23288582,2025,10,10,21,44,臺中市,沙鹿區,0,4,0,7,1,6,40,13,8,1,5,4,6,6,4,4,1,5,5,2,12,2,7,2,1,C03,7,9,1,10,2,12,,85,85,1,6,4,120.570252,24.23568,2
3911,66000,387130000C,(04)23274275,(04)23288582,2025,10,10,21,49,臺中市,東區,0,1,0,7,1,6,50,4,1,1,5,4,6,6,2,1,10,5,5,2,16,3,10,3,1,B03,7,5,1,8,2,2,,11,11,1,12,4,120.700094,24.132476,2
3912,66000,387130000C,(04)23274275,(04)23288582,2025,10,10,21,49,臺中市,北屯區,0,0,0,7,,,50,,,,,,,,,,,,,,17,,,,,B03,,,1,,1,,,84,84,1,12,4,120.701761,24.16654,3
3913,66000,387130000C,(04)23274275,(04)23288582,2025,10,10,21,50,臺中市,梧棲區,0,0,0,7,,,50,,,,,,,,,,,,,,17,,,,,B03,,,1,,2,,,8,8,1,12,4,120.529979,24.257845,3
3914,66000,387130000C,(04)23274275,(04)23288582,2025,10,10,21,51,臺中市,北屯區,0,2,0,7,1,6,50,13,9,1,5,4,6,6,4,4,1,4,5,2,3,2,9,6,5,H01,8,16,7,21,10,17,,95,95,1,12,5,120.695761,24.16723,2
3915,66000,387130000C,(04)23274275,(04)23288582,2025,10,10,22,3,臺中市,南屯區,0,0,0,7,1,6,50,13,9,1,5,4,6,6,4,4,9,5,5,2,14,,,,,B03,,,1,,9,,,49,49,2,12,4,120.636532,24.149356,3
3916,66000,387130000C,(04)23274275,(04)23288582,2025,10,10,22,9,臺中市,霧峰區,0,3,0,7,1,6,50,4,1,1,5,4,6,6,1,1,10,5,5,2,13,2,9,1,1,C03,7,9,1,10,2,11,,7,7,1,12,4,120.700472,24.075666,2
3917,66000,387130000C,(04)23274275,(04)23288582,2025,10,10,22,11,臺中市,太平區,0,3,0,7,1,6,40,13,8,1,5,4,6,6,4,4,9,4,4,2,17,2,9,5,4,C03,7,9,1,10,2,11,,85,85,1,6,4,120.700058,24.15124,2
3918,66000,387130000C,(04)23274275,(04)23288582,2025,10,10,22,16,臺中市,西屯區,0,1,0,7,1,6,40,4,1,1,5,4,6,6,2,1,1,4,4,2,18,2,9,2,1,C03,7,5,1,10,2,12,,82,82,1,5,4,120.646116,24.16421,2
3919,66000,387130000C,(04)23274275,(04)23288582,2025,10,10,22,30,臺中市,沙鹿區,0,1,0,7,1,6,50,3,1,1,5,4,6,6,4,4,10,5,5,2,17,3,10,3,1,B02,7,11,1,8,2,4,,45,45,1,12,4,120.56555,24.23713,2
3920,66000,387130000C,(04)23274275,(04)23288582,2025,10,10,22,36,臺中市,西屯區,0,0,0,7,,,30,,,,,,,,,,,,,,17,,,,,B03,,,1,,1,,,8,8,1,12,4,120.647207,24.182795,3
3921,66000,387130000C,(04)23274275,(04)23288582,2025,10,10,22,46,臺中市,東區,0,0,0,7,,,50,,,,,,,,,,,,,,13,,,,,B03,,,1,,1,,,59,59,1,6,4,120.690825,24.131767,3
3922,66000,387130000C,(04)23274275,(04)23288582,2025,10,10,22,46,臺中市,東區,0,1,0,7,1,6,50,4,1,1,5,4,6,6,4,4,10,5,5,2,18,2,9,2,2,C03,7,9,1,10,2,15,,84,84,1,12,4,120.699152,24.138852,2
3923,66000,387130000C,(04)23274275,(04)23288582,2025,10,10,22,50,臺中市,南區,0,0,0,7,,,50,,,,,,,,,,,,,,14,,,,,B03,,,1,,9,,,49,49,1,12,4,120.680382,24.13188,3
3924,66000,387130000C,(04)23274275,(04)23288582,2025,10,10,22,57,臺中市,后里區,0,1,0,7,1,6,50,4,1,1,5,4,6,6,1,1,10,5,5,2,27,2,9,1,1,C03,7,9,1,10,2,11,,59,59,1,12,4,120.71333,24.303782,2
3925,66000,387130000C,(04)23274275,(04)23288582,2025,10,10,23,4,臺中市,大甲區,0,0,0,7,,,50,,,,,,,,,,,,,,,,,,,B03,,,1,,2,,,7,7,1,6,4,120.623867,24.34086,3
3926,66000,387130000C,(04)23274275,(04)23288582,2025,10,10,23,5,臺中市,太平區,0,2,0,7,1,6,40,13,8,1,5,4,6,6,4,4,5,2,5,1,18,2,9,1,1,C03,7,9,1,10,2,12,,58,58,1,6,4,120.710143,24.127393,2
3927,66000,387130000C,(04)23274275,(04)23288582,2025,10,10,23,5,臺中市,梧棲區,0,0,0,7,,,50,,,,,,,,,,,,,,14,,,,,B03,,,1,,2,,,49,49,1,12,4,120.545761,24.243596,3
3928,66000,387130000C,(04)23274275,(04)23288582,2025,10,10,23,21,臺中市,南屯區,0,0,0,7,,,50,,,,,,,,,,,,,,,,,,,B03,,,1,,2,,,84,84,1,6,4,120.61687,24.152561,3
3929,66000,387130000C,(04)23274275,(04)23288582,2025,10,10,23,23,臺中市,大里區,0,0,0,7,,,50,,,,,,,,,,,,,,17,,,,,B03,,,1,,2,,,49,49,1,12,4,120.685073,24.102698,3
3930,66000,387130000C,(04)23274275,(04)23288582,2025,10,10,23,43,臺中市,大雅區,0,0,0,7,,,0,,,,,,,,,,,,,,,,,,,B03,,,1,,9,,,49,49,1,12,4,120.653375,24.218292,3
3931,66000,387130000C,(04)23274275,(04)23288582,2025,10,10,23,57,臺中市,西屯區,0,1,0,7,1,6,50,3,1,1,5,4,6,6,2,1,10,5,5,2,16,3,10,2,4,C03,7,6,1,10,2,11,,11,11,1,13,4,120.644918,24.182259,2
3932,66000,387130000C,(04)23274275,(04)23288582,2025,10,11,0,28,臺中市,南區,0,1,0,7,1,6,50,4,2,1,5,4,6,6,1,1,9,4,4,2,30,3,10,2,1,C03,7,9,1,10,2,16,,87,87,1,13,4,120.681993,24.134042,2
3933,66000,387130000C,(04)23274275,(04)23288582,2025,10,11,0,33,臺中市,南區,0,1,0,7,1,6,50,4,1,1,5,4,6,6,1,1,10,5,5,2,13,2,9,2,1,C03,7,9,1,10,2,11,,84,84,1,12,4,120.672136,24.119007,2
3934,66000,387130000C,(04)23274275,(04)23288582,2025,10,11,0,39,臺中市,西屯區,0,0,0,7,,,50,,,,,,,,,,,,,,16,,,,,B01,,,1,,1,,,48,48,1,12,4,120.644869,24.182795,3
3935,66000,387130000C,(04)23274275,(04)23288582,2025,10,11,0,41,臺中市,南屯區,0,1,0,7,2,6,50,4,1,1,5,4,6,6,2,1,9,4,5,2,15,3,10,3,1,B03,7,9,1,8,2,4,,21,21,1,12,4,120.643858,24.146802,2
3936,66000,387130000C,(04)23274275,(04)23288582,2025,10,11,0,46,臺中市,北區,0,0,0,7,,,50,,,,,,,,,,,,,,,,,,,B03,,,1,,1,,,40,40,1,12,4,120.684523,24.16299,3
3937,66000,387130000C,(04)23274275,(04)23288582,2025,10,11,0,46,臺中市,北屯區,0,1,0,7,1,6,50,13,9,1,5,2,5,6,4,4,5,5,5,1,18,2,9,2,1,C03,7,9,1,10,2,14,,84,84,1,5,4,120.783631,24.175895,2