序號,縣市別代碼,機關代碼,市話,傳真,年,月,日,時,分,縣市,區,死亡數量,受傷數量,2-30,天候,道路照明設備,道路類別,道路速限,道路型態,事故位置,路面鋪裝,路面狀態,路面缺陷,障礙物,視距,號誌種類,號誌動作,分向設施,快車道或一般車道間,快慢車道間,路面邊線,事故類型及型態,受傷程度,主要傷處,保護裝備,行動電話或功能裝置,當事者區分(類別),車輛用途,當事者行動狀態,駕照狀態,駕照種類,飲酒情形,車輛撞擊部位最初,車輛撞擊部位其他,肇事因素個別,肇事因素主要,肇事逃逸,職業,共享經濟或外送平台,GPS座標X,GPS座標Y,事故類別
3938,66000,387130000C,(04)23274275,(04)23288582,2025,10,11,0,54,臺中市,北區,0,3,0,7,1,6,50,13,8,1,5,4,6,6,4,4,3,4,4,2,13,2,9,1,1,C03,7,9,3,19,2,11,,59,59,1,12,4,120.674616,24.162533,2
3939,66000,387130000C,(04)23274275,(04)23288582,2025,10,11,1,7,臺中市,大里區,0,0,0,7,,,50,,,,,,,,,,,,,,,,,,,B03,,,1,,2,,,84,84,1,6,4,120.697142,24.082712,3
3940,66000,387130000C,(04)23274275,(04)23288582,2025,10,11,1,24,臺中市,北屯區,0,0,0,7,,,50,,,,,,,,,,,,,,,,,,,B02,,,1,,1,,,42,42,1,6,4,120.693802,24.164911,3
3941,66000,387130000C,(04)23274275,(04)23288582,2025,10,11,4,54,臺中市,北區,0,1,0,7,1,6,50,13,7,1,5,4,6,6,4,4,3,4,4,2,17,2,9,6,1,F01,7,8,7,21,2,14,,42,42,1,12,4,120.694245,24.153031,2
3942,66000,387130000C,(04)23274275,(04)23288582,2025,10,11,5,44,臺中市,北屯區,0,1,0,7,1,6,50,4,1,1,5,4,6,6,3,1,3,4,5,2,16,2,9,2,1,C03,7,6,1,10,2,12,,24,24,1,12,4,120.735818,24.175355,2
3943,66000,387130000C,(04)23274275,(04)23288582,2025,10,11,5,59,臺中市,大甲區,0,1,0,7,2,6,50,13,9,1,5,4,6,6,4,4,5,5,5,1,27,2,9,3,1,B03,7,9,1,8,2,1,,55,55,1,6,4,120.619669,24.407981,2
3944,66000,387130000C,(04)23274275,(04)23288582,2025,10,11,6,0,臺中市,大里區,0,0,0,7,3,6,30,3,2,1,5,4,6,6,4,4,10,5,5,2,12,,,,,B12,,,1,,2,,,49,49,1,12,4,120.70189,24.10328,3
3945,66000,387130000C,(04)23274275,(04)23288582,2025,10,11,6,27,臺中市,大甲區,0,0,0,7,,,40,,,,,,,,,,,,,,17,,,,,B12,,,1,,2,,,51,51,1,12,4,120.62147,24.343207,3
3946,66000,387130000C,(04)23274275,(04)23288582,2025,10,11,6,45,臺中市,沙鹿區,0,2,0,7,2,6,30,13,9,1,5,4,6,6,4,4,10,5,5,2,10,2,9,1,1,C03,7,9,1,10,2,11,,41,41,1,12,4,120.601518,24.239291,2
3947,66000,387130000C,(04)23274275,(04)23288582,2025,10,11,6,47,臺中市,太平區,0,0,0,7,,,30,,,,,,,,,,,,,,,,,,,B03,,,1,,9,,,84,84,1,12,4,120.732189,24.152495,3
3948,66000,387130000C,(04)23274275,(04)23288582,2025,10,11,6,57,臺中市,北屯區,0,1,0,7,2,6,50,4,1,1,5,4,6,6,2,1,10,5,5,2,16,3,10,2,1,C03,7,5,1,10,2,11,,84,84,1,12,4,120.719598,24.163065,2
3949,66000,387130000C,(04)23274275,(04)23288582,2025,10,11,6,58,臺中市,北區,0,0,0,7,,,50,,,,,,,,,,,,,,,,,,,F01,,,7,,2,,,58,58,1,12,4,120.67815,24.14877,3
3950,66000,387130000C,(04)23274275,(04)23288582,2025,10,11,6,58,臺中市,豐原區,0,0,0,7,,,40,,,,,,,,,,,,,,16,,,,,B03,,,1,,2,,,4,4,1,13,4,120.705583,24.253463,3
3951,66000,387130000C,(04)23274275,(04)23288582,2025,10,11,7,13,臺中市,太平區,0,1,0,7,3,6,50,3,2,1,5,4,6,6,4,4,10,5,5,2,16,2,8,1,1,C03,7,15,1,8,2,14,,39,39,1,12,4,120.734293,24.149908,2
3952,66000,387130000C,(04)23274275,(04)23288582,2025,10,11,7,20,臺中市,大肚區,0,0,0,7,,,70,,,,,,,,,,,,,,,,,,,A12,,,1,,2,,,84,84,1,6,4,120.549688,24.140004,3
3953,66000,387130000C,(04)23274275,(04)23288582,2025,10,11,7,29,臺中市,烏日區,0,0,0,7,,,50,,,,,,,,,,,,,,12,,,,,B03,,,1,,2,,,14,14,1,13,4,120.639097,24.108273,3
3954,66000,387130000C,(04)23274275,(04)23288582,2025,10,11,7,45,臺中市,北區,0,0,0,7,,,40,,,,,,,,,,,,,,17,,,,,B03,,,6,,2,,,85,85,1,13,4,120.668112,24.170455,4
3955,66000,387130000C,(04)23274275,(04)23288582,2025,10,11,7,45,臺中市,大甲區,0,1,0,7,2,6,50,13,9,1,5,4,6,6,4,4,5,5,5,2,12,3,10,3,1,B03,7,1,1,8,2,4,,51,51,1,6,4,120.631204,24.342555,2
3956,66000,387130000C,(04)23274275,(04)23288582,2025,10,11,7,46,臺中市,西屯區,0,3,0,7,3,6,40,4,1,1,5,4,6,6,1,1,10,5,5,2,16,2,9,5,4,F02,7,6,7,21,2,14,,48,48,1,13,4,120.647873,24.169797,2
3957,66000,387130000C,(04)23274275,(04)23288582,2025,10,11,8,0,臺中市,龍井區,0,0,0,7,,,50,,,,,,,,,,,,,,14,,,,,C03,,,1,,2,,,49,49,1,6,4,120.590768,24.180988,3
3958,66000,387130000C,(04)23274275,(04)23288582,2025,10,11,8,14,臺中市,西屯區,0,1,0,7,2,6,50,3,1,1,5,4,6,6,1,1,10,5,5,2,16,3,10,3,1,B12,7,9,5,19,2,1,,21,21,1,12,4,120.62904,24.163157,2
3959,66000,387130000C,(04)23274275,(04)23288582,2025,10,11,8,18,臺中市,北區,0,3,0,7,2,6,50,4,1,1,5,4,6,6,1,1,10,5,5,2,17,3,10,1,1,F02,7,9,7,21,2,12,,84,84,1,13,4,120.679955,24.158179,2
3960,66000,387130000C,(04)23274275,(04)23288582,2025,10,11,8,25,臺中市,西屯區,0,1,0,7,2,6,40,13,8,1,5,4,6,6,4,4,1,4,1,2,30,2,9,4,1,B03,7,9,3,19,2,5,,84,84,1,12,4,120.642936,24.166021,2
3961,66000,387130000C,(04)23274275,(04)23288582,2025,10,11,8,27,臺中市,南屯區,0,0,0,7,,,30,,,,,,,,,,,,,,17,,,,,B03,,,1,,1,,,51,51,1,6,4,120.644911,24.138248,3
3962,66000,387130000C,(04)23274275,(04)23288582,2025,10,11,8,29,臺中市,北屯區,0,0,0,7,,,50,,,,,,,,,,,,,,14,,,,,B03,,,1,8,9,,,49,49,1,12,4,120.689774,24.188583,3
3963,66000,387130000C,(04)23274275,(04)23288582,2025,10,11,8,31,臺中市,南屯區,0,1,0,7,2,6,50,4,1,1,5,4,6,6,1,1,9,5,5,2,17,3,10,3,1,B03,7,5,1,8,2,2,,11,11,1,13,4,120.622269,24.14031,2
3964,66000,387130000C,(04)23274275,(04)23288582,2025,10,11,8,35,臺中市,中區,0,2,0,7,2,6,30,4,1,1,5,4,6,6,4,4,10,5,5,2,15,2,9,2,1,C03,7,9,1,10,2,11,,13,13,1,12,4,120.68224,24.138662,2
3965,66000,387130000C,(04)23274275,(04)23288582,2025,10,11,8,50,臺中市,西屯區,0,1,0,7,1,6,30,4,1,1,5,4,6,6,4,4,10,5,5,2,15,3,10,3,1,B03,7,9,1,8,2,1,,15,15,1,12,4,120.617116,24.189114,2
3966,66000,387130000C,(04)23274275,(04)23288582,2025,10,11,8,55,臺中市,北區,0,1,0,7,2,6,30,3,1,1,5,4,6,6,4,4,10,4,5,2,16,3,10,5,4,B02,7,5,1,8,2,7,,14,14,1,13,4,120.66677,24.165164,2
3967,66000,387130000C,(04)23274275,(04)23288582,2025,10,11,8,55,臺中市,石岡區,0,0,0,7,,,50,,,,,,,,,,,,,,13,,,,,B03,,,1,,1,,,59,59,1,6,4,120.763038,24.27696,3
3968,66000,387130000C,(04)23274275,(04)23288582,2025,10,11,8,56,臺中市,北屯區,0,2,0,7,1,6,50,4,2,1,5,4,6,6,1,1,3,4,5,2,12,2,9,1,1,C04,7,6,1,10,2,14,,85,85,1,13,4,120.668474,24.195376,2
3969,66000,387130000C,(04)23274275,(04)23288582,2025,10,11,9,1,臺中市,西屯區,0,1,0,7,2,6,50,4,1,1,5,4,6,6,1,1,1,4,1,2,16,3,10,3,1,B03,7,5,1,8,2,2,,20,20,1,12,4,120.636469,24.170843,2
3970,66000,387130000C,(04)23274275,(04)23288582,2025,10,11,9,2,臺中市,北屯區,0,0,0,7,,3,80,,,,,,,,,,,,,,12,,,,,B12,,,1,,1,,,40,40,1,6,4,120.722376,24.1897,3
3971,66000,387130000C,(04)23274275,(04)23288582,2025,10,11,9,3,臺中市,東區,0,0,0,7,,,50,,,,,,,,,,,,,,,,,,,B03,,,1,,2,,,77,77,1,6,4,120.687676,24.138151,3
3972,66000,387130000C,(04)23274275,(04)23288582,2025,10,11,9,3,臺中市,南屯區,0,0,0,7,,,50,,,,,,,,,,,,,,,,,,,B03,,,1,,2,,,84,84,1,13,4,120.64292,24.14304,3
3973,66000,387130000C,(04)23274275,(04)23288582,2025,10,11,9,11,臺中市,北屯區,0,3,0,7,2,6,30,4,1,1,5,4,6,6,4,4,10,5,5,2,16,3,10,1,1,C03,7,6,1,10,2,14,,12,12,1,6,4,120.724647,24.176986,2
3974,66000,387130000C,(04)23274275,(04)23288582,2025,10,11,9,12,臺中市,中區,0,2,0,7,2,6,50,13,9,1,5,4,6,6,4,4,5,4,5,2,17,2,9,2,1,C03,7,9,1,10,2,11,,84,84,1,12,4,120.681533,24.139593,2
3975,66000,387130000C,(04)23274275,(04)23288582,2025,10,11,9,16,臺中市,大里區,0,0,0,7,,,50,,,,,,,,,,,,,,17,,,,,B03,,,1,,2,,,50,50,1,6,4,120.676744,24.10768,3
3976,66000,387130000C,(04)23274275,(04)23288582,2025,10,11,9,23,臺中市,神岡區,0,1,0,7,1,6,50,3,1,1,5,4,6,6,4,4,5,5,5,1,16,3,10,5,4,B03,7,11,1,8,3,4,,45,45,1,12,4,120.681541,24.242143,2
3977,66000,387130000C,(04)23274275,(04)23288582,2025,10,11,9,36,臺中市,西屯區,0,0,0,7,,,40,,,,,,,,,,,,,,13,,,,,C03,,,1,,1,,,59,59,1,13,4,120.646694,24.164465,4
3978,66000,387130000C,(04)23274275,(04)23288582,2025,10,11,9,46,臺中市,北屯區,0,0,0,7,,,50,,,,,,,,,,,,,,12,,,,,C03,,,1,10,1,,,84,84,1,6,4,120.686104,24.188236,3
3979,66000,387130000C,(04)23274275,(04)23288582,2025,10,11,9,46,臺中市,霧峰區,0,0,0,7,,,50,,,,,,,,,,,,,,12,,,,,B03,,,1,,2,,,40,40,1,12,4,120.69247,24.046673,3
3980,66000,387130000C,(04)23274275,(04)23288582,2025,10,11,9,56,臺中市,清水區,0,1,0,7,2,6,50,13,9,1,5,4,6,6,4,4,5,2,5,1,12,3,10,2,1,C03,7,6,1,10,2,14,,34,34,1,13,4,120.563313,24.267927,2
3981,66000,387130000C,(04)23274275,(04)23288582,2025,10,11,10,6,臺中市,北屯區,0,0,0,7,2,6,50,13,9,1,5,4,6,6,4,4,4,3,5,2,12,3,10,3,,B03,7,9,1,8,1,6,,50,50,1,9,4,120.680171,24.18919,3
3982,66000,387130000C,(04)23274275,(04)23288582,2025,10,11,10,7,臺中市,霧峰區,0,0,0,7,,,40,,,,,,,,,,,,,,,,,,,B03,,,1,,2,,,42,42,1,13,4,120.663501,24.073155,3
3983,66000,387130000C,(04)23274275,(04)23288582,2025,10,11,10,14,臺中市,東區,0,0,0,7,,,50,,,,,,,,,,,,,,17,,,,,C03,,,6,,9,,,85,85,1,12,4,120.70217,24.127458,3
3984,66000,387130000C,(04)23274275,(04)23288582,2025,10,11,10,16,臺中市,北區,0,1,0,7,2,6,50,5,1,1,5,4,6,6,2,1,10,5,5,2,17,3,10,1,1,C03,7,6,1,10,2,12,,48,48,1,13,4,120.667561,24.153802,2
3985,66000,387130000C,(04)23274275,(04)23288582,2025,10,11,10,16,臺中市,太平區,0,0,0,7,,,30,,,,,,,,,,,,,,,,,,,A12,,,1,,2,,,93,93,1,12,4,120.705886,24.126527,3
3986,66000,387130000C,(04)23274275,(04)23288582,2025,10,11,10,16,臺中市,大甲區,0,0,0,7,,,30,,,,,,,,,,,,,,,,,,,B12,,,1,,9,,,49,49,1,6,4,120.624149,24.354832,3
3987,66000,387130000C,(04)23274275,(04)23288582,2025,10,11,10,20,臺中市,南屯區,0,0,0,7,,,50,,,,,,,,,,,,,,,,,,,B01,,,1,,1,,,39,39,1,12,4,120.636951,24.147714,3
3988,66000,387130000C,(04)23274275,(04)23288582,2025,10,11,10,22,臺中市,北屯區,0,1,0,7,1,6,50,13,9,1,5,4,6,6,4,4,5,4,5,2,12,3,10,1,1,C03,7,1,3,19,2,11,,51,51,1,13,4,120.666366,24.184616,2
3989,66000,387130000C,(04)23274275,(04)23288582,2025,10,11,10,22,臺中市,西屯區,0,0,0,7,,,50,,,,,,,,,,,,,,12,,,,,B03,,,1,,2,,,8,8,1,12,4,120.657991,24.170511,3
3990,66000,387130000C,(04)23274275,(04)23288582,2025,10,11,10,26,臺中市,東勢區,0,1,0,7,3,6,60,13,9,1,5,4,6,6,1,1,5,5,5,1,18,2,9,1,1,C03,7,9,1,10,2,12,,59,59,1,6,4,120.826158,24.26045,2
3991,66000,387130000C,(04)23274275,(04)23288582,2025,10,11,10,27,臺中市,西屯區,0,0,0,7,,,50,,,,,,,,,,,,,,13,,,,,B03,,,1,,1,,,59,59,1,12,4,120.653579,24.198507,3
3992,66000,387130000C,(04)23274275,(04)23288582,2025,10,11,10,28,臺中市,南屯區,0,1,0,7,3,6,50,4,2,1,5,4,6,6,2,1,10,5,5,2,17,3,10,6,1,F01,7,6,7,21,2,11,,4,4,1,6,4,120.647823,24.150639,2
3993,66000,387130000C,(04)23274275,(04)23288582,2025,10,11,10,30,臺中市,烏日區,0,0,0,7,,,50,,,,,,,,,,,,,,9,,,,,A11,,,1,,2,,,8,8,1,6,4,120.625689,24.110053,3
3994,66000,387130000C,(04)23274275,(04)23288582,2025,10,11,10,36,臺中市,后里區,0,1,0,7,3,6,30,4,1,1,5,4,6,6,4,4,5,5,5,1,16,3,10,3,1,B03,7,6,1,8,2,8,,84,84,1,6,4,120.720284,24.305316,2
3995,66000,387130000C,(04)23274275,(04)23288582,2025,10,11,10,37,臺中市,北區,0,2,0,7,2,6,50,13,7,1,5,4,6,6,4,4,2,4,4,2,17,3,10,3,1,B03,7,9,1,8,2,5,,8,8,1,12,4,120.687187,24.16285,2
3996,66000,387130000C,(04)23274275,(04)23288582,2025,10,11,10,54,臺中市,烏日區,0,1,0,7,2,6,50,3,1,1,5,4,6,6,4,4,10,5,5,2,12,3,10,5,4,B03,7,5,1,8,2,5,,14,14,1,13,4,120.639736,24.105083,2
3997,66000,387130000C,(04)23274275,(04)23288582,2025,10,11,10,55,臺中市,東勢區,0,0,0,7,,,60,,,,,,,,,,,,,,17,,,,,A41,,,1,,2,,,84,84,1,6,4,120.824437,24.257959,3
3998,66000,387130000C,(04)23274275,(04)23288582,2025,10,11,10,58,臺中市,清水區,0,1,0,7,2,6,50,4,1,1,5,4,6,6,2,1,1,2,4,1,16,3,10,3,1,B03,7,6,1,8,2,2,6,11,11,1,13,4,120.574786,24.267524,2
3999,66000,387130000C,(04)23274275,(04)23288582,2025,10,11,10,59,臺中市,西區,0,0,0,7,,,50,,,,,,,,,,,,,,,,,,,C03,,,1,,1,,,84,84,1,13,4,120.659989,24.146534,3
4000,66000,387130000C,(04)23274275,(04)23288582,2025,10,11,10,59,臺中市,東區,0,0,0,7,,,50,,,,,,,,,,,,,,,,,,,B03,,,1,,1,,,40,40,1,12,4,120.689834,24.132645,3
4001,66000,387130000C,(04)23274275,(04)23288582,2025,10,11,11,0,臺中市,中區,0,2,0,7,3,6,50,4,1,1,5,4,6,6,1,1,10,5,5,2,13,2,8,2,1,C03,7,9,1,10,2,11,,7,7,1,12,4,120.679881,24.146232,2
4002,66000,387130000C,(04)23274275,(04)23288582,2025,10,11,11,3,臺中市,北區,0,1,0,7,2,6,50,13,9,1,5,4,6,6,4,4,5,4,5,2,17,3,10,5,4,B03,7,13,1,8,2,4,,76,76,1,13,4,120.687806,24.149954,2
4003,66000,387130000C,(04)23274275,(04)23288582,2025,10,11,11,4,臺中市,西屯區,0,0,0,7,,,30,,,,,,,,,,,,,,16,,,,,B03,,,1,,2,,,8,8,1,12,4,120.643241,24.174843,3
4004,66000,387130000C,(04)23274275,(04)23288582,2025,10,11,11,5,臺中市,西區,0,1,0,7,2,6,50,4,1,1,5,4,6,6,1,1,10,5,5,2,16,2,9,5,4,C03,7,9,1,10,2,11,,4,4,1,12,4,120.655115,24.147742,2
4005,66000,387130000C,(04)23274275,(04)23288582,2025,10,11,11,5,臺中市,沙鹿區,0,1,0,7,2,6,50,13,9,1,5,4,6,6,1,1,5,5,5,1,13,3,10,1,1,C03,7,9,1,10,2,11,,7,7,1,6,4,120.559916,24.237147,2
4006,66000,387130000C,(04)23274275,(04)23288582,2025,10,11,11,6,臺中市,北區,0,0,0,7,,,50,,,,,,,,,,,,,,17,,,,,,,,,,,,,119,119,1,,,120.697535,24.160343,3
4007,66000,387130000C,(04)23274275,(04)23288582,2025,10,11,11,10,臺中市,沙鹿區,0,0,0,7,2,6,60,13,7,1,5,4,6,6,4,4,1,3,4,1,12,,,,,B03,,,1,,2,,,40,40,1,12,4,120.575019,24.247611,3
4008,66000,387130000C,(04)23274275,(04)23288582,2025,10,11,11,17,臺中市,沙鹿區,0,0,0,7,,,50,,,,,,,,,,,,,,,,,,,B03,,,1,,2,,,50,50,1,12,4,120.560255,24.237091,3
4009,66000,387130000C,(04)23274275,(04)23288582,2025,10,11,11,22,臺中市,清水區,0,1,0,7,2,6,40,13,8,1,5,4,6,6,4,4,8,1,4,1,17,2,9,1,1,C03,7,9,1,10,2,11,,58,58,1,12,4,120.56884,24.273121,2
4010,66000,387130000C,(04)23274275,(04)23288582,2025,10,11,11,25,臺中市,霧峰區,0,0,0,7,,,50,,,,,,,,,,,,,,17,,,,,B03,,,1,,1,,,8,8,1,13,4,120.702614,24.069913,3
4011,66000,387130000C,(04)23274275,(04)23288582,2025,10,11,11,26,臺中市,大甲區,0,0,0,7,,,50,,,,,,,,,,,,,,,,,,,B03,,,1,,2,,,8,8,1,6,4,120.625495,24.343755,3
4012,66000,387130000C,(04)23274275,(04)23288582,2025,10,11,11,34,臺中市,西區,0,0,0,7,,,50,,,,,,,,,,,,,,,,,,,B03,,,1,,1,,,87,87,1,12,4,120.673626,24.147667,3
4013,66000,387130000C,(04)23274275,(04)23288582,2025,10,11,11,34,臺中市,西屯區,0,0,0,7,,,30,,,,,,,,,,,,,,14,,,,,B03,,,1,,2,,,49,49,1,12,4,120.618387,24.184124,3
4014,66000,387130000C,(04)23274275,(04)23288582,2025,10,11,11,37,臺中市,南屯區,0,2,0,7,2,6,50,4,2,1,5,4,6,6,1,1,10,5,5,2,17,2,8,2,1,C03,7,9,1,10,2,12,,59,59,1,12,4,120.644145,24.14689,2
4015,66000,387130000C,(04)23274275,(04)23288582,2025,10,11,11,38,臺中市,南屯區,0,0,0,7,3,6,50,13,9,1,5,4,6,6,4,4,5,4,5,2,12,,,,,B03,,,1,,9,,,8,8,1,12,4,120.643815,24.14687,3
4016,66000,387130000C,(04)23274275,(04)23288582,2025,10,11,11,43,臺中市,西屯區,0,0,0,7,,,50,,,,,,,,,,,,,,13,,,,,B03,,,1,,1,,,84,84,1,12,4,120.645042,24.162508,3
4017,66000,387130000C,(04)23274275,(04)23288582,2025,10,11,11,44,臺中市,大里區,0,2,0,7,2,6,60,13,7,1,5,4,6,6,4,4,1,4,4,2,17,2,9,1,1,C03,7,9,5,19,2,11,,7,7,1,13,4,120.666064,24.105914,2
4018,66000,387130000C,(04)23274275,(04)23288582,2025,10,11,11,45,臺中市,龍井區,0,1,0,7,1,6,30,4,1,1,5,4,6,6,4,4,10,5,5,2,15,2,8,1,1,C03,7,9,1,10,2,11,,15,15,1,6,4,120.589881,24.183094,2
4019,66000,387130000C,(04)23274275,(04)23288582,2025,10,11,11,45,臺中市,清水區,0,0,0,7,,,50,,,,,,,,,,,,,,14,,,,,B03,,,1,,2,,,49,49,1,13,4,120.577898,24.267844,3
4020,66000,387130000C,(04)23274275,(04)23288582,2025,10,11,11,50,臺中市,龍井區,0,0,0,7,,,50,,,,,,,,,,,,,,,,,,,B03,,,1,,2,,,6,6,1,12,4,120.513493,24.205592,3
4021,66000,387130000C,(04)23274275,(04)23288582,2025,10,11,11,53,臺中市,中區,0,0,0,7,,,40,,,,,,,,,,,,,,17,,,,,B03,,,1,,2,,,84,84,1,12,4,120.680359,24.146045,3
4022,66000,387130000C,(04)23274275,(04)23288582,2025,10,11,11,55,臺中市,北屯區,0,1,0,7,1,6,50,13,9,1,5,4,6,6,4,4,5,4,5,2,12,3,10,1,1,C03,7,9,1,10,2,11,,84,84,1,13,4,120.694259,24.16491,2
4023,66000,387130000C,(04)23274275,(04)23288582,2025,10,11,12,0,臺中市,沙鹿區,0,0,0,7,2,6,30,3,9,1,5,4,6,6,4,4,10,5,5,2,12,,,,,C03,,,1,,1,,,41,41,1,12,4,120.569301,24.253695,3
4024,66000,387130000C,(04)23274275,(04)23288582,2025,10,11,12,2,臺中市,中區,0,1,0,7,2,6,50,4,1,1,5,4,6,6,1,1,10,5,5,2,17,3,10,1,1,C03,7,9,1,10,2,11,,7,7,1,13,4,120.681796,24.144577,2
4025,66000,387130000C,(04)23274275,(04)23288582,2025,10,11,12,9,臺中市,南屯區,0,2,0,7,3,6,50,13,9,1,5,4,6,6,4,4,5,4,5,2,13,2,8,1,1,C03,7,9,1,9,2,11,,7,7,1,6,4,120.639254,24.147136,2
4026,66000,387130000C,(04)23274275,(04)23288582,2025,10,11,12,20,臺中市,西區,0,0,0,7,,,50,,,,,,,,,,,,,,13,,,,,B03,,,1,,2,,,7,7,1,12,4,120.675007,24.133898,3
4027,66000,387130000C,(04)23274275,(04)23288582,2025,10,11,12,22,臺中市,太平區,0,0,0,7,,,50,,,,,,,,,,,,,,,,,,,B03,,,1,,2,,,84,84,1,12,4,120.738157,24.131209,3
4028,66000,387130000C,(04)23274275,(04)23288582,2025,10,11,12,24,臺中市,西區,0,2,0,7,2,6,30,4,1,1,5,4,6,6,4,4,10,5,5,2,15,2,9,5,4,C03,7,9,1,10,2,12,,15,15,1,12,4,120.660894,24.149686,2
4029,66000,387130000C,(04)23274275,(04)23288582,2025,10,11,12,27,臺中市,霧峰區,0,0,0,7,,,50,,,,,,,,,,,,,,17,,,,,B03,,,1,,2,,,78,78,1,12,4,120.702341,24.062159,3
4030,66000,387130000C,(04)23274275,(04)23288582,2025,10,11,12,30,臺中市,沙鹿區,0,0,0,7,,,50,,,,,,,,,,,,,,17,,,,,C03,,,1,,2,,,7,7,1,6,4,120.568953,24.255529,3
4031,66000,387130000C,(04)23274275,(04)23288582,2025,10,11,12,34,臺中市,北屯區,0,1,0,7,2,6,30,3,1,1,5,4,6,6,4,4,10,5,5,2,12,3,10,3,1,B03,7,1,1,8,2,4,,51,51,1,6,4,120.715356,24.174881,2
4032,66000,387130000C,(04)23274275,(04)23288582,2025,10,11,12,36,臺中市,霧峰區,0,0,0,7,,,40,,,,,,,,,,,,,,,,,,,B03,,,1,,1,,,49,49,1,13,4,120.702443,24.069103,3
4033,66000,387130000C,(04)23274275,(04)23288582,2025,10,11,12,46,臺中市,北屯區,0,2,0,7,2,6,50,4,1,1,5,4,6,6,1,1,10,5,5,2,16,2,8,6,1,F01,7,6,7,21,2,14,,48,48,1,4,1,120.683438,24.191568,2
4034,66000,387130000C,(04)23274275,(04)23288582,2025,10,11,12,46,臺中市,大里區,0,1,0,7,2,6,50,3,1,1,5,4,6,6,1,1,1,4,4,1,18,2,9,2,1,C03,7,9,1,10,2,14,,84,84,1,13,4,120.695889,24.088114,2
4035,66000,387130000C,(04)23274275,(04)23288582,2025,10,11,12,52,臺中市,太平區,0,1,0,7,2,6,50,11,9,1,5,4,6,6,4,4,5,4,5,2,12,3,10,3,1,B02,7,9,1,8,2,2,,8,8,1,12,4,120.734205,24.149539,2
4036,66000,387130000C,(04)23274275,(04)23288582,2025,10,11,12,55,臺中市,南屯區,0,2,0,7,2,6,50,13,9,1,5,4,6,6,4,4,1,4,4,2,17,2,8,2,1,C03,7,11,2,19,2,14,,45,45,1,12,1,120.633475,24.153562,2
4037,66000,387130000C,(04)23274275,(04)23288582,2025,10,11,12,57,臺中市,中區,0,0,0,7,,,50,,,,,,,,,,,,,,,,,,,C03,,,1,,1,,,84,84,1,12,2,120.67991,24.138241,3
4038,66000,387130000C,(04)23274275,(04)23288582,2025,10,11,13,0,臺中市,烏日區,0,1,0,7,2,6,30,4,1,1,5,4,6,6,3,1,10,5,5,2,16,3,10,3,1,B03,7,6,1,8,2,8,,14,14,1,6,4,120.63869,24.112066,2
4039,66000,387130000C,(04)23274275,(04)23288582,2025,10,11,13,4,臺中市,北區,0,3,0,7,2,6,50,13,9,1,5,4,6,6,4,4,5,4,5,2,17,3,10,3,1,B03,7,9,1,8,2,5,,7,7,1,12,4,120.675241,24.14597,2
4040,66000,387130000C,(04)23274275,(04)23288582,2025,10,11,13,7,臺中市,大里區,0,2,0,7,2,6,50,4,1,1,5,4,6,6,1,1,10,5,5,2,16,2,9,6,1,F01,7,6,7,21,1,14,,48,48,1,2,4,120.701833,24.099344,2
4041,66000,387130000C,(04)23274275,(04)23288582,2025,10,11,13,8,臺中市,清水區,0,1,0,7,2,6,60,4,2,1,5,4,6,6,3,1,9,2,4,1,17,3,10,3,1,B12,7,5,1,8,2,2,,26,26,1,12,4,120.556192,24.27399,2
4042,66000,387130000C,(04)23274275,(04)23288582,2025,10,11,13,12,臺中市,后里區,0,2,0,7,2,6,50,13,9,1,5,4,6,6,4,4,9,5,5,1,13,2,9,1,1,C03,7,3,1,10,2,11,,84,84,1,6,4,120.724948,24.305037,2
4043,66000,387130000C,(04)23274275,(04)23288582,2025,10,11,13,21,臺中市,西區,0,0,0,7,,,50,,,,,,,,,,,,,,,,,,,B03,,,1,,2,,,51,51,1,12,4,120.663176,24.155998,3
4044,66000,387130000C,(04)23274275,(04)23288582,2025,10,11,13,21,臺中市,北區,0,0,0,7,,,50,,,,,,,,,,,,,,16,,,,,F01,,,7,,1,,,14,14,1,13,4,120.684433,24.153025,3
4045,66000,387130000C,(04)23274275,(04)23288582,2025,10,11,13,25,臺中市,西屯區,0,0,0,7,,,50,,,,,,,,,,,,,,17,,,,,B03,,,1,,2,,,49,49,1,12,4,120.662891,24.172401,3
4046,66000,387130000C,(04)23274275,(04)23288582,2025,10,11,13,25,臺中市,龍井區,0,1,0,7,3,6,50,4,1,1,5,4,6,6,1,1,5,5,5,1,12,2,7,2,1,C03,7,15,1,10,2,12,,8,8,1,13,4,120.543831,24.175754,2
4047,66000,387130000C,(04)23274275,(04)23288582,2025,10,11,13,28,臺中市,北區,0,0,0,7,,,0,,,,,,,,,,,,,,17,,,,,C03,,,1,,9,,,84,84,1,12,4,120.686695,24.148338,3
4048,66000,387130000C,(04)23274275,(04)23288582,2025,10,11,13,28,臺中市,大里區,0,0,0,7,,,50,,,,,,,,,,,,,,13,,,,,C03,,,1,,1,,,7,7,1,12,4,120.700535,24.088849,3