序號,縣市別代碼,機關代碼,市話,傳真,年,月,日,時,分,縣市,區,死亡數量,受傷數量,2-30,天候,道路照明設備,道路類別,道路速限,道路型態,事故位置,路面鋪裝,路面狀態,路面缺陷,障礙物,視距,號誌種類,號誌動作,分向設施,快車道或一般車道間,快慢車道間,路面邊線,事故類型及型態,受傷程度,主要傷處,保護裝備,行動電話或功能裝置,當事者區分(類別),車輛用途,當事者行動狀態,駕照狀態,駕照種類,飲酒情形,車輛撞擊部位最初,車輛撞擊部位其他,肇事因素個別,肇事因素主要,肇事逃逸,職業,共享經濟或外送平台,GPS座標X,GPS座標Y,事故類別
4161,66000,387130000C,(04)23274275,(04)23288582,2025,10,11,18,47,臺中市,北屯區,0,0,0,7,,,40,,,,,,,,,,,,,,17,,,,,B03,,,1,,9,,,51,51,2,12,4,120.694753,24.175141,3
4162,66000,387130000C,(04)23274275,(04)23288582,2025,10,11,19,0,臺中市,北屯區,0,2,0,7,2,6,50,3,1,1,5,4,6,6,4,4,10,5,5,2,16,2,9,1,1,C03,7,6,1,10,2,11,,14,14,1,6,4,120.696362,24.181272,2
4163,66000,387130000C,(04)23274275,(04)23288582,2025,10,11,19,0,臺中市,西屯區,0,1,0,7,1,6,50,3,1,1,5,4,6,6,1,1,1,4,4,2,9,3,10,3,1,B01,7,6,1,3,2,8,,59,59,1,12,4,120.645165,24.162737,2
4164,66000,387130000C,(04)23274275,(04)23288582,2025,10,11,19,1,臺中市,西屯區,0,2,0,7,1,6,50,4,1,1,5,4,6,6,3,1,10,5,5,2,16,3,10,3,1,B03,7,6,1,8,2,8,,59,59,1,13,4,120.639251,24.186555,2
4165,66000,387130000C,(04)23274275,(04)23288582,2025,10,11,19,11,臺中市,南區,0,0,0,7,,,30,,,,,,,,,,,,,,14,,,,,C03,,,1,,1,,,50,50,1,13,4,120.681996,24.130512,3
4166,66000,387130000C,(04)23274275,(04)23288582,2025,10,11,19,11,臺中市,外埔區,0,2,0,7,1,6,30,13,9,1,5,4,6,6,4,4,10,5,5,1,4,2,9,1,1,C03,7,9,1,10,2,11,,84,84,1,12,4,120.626936,24.325858,2
4167,66000,387130000C,(04)23274275,(04)23288582,2025,10,11,19,14,臺中市,北區,0,0,0,7,,,50,,,,,,,,,,,,,,14,,,,,B03,,,1,,1,,,49,49,1,12,4,120.682689,24.145926,3
4168,66000,387130000C,(04)23274275,(04)23288582,2025,10,11,19,19,臺中市,南區,0,0,0,7,,,50,,,,,,,,,,,,,,,,,,,B03,,,1,,2,,,7,7,1,13,4,120.670293,24.124208,3
4169,66000,387130000C,(04)23274275,(04)23288582,2025,10,11,19,19,臺中市,清水區,0,0,0,7,,,90,,,,,,,,,,,,,,,,,,,B03,,,1,,2,,,87,87,1,12,4,120.562223,24.314922,3
4170,66000,387130000C,(04)23274275,(04)23288582,2025,10,11,19,21,臺中市,西屯區,0,1,0,7,1,6,50,13,9,1,5,4,6,6,4,4,5,4,5,2,16,3,10,1,1,C03,7,11,1,9,2,15,,45,45,1,12,4,120.645204,24.176372,2
4171,66000,387130000C,(04)23274275,(04)23288582,2025,10,11,19,25,臺中市,北區,0,1,0,7,1,6,50,13,9,1,5,4,6,6,4,4,1,4,5,2,13,2,7,1,1,C03,7,9,1,10,1,11,,7,7,1,12,4,120.68355,24.147894,2
4172,66000,387130000C,(04)23274275,(04)23288582,2025,10,11,19,30,臺中市,西區,0,0,0,7,,,50,,,,,,,,,,,,,,,,,,,C03,,,1,10,1,,,42,42,1,13,4,120.677239,24.140214,3
4173,66000,387130000C,(04)23274275,(04)23288582,2025,10,11,19,30,臺中市,北屯區,0,0,0,7,,,50,,,,,,,,,,,,,,9,,,,,B03,,,1,8,2,,,51,51,1,12,4,120.680128,24.172596,3
4174,66000,387130000C,(04)23274275,(04)23288582,2025,10,11,19,32,臺中市,龍井區,0,2,0,7,1,6,40,13,8,1,5,4,6,6,4,4,3,4,1,2,13,2,9,2,1,C03,7,9,1,10,2,11,,7,7,1,5,4,120.578424,24.176654,2
4175,66000,387130000C,(04)23274275,(04)23288582,2025,10,11,19,39,臺中市,南區,0,0,0,7,,,50,,,,,,,,,,,,,,13,,,,,C03,,,1,,2,,,7,7,1,13,4,120.677566,24.131897,3
4176,66000,387130000C,(04)23274275,(04)23288582,2025,10,11,19,44,臺中市,西屯區,0,0,0,7,,,40,,,,,,,,,,,,,,14,,,,,B03,,,1,,1,,,49,49,1,12,4,120.665871,24.178255,3
4177,66000,387130000C,(04)23274275,(04)23288582,2025,10,11,19,52,臺中市,西屯區,0,2,0,7,1,6,50,4,1,1,5,4,6,6,2,1,10,5,5,2,16,2,9,1,1,C03,7,6,1,10,2,14,,26,26,1,12,4,120.637487,24.175913,2
4178,66000,387130000C,(04)23274275,(04)23288582,2025,10,11,19,57,臺中市,龍井區,0,1,0,7,1,6,40,4,1,1,5,4,6,6,2,1,10,5,5,2,17,2,8,2,1,C03,7,5,1,10,2,14,,7,7,1,5,4,120.581927,24.175939,2
4179,66000,387130000C,(04)23274275,(04)23288582,2025,10,11,19,59,臺中市,中區,0,0,0,7,,,50,,,,,,,,,,,,,,,,,,,B03,,,1,,2,,,49,49,1,6,4,120.681499,24.140911,3
4180,66000,387130000C,(04)23274275,(04)23288582,2025,10,11,20,5,臺中市,北區,0,0,0,7,,,50,,,,,,,,,,,,,,30,,,,,B02,,,1,,2,,,84,84,1,12,4,120.672507,24.155651,3
4181,66000,387130000C,(04)23274275,(04)23288582,2025,10,11,20,8,臺中市,北區,0,1,0,7,2,6,50,4,1,1,5,4,6,6,1,1,5,4,5,2,13,3,10,3,1,B03,7,14,1,8,2,8,,59,59,1,13,4,120.688894,24.152943,2
4182,66000,387130000C,(04)23274275,(04)23288582,2025,10,11,20,8,臺中市,東區,0,0,0,7,,,30,,,,,,,,,,,,,,17,,,,,B03,,,1,,2,,,84,84,1,12,4,120.701734,24.133568,3
4183,66000,387130000C,(04)23274275,(04)23288582,2025,10,11,20,9,臺中市,北屯區,0,0,0,7,,,50,,,,,,,,,,,,,,15,,,,,B03,,,1,,2,,,21,21,1,12,4,120.723524,24.172353,3
4184,66000,387130000C,(04)23274275,(04)23288582,2025,10,11,20,10,臺中市,北區,0,0,0,7,,,,,,,,,,,,,,,,,17,,,,,,,,,,,,,119,119,1,,,120.683225,24.152702,3
4185,66000,387130000C,(04)23274275,(04)23288582,2025,10,11,20,15,臺中市,西區,0,2,0,7,1,6,50,4,1,1,5,4,6,6,1,1,10,5,5,2,16,3,10,3,1,B02,7,6,1,8,2,5,,11,11,1,12,4,120.661689,24.132214,2
4186,66000,387130000C,(04)23274275,(04)23288582,2025,10,11,20,30,臺中市,西區,0,0,0,7,,,50,,,,,,,,,,,,,,13,,,,,B02,,,1,,1,,,84,84,1,12,4,120.672676,24.146928,3
4187,66000,387130000C,(04)23274275,(04)23288582,2025,10,11,20,36,臺中市,大雅區,0,1,0,7,1,6,50,13,9,1,5,4,6,6,4,4,9,4,5,2,2,3,10,3,1,B03,7,9,1,8,2,2,,8,8,1,13,4,120.633809,24.227683,2
4188,66000,387130000C,(04)23274275,(04)23288582,2025,10,11,20,39,臺中市,龍井區,0,0,0,7,,,30,,,,,,,,,,,,,,,,,,,B03,,,1,,2,,,49,49,1,6,4,120.524945,24.205775,3
4189,66000,387130000C,(04)23274275,(04)23288582,2025,10,11,20,40,臺中市,后里區,0,0,0,7,1,6,30,3,1,1,5,4,6,6,4,4,10,5,5,2,16,3,10,3,1,B03,7,6,1,8,2,5,,20,20,1,12,4,120.741766,24.330793,3
4190,66000,387130000C,(04)23274275,(04)23288582,2025,10,11,20,41,臺中市,東區,0,0,0,7,,3,80,,,,,,,,,,,,,,,,,,,B03,,,1,,1,,,59,59,1,13,4,120.708594,24.134654,3
4191,66000,387130000C,(04)23274275,(04)23288582,2025,10,11,20,42,臺中市,東區,0,0,0,7,,,30,,,,,,,,,,,,,,17,,,,,B03,,,1,,1,,,50,50,1,12,4,120.707419,24.13762,3
4192,66000,387130000C,(04)23274275,(04)23288582,2025,10,11,20,49,臺中市,北區,0,0,0,7,,,50,,,,,,,,,,,,,,,,,,,B03,,,1,,1,,,40,40,1,12,4,120.688377,24.15156,3
4193,66000,387130000C,(04)23274275,(04)23288582,2025,10,11,20,50,臺中市,東區,0,0,0,7,,,,,,,,,,,,,,,,,30,,,,,,,,,,,,,119,119,1,,,120.699756,24.137153,3
4194,66000,387130000C,(04)23274275,(04)23288582,2025,10,11,20,52,臺中市,大里區,0,1,0,7,1,6,50,4,2,1,5,4,6,6,1,1,5,4,5,1,16,2,9,5,4,F03,7,6,7,21,2,11,,20,20,1,13,4,120.683716,24.1152,2
4195,66000,387130000C,(04)23274275,(04)23288582,2025,10,11,20,53,臺中市,霧峰區,0,0,0,6,,,40,,,,,,,,,,,,,,18,,,,,A05,,,1,,11,,,84,84,1,13,4,120.70017,24.068286,3
4196,66000,387130000C,(04)23274275,(04)23288582,2025,10,11,20,58,臺中市,潭子區,0,2,0,7,1,6,50,4,2,1,5,4,6,6,4,4,1,4,5,2,13,2,9,2,1,C03,7,9,1,10,2,11,,7,7,1,13,4,120.709763,24.201117,2
4197,66000,387130000C,(04)23274275,(04)23288582,2025,10,11,20,59,臺中市,霧峰區,0,1,0,7,1,6,50,3,8,1,5,4,6,6,4,4,5,4,4,1,16,3,10,3,1,B03,7,5,1,8,2,4,,14,14,1,13,4,120.699378,24.070911,2
4198,66000,387130000C,(04)23274275,(04)23288582,2025,10,11,21,7,臺中市,北屯區,0,1,0,7,1,6,40,4,1,1,5,4,6,6,4,4,10,5,5,2,17,3,10,1,1,C03,7,1,1,10,2,11,,51,51,1,12,4,120.671595,24.175305,2
4199,66000,387130000C,(04)23274275,(04)23288582,2025,10,11,21,11,臺中市,太平區,0,1,0,7,1,6,50,13,7,1,5,4,6,6,4,4,9,5,4,1,16,3,10,3,1,B03,7,11,1,8,2,8,1,45,45,1,6,4,120.728884,24.101867,2
4200,66000,387130000C,(04)23274275,(04)23288582,2025,10,11,21,18,臺中市,東區,0,0,0,7,,3,,,,,,,,,,,,,,,30,,,,,,,,,,,,,91,91,1,,4,120.711908,24.144373,3
4201,66000,387130000C,(04)23274275,(04)23288582,2025,10,11,21,20,臺中市,西屯區,0,1,0,7,1,6,40,3,1,1,5,4,6,6,4,4,1,4,1,2,12,3,10,3,1,B03,7,5,1,8,2,5,,47,47,1,12,4,120.626564,24.177756,2
4202,66000,387130000C,(04)23274275,(04)23288582,2025,10,11,21,20,臺中市,后里區,0,0,0,7,1,6,40,13,7,1,5,4,6,6,4,4,9,4,4,2,13,3,10,1,1,C03,7,9,1,10,2,11,,7,7,1,12,4,120.708349,24.306016,3
4203,66000,387130000C,(04)23274275,(04)23288582,2025,10,11,21,21,臺中市,神岡區,0,0,0,7,1,6,30,13,9,1,5,4,3,6,4,4,10,5,5,2,14,,,,,B03,,,1,,2,,,49,49,1,12,4,120.652284,24.275987,3
4204,66000,387130000C,(04)23274275,(04)23288582,2025,10,11,21,39,臺中市,梧棲區,0,1,0,7,1,6,30,3,1,1,5,4,6,6,4,4,1,4,4,1,16,3,10,3,1,B03,7,9,1,8,2,8,,12,12,1,6,4,120.547229,24.234851,2
4205,66000,387130000C,(04)23274275,(04)23288582,2025,10,11,21,40,臺中市,大里區,0,0,0,6,,,50,,,,,,,,,,,,,,17,,,,,B03,,,1,,2,,,11,11,1,13,4,120.703441,24.093318,3
4206,66000,387130000C,(04)23274275,(04)23288582,2025,10,11,21,45,臺中市,豐原區,0,1,0,7,1,6,30,13,9,1,5,4,6,6,4,4,10,5,5,1,14,3,10,5,4,A42,7,2,1,8,2,3,,49,49,1,12,4,120.735926,24.266873,2
4207,66000,387130000C,(04)23274275,(04)23288582,2025,10,11,21,52,臺中市,西屯區,0,1,0,7,1,6,50,4,4,1,5,4,6,6,1,3,5,4,5,2,17,3,10,5,4,B03,7,6,1,8,2,16,,39,39,1,12,4,120.664784,24.178351,2
4208,66000,387130000C,(04)23274275,(04)23288582,2025,10,11,21,57,臺中市,北屯區,0,0,0,7,,,50,,,,,,,,,,,,,,13,,,,,B12,,,3,8,2,,,84,84,1,12,4,120.664118,24.185694,3
4209,66000,387130000C,(04)23274275,(04)23288582,2025,10,11,22,3,臺中市,西屯區,0,0,0,7,,,50,,,,,,,,,,,,,,13,,,,,B03,,,1,,1,,,59,59,1,12,4,120.647861,24.196676,3
4210,66000,387130000C,(04)23274275,(04)23288582,2025,10,11,22,5,臺中市,南屯區,0,2,0,7,1,6,50,13,8,1,5,4,6,6,4,4,5,4,3,2,23,2,9,2,1,C02,7,9,2,19,2,11,,59,59,1,12,4,120.595505,24.156654,2
4211,66000,387130000C,(04)23274275,(04)23288582,2025,10,11,22,9,臺中市,北屯區,0,0,0,7,,,50,,,,,,,,,,,,,,13,,,,,B03,,,1,,2,,,84,84,1,12,4,120.686334,24.200888,3
4212,66000,387130000C,(04)23274275,(04)23288582,2025,10,11,22,14,臺中市,西區,0,0,0,7,,,50,,,,,,,,,,,,,,13,,,,,C03,,,1,,2,,,7,7,1,12,2,120.661466,24.151164,3
4213,66000,387130000C,(04)23274275,(04)23288582,2025,10,11,22,15,臺中市,西屯區,0,0,0,7,,,30,,,,,,,,,,,,,,12,,,,,B03,,,1,,1,,,8,8,1,13,4,120.639397,24.173526,3
4214,66000,387130000C,(04)23274275,(04)23288582,2025,10,11,22,18,臺中市,大甲區,0,1,0,7,1,6,50,3,1,1,5,4,6,6,4,4,10,5,5,2,17,3,10,5,4,B03,7,5,1,8,2,5,,14,14,1,6,4,120.616053,24.350052,2
4215,66000,387130000C,(04)23274275,(04)23288582,2025,10,11,22,20,臺中市,龍井區,0,0,0,7,,,30,,,,,,,,,,,,,,,,,,,B02,,,1,,2,,,85,85,1,5,4,120.58965,24.183187,3
4216,66000,387130000C,(04)23274275,(04)23288582,2025,10,11,22,24,臺中市,西屯區,0,0,0,7,,,50,,,,,,,,,,,,,,,,,,,B03,,,1,,1,,,7,7,1,12,4,120.633859,24.17324,3
4217,66000,387130000C,(04)23274275,(04)23288582,2025,10,11,22,42,臺中市,潭子區,0,1,0,7,1,6,50,8,8,1,5,4,6,6,4,4,4,5,4,2,30,2,9,2,1,C03,7,15,1,10,2,14,,54,54,1,13,4,120.715479,24.204624,2
4218,66000,387130000C,(04)23274275,(04)23288582,2025,10,11,22,44,臺中市,北屯區,0,1,0,7,1,6,50,3,1,1,5,4,6,6,1,1,10,5,5,2,12,3,10,1,1,C03,7,9,1,10,2,12,,84,84,1,12,4,120.678248,24.200795,2
4219,66000,387130000C,(04)23274275,(04)23288582,2025,10,11,22,48,臺中市,東區,0,0,0,7,,,50,,,,,,,,,,,,,,,,,,,B03,,,1,,1,,,7,7,1,13,4,120.698785,24.133,3
4220,66000,387130000C,(04)23274275,(04)23288582,2025,10,11,22,57,臺中市,南屯區,0,2,0,7,1,6,50,4,1,1,5,4,6,6,2,1,1,4,1,2,12,2,8,2,1,C03,7,9,1,10,1,12,,84,84,1,12,4,120.615182,24.147635,2
4221,66000,387130000C,(04)23274275,(04)23288582,2025,10,11,23,4,臺中市,沙鹿區,0,0,0,7,,,50,,,,,,,,,,,,,,13,,,,,B03,,,1,,1,,,84,84,1,12,4,120.57535,24.226329,3
4222,66000,387130000C,(04)23274275,(04)23288582,2025,10,11,23,11,臺中市,大里區,0,0,0,7,,,50,,,,,,,,,,,,,,17,,,,,B03,,,1,,2,,,8,8,1,12,4,120.690393,24.106495,3
4223,66000,387130000C,(04)23274275,(04)23288582,2025,10,11,23,15,臺中市,太平區,0,0,0,7,,,50,,,,,,,,,,,,,,,,,,,B03,,,1,,1,,,82,82,1,6,4,120.711175,24.150329,3
4224,66000,387130000C,(04)23274275,(04)23288582,2025,10,11,23,16,臺中市,西屯區,0,0,0,7,,,50,,,,,,,,,,,,,,13,,,,,B03,,,1,,1,,,7,7,1,12,4,120.624383,24.178531,3
4225,66000,387130000C,(04)23274275,(04)23288582,2025,10,11,23,48,臺中市,西屯區,1,0,0,7,1,6,40,13,8,1,5,4,5,6,4,4,1,4,4,2,18,1,9,2,4,C03,7,9,1,10,9,11,,59,59,1,13,4,120.655516,24.200112,1
4226,66000,387130000C,(04)23274275,(04)23288582,2025,10,11,23,53,臺中市,西屯區,0,2,0,7,1,6,50,3,1,1,5,4,6,6,2,1,10,5,5,2,12,2,9,2,4,C03,7,7,1,10,2,12,,8,8,1,12,4,120.648024,24.16049,2
4227,66000,387130000C,(04)23274275,(04)23288582,2025,10,12,0,20,臺中市,南屯區,0,2,0,7,1,6,50,13,8,1,5,4,6,6,4,4,9,4,4,2,17,3,10,3,1,B03,7,9,1,10,2,5,,85,85,1,6,4,120.630443,24.113849,2
4228,66000,387130000C,(04)23274275,(04)23288582,2025,10,12,0,45,臺中市,北區,0,0,0,7,,,,,,,,,,,,,,,,,,,,,,,,,,,,,,119,119,1,,,120.671594,24.172335,3
4229,66000,387130000C,(04)23274275,(04)23288582,2025,10,12,0,50,臺中市,北屯區,0,1,0,7,1,6,50,13,9,1,5,4,6,6,4,4,9,4,5,2,16,3,10,3,1,B03,7,11,3,19,9,8,,85,85,1,6,4,120.731302,24.159654,2
4230,66000,387130000C,(04)23274275,(04)23288582,2025,10,12,1,48,臺中市,大肚區,0,2,0,7,1,6,30,5,1,1,5,4,6,6,2,1,10,5,5,2,15,2,9,1,1,C03,7,9,1,10,7,11,,21,21,1,6,4,120.548914,24.14718,2
4231,66000,387130000C,(04)23274275,(04)23288582,2025,10,12,1,51,臺中市,西屯區,0,0,0,7,,,30,,,,,,,,,,,,,,12,,,,,B03,,,1,,2,,,8,8,1,12,4,120.615229,24.178537,3
4232,66000,387130000C,(04)23274275,(04)23288582,2025,10,12,2,18,臺中市,龍井區,0,0,0,7,1,6,50,3,9,1,5,4,6,6,4,4,5,5,5,1,17,3,10,2,1,C03,7,9,1,10,1,14,,39,39,1,6,4,120.589481,24.188898,3
4233,66000,387130000C,(04)23274275,(04)23288582,2025,10,12,2,35,臺中市,大里區,0,0,0,7,,,30,,,,,,,,,,,,,,,,,,,B03,,,1,,2,,,14,14,1,13,4,120.711113,24.08677,3
4234,66000,387130000C,(04)23274275,(04)23288582,2025,10,12,2,39,臺中市,西屯區,0,2,0,7,1,6,50,3,2,1,5,4,6,6,4,4,10,5,5,2,18,2,9,2,4,C03,7,9,1,10,2,12,,59,59,1,12,4,120.641487,24.191516,2
4235,66000,387130000C,(04)23274275,(04)23288582,2025,10,12,2,42,臺中市,西屯區,0,1,0,7,1,6,35,13,9,1,5,4,6,6,4,4,10,5,5,2,18,2,9,2,4,C03,7,9,1,10,2,12,,59,59,1,12,4,120.633089,24.176474,2
4236,66000,387130000C,(04)23274275,(04)23288582,2025,10,12,3,0,臺中市,沙鹿區,0,0,0,7,1,6,40,13,14,4,5,4,6,6,4,4,10,5,5,2,18,,,,,C02,,,1,,1,,,84,84,1,12,4,120.580309,24.200745,3
4237,66000,387130000C,(04)23274275,(04)23288582,2025,10,12,3,30,臺中市,太平區,0,0,0,7,,,50,,,,,,,,,,,,,,,,,,,,,,,,,,,119,119,1,,,120.719824,24.148719,3
4238,66000,387130000C,(04)23274275,(04)23288582,2025,10,12,3,40,臺中市,南屯區,0,0,0,7,,,50,,,,,,,,,,,,,,12,,,,,A12,,,1,,2,,,59,59,1,12,5,120.64979,24.141446,3
4239,66000,387130000C,(04)23274275,(04)23288582,2025,10,12,3,43,臺中市,梧棲區,0,0,0,7,,,30,,,,,,,,,,,,,,14,,,,,B03,,,1,,2,,,50,50,1,6,4,120.538816,24.238806,3
4240,66000,387130000C,(04)23274275,(04)23288582,2025,10,12,3,45,臺中市,北區,0,0,0,7,,,50,,,,,,,,,,,,,,13,,,,,B03,,,1,,2,,,59,59,1,13,4,120.672441,24.144497,3
4241,66000,387130000C,(04)23274275,(04)23288582,2025,10,12,4,8,臺中市,北屯區,0,0,0,7,,,50,,,,,,,,,,,,,,13,,,,,B12,,,1,,2,,,59,59,1,12,4,120.721534,24.183473,3
4242,66000,387130000C,(04)23274275,(04)23288582,2025,10,12,4,38,臺中市,北區,0,1,0,7,1,6,50,4,1,1,5,4,6,6,3,1,5,5,5,2,17,2,9,1,1,C03,7,9,1,10,2,11,,24,24,1,12,4,120.67667,24.161705,2
4243,66000,387130000C,(04)23274275,(04)23288582,2025,10,12,4,42,臺中市,北屯區,0,1,0,7,1,6,50,4,1,1,5,4,6,6,1,1,10,5,5,2,15,2,8,2,1,C03,7,9,1,10,2,11,,21,21,1,6,4,120.696222,24.162329,2
4244,66000,387130000C,(04)23274275,(04)23288582,2025,10,12,5,1,臺中市,北區,0,0,0,7,,,50,,,,,,,,,,,,,,17,,,,,B03,,,1,,2,,,58,58,1,13,4,120.692916,24.156904,3
4245,66000,387130000C,(04)23274275,(04)23288582,2025,10,12,5,4,臺中市,大里區,0,0,0,7,,,50,,,,,,,,,,,,,,,,,,,B03,,,1,,1,,,56,56,1,13,4,120.699072,24.089344,3
4246,66000,387130000C,(04)23274275,(04)23288582,2025,10,12,5,9,臺中市,大里區,0,0,0,7,,,50,,,,,,,,,,,,,,,,,,,F03,,,,,,,,84,84,1,,,120.699834,24.093659,3
4247,66000,387130000C,(04)23274275,(04)23288582,2025,10,12,6,15,臺中市,南屯區,0,1,0,7,2,6,50,4,1,1,5,4,6,6,2,1,1,4,4,2,16,2,9,2,1,C03,7,9,5,19,2,11,,21,21,1,12,4,120.623095,24.149751,2
4248,66000,387130000C,(04)23274275,(04)23288582,2025,10,12,6,23,臺中市,豐原區,0,1,0,7,2,6,50,3,1,1,5,4,6,6,4,4,5,5,5,2,16,3,10,1,1,C03,7,5,1,10,2,14,,14,14,1,12,4,120.718084,24.254592,2
4249,66000,387130000C,(04)23274275,(04)23288582,2025,10,12,6,35,臺中市,大里區,0,2,0,7,2,6,50,4,1,1,5,4,6,6,4,4,10,5,5,2,15,3,10,2,1,C03,7,9,1,10,2,11,,15,15,1,13,4,120.698294,24.087469,2
4250,66000,387130000C,(04)23274275,(04)23288582,2025,10,12,6,49,臺中市,北屯區,0,1,0,7,2,6,50,4,1,1,5,4,6,6,2,1,1,4,5,2,21,3,10,3,1,B03,7,6,1,8,2,1,,82,82,1,12,4,120.686582,24.201323,2
4251,66000,387130000C,(04)23274275,(04)23288582,2025,10,12,6,54,臺中市,大肚區,0,1,0,7,2,6,30,4,2,1,5,4,6,6,4,4,10,5,5,2,10,3,10,3,1,B03,7,9,1,8,2,8,,41,41,1,6,4,120.551805,24.120123,2
4252,66000,387130000C,(04)23274275,(04)23288582,2025,10,12,6,58,臺中市,南區,0,0,0,7,,,40,,,,,,,,,,,,,,12,,,,,,,,,,,,,86,86,1,,,120.668812,24.125845,3
4253,66000,387130000C,(04)23274275,(04)23288582,2025,10,12,7,0,臺中市,北區,0,1,0,7,2,6,0,3,9,1,5,4,6,6,4,4,10,5,5,2,17,3,10,5,4,C03,7,1,1,10,2,14,,51,51,1,13,4,120.685005,24.161105,2
4254,66000,387130000C,(04)23274275,(04)23288582,2025,10,12,7,0,臺中市,龍井區,0,1,0,7,2,6,50,3,1,1,5,4,6,6,1,1,10,5,5,2,16,2,9,2,1,C03,7,9,1,10,4,12,,21,21,1,6,4,120.523412,24.203934,2
4255,66000,387130000C,(04)23274275,(04)23288582,2025,10,12,7,6,臺中市,西屯區,0,0,0,7,,,50,,,,,,,,,,,,,,13,,,,,B03,,,1,,1,,,56,56,1,12,4,120.622535,24.175235,3
4256,66000,387130000C,(04)23274275,(04)23288582,2025,10,12,7,10,臺中市,大雅區,0,1,0,7,3,6,40,13,8,1,5,4,6,6,4,4,1,3,4,1,17,3,10,5,4,B03,7,1,1,8,2,8,,51,51,1,13,4,120.646738,24.222107,2
4257,66000,387130000C,(04)23274275,(04)23288582,2025,10,12,7,10,臺中市,大里區,0,0,0,7,,,40,,,,,,,,,,,,,,18,,,,,B03,,,1,,2,,,84,84,1,12,4,120.667149,24.108858,3
4258,66000,387130000C,(04)23274275,(04)23288582,2025,10,12,7,22,臺中市,北屯區,0,1,0,7,2,6,50,4,1,1,5,4,6,6,2,3,10,5,5,2,15,3,10,3,1,B03,7,9,1,4,2,1,,13,13,1,6,4,120.664673,24.182718,2
4259,66000,387130000C,(04)23274275,(04)23288582,2025,10,12,7,38,臺中市,烏日區,0,2,0,7,2,6,50,4,1,1,5,4,6,6,1,1,10,4,5,1,15,2,9,2,1,C03,7,9,3,19,2,11,,21,21,1,6,4,120.633374,24.098232,2
4260,66000,387130000C,(04)23274275,(04)23288582,2025,10,12,7,42,臺中市,清水區,0,1,0,7,2,6,50,5,1,1,5,4,6,6,4,4,5,2,5,1,15,2,9,2,2,C03,7,9,1,10,2,11,,15,15,1,13,4,120.55976,24.279436,2
4261,66000,387130000C,(04)23274275,(04)23288582,2025,10,12,7,47,臺中市,北屯區,0,1,0,7,1,6,50,13,9,1,5,4,6,6,4,4,5,4,5,1,2,3,10,3,1,B03,7,9,1,8,2,1,,85,85,1,13,4,120.742956,24.178178,2
4262,66000,387130000C,(04)23274275,(04)23288582,2025,10,12,7,56,臺中市,東區,0,0,0,7,,,30,,,,,,,,,,,,,,14,,,,,B03,,,1,,2,,,84,84,1,6,4,120.691054,24.14068,3
4263,66000,387130000C,(04)23274275,(04)23288582,2025,10,12,8,0,臺中市,北屯區,0,1,0,7,2,6,50,4,1,1,5,4,6,6,1,1,10,5,5,2,16,3,10,3,1,B03,7,6,3,19,2,2,,11,11,1,6,4,120.720953,24.169893,2
4264,66000,387130000C,(04)23274275,(04)23288582,2025,10,12,8,0,臺中市,后里區,0,0,0,7,2,6,50,13,14,1,5,4,6,6,4,4,1,4,4,1,22,3,10,3,2,B03,7,9,1,8,2,1,,62,62,1,13,4,120.676153,24.286013,3
4265,66000,387130000C,(04)23274275,(04)23288582,2025,10,12,8,3,臺中市,北區,0,2,0,7,2,6,50,5,1,1,5,4,6,6,1,1,10,5,5,2,13,2,8,5,4,C03,7,15,1,10,2,14,,7,7,1,13,4,120.686245,24.154437,2
4266,66000,387130000C,(04)23274275,(04)23288582,2025,10,12,8,4,臺中市,外埔區,0,0,0,7,3,6,30,11,9,1,5,4,6,6,4,4,10,5,5,1,17,3,10,1,1,C03,7,5,1,10,2,11,,84,84,1,6,4,120.642521,24.342268,3
4267,66000,387130000C,(04)23274275,(04)23288582,2025,10,12,8,7,臺中市,北屯區,0,0,0,7,,,50,,,,,,,,,,,,,,17,,,,,C03,,,1,,9,,,88,88,1,12,4,120.692825,24.169484,3
4268,66000,387130000C,(04)23274275,(04)23288582,2025,10,12,8,20,臺中市,南屯區,0,0,0,7,,,50,,,,,,,,,,,,,,,,,,,B03,,,1,,2,,,50,50,1,12,4,120.633066,24.139279,3
4269,66000,387130000C,(04)23274275,(04)23288582,2025,10,12,8,25,臺中市,大雅區,0,2,0,7,2,6,50,4,2,1,5,4,6,6,2,1,5,5,5,1,13,2,9,2,1,C03,7,9,1,10,2,11,,84,84,1,13,4,120.650001,24.221356,2
4270,66000,387130000C,(04)23274275,(04)23288582,2025,10,12,8,29,臺中市,北屯區,0,1,0,7,2,6,50,5,1,1,5,4,6,6,1,1,10,5,5,2,13,2,9,1,1,C03,7,9,1,10,2,11,,7,7,1,12,4,120.686582,24.201323,2
4271,66000,387130000C,(04)23274275,(04)23288582,2025,10,12,8,30,臺中市,豐原區,0,1,0,7,1,6,50,4,1,1,5,4,6,6,1,1,5,4,5,1,17,2,9,1,1,C03,7,6,1,10,2,13,,48,48,1,6,4,120.724725,24.230527,2