序號,縣市別代碼,機關代碼,市話,傳真,年,月,日,時,分,縣市,區,死亡數量,受傷數量,2-30,天候,道路照明設備,道路類別,道路速限,道路型態,事故位置,路面鋪裝,路面狀態,路面缺陷,障礙物,視距,號誌種類,號誌動作,分向設施,快車道或一般車道間,快慢車道間,路面邊線,事故類型及型態,受傷程度,主要傷處,保護裝備,行動電話或功能裝置,當事者區分(類別),車輛用途,當事者行動狀態,駕照狀態,駕照種類,飲酒情形,車輛撞擊部位最初,車輛撞擊部位其他,肇事因素個別,肇事因素主要,肇事逃逸,職業,共享經濟或外送平台,GPS座標X,GPS座標Y,事故類別
4272,66000,387130000C,(04)23274275,(04)23288582,2025,10,12,8,35,臺中市,南屯區,0,1,0,7,3,6,50,4,1,1,5,4,6,6,2,1,10,5,5,2,16,3,10,3,1,B03,7,5,1,8,2,5,,47,47,1,12,4,120.638326,24.135383,2
4273,66000,387130000C,(04)23274275,(04)23288582,2025,10,12,8,38,臺中市,北區,0,1,0,7,2,6,50,13,9,1,5,4,6,6,4,4,5,4,5,2,13,2,9,1,1,C03,7,21,5,19,2,11,,84,84,1,13,4,120.666671,24.166571,2
4274,66000,387130000C,(04)23274275,(04)23288582,2025,10,12,8,45,臺中市,太平區,0,0,0,7,,,30,,,,,,,,,,,,,,17,,,,,B12,,,1,,2,,,84,84,1,12,4,120.732765,24.11261,3
4275,66000,387130000C,(04)23274275,(04)23288582,2025,10,12,8,48,臺中市,清水區,0,1,0,7,2,6,30,3,1,1,5,4,6,6,4,4,10,5,5,2,11,2,9,2,1,C03,7,1,1,10,2,11,,51,51,1,13,4,120.569086,24.288664,2
4276,66000,387130000C,(04)23274275,(04)23288582,2025,10,12,8,55,臺中市,大雅區,0,1,0,7,3,6,50,4,1,1,5,4,6,6,1,1,1,5,5,1,17,3,10,5,4,B03,7,6,1,8,2,8,,11,11,1,13,4,120.649219,24.216172,2
4277,66000,387130000C,(04)23274275,(04)23288582,2025,10,12,8,57,臺中市,大雅區,0,2,0,7,3,6,30,5,1,1,5,4,6,6,4,4,1,5,5,1,16,2,9,2,1,C03,7,6,5,19,2,12,,85,85,1,13,4,120.641367,24.24021,2
4278,66000,387130000C,(04)23274275,(04)23288582,2025,10,12,9,2,臺中市,烏日區,0,0,0,7,,,50,,,,,,,,,,,,,,,,,,,B03,,,1,,1,,,50,50,1,13,4,120.639764,24.108101,3
4279,66000,387130000C,(04)23274275,(04)23288582,2025,10,12,9,2,臺中市,烏日區,0,2,0,7,2,6,50,4,1,1,5,4,6,6,1,1,10,5,5,2,13,2,9,2,1,C03,7,6,1,10,2,13,,20,20,1,6,4,120.64665,24.110427,2
4280,66000,387130000C,(04)23274275,(04)23288582,2025,10,12,9,13,臺中市,西區,0,1,0,7,2,6,50,3,1,1,5,4,6,6,4,4,5,4,5,1,16,3,10,2,1,C03,7,6,1,10,2,11,,13,13,1,13,4,120.66597,24.150859,2
4281,66000,387130000C,(04)23274275,(04)23288582,2025,10,12,9,20,臺中市,霧峰區,0,1,0,7,2,6,50,13,7,1,5,4,6,6,4,4,5,5,4,2,3,3,10,6,5,H01,8,16,7,21,10,17,,98,98,1,8,5,120.697135,24.064251,2
4282,66000,387130000C,(04)23274275,(04)23288582,2025,10,12,9,21,臺中市,豐原區,0,1,0,7,2,6,50,13,13,1,5,4,1,6,4,4,5,5,5,2,28,2,9,5,4,F01,7,9,7,21,2,15,,84,84,1,13,4,120.757869,24.27663,2
4283,66000,387130000C,(04)23274275,(04)23288582,2025,10,12,9,55,臺中市,北屯區,0,1,0,7,1,6,50,13,9,1,5,4,6,6,4,4,5,4,5,2,12,2,9,1,1,C03,7,9,1,10,2,14,,85,85,1,13,4,120.694934,24.165124,2
4284,66000,387130000C,(04)23274275,(04)23288582,2025,10,12,9,56,臺中市,潭子區,0,2,0,7,2,6,50,3,1,1,5,4,6,6,4,4,10,5,5,2,8,2,8,1,1,C03,7,6,3,19,2,11,,59,59,1,13,4,120.709284,24.210652,2
4285,66000,387130000C,(04)23274275,(04)23288582,2025,10,12,9,56,臺中市,沙鹿區,0,2,0,7,2,6,50,13,9,1,5,4,6,6,4,4,3,4,5,2,17,2,9,3,1,A31,7,9,1,1,2,1,,82,82,1,13,4,120.569106,24.202428,2
4286,66000,387130000C,(04)23274275,(04)23288582,2025,10,12,9,59,臺中市,西屯區,0,1,0,7,2,6,50,4,1,1,5,4,6,6,2,3,10,5,5,2,15,3,10,5,4,B13,7,9,1,8,1,4,,13,13,1,13,4,120.623828,24.177422,2
4287,66000,387130000C,(04)23274275,(04)23288582,2025,10,12,10,9,臺中市,北屯區,0,0,0,7,,,50,,,,,,,,,,,,,,14,,,,,B12,,,1,,2,,,49,49,1,6,4,120.733804,24.161411,3
4288,66000,387130000C,(04)23274275,(04)23288582,2025,10,12,10,10,臺中市,大里區,0,0,0,7,,,30,,,,,,,,,,,,,,14,,,,,B03,,,1,,2,,,49,49,1,12,4,120.702912,24.092594,3
4289,66000,387130000C,(04)23274275,(04)23288582,2025,10,12,10,13,臺中市,北屯區,0,1,0,7,3,6,50,13,7,1,5,4,6,6,4,4,5,4,4,2,2,3,10,2,1,C03,7,9,1,8,2,12,,84,84,1,12,4,120.722469,24.179423,2
4290,66000,387130000C,(04)23274275,(04)23288582,2025,10,12,10,15,臺中市,后里區,0,0,0,7,3,6,50,3,7,1,5,4,6,6,4,4,5,4,4,1,13,3,10,3,1,B03,7,9,3,19,1,1,,7,7,1,13,4,120.716179,24.309799,3
4291,66000,387130000C,(04)23274275,(04)23288582,2025,10,12,10,20,臺中市,西屯區,0,2,0,7,2,6,40,3,1,1,5,4,6,6,4,4,10,5,5,2,16,2,9,2,1,C03,7,6,1,11,2,12,,48,48,1,12,4,120.641405,24.159749,2
4292,66000,387130000C,(04)23274275,(04)23288582,2025,10,12,10,20,臺中市,霧峰區,0,2,0,7,3,6,50,4,1,1,5,4,6,6,4,4,10,5,5,2,16,2,7,1,1,C03,7,9,1,10,2,11,,27,27,1,12,4,120.699374,24.070244,2
4293,66000,387130000C,(04)23274275,(04)23288582,2025,10,12,10,23,臺中市,豐原區,0,1,0,7,2,6,50,3,4,1,5,4,6,6,1,1,5,5,4,2,13,3,10,5,4,B03,7,1,1,8,2,5,,39,39,1,12,4,120.736706,24.259347,2
4294,66000,387130000C,(04)23274275,(04)23288582,2025,10,12,10,25,臺中市,太平區,0,1,0,7,3,6,30,4,1,1,5,4,6,6,4,4,9,5,5,2,15,2,9,2,1,C03,7,9,3,19,2,11,,12,12,1,12,4,120.722306,24.156774,2
4295,66000,387130000C,(04)23274275,(04)23288582,2025,10,12,10,26,臺中市,西區,0,2,0,7,2,6,50,4,2,1,5,4,6,6,2,1,5,5,5,2,13,2,7,2,1,C03,7,9,1,10,2,11,,84,84,1,12,4,120.661763,24.140216,2
4296,66000,387130000C,(04)23274275,(04)23288582,2025,10,12,10,27,臺中市,霧峰區,0,1,0,7,2,6,40,13,9,1,5,4,6,6,4,4,1,4,5,1,16,3,10,3,1,B03,7,7,1,8,2,5,,35,35,1,12,4,120.662845,24.062105,2
4297,66000,387130000C,(04)23274275,(04)23288582,2025,10,12,10,30,臺中市,豐原區,0,0,0,7,,,30,,,,,,,,,,,,,,17,,,,,B03,,,1,,2,,,8,8,1,6,4,120.724824,24.253003,3
4298,66000,387130000C,(04)23274275,(04)23288582,2025,10,12,10,40,臺中市,南屯區,0,0,0,7,,,50,,,,,,,,,,,,,,,,,,,B03,,,1,,2,,,50,50,1,13,4,120.651235,24.148093,3
4299,66000,387130000C,(04)23274275,(04)23288582,2025,10,12,10,40,臺中市,沙鹿區,0,1,0,7,2,6,50,4,1,1,5,4,6,6,1,1,10,5,5,2,16,3,10,3,1,B03,7,5,1,8,2,2,6,20,20,1,12,4,120.570715,24.198955,2
4300,66000,387130000C,(04)23274275,(04)23288582,2025,10,12,10,43,臺中市,豐原區,0,0,0,7,3,6,40,13,9,1,5,4,6,6,2,1,6,5,5,1,12,3,10,2,1,C03,7,7,1,10,2,11,12,84,84,1,12,4,120.729935,24.247991,3
4301,66000,387130000C,(04)23274275,(04)23288582,2025,10,12,10,49,臺中市,西區,0,2,0,7,2,6,50,4,1,1,5,4,6,6,1,1,10,5,5,2,17,2,9,2,1,C03,7,9,1,10,2,11,,7,7,1,12,4,120.657375,24.146713,2
4302,66000,387130000C,(04)23274275,(04)23288582,2025,10,12,10,52,臺中市,大肚區,0,0,0,7,,,30,,,,,,,,,,,,,,,,,,,B03,,,1,,2,,,49,49,1,6,4,120.539775,24.152787,3
4303,66000,387130000C,(04)23274275,(04)23288582,2025,10,12,10,57,臺中市,大里區,0,0,0,7,,,30,,,,,,,,,,,,,,17,,,,,C02,,,1,,11,,,84,84,1,12,4,120.688317,24.083422,3
4304,66000,387130000C,(04)23274275,(04)23288582,2025,10,12,11,0,臺中市,沙鹿區,0,0,0,7,2,6,40,13,8,1,5,4,6,6,4,4,1,3,1,1,12,,,,,B03,,,1,,1,,,76,76,1,12,4,120.576643,24.225443,3
4305,66000,387130000C,(04)23274275,(04)23288582,2025,10,12,11,11,臺中市,石岡區,0,1,0,7,2,6,50,11,9,1,5,4,6,6,4,4,5,5,5,1,17,2,9,2,1,C03,7,9,1,10,2,15,,85,85,1,12,4,120.813562,24.257454,2
4306,66000,387130000C,(04)23274275,(04)23288582,2025,10,12,11,14,臺中市,后里區,0,0,0,7,3,6,40,3,9,1,5,,6,6,4,4,9,5,5,1,25,3,10,3,1,B03,7,11,1,8,2,5,,45,45,1,6,4,120.729393,24.307356,3
4307,66000,387130000C,(04)23274275,(04)23288582,2025,10,12,11,15,臺中市,霧峰區,0,0,0,7,,,50,,,,,,,,,,,,,,,,,,,B03,,,1,,2,,,14,14,1,13,4,120.697708,24.058459,3
4308,66000,387130000C,(04)23274275,(04)23288582,2025,10,12,11,16,臺中市,霧峰區,0,1,0,7,3,6,50,4,1,1,5,4,6,6,4,4,10,5,5,2,16,2,8,1,1,C03,7,6,3,19,2,11,,14,14,1,12,4,120.697,24.065498,2
4309,66000,387130000C,(04)23274275,(04)23288582,2025,10,12,11,17,臺中市,西屯區,0,4,0,7,1,6,40,13,8,1,5,4,6,6,4,4,1,4,4,1,16,2,2,3,1,B03,7,5,1,8,2,2,,47,47,1,12,4,120.645009,24.162089,2
4310,66000,387130000C,(04)23274275,(04)23288582,2025,10,12,11,17,臺中市,神岡區,0,1,0,7,2,6,40,5,1,1,5,4,6,6,4,4,10,5,5,1,15,4,11,5,4,F02,7,9,7,21,2,12,,12,12,1,13,4,120.69227,24.235594,2
4311,66000,387130000C,(04)23274275,(04)23288582,2025,10,12,11,18,臺中市,大雅區,0,1,0,7,3,6,50,13,9,1,5,4,6,6,4,4,5,5,5,1,17,3,10,2,1,C03,7,11,1,10,2,14,,32,32,1,12,4,120.64964,24.223107,2
4312,66000,387130000C,(04)23274275,(04)23288582,2025,10,12,11,29,臺中市,北區,0,1,0,7,2,6,50,4,1,1,5,4,6,6,4,4,5,5,5,2,15,3,10,3,1,B03,7,9,1,10,2,2,,15,15,1,6,4,120.69733,24.159235,2
4313,66000,387130000C,(04)23274275,(04)23288582,2025,10,12,11,34,臺中市,南區,0,2,0,7,3,6,50,13,7,1,5,4,6,6,4,4,5,5,4,2,17,2,9,1,1,C03,7,9,1,10,2,12,,84,84,1,12,4,120.663553,24.112897,2
4314,66000,387130000C,(04)23274275,(04)23288582,2025,10,12,11,34,臺中市,南屯區,0,0,0,7,,,50,,,,,,,,,,,,,,17,,,,,B03,,,1,,1,,,8,8,1,6,4,120.629407,24.118629,3
4315,66000,387130000C,(04)23274275,(04)23288582,2025,10,12,11,34,臺中市,大里區,0,1,0,7,2,6,30,3,1,1,5,4,6,1,4,4,10,5,5,2,16,3,10,5,4,B03,7,5,1,8,2,8,,14,14,1,12,4,120.698356,24.083884,2
4316,66000,387130000C,(04)23274275,(04)23288582,2025,10,12,11,37,臺中市,東區,0,2,0,7,3,6,50,4,9,1,5,4,6,6,2,1,3,5,5,2,16,2,8,5,4,B03,7,6,1,8,2,2,,20,20,1,6,4,120.696485,24.138879,2
4317,66000,387130000C,(04)23274275,(04)23288582,2025,10,12,11,37,臺中市,西屯區,0,0,0,7,,,30,,,,,,,,,,,,,,17,,,,,B03,,,1,,2,,,8,8,1,12,4,120.646905,24.182872,3
4318,66000,387130000C,(04)23274275,(04)23288582,2025,10,12,11,44,臺中市,豐原區,0,0,0,7,,,50,,,,,,,,,,,,,,12,,,,,B03,,,1,,1,,,1,1,1,13,4,120.720984,24.23747,3
4319,66000,387130000C,(04)23274275,(04)23288582,2025,10,12,11,45,臺中市,南屯區,0,0,0,7,,,50,,,,,,,,,,,,,,,,,,,B03,,,1,,2,,,39,39,1,12,4,120.627038,24.116159,3
4320,66000,387130000C,(04)23274275,(04)23288582,2025,10,12,11,50,臺中市,大雅區,0,1,0,7,3,6,50,13,9,1,5,4,6,6,4,4,4,3,5,1,17,3,10,5,4,B03,7,14,1,8,2,2,,77,77,1,13,4,120.649712,24.226981,2
4321,66000,387130000C,(04)23274275,(04)23288582,2025,10,12,11,50,臺中市,北區,0,0,0,7,,,40,,,,,,,,,,,,,,14,,,,,B03,,,1,,2,,,49,49,1,13,4,120.683154,24.148244,3
4322,66000,387130000C,(04)23274275,(04)23288582,2025,10,12,11,50,臺中市,北區,0,0,0,7,,,50,,,,,,,,,,,,,,16,,,,,B03,,,1,,1,,,65,65,1,13,4,120.692419,24.158767,3
4323,66000,387130000C,(04)23274275,(04)23288582,2025,10,12,11,52,臺中市,西屯區,0,1,0,7,2,6,50,4,1,1,5,4,6,6,1,1,10,5,5,2,13,2,9,5,4,C03,7,9,3,19,2,11,,7,7,1,12,4,120.655715,24.199972,2
4324,66000,387130000C,(04)23274275,(04)23288582,2025,10,12,11,55,臺中市,沙鹿區,0,1,0,7,2,6,50,11,9,1,5,4,6,6,4,4,9,5,5,2,11,2,8,1,1,C03,7,9,3,19,8,11,,4,4,1,12,4,120.572355,24.197754,2
4325,66000,387130000C,(04)23274275,(04)23288582,2025,10,12,11,56,臺中市,東區,0,0,0,7,,,50,,,,,,,,,,,,,,,,,,,,,,,,,,,118,118,1,,,120.708347,24.146748,3
4326,66000,387130000C,(04)23274275,(04)23288582,2025,10,12,12,0,臺中市,北區,0,1,0,7,2,6,50,3,1,1,5,4,6,6,4,4,3,4,4,2,13,2,9,1,1,C03,7,9,1,10,1,11,,84,84,1,13,4,120.69432,24.160476,2
4327,66000,387130000C,(04)23274275,(04)23288582,2025,10,12,12,1,臺中市,南屯區,0,0,0,7,,,30,,,,,,,,,,,,,,,,,,,B03,,,1,,1,,,49,49,1,12,4,120.649766,24.135275,3
4328,66000,387130000C,(04)23274275,(04)23288582,2025,10,12,12,3,臺中市,大肚區,0,0,0,7,,,50,,,,,,,,,,,,,,,,,,,B03,,,1,,1,,,51,51,1,6,4,120.544603,24.150996,3
4329,66000,387130000C,(04)23274275,(04)23288582,2025,10,12,12,5,臺中市,太平區,0,0,0,7,,,50,,,,,,,,,,,,,,17,,,,,B03,,,1,,9,,,51,51,1,12,4,120.714063,24.158738,3
4330,66000,387130000C,(04)23274275,(04)23288582,2025,10,12,12,8,臺中市,潭子區,0,0,0,7,,,50,,,,,,,,,,,,,,13,,,,,C03,,,1,,2,,,7,7,1,13,4,120.700483,24.212339,3
4331,66000,387130000C,(04)23274275,(04)23288582,2025,10,12,12,10,臺中市,和平區,0,0,0,7,3,2,30,13,9,1,5,4,6,6,4,4,10,5,5,1,13,,,,,C02,,,1,,2,,,7,7,1,12,4,121.290355,24.311589,3
4332,66000,387130000C,(04)23274275,(04)23288582,2025,10,12,12,14,臺中市,大甲區,0,0,0,7,,,50,,,,,,,,,,,,,,,,,,,B03,,,1,,1,,,8,8,1,6,4,120.632044,24.357104,3
4333,66000,387130000C,(04)23274275,(04)23288582,2025,10,12,12,18,臺中市,北屯區,0,0,0,7,,3,50,,,,,,,,,,,,,,,,,,,B03,,,1,,1,,,7,7,1,13,4,120.718812,24.161964,3
4334,66000,387130000C,(04)23274275,(04)23288582,2025,10,12,12,20,臺中市,南屯區,0,0,0,7,,,50,,,,,,,,,,,,,,,,,,,B12,,,1,,10,,,59,59,1,12,4,120.649699,24.136876,3
4335,66000,387130000C,(04)23274275,(04)23288582,2025,10,12,12,22,臺中市,霧峰區,0,0,0,7,,,50,,,,,,,,,,,,,,13,,,,,B03,,,1,,1,,,84,84,1,5,4,120.691695,24.065974,3
4336,66000,387130000C,(04)23274275,(04)23288582,2025,10,12,12,22,臺中市,新社區,0,1,0,7,3,6,50,13,9,1,5,4,6,6,4,4,5,5,5,1,17,2,9,2,1,C03,7,9,1,10,2,11,,54,54,1,6,4,120.808443,24.24387,2
4337,66000,387130000C,(04)23274275,(04)23288582,2025,10,12,12,25,臺中市,太平區,0,1,0,7,3,6,30,4,1,1,5,4,6,6,4,4,10,5,5,2,15,3,10,3,1,B03,7,9,1,8,2,2,,15,15,1,12,4,120.719691,24.114646,2
4338,66000,387130000C,(04)23274275,(04)23288582,2025,10,12,12,27,臺中市,神岡區,0,1,0,7,1,6,50,13,9,1,5,4,6,6,4,4,5,5,5,1,13,3,10,5,4,B03,7,9,1,8,2,5,,84,84,1,12,4,120.695096,24.236462,2
4339,66000,387130000C,(04)23274275,(04)23288582,2025,10,12,12,28,臺中市,西區,0,3,0,7,3,6,30,4,1,1,5,4,6,6,4,4,9,5,5,2,15,2,9,1,1,C03,7,9,1,10,2,12,,15,15,1,6,4,120.668901,24.148578,2
4340,66000,387130000C,(04)23274275,(04)23288582,2025,10,12,12,29,臺中市,中區,0,2,0,7,3,6,50,4,1,1,5,4,6,6,1,1,10,5,5,2,16,3,10,3,1,B03,7,5,1,8,2,2,,47,47,1,12,4,120.681413,24.14452,2
4341,66000,387130000C,(04)23274275,(04)23288582,2025,10,12,12,33,臺中市,烏日區,0,1,0,7,2,6,50,11,8,1,5,4,6,6,4,4,1,4,4,1,17,3,10,5,4,B03,7,7,1,8,2,3,,20,20,1,12,4,120.584142,24.111419,2
4342,66000,387130000C,(04)23274275,(04)23288582,2025,10,12,12,34,臺中市,豐原區,0,0,0,7,,,50,,,,,,,,,,,,,,14,,,,,B03,,,1,,2,,,49,49,1,12,4,120.724605,24.255835,3
4343,66000,387130000C,(04)23274275,(04)23288582,2025,10,12,12,35,臺中市,西屯區,0,0,0,7,,,,,,,,,,,,,,,,,17,,,,,,,,,,,,,119,119,1,,,120.653509,24.169872,3
4344,66000,387130000C,(04)23274275,(04)23288582,2025,10,12,12,37,臺中市,外埔區,0,0,0,7,3,6,30,,9,1,5,4,6,6,,4,10,5,5,2,13,3,10,3,1,B03,7,2,1,8,1,6,,49,49,1,6,4,120.695704,24.344123,3
4345,66000,387130000C,(04)23274275,(04)23288582,2025,10,12,12,42,臺中市,東區,0,0,0,7,,,30,,,,,,,,,,,,,,16,,,,,C03,,,1,,1,,,24,24,1,6,4,120.692338,24.149441,3
4346,66000,387130000C,(04)23274275,(04)23288582,2025,10,12,12,53,臺中市,西屯區,0,1,0,7,1,6,70,3,1,1,5,4,6,6,2,1,10,5,5,2,11,3,10,3,1,B03,7,15,1,2,2,8,,56,56,1,12,4,120.614194,24.183654,2
4347,66000,387130000C,(04)23274275,(04)23288582,2025,10,12,13,1,臺中市,太平區,0,0,0,7,,,30,,,,,,,,,,,,,,17,,,,,B03,,,1,,2,,,50,50,1,12,4,120.70747,24.112027,3
4348,66000,387130000C,(04)23274275,(04)23288582,2025,10,12,13,2,臺中市,大里區,0,0,0,7,,,50,,,,,,,,,,,,,,17,,,,,C03,,,1,,2,,,49,49,1,6,4,120.685634,24.110332,3
4349,66000,387130000C,(04)23274275,(04)23288582,2025,10,12,13,5,臺中市,大里區,0,1,0,7,2,6,40,4,1,1,5,4,6,6,4,4,10,5,5,2,16,2,9,1,1,C03,7,6,1,10,2,12,,15,15,1,12,4,120.688975,24.123908,2
4350,66000,387130000C,(04)23274275,(04)23288582,2025,10,12,13,9,臺中市,西區,0,0,0,7,,,50,,,,,,,,,,,,,,,,,,,B03,,,1,,1,,,49,49,1,13,4,120.663095,24.129856,3
4351,66000,387130000C,(04)23274275,(04)23288582,2025,10,12,13,13,臺中市,沙鹿區,0,0,0,7,,,40,,,,,,,,,,,,,,17,,,,,C03,,,1,,2,,,82,82,1,6,4,120.574488,24.228664,3
4352,66000,387130000C,(04)23274275,(04)23288582,2025,10,12,13,15,臺中市,北區,0,0,0,7,,,50,,,,,,,,,,,,,,14,,,,,B03,,,1,,2,,,49,49,1,13,4,120.684202,24.143674,3
4353,66000,387130000C,(04)23274275,(04)23288582,2025,10,12,13,15,臺中市,東區,0,1,0,7,2,6,50,4,1,1,5,4,6,6,2,1,10,5,5,2,18,2,9,6,1,F01,7,9,7,21,1,14,,84,84,1,12,4,120.688642,24.126392,2
4354,66000,387130000C,(04)23274275,(04)23288582,2025,10,12,13,16,臺中市,東區,0,1,0,7,3,6,50,5,9,1,5,4,6,6,4,4,10,5,5,2,30,2,9,5,4,C03,7,5,1,10,2,16,,84,84,1,6,4,120.694403,24.132766,2
4355,66000,387130000C,(04)23274275,(04)23288582,2025,10,12,13,16,臺中市,新社區,0,0,0,7,,,15,,,,,,,,,,,,,,20,,,,,B03,,,1,,2,,,59,59,1,6,4,120.895437,24.116898,3
4356,66000,387130000C,(04)23274275,(04)23288582,2025,10,12,13,18,臺中市,西屯區,0,0,0,7,,,40,,,,,,,,,,,,,,14,,,,,B03,,,1,,2,,,49,49,1,12,4,120.643977,24.178613,3
4357,66000,387130000C,(04)23274275,(04)23288582,2025,10,12,13,19,臺中市,霧峰區,0,1,0,7,2,6,50,4,1,1,5,4,6,5,4,4,10,5,5,1,16,3,10,5,4,B03,7,11,1,8,2,5,,14,14,1,12,4,120.69973,24.072727,2
4358,66000,387130000C,(04)23274275,(04)23288582,2025,10,12,13,30,臺中市,西屯區,0,1,0,7,2,6,50,4,1,1,5,4,6,6,1,1,10,5,5,2,16,3,10,5,4,B03,7,6,1,8,2,2,,38,38,1,12,4,120.65642,24.199826,2
4359,66000,387130000C,(04)23274275,(04)23288582,2025,10,12,13,33,臺中市,豐原區,0,1,0,7,2,6,50,13,7,1,5,4,6,6,4,4,5,5,4,2,2,2,9,6,5,H01,8,16,7,21,10,17,,109,109,1,12,5,120.719971,24.250468,2
4360,66000,387130000C,(04)23274275,(04)23288582,2025,10,12,13,37,臺中市,大肚區,0,0,0,7,,,50,,,,,,,,,,,,,,,,,,,B03,,,1,,2,,,51,51,1,6,4,120.545402,24.151015,3
4361,66000,387130000C,(04)23274275,(04)23288582,2025,10,12,13,56,臺中市,大肚區,0,0,0,7,,,50,,,,,,,,,,,,,,,,,,,B03,,,1,,2,,,47,47,1,6,4,120.544295,24.154399,3
4362,66000,387130000C,(04)23274275,(04)23288582,2025,10,12,13,57,臺中市,東區,0,1,0,7,2,6,50,4,1,1,5,4,6,6,1,1,10,5,5,2,17,2,8,1,1,C03,7,6,3,19,1,14,,11,11,1,12,4,120.706772,24.141619,2
4363,66000,387130000C,(04)23274275,(04)23288582,2025,10,12,13,59,臺中市,北區,0,0,0,7,,,50,,,,,,,,,,,,,,12,,,,,B03,,,1,,1,,,40,40,1,13,4,120.686301,24.145998,3
4364,66000,387130000C,(04)23274275,(04)23288582,2025,10,12,14,10,臺中市,西屯區,0,0,0,7,,,50,,,,,,,,,,,,,,17,,,,,B03,,,1,,1,,,8,8,1,12,4,120.635909,24.176063,3
4365,66000,387130000C,(04)23274275,(04)23288582,2025,10,12,14,13,臺中市,北屯區,0,1,0,7,2,6,50,13,9,1,5,4,6,6,4,4,1,2,5,2,12,3,10,3,1,B03,7,7,1,8,2,5,,35,35,1,6,4,120.694353,24.165269,2
4366,66000,387130000C,(04)23274275,(04)23288582,2025,10,12,14,25,臺中市,中區,0,0,0,7,,,50,,,,,,,,,,,,,,,,,,,C03,,,1,,2,,,84,84,1,12,4,120.677178,24.144337,3
4367,66000,387130000C,(04)23274275,(04)23288582,2025,10,12,14,26,臺中市,大雅區,0,0,0,7,,,30,,,,,,,,,,,,,,,,,,,B03,,,1,,2,,,84,84,1,12,4,120.649144,24.228588,3
4368,66000,387130000C,(04)23274275,(04)23288582,2025,10,12,14,29,臺中市,西區,0,1,0,7,2,6,50,4,1,1,5,4,6,6,4,4,10,5,5,2,3,3,10,5,4,B03,7,9,1,8,2,1,,84,84,1,13,4,120.660215,24.149024,2
4369,66000,387130000C,(04)23274275,(04)23288582,2025,10,12,14,31,臺中市,西區,0,1,0,7,3,6,50,13,7,1,5,4,6,6,4,4,5,4,4,2,13,2,8,1,1,C03,7,9,1,10,2,11,,7,7,1,6,4,120.665476,24.145914,2
4370,66000,387130000C,(04)23274275,(04)23288582,2025,10,12,14,40,臺中市,沙鹿區,0,2,0,7,2,6,50,4,8,1,5,4,6,6,1,1,4,3,4,2,12,3,10,3,1,B01,7,5,1,8,2,2,,11,11,1,12,4,120.56925,24.237066,2
4371,66000,387130000C,(04)23274275,(04)23288582,2025,10,12,14,44,臺中市,北屯區,0,1,0,7,1,6,50,13,9,1,5,4,6,6,4,4,5,4,5,2,13,3,10,3,1,B03,7,11,1,8,2,3,,26,26,1,13,4,120.693568,24.163155,2
4372,66000,387130000C,(04)23274275,(04)23288582,2025,10,12,14,52,臺中市,梧棲區,0,1,0,7,3,6,50,13,8,1,5,4,6,6,4,4,9,4,4,2,14,3,10,3,1,B03,7,2,1,8,2,6,,49,49,1,6,4,120.530855,24.256283,2
4373,66000,387130000C,(04)23274275,(04)23288582,2025,10,12,14,56,臺中市,太平區,0,2,0,7,3,6,50,3,1,1,5,4,6,6,1,1,5,4,5,1,16,2,9,6,1,F01,7,1,7,21,8,14,,53,53,1,12,4,120.726962,24.134389,2
4374,66000,387130000C,(04)23274275,(04)23288582,2025,10,12,14,59,臺中市,南屯區,0,0,0,7,3,6,50,13,9,1,5,4,6,6,1,1,1,4,5,2,12,,,,,B03,,,1,,2,,,8,8,1,12,4,120.646286,24.125802,3
4375,66000,387130000C,(04)23274275,(04)23288582,2025,10,12,15,1,臺中市,北區,0,2,0,7,2,6,50,3,1,1,5,4,6,6,2,1,10,4,5,2,13,2,9,1,1,C03,7,6,1,10,2,13,,48,48,1,13,4,120.687169,24.148841,2
4376,66000,387130000C,(04)23274275,(04)23288582,2025,10,12,15,4,臺中市,沙鹿區,0,1,0,7,2,6,40,13,8,1,5,4,6,6,4,4,1,4,3,1,17,2,9,2,1,C03,7,12,1,10,2,12,,82,82,1,12,4,120.567999,24.238625,2
4377,66000,387130000C,(04)23274275,(04)23288582,2025,10,12,15,6,臺中市,清水區,0,0,0,7,,,60,,,,,,,,,,,,,,,,,,,B03,,,1,,2,,,58,58,1,12,4,120.566663,24.270466,3
4378,66000,387130000C,(04)23274275,(04)23288582,2025,10,12,15,15,臺中市,中區,0,0,0,7,,,50,,,,,,,,,,,,,,13,,,,,C03,,,1,,1,,,58,58,1,12,4,120.679348,24.142222,3
4379,66000,387130000C,(04)23274275,(04)23288582,2025,10,12,15,20,臺中市,沙鹿區,0,0,0,7,,,50,,,,,,,,,,,,,,,,,,,B03,,,1,,1,,,87,87,1,13,4,120.566385,24.234811,3
4380,66000,387130000C,(04)23274275,(04)23288582,2025,10,12,15,21,臺中市,霧峰區,0,1,0,7,3,6,30,3,1,1,5,4,6,6,4,4,10,5,5,2,16,3,10,1,1,C03,7,6,1,10,2,16,,20,20,1,13,4,120.686137,24.049738,2
4381,66000,387130000C,(04)23274275,(04)23288582,2025,10,12,15,25,臺中市,沙鹿區,0,1,0,7,2,6,50,4,9,1,5,4,6,6,1,1,4,3,5,1,11,2,9,2,1,C03,7,9,1,10,2,11,,21,21,1,12,4,120.57671,24.224373,2