序號,縣市別代碼,機關代碼,市話,傳真,年,月,日,時,分,縣市,區,死亡數量,受傷數量,2-30,天候,道路照明設備,道路類別,道路速限,道路型態,事故位置,路面鋪裝,路面狀態,路面缺陷,障礙物,視距,號誌種類,號誌動作,分向設施,快車道或一般車道間,快慢車道間,路面邊線,事故類型及型態,受傷程度,主要傷處,保護裝備,行動電話或功能裝置,當事者區分(類別),車輛用途,當事者行動狀態,駕照狀態,駕照種類,飲酒情形,車輛撞擊部位最初,車輛撞擊部位其他,肇事因素個別,肇事因素主要,肇事逃逸,職業,共享經濟或外送平台,GPS座標X,GPS座標Y,事故類別
4715,66000,387130000C,(04)23274275,(04)23288582,2025,10,13,13,0,臺中市,梧棲區,0,1,0,7,3,6,50,4,12,1,5,4,6,6,1,1,1,4,4,2,13,3,10,3,1,B03,7,11,1,8,2,1,,7,7,1,6,4,120.533112,24.260019,2
4716,66000,387130000C,(04)23274275,(04)23288582,2025,10,13,13,1,臺中市,沙鹿區,0,0,0,7,,,30,,,,,,,,,,,,,,,,,,,C03,,,1,,1,,,12,12,1,6,4,120.568673,24.230558,3
4717,66000,387130000C,(04)23274275,(04)23288582,2025,10,13,13,6,臺中市,太平區,0,0,0,7,,3,40,,,,,,,,,,,,,,,,,,,B03,,,1,,1,,,84,84,1,12,4,120.709392,24.134418,3
4718,66000,387130000C,(04)23274275,(04)23288582,2025,10,13,13,7,臺中市,大里區,0,2,0,7,2,6,30,3,1,1,5,4,6,6,4,4,5,5,5,1,16,2,9,1,1,C04,7,6,1,10,2,11,14,14,14,1,13,4,120.686666,24.117368,2
4719,66000,387130000C,(04)23274275,(04)23288582,2025,10,13,13,9,臺中市,太平區,0,0,0,7,,,40,,,,,,,,,,,,,,,,,,,C01,,,1,,2,,,8,8,1,12,4,120.728311,24.150079,3
4720,66000,387130000C,(04)23274275,(04)23288582,2025,10,13,13,14,臺中市,北屯區,0,0,0,7,,,50,,,,,,,,,,,,,,13,,,,,B03,,,1,,1,,,84,84,1,12,4,120.730644,24.174323,3
4721,66000,387130000C,(04)23274275,(04)23288582,2025,10,13,13,19,臺中市,烏日區,0,0,0,7,2,6,40,13,7,1,5,4,6,6,4,4,1,4,5,2,12,3,10,3,1,B03,7,7,1,8,1,5,,35,35,1,6,4,120.617353,24.110179,3
4722,66000,387130000C,(04)23274275,(04)23288582,2025,10,13,13,22,臺中市,北區,0,1,0,7,2,6,50,13,9,1,5,4,6,6,4,4,5,4,5,2,17,2,9,2,1,C03,7,9,1,10,2,12,,84,84,1,6,4,120.672957,24.160593,2
4723,66000,387130000C,(04)23274275,(04)23288582,2025,10,13,13,22,臺中市,豐原區,0,1,0,7,2,6,50,4,1,1,5,4,6,6,1,1,1,4,4,1,16,3,10,5,4,B03,7,5,1,8,2,6,,11,11,1,12,4,120.760522,24.277084,2
4724,66000,387130000C,(04)23274275,(04)23288582,2025,10,13,13,24,臺中市,大里區,0,0,0,7,,,50,,,,,,,,,,,,,,14,,,,,B12,,,1,,1,,,49,49,1,6,4,120.686556,24.074241,3
4725,66000,387130000C,(04)23274275,(04)23288582,2025,10,13,13,27,臺中市,南區,0,0,0,7,,,50,,,,,,,,,,,,,,17,,,,,B12,,,1,,2,,,84,84,1,6,4,120.679209,24.128544,3
4726,66000,387130000C,(04)23274275,(04)23288582,2025,10,13,13,28,臺中市,龍井區,0,0,0,7,2,6,60,4,7,1,5,4,6,6,2,1,5,4,3,2,13,,,,,B03,,,1,,1,,,7,7,1,6,4,120.592234,24.183075,3
4727,66000,387130000C,(04)23274275,(04)23288582,2025,10,13,13,28,臺中市,外埔區,0,1,0,7,3,6,50,13,14,1,5,4,6,6,4,4,5,5,5,1,18,2,9,1,1,C03,7,9,1,10,2,16,,84,84,1,5,4,120.641383,24.341192,2
4728,66000,387130000C,(04)23274275,(04)23288582,2025,10,13,13,29,臺中市,太平區,0,1,0,7,2,6,50,3,1,1,5,4,6,6,4,4,10,5,5,2,17,3,10,3,1,B12,7,6,1,8,2,4,,14,14,1,12,4,120.729915,24.134795,2
4729,66000,387130000C,(04)23274275,(04)23288582,2025,10,13,13,35,臺中市,西區,0,1,0,7,2,6,50,4,2,1,5,4,6,6,2,1,5,4,4,1,16,3,10,3,1,B03,7,6,1,8,2,5,,11,11,1,13,4,120.667305,24.140607,2
4730,66000,387130000C,(04)23274275,(04)23288582,2025,10,13,13,37,臺中市,大里區,0,1,0,7,3,6,50,13,8,1,5,4,6,6,4,4,1,3,4,1,12,3,10,3,1,B03,7,13,1,8,2,4,,76,76,1,12,4,120.696172,24.087331,2
4731,66000,387130000C,(04)23274275,(04)23288582,2025,10,13,13,37,臺中市,太平區,0,2,0,7,3,6,50,3,2,1,5,4,6,6,4,4,10,5,5,2,16,2,9,1,1,C03,7,6,1,10,2,11,,48,48,1,12,4,120.710083,24.154674,2
4732,66000,387130000C,(04)23274275,(04)23288582,2025,10,13,13,45,臺中市,南屯區,0,0,0,7,,,40,,,,,,,,,,,,,,13,,,,,B01,,,1,,1,,,59,59,1,12,4,120.653689,24.144845,3
4733,66000,387130000C,(04)23274275,(04)23288582,2025,10,13,13,45,臺中市,西屯區,0,0,0,7,,,40,,,,,,,,,,,,,,12,,,,,B03,,,1,,1,,,40,40,1,13,4,120.634595,24.176292,3
4734,66000,387130000C,(04)23274275,(04)23288582,2025,10,13,14,2,臺中市,潭子區,0,0,0,7,,,50,,,,,,,,,,,,,,,,,,,,,,,,,,,116,116,1,,,120.72027,24.220338,3
4735,66000,387130000C,(04)23274275,(04)23288582,2025,10,13,14,3,臺中市,南屯區,0,0,0,7,,,40,,,,,,,,,,,,,,,,,,,B03,,,1,,2,,,49,49,1,12,4,120.642537,24.142081,3
4736,66000,387130000C,(04)23274275,(04)23288582,2025,10,13,14,7,臺中市,南區,0,0,0,7,,,50,,,,,,,,,,,,,,,,,,,B03,,,1,,9,,,49,49,1,6,4,120.678597,24.126527,3
4737,66000,387130000C,(04)23274275,(04)23288582,2025,10,13,14,7,臺中市,龍井區,0,0,0,7,,,30,,,,,,,,,,,,,,,,,,,A12,,,1,,2,,,49,49,1,6,4,120.511875,24.222018,3
4738,66000,387130000C,(04)23274275,(04)23288582,2025,10,13,14,9,臺中市,西屯區,0,0,0,7,,,30,,,,,,,,,,,,,,16,,,,,B13,,,1,,2,,,8,8,1,12,4,120.604421,24.154756,3
4739,66000,387130000C,(04)23274275,(04)23288582,2025,10,13,14,9,臺中市,豐原區,0,0,0,7,,,50,,,,,,,,,,,,,,13,,,,,B03,,,1,,2,,,7,7,1,13,4,120.700944,24.249105,3
4740,66000,387130000C,(04)23274275,(04)23288582,2025,10,13,14,10,臺中市,大雅區,0,0,0,7,,,40,,,,,,,,,,,,,,17,,,,,B03,,,1,,2,,,8,8,1,12,4,120.653025,24.221385,3
4741,66000,387130000C,(04)23274275,(04)23288582,2025,10,13,14,10,臺中市,北屯區,0,1,0,7,2,6,50,3,1,1,5,4,6,6,4,4,10,5,5,2,16,3,10,3,1,B12,7,5,1,8,2,5,,14,14,1,6,4,120.710701,24.174001,2
4742,66000,387130000C,(04)23274275,(04)23288582,2025,10,13,14,10,臺中市,烏日區,0,1,0,7,2,6,50,4,1,1,5,4,6,6,1,1,10,5,5,2,17,3,10,5,4,B03,7,6,1,8,2,8,,11,11,1,12,4,120.625018,24.106259,2
4743,66000,387130000C,(04)23274275,(04)23288582,2025,10,13,14,17,臺中市,太平區,0,0,0,7,,,50,,,,,,,,,,,,,,,,,,,B03,,,1,,2,,,84,84,1,12,4,120.710083,24.154674,3
4744,66000,387130000C,(04)23274275,(04)23288582,2025,10,13,14,19,臺中市,沙鹿區,0,1,0,7,2,6,50,13,9,1,5,4,6,6,4,4,5,5,5,2,17,3,10,3,1,B03,7,1,1,8,2,8,,51,51,1,6,4,120.574669,24.213509,2
4745,66000,387130000C,(04)23274275,(04)23288582,2025,10,13,14,20,臺中市,太平區,0,0,0,7,,3,80,,,,,,,,,,,,,,,,,,,B03,,,3,,2,,,84,84,1,12,4,120.715309,24.151804,3
4746,66000,387130000C,(04)23274275,(04)23288582,2025,10,13,14,30,臺中市,中區,0,0,0,7,,,50,,,,,,,,,,,,,,,,,,,B03,,,1,,1,,,51,51,1,6,4,120.679881,24.146232,3
4747,66000,387130000C,(04)23274275,(04)23288582,2025,10,13,14,37,臺中市,大里區,0,2,0,7,2,6,30,13,9,1,5,4,6,6,4,4,10,5,5,1,6,2,8,1,1,C03,7,9,1,10,2,14,,84,84,1,12,4,120.71496,24.084053,2
4748,66000,387130000C,(04)23274275,(04)23288582,2025,10,13,14,43,臺中市,北屯區,0,0,0,7,,,50,,,,,,,,,,,,,,13,,,,,C03,,,1,,1,,,7,7,1,6,4,120.705646,24.164669,4
4749,66000,387130000C,(04)23274275,(04)23288582,2025,10,13,14,43,臺中市,神岡區,0,0,0,7,,,40,,,,,,,,,,,,,,17,,,,,B12,,,1,,2,,,50,50,1,12,4,120.682825,24.251158,3
4750,66000,387130000C,(04)23274275,(04)23288582,2025,10,13,14,45,臺中市,北屯區,0,0,0,7,,,50,,,,,,,,,,,,,,,,,,,B03,,,1,,1,,,40,40,1,13,4,120.698571,24.173865,4
4751,66000,387130000C,(04)23274275,(04)23288582,2025,10,13,14,51,臺中市,大里區,0,1,0,7,2,6,50,3,1,1,5,4,6,6,4,4,10,5,5,2,16,3,10,3,1,B03,7,5,1,8,2,5,,14,14,1,6,4,120.719534,24.097976,2
4752,66000,387130000C,(04)23274275,(04)23288582,2025,10,13,15,2,臺中市,南屯區,0,2,0,7,2,6,50,13,9,1,5,4,6,6,4,4,5,4,5,2,17,2,8,2,1,C03,7,9,3,19,2,12,,42,42,1,12,4,120.641204,24.14663,2
4753,66000,387130000C,(04)23274275,(04)23288582,2025,10,13,15,7,臺中市,西屯區,0,0,0,7,,,50,,,,,,,,,,,,,,,,,,,C03,,,1,,1,,,59,59,1,12,4,120.64212,24.177876,3
4754,66000,387130000C,(04)23274275,(04)23288582,2025,10,13,15,8,臺中市,潭子區,0,0,0,7,,,60,,,,,,,,,,,,,,,,,,,B03,,,1,,2,,,59,59,1,12,4,120.704195,24.203912,3
4755,66000,387130000C,(04)23274275,(04)23288582,2025,10,13,15,15,臺中市,北屯區,0,0,0,7,,,50,,,,,,,,,,,,,,13,,,,,A11,,,1,,2,,,84,84,1,6,4,120.707531,24.186642,3
4756,66000,387130000C,(04)23274275,(04)23288582,2025,10,13,15,18,臺中市,北屯區,0,0,0,7,,,50,,,,,,,,,,,,,,2,,,,,A31,,,1,1,2,,,77,77,1,12,4,120.706999,24.189861,3
4757,66000,387130000C,(04)23274275,(04)23288582,2025,10,13,15,20,臺中市,北屯區,0,1,0,7,2,6,50,4,2,1,5,4,6,6,2,1,1,2,5,2,13,3,10,2,1,C03,7,12,1,10,2,11,11,7,7,1,12,4,120.685766,24.173185,2
4758,66000,387130000C,(04)23274275,(04)23288582,2025,10,13,15,22,臺中市,太平區,0,0,0,7,,,30,,,,,,,,,,,,,,,,,,,B03,,,1,,1,,,41,41,1,12,4,120.716452,24.117272,4
4759,66000,387130000C,(04)23274275,(04)23288582,2025,10,13,15,23,臺中市,西屯區,0,3,0,7,2,6,30,4,4,1,5,4,6,6,1,1,5,3,5,2,13,2,9,1,4,C03,7,9,1,10,2,11,12,58,58,1,12,4,120.655344,24.178096,2
4760,66000,387130000C,(04)23274275,(04)23288582,2025,10,13,15,31,臺中市,后里區,0,0,0,7,2,6,50,4,1,1,5,4,6,,3,1,5,5,5,1,15,3,10,3,1,B03,7,9,1,8,2,1,,24,24,1,6,4,120.725833,24.309101,3
4761,66000,387130000C,(04)23274275,(04)23288582,2025,10,13,15,37,臺中市,北屯區,0,1,0,7,2,6,50,13,7,1,5,4,6,6,4,4,1,3,4,2,12,2,9,2,1,C03,7,8,1,10,2,14,12,40,40,1,13,4,120.71462,24.182574,2
4762,66000,387130000C,(04)23274275,(04)23288582,2025,10,13,15,45,臺中市,豐原區,0,0,0,7,,,50,,,,,,,,,,,,,,17,,,,,B12,,,1,,2,,,48,48,1,13,4,120.706875,24.243799,3
4763,66000,387130000C,(04)23274275,(04)23288582,2025,10,13,15,46,臺中市,大里區,0,1,0,7,3,6,30,13,9,1,5,4,6,6,4,4,10,5,5,2,18,2,9,1,1,C03,7,9,3,19,2,12,,84,84,1,12,4,120.688419,24.109287,2
4764,66000,387130000C,(04)23274275,(04)23288582,2025,10,13,15,47,臺中市,豐原區,0,0,0,7,,,50,,,,,,,,,,,,,,17,,,,,B12,,,1,,2,,,8,8,1,13,4,120.729223,24.251805,3
4765,66000,387130000C,(04)23274275,(04)23288582,2025,10,13,15,50,臺中市,北屯區,0,1,0,7,3,6,50,13,24,1,5,4,6,6,4,4,10,5,5,2,18,2,9,1,1,F01,7,9,7,21,9,14,,84,84,1,12,4,120.692183,24.18281,2
4766,66000,387130000C,(04)23274275,(04)23288582,2025,10,13,15,51,臺中市,北區,0,0,0,7,,,50,,,,,,,,,,,,,,13,,,,,B12,,,1,,1,5,,59,59,1,12,4,120.698971,24.154761,3
4767,66000,387130000C,(04)23274275,(04)23288582,2025,10,13,15,53,臺中市,北區,0,0,0,7,,,50,,,,,,,,,,,,,,17,,,,,B03,,,1,,1,,,59,59,1,12,4,120.680286,24.148477,3
4768,66000,387130000C,(04)23274275,(04)23288582,2025,10,13,15,53,臺中市,北屯區,0,0,0,7,,,50,,,,,,,,,,,,,,,,,,,B03,,,1,,1,,,39,39,1,12,4,120.681693,24.177947,3
4769,66000,387130000C,(04)23274275,(04)23288582,2025,10,13,15,56,臺中市,大雅區,0,0,0,7,,,30,,,,,,,,,,,,,,11,,,,,B12,,,1,,1,,,8,8,1,12,4,120.666472,24.218413,3
4770,66000,387130000C,(04)23274275,(04)23288582,2025,10,13,15,57,臺中市,西區,0,0,0,7,,,50,,,,,,,,,,,,,,17,,,,,C03,,,1,,9,,,50,50,2,12,4,120.662194,24.150985,3
4771,66000,387130000C,(04)23274275,(04)23288582,2025,10,13,15,59,臺中市,西區,0,1,0,7,1,6,50,3,1,1,5,4,6,6,1,1,10,5,5,1,17,3,10,5,4,B03,7,6,1,8,2,4,,14,14,1,12,4,120.667415,24.147437,2
4772,66000,387130000C,(04)23274275,(04)23288582,2025,10,13,16,0,臺中市,南屯區,0,0,0,7,3,6,40,13,8,1,5,4,6,6,4,4,9,5,4,2,12,,,,,B03,,,1,,1,,,51,51,1,12,4,120.637596,24.143522,3
4773,66000,387130000C,(04)23274275,(04)23288582,2025,10,13,16,2,臺中市,霧峰區,0,0,0,7,,,50,,,,,,,,,,,,,,13,,,,,B03,,,1,,2,,,7,7,1,12,4,120.69658,24.055011,3
4774,66000,387130000C,(04)23274275,(04)23288582,2025,10,13,16,3,臺中市,北屯區,0,0,0,7,,,50,,,,,,,,,,,,,,13,,,,,C03,,,1,,1,,,7,7,1,13,4,120.698637,24.170368,3
4775,66000,387130000C,(04)23274275,(04)23288582,2025,10,13,16,5,臺中市,南區,0,1,0,7,3,6,50,13,8,1,5,4,6,6,4,4,1,4,4,2,17,2,9,2,1,C03,7,15,1,10,2,11,,84,84,1,12,4,120.654183,24.114432,2
4776,66000,387130000C,(04)23274275,(04)23288582,2025,10,13,16,10,臺中市,南屯區,0,0,0,7,,,50,,,,,,,,,,,,,,14,,,,,B03,,,1,,1,,,49,49,1,13,4,120.637315,24.144238,3
4777,66000,387130000C,(04)23274275,(04)23288582,2025,10,13,16,10,臺中市,沙鹿區,0,1,0,7,2,6,0,18,21,1,5,4,6,6,4,4,10,5,5,2,17,2,9,2,1,F03,7,9,7,21,1,12,,59,59,1,13,4,120.561715,24.240822,2
4778,66000,387130000C,(04)23274275,(04)23288582,2025,10,13,16,15,臺中市,霧峰區,0,1,0,7,3,6,40,13,9,1,5,4,6,6,1,1,9,5,5,1,13,2,7,1,1,C03,7,9,1,10,2,11,,7,7,1,13,4,120.678028,24.073679,2
4779,66000,387130000C,(04)23274275,(04)23288582,2025,10,13,16,18,臺中市,西屯區,0,0,0,7,,,50,,,,,,,,,,,,,,13,,,,,B03,,,1,,1,,,59,59,1,12,4,120.646281,24.175238,3
4780,66000,387130000C,(04)23274275,(04)23288582,2025,10,13,16,21,臺中市,南屯區,0,0,0,7,,,40,,,,,,,,,,,,,,,,,,,B03,,,1,,2,,,50,50,1,13,4,120.649359,24.153681,3
4781,66000,387130000C,(04)23274275,(04)23288582,2025,10,13,16,25,臺中市,龍井區,0,1,0,7,2,6,50,4,1,1,5,4,6,6,1,1,10,5,5,2,12,3,10,1,1,C03,7,9,1,10,2,14,,8,8,1,6,4,120.583352,24.179648,2
4782,66000,387130000C,(04)23274275,(04)23288582,2025,10,13,16,27,臺中市,西屯區,0,0,0,7,,,1,,,,,,,,,,,,,,17,,,,,C03,,,1,,2,,,84,84,1,12,4,120.640187,24.159337,3
4783,66000,387130000C,(04)23274275,(04)23288582,2025,10,13,16,27,臺中市,西屯區,0,2,0,7,2,6,50,4,1,1,5,4,6,6,4,4,10,5,5,1,15,3,10,3,1,B03,7,9,1,8,2,2,,12,12,1,12,4,120.642582,24.160409,2
4784,66000,387130000C,(04)23274275,(04)23288582,2025,10,13,16,36,臺中市,沙鹿區,0,0,0,7,,,60,,,,,,,,,,,,,,,,,,,B03,,,1,,2,,,82,82,1,6,4,120.56183,24.208285,3
4785,66000,387130000C,(04)23274275,(04)23288582,2025,10,13,16,41,臺中市,南區,0,0,0,7,,,50,,,,,,,,,,,,,,17,,,,,B13,,,1,,1,,,51,51,1,12,4,120.659748,24.121657,3
4786,66000,387130000C,(04)23274275,(04)23288582,2025,10,13,16,41,臺中市,西屯區,0,0,0,7,,,40,,,,,,,,,,,,,,14,,,,,B03,,,1,,2,,,49,49,1,12,4,120.640853,24.165135,3
4787,66000,387130000C,(04)23274275,(04)23288582,2025,10,13,16,47,臺中市,北區,0,1,0,7,2,6,50,13,24,4,5,4,6,6,4,4,5,4,5,1,17,3,10,3,1,B03,7,1,1,8,2,8,,51,51,1,12,4,120.685106,24.1582,2
4788,66000,387130000C,(04)23274275,(04)23288582,2025,10,13,16,47,臺中市,清水區,0,1,0,7,2,6,50,13,9,1,5,4,6,6,1,1,8,4,5,2,12,2,9,1,1,C03,7,7,1,10,2,11,,35,35,1,12,4,120.573887,24.267813,2
4789,66000,387130000C,(04)23274275,(04)23288582,2025,10,13,16,48,臺中市,烏日區,0,0,0,7,,,40,,,,,,,,,,,,,,12,,,,,B03,,,1,,1,,,57,57,1,8,4,120.649717,24.093748,3
4790,66000,387130000C,(04)23274275,(04)23288582,2025,10,13,16,50,臺中市,東區,0,0,0,7,,,30,,,,,,,,,,,,,,14,,,,,B03,,,1,,2,,,49,49,1,13,4,120.699749,24.127718,3
4791,66000,387130000C,(04)23274275,(04)23288582,2025,10,13,16,50,臺中市,龍井區,0,3,0,7,2,6,50,3,1,1,5,4,6,6,4,4,10,5,5,2,16,2,9,1,1,C03,7,9,5,19,2,12,,7,7,1,6,4,120.585628,24.181767,2
4792,66000,387130000C,(04)23274275,(04)23288582,2025,10,13,16,51,臺中市,北區,0,1,0,7,2,6,50,13,9,1,5,4,6,6,4,4,5,5,5,2,13,3,10,3,1,B03,7,9,1,8,2,5,,59,59,1,12,4,120.679955,24.157581,2
4793,66000,387130000C,(04)23274275,(04)23288582,2025,10,13,16,51,臺中市,東區,0,1,0,7,3,6,50,4,1,1,5,4,6,6,2,1,1,2,5,2,11,3,10,3,1,B03,7,6,1,8,2,6,,11,11,1,6,4,120.689154,24.136958,2
4794,66000,387130000C,(04)23274275,(04)23288582,2025,10,13,16,55,臺中市,北區,0,0,0,7,,,50,,,,,,,,,,,,,,15,,,,,B03,,,1,,1,,,12,12,1,12,4,120.673441,24.158496,3
4795,66000,387130000C,(04)23274275,(04)23288582,2025,10,13,16,57,臺中市,大里區,0,1,0,7,2,6,50,13,9,1,5,4,6,6,4,4,4,3,5,1,17,3,10,3,1,B03,7,15,1,8,2,5,,20,20,1,6,4,120.698561,24.09544,2
4796,66000,387130000C,(04)23274275,(04)23288582,2025,10,13,16,58,臺中市,西屯區,0,1,0,7,2,6,50,13,9,1,5,4,6,6,4,4,5,5,5,2,13,3,10,5,4,B12,7,9,1,8,2,1,,7,7,1,13,4,120.63223,24.159805,2
4797,66000,387130000C,(04)23274275,(04)23288582,2025,10,13,16,58,臺中市,沙鹿區,0,1,0,7,2,6,40,13,8,1,5,4,6,6,4,4,1,4,4,2,12,3,10,6,1,F01,7,9,7,21,1,14,,8,8,1,12,4,120.569031,24.221313,2
4798,66000,387130000C,(04)23274275,(04)23288582,2025,10,13,16,59,臺中市,北屯區,0,1,0,7,2,6,50,3,9,1,5,4,6,6,4,4,4,3,5,2,3,3,10,2,1,C03,7,9,1,10,2,11,14,10,10,1,13,4,120.721994,24.16322,2
4799,66000,387130000C,(04)23274275,(04)23288582,2025,10,13,17,0,臺中市,西屯區,0,0,0,7,,,50,,,,,,,,,,,,,,13,,,,,B03,,,1,,1,,,59,59,1,12,4,120.616837,24.184091,3
4800,66000,387130000C,(04)23274275,(04)23288582,2025,10,13,17,3,臺中市,西區,0,0,0,7,,,50,,,,,,,,,,,,,,,,,,,A12,,,1,1,1,,,84,84,1,13,4,120.665268,24.146718,3
4801,66000,387130000C,(04)23274275,(04)23288582,2025,10,13,17,3,臺中市,北區,0,0,0,7,2,6,50,3,2,1,5,4,6,6,4,4,2,4,5,2,14,3,10,3,1,B12,7,2,1,4,2,3,,49,49,1,12,4,120.68492,24.15155,3
4802,66000,387130000C,(04)23274275,(04)23288582,2025,10,13,17,4,臺中市,沙鹿區,0,1,0,7,2,6,50,4,2,1,5,4,6,6,1,1,8,3,4,1,17,2,9,5,4,C03,7,4,1,10,2,12,,8,8,1,13,4,120.559206,24.23555,2
4803,66000,387130000C,(04)23274275,(04)23288582,2025,10,13,17,6,臺中市,西屯區,0,1,0,7,2,6,50,13,9,1,5,4,6,6,4,4,1,4,5,2,9,3,10,2,1,C03,7,9,1,10,2,11,,59,59,1,12,4,120.623133,24.173682,2
4804,66000,387130000C,(04)23274275,(04)23288582,2025,10,13,17,7,臺中市,龍井區,0,1,0,7,2,6,30,5,1,1,5,4,6,6,4,4,10,5,5,2,15,3,10,3,1,B03,7,9,1,8,2,2,,15,15,1,6,4,120.536155,24.172849,2
4805,66000,387130000C,(04)23274275,(04)23288582,2025,10,13,17,7,臺中市,烏日區,0,0,0,7,,,50,,,,,,,,,,,,,,12,,,,,B03,,,1,,2,,,51,51,1,6,4,120.641728,24.109401,3
4806,66000,387130000C,(04)23274275,(04)23288582,2025,10,13,17,8,臺中市,大里區,0,2,0,7,2,6,50,3,2,1,5,4,6,6,1,1,5,5,4,1,13,2,9,5,4,C03,7,9,1,10,2,11,,7,7,1,12,4,120.72943,24.093148,2
4807,66000,387130000C,(04)23274275,(04)23288582,2025,10,13,17,10,臺中市,北屯區,0,0,0,7,,,40,,,,,,,,,,,,,,14,,,,,B12,,,1,8,2,,,84,84,1,12,4,120.680079,24.176423,3
4808,66000,387130000C,(04)23274275,(04)23288582,2025,10,13,17,10,臺中市,西屯區,0,0,0,7,,,50,,,,,,,,,,,,,,13,,,,,B03,,,1,,1,,,56,56,1,12,4,120.65257,24.166995,3
4809,66000,387130000C,(04)23274275,(04)23288582,2025,10,13,17,12,臺中市,大雅區,0,0,0,7,,,60,,,,,,,,,,,,,,12,,,,,B03,,,1,,1,,,8,8,1,13,4,120.649377,24.215678,3
4810,66000,387130000C,(04)23274275,(04)23288582,2025,10,13,17,12,臺中市,大安區,0,0,0,7,,,40,,,,,,,,,,,,,,,,,,,C03,,,1,,2,,,7,7,1,12,4,120.603679,24.361281,4
4811,66000,387130000C,(04)23274275,(04)23288582,2025,10,13,17,13,臺中市,中區,0,0,0,7,,,30,,,,,,,,,,,,,,,,,,,C03,,,1,,1,,,84,84,1,6,4,120.677372,24.146402,3
4812,66000,387130000C,(04)23274275,(04)23288582,2025,10,13,17,15,臺中市,大雅區,0,0,0,7,,,40,,,,,,,,,,,,,,,,,,,B11,,,1,,9,,,39,39,1,13,4,120.650109,24.212345,3
4813,66000,387130000C,(04)23274275,(04)23288582,2025,10,13,17,16,臺中市,沙鹿區,0,0,0,7,,,50,,,,,,,,,,,,,,,,,,,B03,,,1,,9,,,59,59,1,13,4,120.57049,24.229705,3
4814,66000,387130000C,(04)23274275,(04)23288582,2025,10,13,17,17,臺中市,神岡區,0,0,0,7,,,50,,,,,,,,,,,,,,13,,,,,B03,,,1,,1,,,84,84,1,12,4,120.655275,24.25863,3
4815,66000,387130000C,(04)23274275,(04)23288582,2025,10,13,17,20,臺中市,北屯區,0,0,0,7,,,50,,,,,,,,,,,,,,17,,,,,B03,,,1,,2,,,51,51,1,6,4,120.690198,24.175171,4
4816,66000,387130000C,(04)23274275,(04)23288582,2025,10,13,17,20,臺中市,沙鹿區,0,0,0,7,,,0,,,,,,,,,,,,,,17,,,,,A12,,,1,,2,,,84,84,1,6,4,120.595176,24.214802,3
4817,66000,387130000C,(04)23274275,(04)23288582,2025,10,13,17,22,臺中市,北區,0,0,0,7,,,50,,,,,,,,,,,,,,13,,,,,C03,,,1,,1,,,59,59,1,12,4,120.666058,24.162971,3
4818,66000,387130000C,(04)23274275,(04)23288582,2025,10,13,17,22,臺中市,北屯區,0,1,0,7,2,6,50,3,1,1,5,4,6,6,2,1,10,5,5,2,17,3,10,1,1,C03,7,9,1,10,2,11,,21,21,1,13,4,120.678294,24.200792,2
4819,66000,387130000C,(04)23274275,(04)23288582,2025,10,13,17,22,臺中市,北屯區,0,3,0,7,2,6,50,13,9,1,5,4,6,6,4,4,5,4,5,2,13,3,10,2,1,C03,7,9,1,10,2,11,,7,7,1,12,4,120.718406,24.188554,2
4820,66000,387130000C,(04)23274275,(04)23288582,2025,10,13,17,25,臺中市,東勢區,0,3,0,7,1,6,50,3,1,1,5,4,6,6,4,4,10,5,5,2,16,2,9,1,1,C03,7,6,1,10,2,11,,14,14,1,12,4,120.830686,24.253061,2
4821,66000,387130000C,(04)23274275,(04)23288582,2025,10,13,17,26,臺中市,大雅區,0,1,0,7,1,6,50,4,1,1,5,4,6,6,4,4,10,5,5,2,16,3,10,2,1,C03,7,6,1,10,2,12,,14,14,1,12,4,120.647734,24.223895,2
4822,66000,387130000C,(04)23274275,(04)23288582,2025,10,13,17,26,臺中市,大肚區,0,1,0,7,2,6,50,13,9,1,5,4,6,6,4,4,9,5,5,1,17,3,10,3,1,B03,7,9,1,8,2,2,,7,7,1,6,4,120.580139,24.172036,2
4823,66000,387130000C,(04)23274275,(04)23288582,2025,10,13,17,27,臺中市,西屯區,0,0,0,7,,,50,,,,,,,,,,,,,,,,,,,B03,,,1,,9,,,49,49,1,13,4,120.636534,24.156811,3
4824,66000,387130000C,(04)23274275,(04)23288582,2025,10,13,17,29,臺中市,烏日區,0,2,0,7,2,6,50,3,1,1,5,4,6,6,4,4,10,5,5,2,17,2,9,5,4,C03,7,4,2,19,2,12,,39,39,1,4,4,120.632321,24.108437,2
4825,66000,387130000C,(04)23274275,(04)23288582,2025,10,13,17,31,臺中市,西屯區,0,0,0,7,,,50,,,,,,,,,,,,,,12,,,,,C03,,,1,,2,,,8,8,1,12,4,120.659216,24.164393,3
4826,66000,387130000C,(04)23274275,(04)23288582,2025,10,13,17,31,臺中市,沙鹿區,0,1,0,7,2,6,40,4,2,1,2,4,6,6,1,1,3,3,3,1,17,3,10,5,4,A02,7,5,1,2,2,16,,94,94,1,13,4,120.564691,24.23969,2