序號,縣市別代碼,機關代碼,市話,傳真,年,月,日,時,分,縣市,區,死亡數量,受傷數量,2-30,天候,道路照明設備,道路類別,道路速限,道路型態,事故位置,路面鋪裝,路面狀態,路面缺陷,障礙物,視距,號誌種類,號誌動作,分向設施,快車道或一般車道間,快慢車道間,路面邊線,事故類型及型態,受傷程度,主要傷處,保護裝備,行動電話或功能裝置,當事者區分(類別),車輛用途,當事者行動狀態,駕照狀態,駕照種類,飲酒情形,車輛撞擊部位最初,車輛撞擊部位其他,肇事因素個別,肇事因素主要,肇事逃逸,職業,共享經濟或外送平台,GPS座標X,GPS座標Y,事故類別
4827,66000,387130000C,(04)23274275,(04)23288582,2025,10,13,17,33,臺中市,太平區,0,1,0,7,1,6,50,4,1,1,5,4,6,6,1,1,10,5,5,2,18,2,9,1,1,C03,7,9,1,10,2,12,,84,84,1,5,4,120.731625,24.140248,2
4828,66000,387130000C,(04)23274275,(04)23288582,2025,10,13,17,34,臺中市,南屯區,0,0,0,7,,,50,,,,,,,,,,,,,,,,,,,B03,,,1,,1,,,59,59,1,12,4,120.623133,24.144879,3
4829,66000,387130000C,(04)23274275,(04)23288582,2025,10,13,17,34,臺中市,太平區,0,1,0,7,2,6,50,4,1,1,5,4,6,5,4,4,5,5,5,2,16,3,10,2,1,F03,7,6,7,21,2,11,,14,14,1,4,4,120.716388,24.141848,2
4830,66000,387130000C,(04)23274275,(04)23288582,2025,10,13,17,36,臺中市,南屯區,0,0,0,7,1,6,50,13,9,1,5,4,6,6,4,4,1,4,5,2,13,,,,,B03,,,1,,1,,,7,7,1,12,4,120.647597,24.124399,3
4831,66000,387130000C,(04)23274275,(04)23288582,2025,10,13,17,36,臺中市,烏日區,0,1,0,7,1,6,50,4,1,1,5,4,6,6,4,4,5,5,5,2,16,3,10,3,1,B03,7,9,1,8,2,4,,12,12,1,12,4,120.59271,24.112496,2
4832,66000,387130000C,(04)23274275,(04)23288582,2025,10,13,17,40,臺中市,北屯區,0,0,0,7,,,50,,,,,,,,,,,,,,13,,,,,C03,,,1,,1,,,7,7,1,6,4,120.696385,24.167912,4
4833,66000,387130000C,(04)23274275,(04)23288582,2025,10,13,17,40,臺中市,西屯區,0,0,0,7,,,60,,,,,,,,,,,,,,13,,,,,B03,,,1,,1,,,59,59,1,13,4,120.638001,24.169894,3
4834,66000,387130000C,(04)23274275,(04)23288582,2025,10,13,17,41,臺中市,大里區,0,0,0,7,,,50,,,,,,,,,,,,,,,,,,,,,,,,,,,119,119,1,,,120.691953,24.09158,3
4835,66000,387130000C,(04)23274275,(04)23288582,2025,10,13,17,42,臺中市,西區,0,0,0,7,,,30,,,,,,,,,,,,,,,,,,,B02,,,1,8,1,,,84,84,2,13,4,120.660898,24.150182,3
4836,66000,387130000C,(04)23274275,(04)23288582,2025,10,13,17,44,臺中市,大甲區,0,1,0,7,3,6,50,4,1,1,5,4,6,6,4,4,10,5,5,2,17,3,10,1,1,C03,7,9,1,10,2,14,,7,7,1,6,4,120.621726,24.346372,2
4837,66000,387130000C,(04)23274275,(04)23288582,2025,10,13,17,44,臺中市,大甲區,0,1,0,7,1,6,50,13,9,1,5,4,6,6,4,4,4,5,5,1,3,3,10,3,1,B03,7,9,1,8,2,2,,84,84,1,9,4,120.626828,24.422492,2
4838,66000,387130000C,(04)23274275,(04)23288582,2025,10,13,17,47,臺中市,太平區,0,0,0,7,,,40,,,,,,,,,,,,,,,,,,,C03,,,1,,2,,,84,84,1,12,4,120.701893,24.148172,3
4839,66000,387130000C,(04)23274275,(04)23288582,2025,10,13,17,47,臺中市,神岡區,0,0,0,7,,,50,,,,,,,,,,,,,,13,,,,,B03,,,1,,2,,,7,7,1,12,4,120.693015,24.248375,3
4840,66000,387130000C,(04)23274275,(04)23288582,2025,10,13,17,49,臺中市,南區,0,3,0,7,1,6,50,4,1,1,5,4,6,6,1,1,10,5,5,2,16,2,9,2,1,C03,7,9,1,10,2,12,,84,84,1,12,4,120.681098,24.122357,2
4841,66000,387130000C,(04)23274275,(04)23288582,2025,10,13,17,51,臺中市,太平區,0,1,0,7,1,6,50,4,4,1,5,4,6,6,2,1,5,2,4,2,13,2,8,2,1,C03,7,9,1,10,2,11,,7,7,1,6,4,120.709624,24.135054,2
4842,66000,387130000C,(04)23274275,(04)23288582,2025,10,13,17,52,臺中市,西屯區,0,1,0,7,1,6,50,4,1,1,5,4,6,6,2,1,10,5,5,2,13,2,9,5,4,C03,7,9,1,10,2,11,,59,59,1,12,4,120.6374,24.179302,2
4843,66000,387130000C,(04)23274275,(04)23288582,2025,10,13,17,52,臺中市,太平區,0,0,0,7,,,30,,,,,,,,,,,,,,17,,,,,B03,,,1,,2,,,84,84,1,12,4,120.711002,24.126131,3
4844,66000,387130000C,(04)23274275,(04)23288582,2025,10,13,17,53,臺中市,西屯區,0,1,0,7,1,6,50,3,1,1,5,4,6,6,4,4,10,5,5,2,13,3,10,2,1,C03,7,9,1,10,2,11,,59,59,1,12,4,120.664528,24.166511,2
4845,66000,387130000C,(04)23274275,(04)23288582,2025,10,13,17,54,臺中市,南區,0,0,0,7,,,50,,,,,,,,,,,,,,17,,,,,C03,,,1,,1,,,8,8,1,12,4,120.682841,24.13428,3
4846,66000,387130000C,(04)23274275,(04)23288582,2025,10,13,17,58,臺中市,北屯區,0,0,0,7,,,50,,,,,,,,,,,,,,16,,,,,B03,,,1,,1,,,14,14,1,13,4,120.68564,24.192827,3
4847,66000,387130000C,(04)23274275,(04)23288582,2025,10,13,17,58,臺中市,西屯區,0,0,0,7,,,30,,,,,,,,,,,,,,,,,,,B03,,,5,,2,,,8,8,1,13,4,120.618202,24.192787,3
4848,66000,387130000C,(04)23274275,(04)23288582,2025,10,13,17,58,臺中市,大里區,0,1,0,7,1,6,50,13,12,1,5,4,6,6,1,1,1,3,4,1,17,2,9,2,1,C03,7,9,1,10,2,11,,8,8,1,6,4,120.697605,24.082919,2
4849,66000,387130000C,(04)23274275,(04)23288582,2025,10,13,17,59,臺中市,大里區,0,0,0,7,,,60,,,,,,,,,,,,,,,,,,,B03,,,1,,1,,,7,7,1,12,4,120.683016,24.104342,3
4850,66000,387130000C,(04)23274275,(04)23288582,2025,10,13,18,0,臺中市,西屯區,0,0,0,7,,,50,,,,,,,,,,,,,,17,,,,,B03,,,1,,2,,,50,50,1,12,4,120.637289,24.178399,3
4851,66000,387130000C,(04)23274275,(04)23288582,2025,10,13,18,0,臺中市,新社區,0,0,0,7,,,50,,,,,,,,,,,,,,,,,,,B12,,,1,,2,,,11,11,1,12,4,120.810217,24.191427,3
4852,66000,387130000C,(04)23274275,(04)23288582,2025,10,13,18,1,臺中市,西屯區,0,1,0,7,1,6,50,13,7,1,5,4,6,6,4,4,5,4,4,1,1,3,10,1,1,C03,7,9,1,10,2,12,,8,8,1,12,4,120.666665,24.178153,2
4853,66000,387130000C,(04)23274275,(04)23288582,2025,10,13,18,3,臺中市,神岡區,0,0,0,7,,,30,,,,,,,,,,,,,,14,,,,,B03,,,1,,1,,,49,49,1,12,4,120.653217,24.264073,3
4854,66000,387130000C,(04)23274275,(04)23288582,2025,10,13,18,6,臺中市,西區,0,1,0,7,1,6,50,13,9,1,5,4,6,6,4,4,5,4,5,2,12,3,10,3,1,B03,7,8,1,8,2,7,,43,43,1,6,4,120.653277,24.147297,2
4855,66000,387130000C,(04)23274275,(04)23288582,2025,10,13,18,8,臺中市,潭子區,0,1,0,7,1,6,50,3,1,1,5,4,6,6,1,1,3,4,5,1,18,2,9,1,1,C03,7,6,1,10,2,11,,59,59,1,12,4,120.709422,24.200329,2
4856,66000,387130000C,(04)23274275,(04)23288582,2025,10,13,18,9,臺中市,大里區,0,2,0,6,1,6,50,3,2,1,5,4,6,6,4,4,10,5,5,2,16,2,9,1,1,C03,7,6,1,10,2,12,,14,14,1,12,4,120.686724,24.117387,2
4857,66000,387130000C,(04)23274275,(04)23288582,2025,10,13,18,11,臺中市,北區,0,2,0,7,1,6,50,13,9,1,5,4,6,6,4,4,5,4,5,2,3,2,9,6,5,H01,8,17,7,21,10,17,,95,95,1,12,5,120.683179,24.143162,2
4858,66000,387130000C,(04)23274275,(04)23288582,2025,10,13,18,11,臺中市,清水區,0,1,0,7,1,6,50,4,1,1,5,4,6,6,1,1,1,5,5,1,16,2,8,2,1,C03,7,6,1,10,2,14,,48,48,1,12,4,120.572289,24.263872,2
4859,66000,387130000C,(04)23274275,(04)23288582,2025,10,13,18,16,臺中市,西屯區,0,1,0,7,1,6,40,13,8,1,5,4,5,6,4,4,1,5,5,2,24,2,9,2,4,C03,7,9,1,10,2,11,,59,59,1,12,4,120.626751,24.206328,2
4860,66000,387130000C,(04)23274275,(04)23288582,2025,10,13,18,16,臺中市,豐原區,0,0,0,7,,,50,,,,,,,,,,,,,,13,,,,,B03,,,1,,2,,,7,7,1,12,4,120.745172,24.270631,3
4861,66000,387130000C,(04)23274275,(04)23288582,2025,10,13,18,17,臺中市,南屯區,0,0,0,7,,,50,,,,,,,,,,,,,,,,,,,B03,,,1,,1,,,84,84,1,13,4,120.6394,24.142057,3
4862,66000,387130000C,(04)23274275,(04)23288582,2025,10,13,18,19,臺中市,太平區,0,0,0,7,,,50,,,,,,,,,,,,,,13,,,,,B03,,,1,,2,,,7,7,1,6,4,120.724025,24.111108,3
4863,66000,387130000C,(04)23274275,(04)23288582,2025,10,13,18,19,臺中市,梧棲區,0,0,0,7,,,50,,,,,,,,,,,,,,14,,,,,B03,,,1,,2,,,49,49,1,6,4,120.550069,24.250654,3
4864,66000,387130000C,(04)23274275,(04)23288582,2025,10,13,18,19,臺中市,清水區,0,0,0,7,1,6,70,13,7,1,5,4,1,6,4,4,8,3,3,1,12,,,,,B12,,,1,,1,,,7,7,1,12,4,120.57257,24.299051,3
4865,66000,387130000C,(04)23274275,(04)23288582,2025,10,13,18,21,臺中市,大里區,0,0,0,7,,,30,,,,,,,,,,,,,,25,,,,,A12,,,1,,2,,,8,8,1,13,4,120.686271,24.114849,3
4866,66000,387130000C,(04)23274275,(04)23288582,2025,10,13,18,24,臺中市,北屯區,0,0,0,7,,,50,,,,,,,,,,,,,,12,,,,,B03,,,1,,9,,,26,26,2,12,4,120.715149,24.164191,3
4867,66000,387130000C,(04)23274275,(04)23288582,2025,10,13,18,25,臺中市,后里區,0,2,0,7,1,6,40,5,1,1,5,4,6,6,4,4,5,5,5,1,16,2,9,1,1,C03,7,9,1,10,2,11,,12,12,1,4,4,120.677445,24.313126,2
4868,66000,387130000C,(04)23274275,(04)23288582,2025,10,13,18,27,臺中市,大里區,0,1,0,7,1,6,50,5,1,1,5,4,6,6,1,1,10,5,5,2,16,3,10,5,4,B03,7,5,1,8,2,5,,11,11,1,12,4,120.697143,24.084351,2
4869,66000,387130000C,(04)23274275,(04)23288582,2025,10,13,18,27,臺中市,沙鹿區,0,1,0,7,2,6,60,13,7,1,5,4,6,6,4,4,1,4,4,2,13,3,10,3,1,B03,7,9,1,8,1,1,,59,59,1,6,4,120.56131,24.208498,2
4870,66000,387130000C,(04)23274275,(04)23288582,2025,10,13,18,27,臺中市,清水區,0,0,0,7,,,50,,,,,,,,,,,,,,,,,,,B03,,,1,,2,,,51,51,1,12,4,120.555487,24.264036,3
4871,66000,387130000C,(04)23274275,(04)23288582,2025,10,13,18,30,臺中市,大肚區,0,1,0,7,1,6,50,4,1,1,5,4,6,6,2,1,10,5,5,2,16,2,9,1,1,C03,7,6,3,19,2,14,,11,11,1,6,4,120.547744,24.155702,2
4872,66000,387130000C,(04)23274275,(04)23288582,2025,10,13,18,30,臺中市,梧棲區,0,0,0,7,,,50,,,,,,,,,,,,,,17,,,,,C03,,,1,,1,,,50,50,1,6,4,120.529539,24.254184,3
4873,66000,387130000C,(04)23274275,(04)23288582,2025,10,13,18,32,臺中市,北屯區,0,0,0,7,2,6,50,13,7,1,5,4,6,6,4,4,10,5,5,2,13,,,,,B03,,,1,8,1,,,7,7,1,12,4,120.72436,24.169327,3
4874,66000,387130000C,(04)23274275,(04)23288582,2025,10,13,18,32,臺中市,西屯區,0,1,0,6,2,6,50,13,9,1,5,4,6,6,4,4,5,4,5,2,13,3,10,3,1,B03,7,9,1,8,2,1,,7,7,1,13,4,120.657382,24.163178,2
4875,66000,387130000C,(04)23274275,(04)23288582,2025,10,13,18,34,臺中市,南屯區,0,0,0,7,,,50,,,,,,,,,,,,,,,,,,,B03,,,1,,1,,,84,84,1,12,4,120.61302,24.14863,4
4876,66000,387130000C,(04)23274275,(04)23288582,2025,10,13,18,38,臺中市,北區,0,0,0,7,,,50,,,,,,,,,,,,,,17,,,,,C04,,,1,,1,,,84,84,1,12,4,120.695724,24.161074,4
4877,66000,387130000C,(04)23274275,(04)23288582,2025,10,13,18,40,臺中市,西屯區,0,0,0,7,,,30,,,,,,,,,,,,,,,,,,,B03,,,1,,2,,,8,8,1,12,4,120.647652,24.157068,3
4878,66000,387130000C,(04)23274275,(04)23288582,2025,10,13,18,41,臺中市,潭子區,0,0,0,7,,,30,,,,,,,,,,,,,,,,,,,B12,,,1,,2,,,49,49,1,13,4,120.710285,24.230743,3
4879,66000,387130000C,(04)23274275,(04)23288582,2025,10,13,18,51,臺中市,西屯區,0,0,0,7,,,30,,,,,,,,,,,,,,14,,,,,B03,,,1,,2,,,49,49,1,12,4,120.623129,24.185996,3
4880,66000,387130000C,(04)23274275,(04)23288582,2025,10,13,18,51,臺中市,沙鹿區,0,0,0,7,,,50,,,,,,,,,,,,,,,,,,,C03,,,1,,2,,,7,7,1,6,4,120.560885,24.236834,3
4881,66000,387130000C,(04)23274275,(04)23288582,2025,10,13,18,53,臺中市,霧峰區,0,1,0,7,1,6,40,11,9,1,5,4,6,6,4,4,5,5,5,1,17,2,9,5,4,C03,7,9,1,10,2,11,,82,82,1,12,4,120.686405,24.049788,2
4882,66000,387130000C,(04)23274275,(04)23288582,2025,10,13,18,55,臺中市,太平區,0,0,0,7,,,50,,,,,,,,,,,,,,14,,,,,B03,,,1,,1,,,49,49,1,12,4,120.718516,24.129495,3
4883,66000,387130000C,(04)23274275,(04)23288582,2025,10,13,18,57,臺中市,大里區,0,1,0,7,3,6,50,3,1,1,5,4,6,6,4,4,9,5,5,2,16,3,10,5,1,C03,7,6,1,10,9,16,,87,87,1,13,4,120.708991,24.087198,2
4884,66000,387130000C,(04)23274275,(04)23288582,2025,10,13,18,58,臺中市,西屯區,0,1,0,7,1,6,30,3,1,1,5,4,6,6,4,4,10,5,5,2,16,2,9,5,4,C03,7,6,1,10,2,12,,14,14,1,13,4,120.651411,24.17152,2
4885,66000,387130000C,(04)23274275,(04)23288582,2025,10,13,19,4,臺中市,烏日區,0,1,0,7,1,6,50,3,1,1,5,4,6,6,4,4,5,4,4,2,16,3,10,3,1,B03,7,6,1,8,1,8,,20,20,1,6,4,120.625553,24.102121,2
4886,66000,387130000C,(04)23274275,(04)23288582,2025,10,13,19,5,臺中市,北屯區,0,0,0,7,,,50,,,,,,,,,,,,,,14,,,,,B03,,,1,,1,,,49,49,1,6,4,120.661458,24.195238,3
4887,66000,387130000C,(04)23274275,(04)23288582,2025,10,13,19,6,臺中市,龍井區,0,0,0,7,,,50,,,,,,,,,,,,,,14,,,,,B02,,,1,,2,,,49,49,1,6,4,120.521779,24.216546,3
4888,66000,387130000C,(04)23274275,(04)23288582,2025,10,13,19,7,臺中市,大甲區,0,2,0,7,1,6,30,13,9,1,5,4,6,6,4,4,10,5,5,2,2,2,9,1,1,C04,7,9,1,10,2,11,,84,84,1,12,4,120.630084,24.348326,2
4889,66000,387130000C,(04)23274275,(04)23288582,2025,10,13,19,9,臺中市,南屯區,0,0,0,7,1,6,50,13,9,1,5,4,6,6,4,4,5,5,5,2,12,,,,,C03,,,1,,2,,,8,8,1,12,4,120.651354,24.135497,3
4890,66000,387130000C,(04)23274275,(04)23288582,2025,10,13,19,13,臺中市,南區,0,3,0,7,1,6,50,3,1,1,5,4,6,6,4,4,1,5,5,2,16,2,9,2,1,C03,7,9,1,9,1,12,,84,84,1,13,4,120.657364,24.113977,2
4891,66000,387130000C,(04)23274275,(04)23288582,2025,10,13,19,14,臺中市,南區,0,1,0,7,1,6,50,3,1,1,5,4,6,6,1,1,10,5,5,2,13,3,10,3,1,B02,7,6,1,8,2,8,,7,7,1,12,4,120.655141,24.113567,2
4892,66000,387130000C,(04)23274275,(04)23288582,2025,10,13,19,15,臺中市,后里區,0,0,0,7,,,50,,,,,,,,,,,,,,12,,,,,B03,,,1,,1,,,77,77,1,13,4,120.72413,24.30898,3
4893,66000,387130000C,(04)23274275,(04)23288582,2025,10,13,19,20,臺中市,南屯區,0,3,0,7,1,6,40,4,1,1,5,4,6,6,1,1,10,5,5,2,16,2,9,6,1,F01,7,6,7,21,2,13,,48,48,1,13,4,120.627553,24.117907,2
4894,66000,387130000C,(04)23274275,(04)23288582,2025,10,13,19,21,臺中市,西區,0,1,0,7,1,6,40,5,1,1,5,4,6,6,1,1,10,5,5,2,13,2,9,1,1,C03,7,9,1,10,2,11,,7,7,1,6,4,120.663687,24.132301,2
4895,66000,387130000C,(04)23274275,(04)23288582,2025,10,13,19,21,臺中市,西屯區,0,0,0,7,,,50,,,,,,,,,,,,,,13,,,,,C03,,,1,,1,,,59,59,1,12,4,120.650238,24.163818,3
4896,66000,387130000C,(04)23274275,(04)23288582,2025,10,13,19,23,臺中市,南屯區,0,2,0,7,2,6,50,13,9,1,5,4,6,6,4,4,1,4,5,2,18,2,9,2,1,C03,7,9,1,10,2,14,,84,84,1,13,4,120.646602,24.146521,2
4897,66000,387130000C,(04)23274275,(04)23288582,2025,10,13,19,25,臺中市,西屯區,0,1,0,7,1,6,50,3,1,1,5,4,6,6,1,1,5,5,5,2,18,2,9,2,1,C03,7,6,1,10,2,14,,84,84,1,12,4,120.634866,24.198076,2
4898,66000,387130000C,(04)23274275,(04)23288582,2025,10,13,19,26,臺中市,西屯區,0,0,0,7,,,30,,,,,,,,,,,,,,17,,,,,B03,,,1,,1,,,59,59,1,12,4,120.616259,24.181658,3
4899,66000,387130000C,(04)23274275,(04)23288582,2025,10,13,19,34,臺中市,南屯區,0,0,0,7,,,50,,,,,,,,,,,,,,,,,,,B03,,,1,,1,,,49,49,1,12,4,120.638579,24.145419,4
4900,66000,387130000C,(04)23274275,(04)23288582,2025,10,13,19,34,臺中市,北屯區,0,1,0,7,1,6,50,4,1,1,5,4,6,6,2,1,10,5,5,2,18,2,9,2,1,C03,7,9,1,10,2,12,,84,84,1,12,4,120.722489,24.172549,2
4901,66000,387130000C,(04)23274275,(04)23288582,2025,10,13,19,38,臺中市,北區,0,0,0,7,1,6,50,3,1,1,5,4,6,6,4,4,1,4,5,2,16,3,10,3,1,B03,7,5,1,8,2,5,,14,14,1,12,4,120.677198,24.152217,3
4902,66000,387130000C,(04)23274275,(04)23288582,2025,10,13,19,41,臺中市,南區,0,0,0,7,,,50,,,,,,,,,,,,,,17,,,,,C03,,,1,,1,,,8,8,1,12,4,120.654689,24.119598,3
4903,66000,387130000C,(04)23274275,(04)23288582,2025,10,13,19,41,臺中市,西屯區,0,0,0,6,,,50,,,,,,,,,,,,,,,,,,,B03,,,1,,1,,,35,35,1,13,4,120.646573,24.165094,3
4904,66000,387130000C,(04)23274275,(04)23288582,2025,10,13,19,44,臺中市,西屯區,0,0,0,7,,,60,,,,,,,,,,,,,,,,,,,B03,,,1,,2,,,40,40,1,12,4,120.640926,24.167538,3
4905,66000,387130000C,(04)23274275,(04)23288582,2025,10,13,19,45,臺中市,南區,0,0,0,7,,,50,,,,,,,,,,,,,,13,,,,,B03,,,1,,1,,,59,59,1,13,4,120.657195,24.113245,3
4906,66000,387130000C,(04)23274275,(04)23288582,2025,10,13,19,48,臺中市,西屯區,0,2,0,7,1,6,50,4,1,1,5,4,6,6,1,1,10,5,5,2,16,2,7,1,4,C03,7,4,1,10,2,12,,7,7,1,12,4,120.64693,24.168943,2
4907,66000,387130000C,(04)23274275,(04)23288582,2025,10,13,19,52,臺中市,北屯區,0,1,0,7,1,6,50,4,2,1,5,4,6,6,1,1,5,5,5,2,13,3,10,3,1,B03,7,9,1,8,2,8,,56,56,1,13,4,120.659144,24.184954,2
4908,66000,387130000C,(04)23274275,(04)23288582,2025,10,13,19,58,臺中市,西屯區,0,0,0,7,,,60,,,,,,,,,,,,,,17,,,,,A04,,,1,,2,,,94,94,1,13,4,120.643093,24.166093,3
4909,66000,387130000C,(04)23274275,(04)23288582,2025,10,13,19,59,臺中市,西區,0,0,0,7,,,40,,,,,,,,,,,,,,16,,,,,C03,,,1,,1,,,21,21,1,12,4,120.655113,24.146705,3
4910,66000,387130000C,(04)23274275,(04)23288582,2025,10,13,20,2,臺中市,東區,0,0,0,7,,,50,,,,,,,,,,,,,,12,,,,,B12,,,1,,1,,,84,84,1,12,4,120.685897,24.135723,3
4911,66000,387130000C,(04)23274275,(04)23288582,2025,10,13,20,8,臺中市,大肚區,0,0,0,7,,,40,,,,,,,,,,,,,,14,,,,,B03,,,1,,2,,,49,49,1,12,4,120.544067,24.153181,3
4912,66000,387130000C,(04)23274275,(04)23288582,2025,10,13,20,13,臺中市,北屯區,0,0,0,7,,,50,,,,,,,,,,,,,,14,,,,,B03,,,1,,1,,,49,49,1,13,4,120.702494,24.185882,3
4913,66000,387130000C,(04)23274275,(04)23288582,2025,10,13,20,15,臺中市,潭子區,0,2,0,6,1,6,50,4,1,1,5,4,6,6,1,1,5,4,5,1,15,2,9,4,1,F01,7,9,7,21,2,12,,21,21,1,13,4,120.706476,24.204627,2
4914,66000,387130000C,(04)23274275,(04)23288582,2025,10,13,20,22,臺中市,太平區,0,1,0,7,2,6,50,13,9,1,5,4,6,6,2,1,5,5,4,1,13,2,9,2,1,C03,7,9,3,19,2,11,,6,6,1,12,4,120.723188,24.131929,2
4915,66000,387130000C,(04)23274275,(04)23288582,2025,10,13,20,30,臺中市,梧棲區,0,1,0,7,1,6,50,13,9,1,5,4,6,6,4,4,5,5,5,1,17,2,7,1,1,C03,7,1,1,10,2,12,,51,51,1,6,4,120.533615,24.261588,2
4916,66000,387130000C,(04)23274275,(04)23288582,2025,10,13,20,30,臺中市,石岡區,0,1,0,6,1,6,30,13,9,1,5,4,6,6,2,1,10,5,5,1,13,3,10,3,1,B03,7,9,1,8,2,1,,59,59,1,6,4,120.80181,24.268691,2
4917,66000,387130000C,(04)23274275,(04)23288582,2025,10,13,20,32,臺中市,北區,0,0,0,7,,,50,,,,,,,,,,,,,,17,,,,,B03,,,1,,1,,,84,84,1,12,4,120.671711,24.170059,3
4918,66000,387130000C,(04)23274275,(04)23288582,2025,10,13,20,37,臺中市,西屯區,0,0,0,7,,,50,,,,,,,,,,,,,,12,,,,,B03,,,1,,1,,,50,50,1,12,4,120.643819,24.171781,3
4919,66000,387130000C,(04)23274275,(04)23288582,2025,10,13,20,39,臺中市,大里區,0,1,0,7,1,6,50,4,2,1,5,4,6,6,1,1,4,3,5,1,17,2,7,1,1,C03,7,9,1,10,2,11,,7,7,1,6,4,120.702671,24.088214,2
4920,66000,387130000C,(04)23274275,(04)23288582,2025,10,13,20,45,臺中市,大雅區,0,1,0,6,1,6,50,4,2,1,5,4,6,6,4,4,5,5,5,1,17,3,10,3,1,B03,7,1,1,8,2,5,,51,51,1,13,4,120.646207,24.229255,2
4921,66000,387130000C,(04)23274275,(04)23288582,2025,10,13,20,45,臺中市,大里區,0,0,0,7,,,30,,,,,,,,,,,,,,17,,,,,B03,,,1,,9,,,50,50,1,12,4,120.688281,24.10776,3
4922,66000,387130000C,(04)23274275,(04)23288582,2025,10,13,20,46,臺中市,豐原區,0,0,0,7,,,50,,,,,,,,,,,,,,17,,,,,C03,,,3,,2,,,45,45,1,13,4,120.720256,24.251696,3
4923,66000,387130000C,(04)23274275,(04)23288582,2025,10,13,20,48,臺中市,太平區,0,0,0,7,,,40,,,,,,,,,,,,,,,,,,,F03,,,7,,2,,,84,84,1,12,4,120.721149,24.107209,3
4924,66000,387130000C,(04)23274275,(04)23288582,2025,10,13,20,53,臺中市,豐原區,0,0,0,7,,,,,,,,,,,,,,,,,,,,,,,,,,,,,,86,86,1,,,120.709187,24.252482,3
4925,66000,387130000C,(04)23274275,(04)23288582,2025,10,13,21,3,臺中市,北屯區,0,0,0,7,,,30,,,,,,,,,,,,,,30,,,,,B03,,,1,,9,,,84,84,1,13,4,120.692537,24.181904,3
4926,66000,387130000C,(04)23274275,(04)23288582,2025,10,13,21,8,臺中市,大肚區,0,0,0,7,,,30,,,,,,,,,,,,,,13,,,,,B03,,,1,,2,,,51,51,1,6,4,120.576509,24.170905,3
4927,66000,387130000C,(04)23274275,(04)23288582,2025,10,13,21,9,臺中市,大里區,0,0,0,6,1,6,50,13,9,1,5,4,6,6,4,4,5,4,5,1,12,,,,,B01,,,1,,2,,,51,51,1,12,4,120.673935,24.114878,3
4928,66000,387130000C,(04)23274275,(04)23288582,2025,10,13,21,12,臺中市,北區,0,1,0,7,1,6,50,4,2,1,5,4,6,6,1,1,5,5,5,2,17,3,10,6,1,F01,7,6,7,21,2,16,,48,48,1,3,4,120.676682,24.161693,2
4929,66000,387130000C,(04)23274275,(04)23288582,2025,10,13,21,18,臺中市,南區,0,2,0,7,1,6,50,4,1,1,5,4,6,6,1,1,9,5,4,2,17,2,9,1,1,C03,7,1,1,10,2,14,,51,51,1,12,4,120.675172,24.124121,2
4930,66000,387130000C,(04)23274275,(04)23288582,2025,10,13,21,20,臺中市,北屯區,0,1,0,7,3,6,50,13,9,1,5,4,6,6,4,4,5,4,5,2,12,3,10,1,1,C03,7,7,1,10,2,12,,40,40,1,6,4,120.708655,24.170206,2
4931,66000,387130000C,(04)23274275,(04)23288582,2025,10,13,21,21,臺中市,南屯區,0,1,0,7,1,6,50,3,1,1,5,4,6,6,1,1,10,5,5,2,13,3,10,2,4,C03,7,9,1,10,2,11,,7,7,1,6,4,120.609973,24.130984,2
4932,66000,387130000C,(04)23274275,(04)23288582,2025,10,13,21,25,臺中市,東區,0,3,0,7,1,6,50,4,1,1,5,4,6,6,1,1,10,5,5,2,16,2,3,3,1,B03,7,5,1,8,2,2,,84,84,1,13,4,120.698842,24.132897,2
4933,66000,387130000C,(04)23274275,(04)23288582,2025,10,13,21,36,臺中市,南區,0,0,0,7,,,50,,,,,,,,,,,,,,17,,,,,C03,,,1,,2,,,50,50,1,12,4,120.673897,24.129567,3
4934,66000,387130000C,(04)23274275,(04)23288582,2025,10,13,21,42,臺中市,沙鹿區,0,1,0,6,1,6,50,4,2,1,5,4,6,6,4,4,8,3,4,1,17,2,9,5,4,C03,7,9,1,10,2,12,,15,15,1,13,2,120.578633,24.214828,2
4935,66000,387130000C,(04)23274275,(04)23288582,2025,10,13,21,45,臺中市,潭子區,0,1,0,6,1,6,50,4,1,1,5,4,6,6,1,1,5,5,5,1,15,3,10,3,1,B03,7,9,1,8,2,4,,21,21,1,13,4,120.718325,24.21811,2
4936,66000,387130000C,(04)23274275,(04)23288582,2025,10,13,21,45,臺中市,南區,0,0,0,7,,,50,,,,,,,,,,,,,,17,,,,,B03,,,1,,1,,,7,7,1,12,4,120.663973,24.116563,3
4937,66000,387130000C,(04)23274275,(04)23288582,2025,10,13,21,50,臺中市,西屯區,0,1,0,7,1,6,50,4,1,1,5,4,6,6,2,1,10,5,5,2,1,3,10,3,1,B03,7,6,1,8,2,1,,10,10,1,13,4,120.65263,24.166498,2
4938,66000,387130000C,(04)23274275,(04)23288582,2025,10,13,21,51,臺中市,大雅區,0,0,0,7,,,0,,,,,,,,,,,,,,17,,,,,B12,,,1,,1,,,51,51,1,13,4,120.658505,24.230944,3