序號,縣市別代碼,機關代碼,市話,傳真,年,月,日,時,分,縣市,區,死亡數量,受傷數量,2-30,天候,道路照明設備,道路類別,道路速限,道路型態,事故位置,路面鋪裝,路面狀態,路面缺陷,障礙物,視距,號誌種類,號誌動作,分向設施,快車道或一般車道間,快慢車道間,路面邊線,事故類型及型態,受傷程度,主要傷處,保護裝備,行動電話或功能裝置,當事者區分(類別),車輛用途,當事者行動狀態,駕照狀態,駕照種類,飲酒情形,車輛撞擊部位最初,車輛撞擊部位其他,肇事因素個別,肇事因素主要,肇事逃逸,職業,共享經濟或外送平台,GPS座標X,GPS座標Y,事故類別
5050,66000,387130000C,(04)23274275,(04)23288582,2025,10,14,8,40,臺中市,南屯區,0,1,0,7,2,6,50,5,2,1,5,4,6,6,2,1,5,4,4,2,17,3,10,2,1,C03,7,9,1,10,2,11,,7,7,1,12,4,120.598422,24.155204,2
5051,66000,387130000C,(04)23274275,(04)23288582,2025,10,14,8,42,臺中市,霧峰區,0,1,0,7,2,6,40,13,9,1,5,4,6,6,4,4,10,5,5,2,11,2,8,2,1,C03,7,9,1,10,2,14,,84,84,1,13,4,120.688165,24.043223,2
5052,66000,387130000C,(04)23274275,(04)23288582,2025,10,14,8,50,臺中市,北區,0,0,0,7,,,50,,,,,,,,,,,,,,17,,,,,B03,,,1,,2,,,20,20,1,13,4,120.664356,24.162564,3
5053,66000,387130000C,(04)23274275,(04)23288582,2025,10,14,8,50,臺中市,太平區,0,0,0,7,,,30,,,,,,,,,,,,,,15,,,,,C03,,,1,,2,,,12,12,1,13,4,120.725539,24.142145,3
5054,66000,387130000C,(04)23274275,(04)23288582,2025,10,14,8,51,臺中市,西屯區,0,0,0,7,,3,80,,,,,,,,,,,,,,16,,,,,B03,,,1,,1,,,40,40,1,12,4,120.634314,24.176046,3
5055,66000,387130000C,(04)23274275,(04)23288582,2025,10,14,8,52,臺中市,龍井區,0,0,0,7,,,50,,,,,,,,,,,,,,13,,,,,B03,,,1,,1,,,61,61,1,12,4,120.580569,24.189499,3
5056,66000,387130000C,(04)23274275,(04)23288582,2025,10,14,8,53,臺中市,南屯區,0,0,0,7,,,50,,,,,,,,,,,,,,16,,,,,B03,,,1,,2,,,14,14,1,13,4,120.636627,24.154458,3
5057,66000,387130000C,(04)23274275,(04)23288582,2025,10,14,8,53,臺中市,西屯區,0,0,0,7,,,50,,,,,,,,,,,,,,,,,,,B03,,,1,,1,,,11,11,1,12,4,120.64642,24.17878,3
5058,66000,387130000C,(04)23274275,(04)23288582,2025,10,14,8,53,臺中市,后里區,0,2,0,7,3,6,30,3,1,1,5,4,6,6,4,4,10,5,5,2,16,2,9,1,1,C03,7,6,1,8,2,14,,14,14,1,5,4,120.723636,24.334846,2
5059,66000,387130000C,(04)23274275,(04)23288582,2025,10,14,8,57,臺中市,西屯區,0,0,0,7,,,50,,,,,,,,,,,,,,14,,,,,B03,,,1,,1,,,49,49,1,13,4,120.598716,24.192069,3
5060,66000,387130000C,(04)23274275,(04)23288582,2025,10,14,8,58,臺中市,西屯區,0,1,0,7,2,6,30,3,1,1,5,4,6,6,4,4,10,5,5,2,13,2,9,1,4,C03,7,9,1,10,2,11,,7,7,1,13,4,120.643314,24.190247,2
5061,66000,387130000C,(04)23274275,(04)23288582,2025,10,14,9,3,臺中市,西屯區,0,0,0,7,,,50,,,,,,,,,,,,,,12,,,,,B03,,,1,,1,,,40,40,1,13,4,120.620321,24.180662,3
5062,66000,387130000C,(04)23274275,(04)23288582,2025,10,14,9,4,臺中市,北區,0,2,0,7,3,6,50,18,24,1,5,4,6,6,4,4,10,4,5,2,17,3,10,5,4,B12,7,15,1,8,2,2,,77,77,1,13,4,120.681131,24.159409,2
5063,66000,387130000C,(04)23274275,(04)23288582,2025,10,14,9,7,臺中市,西屯區,0,1,0,7,2,6,50,4,1,1,5,4,6,6,2,1,10,5,5,2,16,3,10,3,1,B03,7,6,1,8,2,1,,11,11,1,13,4,120.645505,24.192401,2
5064,66000,387130000C,(04)23274275,(04)23288582,2025,10,14,9,8,臺中市,南區,0,0,0,7,,,50,,,,,,,,,,,,,,,,,,,B03,,,1,,1,,,7,7,1,13,4,120.648136,24.114455,3
5065,66000,387130000C,(04)23274275,(04)23288582,2025,10,14,9,13,臺中市,西屯區,0,1,0,7,2,6,50,13,9,1,5,4,6,6,4,4,1,4,5,2,16,3,10,5,4,B03,7,5,1,8,2,2,,42,42,1,12,4,120.635995,24.179313,2
5066,66000,387130000C,(04)23274275,(04)23288582,2025,10,14,9,13,臺中市,龍井區,0,2,0,7,2,6,50,3,1,1,5,4,6,6,4,4,5,5,5,2,16,2,8,2,1,C03,7,1,1,10,2,11,14,51,51,1,6,4,120.59194,24.181321,2
5067,66000,387130000C,(04)23274275,(04)23288582,2025,10,14,9,15,臺中市,北屯區,0,1,0,7,1,6,50,13,9,1,5,4,6,6,1,1,3,4,5,2,12,2,8,1,1,C03,7,9,1,10,2,14,,26,26,1,13,4,120.690673,24.171465,2
5068,66000,387130000C,(04)23274275,(04)23288582,2025,10,14,9,15,臺中市,太平區,0,1,0,7,3,6,50,3,2,1,5,4,6,6,1,1,5,4,5,2,12,3,10,3,1,B03,7,9,1,8,2,6,,20,20,1,12,4,120.712871,24.125691,2
5069,66000,387130000C,(04)23274275,(04)23288582,2025,10,14,9,15,臺中市,清水區,0,2,0,7,3,6,50,3,1,1,5,4,6,6,1,1,1,4,5,1,17,2,9,2,1,C03,7,9,1,10,2,12,,7,7,1,12,4,120.578576,24.269095,2
5070,66000,387130000C,(04)23274275,(04)23288582,2025,10,14,9,16,臺中市,東區,0,0,0,7,,,50,,,,,,,,,,,,,,,,,,,B03,,,1,,2,,,56,56,1,13,4,120.6966,24.137121,3
5071,66000,387130000C,(04)23274275,(04)23288582,2025,10,14,9,17,臺中市,北區,0,0,0,7,,,50,,,,,,,,,,,,,,17,,,,,A05,,,1,,2,,,8,8,1,13,4,120.681594,24.156476,3
5072,66000,387130000C,(04)23274275,(04)23288582,2025,10,14,9,18,臺中市,南屯區,0,0,0,7,,,50,,,,,,,,,,,,,,13,,,,,B03,,,1,,1,,,7,7,1,12,4,120.639043,24.141932,3
5073,66000,387130000C,(04)23274275,(04)23288582,2025,10,14,9,21,臺中市,東勢區,0,0,0,7,,,50,,,,,,,,,,,,,,,,,,,C03,,,1,,1,,,8,8,1,12,4,120.827118,24.26002,4
5074,66000,387130000C,(04)23274275,(04)23288582,2025,10,14,9,25,臺中市,北屯區,0,1,0,7,3,6,50,4,1,1,5,4,6,6,1,1,10,5,5,2,3,2,9,2,1,C03,7,9,1,10,2,11,,10,10,1,6,4,120.722543,24.176029,2
5075,66000,387130000C,(04)23274275,(04)23288582,2025,10,14,9,30,臺中市,豐原區,0,1,0,7,1,6,50,13,7,1,5,4,6,6,1,1,5,4,4,2,17,2,9,1,1,C03,7,1,1,10,2,11,,51,51,1,6,4,120.735218,24.247425,2
5076,66000,387130000C,(04)23274275,(04)23288582,2025,10,14,9,32,臺中市,南屯區,0,0,0,7,,,50,,,,,,,,,,,,,,,,,,,B03,,,1,,2,,,7,7,1,12,4,120.646629,24.140096,3
5077,66000,387130000C,(04)23274275,(04)23288582,2025,10,14,9,32,臺中市,西屯區,0,0,0,7,,,50,,,,,,,,,,,,,,16,,,,,A41,,,1,,1,,,8,8,1,13,4,120.656973,24.200859,3
5078,66000,387130000C,(04)23274275,(04)23288582,2025,10,14,9,37,臺中市,東區,0,0,0,7,,,50,,,,,,,,,,,,,,17,,,,,B03,,,1,,1,,,8,8,1,6,4,120.700605,24.132016,3
5079,66000,387130000C,(04)23274275,(04)23288582,2025,10,14,9,38,臺中市,北區,0,0,0,7,,,50,,,,,,,,,,,,,,13,,,,,B12,,,1,,1,,,7,7,1,13,4,120.685962,24.154638,3
5080,66000,387130000C,(04)23274275,(04)23288582,2025,10,14,9,38,臺中市,烏日區,0,1,0,7,3,6,50,3,2,1,5,4,6,6,4,4,10,5,5,2,17,2,9,1,1,C03,7,6,1,10,2,16,,84,84,1,6,4,120.607407,24.120061,2
5081,66000,387130000C,(04)23274275,(04)23288582,2025,10,14,9,40,臺中市,大里區,0,2,0,7,2,6,50,13,8,1,5,4,6,6,4,4,1,5,4,1,2,2,8,1,1,C03,7,9,1,10,2,11,,58,58,1,13,4,120.690152,24.124395,2
5082,66000,387130000C,(04)23274275,(04)23288582,2025,10,14,9,41,臺中市,北區,0,0,0,7,3,6,50,13,24,1,5,4,6,6,4,4,5,4,5,2,17,,,,,B03,,,1,,1,,,51,51,1,13,4,120.68505,24.143,3
5083,66000,387130000C,(04)23274275,(04)23288582,2025,10,14,9,46,臺中市,北區,0,2,0,7,2,6,50,13,9,1,5,4,6,6,4,4,9,5,5,2,17,3,10,5,1,C03,7,4,1,10,2,12,,1,1,1,13,4,120.684816,24.155498,2
5084,66000,387130000C,(04)23274275,(04)23288582,2025,10,14,9,47,臺中市,龍井區,0,0,0,7,,,50,,,,,,,,,,,,,,,,,,,B03,,,1,,2,,,40,40,1,6,4,120.523444,24.2009,3
5085,66000,387130000C,(04)23274275,(04)23288582,2025,10,14,9,50,臺中市,沙鹿區,0,2,0,7,2,6,50,4,1,1,5,4,6,6,4,4,1,4,4,2,15,2,8,1,1,C03,7,9,3,19,2,11,12,13,13,1,12,4,120.568348,24.254732,2
5086,66000,387130000C,(04)23274275,(04)23288582,2025,10,14,9,50,臺中市,神岡區,0,0,0,7,,,50,,,,,,,,,,,,,,2,,,,,B03,,,1,,2,,,7,7,1,12,4,120.695475,24.252231,3
5087,66000,387130000C,(04)23274275,(04)23288582,2025,10,14,9,51,臺中市,東區,0,0,0,7,,,50,,,,,,,,,,,,,,,,,,,B03,,,1,,1,,,51,51,1,6,4,120.69481,24.133388,3
5088,66000,387130000C,(04)23274275,(04)23288582,2025,10,14,9,51,臺中市,北屯區,0,1,0,7,2,6,50,4,1,1,5,4,6,6,1,1,10,5,5,2,16,3,10,1,1,C03,7,4,1,10,1,12,,84,84,1,6,4,120.676309,24.193341,2
5089,66000,387130000C,(04)23274275,(04)23288582,2025,10,14,9,54,臺中市,北屯區,0,0,0,7,,,40,,,,,,,,,,,,,,17,,,,,C03,,,1,,2,,,39,39,1,12,4,120.694115,24.169645,3
5090,66000,387130000C,(04)23274275,(04)23288582,2025,10,14,9,58,臺中市,南屯區,0,1,0,7,2,6,50,13,8,1,5,4,6,6,4,4,3,5,5,2,13,2,9,1,1,C03,7,9,1,10,2,11,,7,7,1,12,4,120.610472,24.151424,2
5091,66000,387130000C,(04)23274275,(04)23288582,2025,10,14,9,58,臺中市,霧峰區,0,1,0,7,2,6,50,3,1,1,5,4,6,6,1,1,10,5,5,2,17,3,10,2,1,C03,7,15,1,10,2,12,,84,84,1,6,4,120.699764,24.075629,2
5092,66000,387130000C,(04)23274275,(04)23288582,2025,10,14,10,3,臺中市,霧峰區,0,1,0,7,2,6,40,3,1,1,5,4,6,6,4,4,10,5,5,2,13,2,7,2,1,C03,7,9,1,10,2,14,,84,84,1,6,4,120.665631,24.073023,2
5093,66000,387130000C,(04)23274275,(04)23288582,2025,10,14,10,4,臺中市,北區,0,2,0,7,2,6,50,13,9,1,5,4,6,6,4,4,8,3,5,2,12,2,9,2,1,C03,7,6,1,10,2,11,,84,84,1,13,4,120.679262,24.172695,2
5094,66000,387130000C,(04)23274275,(04)23288582,2025,10,14,10,5,臺中市,潭子區,0,0,0,7,,,30,,,,,,,,,,,,,,,,,,,A12,,,1,,2,,,8,8,1,13,4,120.709818,24.208846,3
5095,66000,387130000C,(04)23274275,(04)23288582,2025,10,14,10,5,臺中市,北屯區,0,1,0,7,2,6,50,13,9,1,5,4,6,6,2,1,5,5,5,2,12,3,10,3,1,B03,7,9,1,8,2,5,,84,84,1,12,4,120.690436,24.183346,2
5096,66000,387130000C,(04)23274275,(04)23288582,2025,10,14,10,8,臺中市,北區,0,0,0,7,,,30,,,,,,,,,,,,,,17,,,,,B01,,,1,,2,,,51,51,1,13,4,120.679238,24.156863,3
5097,66000,387130000C,(04)23274275,(04)23288582,2025,10,14,10,9,臺中市,潭子區,0,1,0,7,3,6,50,4,1,1,5,4,6,6,1,1,1,4,5,2,18,2,9,2,1,C03,7,9,1,10,2,12,,84,84,1,13,4,120.712236,24.21306,2
5098,66000,387130000C,(04)23274275,(04)23288582,2025,10,14,10,10,臺中市,南屯區,0,0,0,7,,,50,,,,,,,,,,,,,,17,,,,,A12,,,1,,1,,,84,84,1,12,4,120.628378,24.152044,4
5099,66000,387130000C,(04)23274275,(04)23288582,2025,10,14,10,16,臺中市,南屯區,0,0,0,7,,,50,,,,,,,,,,,,,,,,,,,B01,,,1,,2,,,84,84,1,13,4,120.647014,24.130924,3
5100,66000,387130000C,(04)23274275,(04)23288582,2025,10,14,10,16,臺中市,大甲區,0,1,0,7,2,6,40,4,9,1,5,4,6,6,4,4,6,3,5,1,15,2,9,3,1,B03,7,9,1,8,2,6,,15,15,1,12,4,120.653985,24.397539,2
5101,66000,387130000C,(04)23274275,(04)23288582,2025,10,14,10,18,臺中市,南屯區,0,1,0,7,2,6,60,13,9,1,5,4,6,6,4,4,1,4,5,2,13,3,10,1,1,C03,7,9,1,10,2,13,,59,59,1,5,4,120.646789,24.146405,2
5102,66000,387130000C,(04)23274275,(04)23288582,2025,10,14,10,19,臺中市,北屯區,0,1,0,7,3,6,50,3,9,1,5,4,6,6,2,1,1,4,5,2,13,2,8,2,1,C03,7,9,1,10,2,16,,7,7,1,12,4,120.667056,24.180179,2
5103,66000,387130000C,(04)23274275,(04)23288582,2025,10,14,10,20,臺中市,南屯區,0,1,0,7,3,6,50,13,9,1,5,4,6,6,4,4,10,5,5,2,17,3,10,3,1,A42,7,1,1,8,2,1,,51,51,1,12,4,120.613314,24.147535,2
5104,66000,387130000C,(04)23274275,(04)23288582,2025,10,14,10,20,臺中市,沙鹿區,0,1,0,7,2,6,50,3,1,1,5,4,3,3,4,4,10,5,5,2,17,2,9,1,1,C03,7,5,1,10,2,12,,15,15,1,12,4,120.565386,24.228929,2
5105,66000,387130000C,(04)23274275,(04)23288582,2025,10,14,10,25,臺中市,豐原區,0,1,0,7,2,6,50,4,1,1,5,4,6,6,2,1,5,5,5,1,16,2,8,1,1,C03,7,9,1,9,2,14,,84,84,1,12,4,120.71289,24.262037,2
5106,66000,387130000C,(04)23274275,(04)23288582,2025,10,14,10,27,臺中市,大甲區,0,0,0,7,,,50,,,,,,,,,,,,,,,,,,,C03,,,1,,1,,,48,48,1,12,4,120.624388,24.349338,3
5107,66000,387130000C,(04)23274275,(04)23288582,2025,10,14,10,28,臺中市,大雅區,1,0,0,7,1,6,30,13,9,1,5,4,6,6,4,4,10,5,5,2,27,1,9,2,1,C03,7,1,1,10,2,11,,84,84,1,12,4,120.638246,24.226496,1
5108,66000,387130000C,(04)23274275,(04)23288582,2025,10,14,10,28,臺中市,東勢區,0,1,0,7,2,6,50,4,1,1,5,4,6,6,4,4,10,5,5,2,15,2,9,1,1,C03,7,9,1,10,2,12,,12,12,1,12,4,120.829439,24.254598,2
5109,66000,387130000C,(04)23274275,(04)23288582,2025,10,14,10,29,臺中市,豐原區,0,1,0,7,2,6,50,4,1,1,5,4,6,6,4,4,5,5,5,2,15,2,9,2,1,C03,7,9,1,10,2,11,,85,85,1,12,4,120.717156,24.248269,2
5110,66000,387130000C,(04)23274275,(04)23288582,2025,10,14,10,30,臺中市,北區,0,1,0,7,2,6,50,3,2,1,5,4,6,6,1,1,3,4,5,2,17,3,10,5,1,B03,7,9,1,8,2,5,,59,59,1,13,4,120.680746,24.163292,2
5111,66000,387130000C,(04)23274275,(04)23288582,2025,10,14,10,33,臺中市,西屯區,0,0,0,7,,,30,,,,,,,,,,,,,,14,,,,,B03,,,1,,1,,,49,49,1,12,4,120.646667,24.158881,3
5112,66000,387130000C,(04)23274275,(04)23288582,2025,10,14,10,35,臺中市,大雅區,0,2,0,7,2,6,60,13,9,1,5,4,6,6,4,4,1,4,5,2,16,3,10,3,1,B03,7,3,1,8,2,2,,50,50,1,13,4,120.65011,24.211596,2
5113,66000,387130000C,(04)23274275,(04)23288582,2025,10,14,10,39,臺中市,西屯區,0,1,0,7,2,6,40,13,8,1,5,4,6,6,4,4,1,5,1,1,13,3,10,5,4,B13,7,9,1,8,2,1,,7,7,1,13,4,120.61285,24.183945,2
5114,66000,387130000C,(04)23274275,(04)23288582,2025,10,14,10,40,臺中市,南區,0,0,0,7,,,30,,,,,,,,,,,,,,,,,,,B12,,,1,,1,,,8,8,1,13,4,120.656072,24.131081,3
5115,66000,387130000C,(04)23274275,(04)23288582,2025,10,14,10,41,臺中市,大雅區,0,2,0,7,1,6,50,3,9,1,5,4,6,6,4,4,1,4,5,2,16,3,10,3,1,B03,7,5,1,8,2,2,,84,84,1,12,4,120.615203,24.219489,2
5116,66000,387130000C,(04)23274275,(04)23288582,2025,10,14,10,42,臺中市,南區,0,1,0,7,3,6,50,13,8,1,5,4,1,4,4,4,1,4,4,2,29,2,9,2,1,C03,7,9,1,10,2,11,,84,84,1,6,4,120.679438,24.125597,2
5117,66000,387130000C,(04)23274275,(04)23288582,2025,10,14,10,47,臺中市,龍井區,0,1,0,7,2,6,30,13,9,1,5,4,6,6,4,4,10,5,5,2,28,2,9,2,1,C03,7,9,1,10,2,11,,87,87,1,6,4,120.54578,24.178132,2
5118,66000,387130000C,(04)23274275,(04)23288582,2025,10,14,10,50,臺中市,北區,0,1,0,7,3,6,50,4,1,1,5,4,6,6,2,1,10,5,5,2,18,2,9,5,4,C03,7,9,1,10,2,12,,59,59,1,13,4,120.687656,24.155574,2
5119,66000,387130000C,(04)23274275,(04)23288582,2025,10,14,10,50,臺中市,西屯區,0,0,0,7,,,50,,,,,,,,,,,,,,14,,,,,B03,,,1,,1,,,49,49,1,12,4,120.630742,24.180261,3
5120,66000,387130000C,(04)23274275,(04)23288582,2025,10,14,10,52,臺中市,南屯區,0,1,0,7,2,6,50,4,1,1,5,4,6,6,2,1,10,5,5,2,16,3,10,3,1,B03,7,6,1,8,2,4,,11,11,1,13,4,120.611568,24.138461,2
5121,66000,387130000C,(04)23274275,(04)23288582,2025,10,14,10,53,臺中市,石岡區,0,1,0,7,2,6,50,13,9,1,5,4,6,6,4,4,5,5,5,1,21,2,9,5,4,C03,7,9,1,10,2,11,,59,59,1,13,4,120.778902,24.277083,2
5122,66000,387130000C,(04)23274275,(04)23288582,2025,10,14,10,57,臺中市,西屯區,0,0,0,7,,,50,,,,,,,,,,,,,,13,,,,,B03,,,1,,1,,,58,58,1,13,4,120.652862,24.167185,3
5123,66000,387130000C,(04)23274275,(04)23288582,2025,10,14,10,58,臺中市,沙鹿區,0,1,0,7,2,6,50,4,1,1,5,4,6,6,4,4,5,5,5,2,17,3,10,1,1,C03,7,6,1,10,2,13,,65,65,1,13,4,120.581703,24.220658,2
5124,66000,387130000C,(04)23274275,(04)23288582,2025,10,14,11,1,臺中市,西區,0,0,0,7,,,50,,,,,,,,,,,,,,,,,,,B11,,,1,,2,,,84,84,1,12,4,120.66773,24.141362,3
5125,66000,387130000C,(04)23274275,(04)23288582,2025,10,14,11,3,臺中市,龍井區,0,1,0,7,2,6,50,3,1,1,5,4,6,6,4,4,4,5,5,2,16,2,9,2,1,C03,7,6,1,10,2,11,,14,14,1,6,4,120.512908,24.196565,2
5126,66000,387130000C,(04)23274275,(04)23288582,2025,10,14,11,13,臺中市,潭子區,0,0,0,7,,,30,,,,,,,,,,,,,,,,,,,B03,,,1,,2,,,14,14,1,13,4,120.69044,24.232044,3
5127,66000,387130000C,(04)23274275,(04)23288582,2025,10,14,11,13,臺中市,大雅區,0,0,0,7,,,30,,,,,,,,,,,,,,17,,,,,B03,,,1,,9,,,84,84,1,13,4,120.661144,24.208943,3
5128,66000,387130000C,(04)23274275,(04)23288582,2025,10,14,11,13,臺中市,沙鹿區,0,0,0,7,,,50,,,,,,,,,,,,,,13,,,,,C03,,,1,,2,,,7,7,1,6,4,120.559179,24.217625,3
5129,66000,387130000C,(04)23274275,(04)23288582,2025,10,14,11,15,臺中市,沙鹿區,0,0,0,7,,,50,,,,,,,,,,,,,,16,,,,,B03,,,1,,2,,,12,12,1,12,4,120.556497,24.221692,3
5130,66000,387130000C,(04)23274275,(04)23288582,2025,10,14,11,18,臺中市,北屯區,0,1,0,7,3,6,50,3,1,1,5,4,6,6,1,1,10,5,5,2,15,3,10,1,1,C03,7,11,1,10,2,12,,46,46,1,12,4,120.702101,24.164772,2
5131,66000,387130000C,(04)23274275,(04)23288582,2025,10,14,11,24,臺中市,北屯區,0,0,0,7,,,50,,,,,,,,,,,,,,,,,,,C03,,,5,,9,,,84,84,1,13,4,120.683847,24.180832,4
5132,66000,387130000C,(04)23274275,(04)23288582,2025,10,14,11,24,臺中市,西屯區,0,1,0,7,2,6,40,4,1,1,5,4,6,6,1,1,10,5,5,2,18,2,9,5,4,C03,7,5,1,10,2,12,,84,84,1,12,4,120.658291,24.195061,2
5133,66000,387130000C,(04)23274275,(04)23288582,2025,10,14,11,30,臺中市,東區,0,0,0,7,,,50,,,,,,,,,,,,,,16,,,,,C03,,,1,,1,,,48,48,1,6,4,120.694616,24.130302,3
5134,66000,387130000C,(04)23274275,(04)23288582,2025,10,14,11,33,臺中市,大雅區,0,0,0,7,,,50,,,,,,,,,,,,,,17,,,,,B03,,,1,,1,,,50,50,1,13,4,120.647626,24.224896,3
5135,66000,387130000C,(04)23274275,(04)23288582,2025,10,14,11,37,臺中市,北區,0,2,0,7,2,6,30,3,9,1,5,4,6,6,4,4,5,4,5,2,16,2,9,5,4,C03,7,5,1,10,2,14,,14,14,1,13,4,120.665645,24.159532,2
5136,66000,387130000C,(04)23274275,(04)23288582,2025,10,14,11,42,臺中市,潭子區,0,0,0,7,,,50,,,,,,,,,,,,,,,,,,,B03,,,1,,2,,,21,21,1,13,4,120.706031,24.200805,3
5137,66000,387130000C,(04)23274275,(04)23288582,2025,10,14,11,42,臺中市,西屯區,0,1,0,7,2,6,50,4,1,1,5,4,6,6,3,1,10,5,5,2,13,2,9,1,1,C03,7,9,1,10,2,11,,7,7,1,13,4,120.655135,24.16433,2
5138,66000,387130000C,(04)23274275,(04)23288582,2025,10,14,11,43,臺中市,西區,0,1,0,7,2,6,50,4,1,1,5,4,6,6,2,1,5,4,4,2,12,3,10,2,1,C03,7,9,1,10,2,14,,84,84,1,12,4,120.668339,24.139714,2
5139,66000,387130000C,(04)23274275,(04)23288582,2025,10,14,11,43,臺中市,北屯區,0,1,0,7,3,6,50,4,1,1,5,4,6,6,4,4,10,5,5,2,12,3,10,3,1,B03,7,9,1,8,2,2,,8,8,1,6,4,120.700756,24.178427,2
5140,66000,387130000C,(04)23274275,(04)23288582,2025,10,14,11,46,臺中市,南屯區,0,1,0,7,2,6,60,3,1,1,5,4,6,6,4,4,1,4,5,2,16,3,10,3,1,B03,7,5,1,8,2,2,,47,47,1,12,4,120.624147,24.149373,2
5141,66000,387130000C,(04)23274275,(04)23288582,2025,10,14,11,46,臺中市,大甲區,0,0,0,7,,,40,,,,,,,,,,,,,,,,,,,F03,,,7,,1,,,6,6,1,4,4,120.627849,24.340596,3
5142,66000,387130000C,(04)23274275,(04)23288582,2025,10,14,11,47,臺中市,南區,0,1,0,7,3,6,50,4,9,1,5,4,6,6,2,1,5,5,5,2,16,2,9,5,4,C03,7,9,1,10,2,11,,84,84,1,6,4,120.66158,24.121625,2
5143,66000,387130000C,(04)23274275,(04)23288582,2025,10,14,11,50,臺中市,南區,0,1,0,7,1,6,30,18,9,1,5,4,6,6,4,4,1,5,5,2,17,2,9,5,4,C03,7,9,1,10,2,12,,4,4,1,13,4,120.659253,24.117291,2
5144,66000,387130000C,(04)23274275,(04)23288582,2025,10,14,11,55,臺中市,東區,0,0,0,7,,,50,,,,,,,,,,,,,,17,,,,,B13,,,1,,11,,,84,84,1,12,4,120.710253,24.148446,3
5145,66000,387130000C,(04)23274275,(04)23288582,2025,10,14,11,57,臺中市,北區,0,0,0,7,,,50,,,,,,,,,,,,,,17,,,,,B03,,,1,,1,,,7,7,1,13,4,120.675448,24.173429,3
5146,66000,387130000C,(04)23274275,(04)23288582,2025,10,14,12,0,臺中市,沙鹿區,0,0,0,7,,,60,,,,,,,,,,,,,,13,,,,,B13,,,1,,1,,,84,84,1,6,4,120.586322,24.250119,3
5147,66000,387130000C,(04)23274275,(04)23288582,2025,10,14,12,4,臺中市,南屯區,0,0,0,7,,,50,,,,,,,,,,,,,,17,,,,,C03,,,1,,1,,,47,47,1,12,4,120.646795,24.142635,3
5148,66000,387130000C,(04)23274275,(04)23288582,2025,10,14,12,5,臺中市,北區,0,0,0,7,3,6,50,18,24,1,5,4,6,6,4,4,10,5,5,2,17,,,,,B03,,,1,,2,,,47,47,1,13,4,120.677737,24.152759,3
5149,66000,387130000C,(04)23274275,(04)23288582,2025,10,14,12,5,臺中市,北屯區,0,0,0,7,,,50,,,,,,,,,,,,,,,,,,,B03,,,1,,2,,,35,35,1,12,4,120.701831,24.182039,3
5150,66000,387130000C,(04)23274275,(04)23288582,2025,10,14,12,7,臺中市,南屯區,0,0,0,7,,,50,,,,,,,,,,,,,,,,,,,B01,,,1,,1,,,8,8,1,12,4,120.607954,24.132133,3
5151,66000,387130000C,(04)23274275,(04)23288582,2025,10,14,12,15,臺中市,南屯區,0,0,0,7,,,50,,,,,,,,,,,,,,13,,,,,C03,,,1,,1,,,7,7,1,13,4,120.63523,24.150962,4
5152,66000,387130000C,(04)23274275,(04)23288582,2025,10,14,12,15,臺中市,霧峰區,0,1,0,7,3,6,50,11,9,1,5,4,6,6,4,4,5,5,5,1,13,2,8,1,1,C03,7,9,1,10,2,11,12,7,7,1,12,4,120.71516,24.074137,2
5153,66000,387130000C,(04)23274275,(04)23288582,2025,10,14,12,19,臺中市,西屯區,0,1,0,7,2,3,80,13,7,1,5,4,6,6,4,4,1,4,5,1,12,2,7,3,1,B03,7,8,1,8,1,8,,43,43,1,12,4,120.657236,24.200366,2
5154,66000,387130000C,(04)23274275,(04)23288582,2025,10,14,12,22,臺中市,龍井區,0,1,0,7,2,6,50,13,9,1,5,4,6,6,4,4,5,5,5,1,13,2,9,2,1,C03,7,9,1,10,2,11,,58,58,1,6,4,120.588256,24.18089,2
5155,66000,387130000C,(04)23274275,(04)23288582,2025,10,14,12,29,臺中市,龍井區,0,0,0,7,,,50,,,,,,,,,,,,,,13,,,,,C03,,,1,,1,,,7,7,1,12,4,120.584067,24.181707,3
5156,66000,387130000C,(04)23274275,(04)23288582,2025,10,14,12,33,臺中市,北屯區,0,0,0,7,,,50,,,,,,,,,,,,,,14,,,,,B12,,,1,,1,,,49,49,1,12,4,120.676149,24.194503,3
5157,66000,387130000C,(04)23274275,(04)23288582,2025,10,14,12,35,臺中市,西屯區,0,2,0,7,2,6,40,13,8,1,5,4,6,6,4,4,1,4,1,2,12,2,9,1,4,C03,7,7,1,9,1,14,,84,84,1,13,4,120.643796,24.165567,2
5158,66000,387130000C,(04)23274275,(04)23288582,2025,10,14,12,38,臺中市,太平區,0,0,0,7,,,50,,,,,,,,,,,,,,14,,,,,A12,,,1,,2,,,49,49,1,6,4,120.720414,24.124122,3
5159,66000,387130000C,(04)23274275,(04)23288582,2025,10,14,12,47,臺中市,太平區,0,0,0,7,,,50,,,,,,,,,,,,,,14,,,,,B03,,,1,,9,,,49,49,1,12,4,120.714911,24.158372,3
5160,66000,387130000C,(04)23274275,(04)23288582,2025,10,14,12,47,臺中市,外埔區,0,1,0,7,3,6,50,3,2,1,5,4,6,6,4,4,5,5,5,1,16,3,10,3,1,B03,7,5,1,8,2,5,,84,84,1,6,4,120.625907,24.336248,2