序號,縣市別代碼,機關代碼,市話,傳真,年,月,日,時,分,縣市,區,死亡數量,受傷數量,2-30,天候,道路照明設備,道路類別,道路速限,道路型態,事故位置,路面鋪裝,路面狀態,路面缺陷,障礙物,視距,號誌種類,號誌動作,分向設施,快車道或一般車道間,快慢車道間,路面邊線,事故類型及型態,受傷程度,主要傷處,保護裝備,行動電話或功能裝置,當事者區分(類別),車輛用途,當事者行動狀態,駕照狀態,駕照種類,飲酒情形,車輛撞擊部位最初,車輛撞擊部位其他,肇事因素個別,肇事因素主要,肇事逃逸,職業,共享經濟或外送平台,GPS座標X,GPS座標Y,事故類別
5161,66000,387130000C,(04)23274275,(04)23288582,2025,10,14,12,50,臺中市,北屯區,0,1,0,7,2,6,50,13,7,1,5,4,6,6,4,4,9,5,4,2,17,3,10,3,1,B03,7,11,1,8,2,4,,45,45,1,12,4,120.67466,24.193376,2
5162,66000,387130000C,(04)23274275,(04)23288582,2025,10,14,12,55,臺中市,北區,0,1,0,7,2,6,50,4,9,1,5,4,6,6,1,1,5,4,4,2,17,3,10,5,4,B03,7,15,1,8,2,5,,84,84,1,13,4,120.676657,24.15924,2
5163,66000,387130000C,(04)23274275,(04)23288582,2025,10,14,12,55,臺中市,南屯區,0,1,0,7,2,6,50,4,1,1,5,4,6,6,4,4,9,4,5,2,15,3,10,3,1,B12,7,9,1,8,2,2,,15,15,1,12,4,120.612469,24.147231,2
5164,66000,387130000C,(04)23274275,(04)23288582,2025,10,14,12,55,臺中市,太平區,0,0,0,7,,,50,,,,,,,,,,,,,,17,,,,,B12,,,1,,2,,,84,84,1,12,4,120.721101,24.158397,3
5165,66000,387130000C,(04)23274275,(04)23288582,2025,10,14,12,58,臺中市,東區,0,0,0,7,,,50,,,,,,,,,,,,,,,,,,,C03,,,1,,2,,,40,40,1,13,4,120.68294,24.134422,3
5166,66000,387130000C,(04)23274275,(04)23288582,2025,10,14,12,58,臺中市,西屯區,0,1,0,7,2,6,50,13,8,1,5,4,6,6,2,1,1,4,1,1,13,3,10,5,4,B03,7,9,1,8,2,1,,59,59,1,13,4,120.627073,24.159661,2
5167,66000,387130000C,(04)23274275,(04)23288582,2025,10,14,13,3,臺中市,西區,0,0,0,7,,,50,,,,,,,,,,,,,,,,,,,C04,,,1,10,2,,,12,12,1,13,4,120.659522,24.149017,3
5168,66000,387130000C,(04)23274275,(04)23288582,2025,10,14,13,10,臺中市,北區,0,1,0,7,2,6,50,4,2,1,5,4,6,6,1,1,3,4,5,2,17,2,9,5,1,C03,7,9,1,10,2,11,,7,7,1,13,4,120.674137,24.162639,2
5169,66000,387130000C,(04)23274275,(04)23288582,2025,10,14,13,15,臺中市,南屯區,0,1,0,7,3,6,50,4,1,1,5,4,6,6,1,1,10,5,5,2,3,3,10,3,1,B03,7,5,1,8,2,1,,10,10,1,13,4,120.640931,24.154093,2
5170,66000,387130000C,(04)23274275,(04)23288582,2025,10,14,13,15,臺中市,西屯區,0,0,0,7,,,50,,,,,,,,,,,,,,12,,,,,B03,,,1,,1,,,59,59,1,13,4,120.636024,24.169269,3
5171,66000,387130000C,(04)23274275,(04)23288582,2025,10,14,13,17,臺中市,西屯區,0,1,0,7,2,6,30,4,1,1,5,4,6,6,4,4,10,5,5,2,15,2,9,1,1,C03,7,9,1,10,2,11,,12,12,1,12,2,120.64446,24.178769,2
5172,66000,387130000C,(04)23274275,(04)23288582,2025,10,14,13,19,臺中市,潭子區,0,0,0,7,,,50,,,,,,,,,,,,,,,,,,,B12,,,1,,2,,,59,59,1,12,4,120.71721,24.217303,3
5173,66000,387130000C,(04)23274275,(04)23288582,2025,10,14,13,20,臺中市,西區,0,0,0,7,,,50,,,,,,,,,,,,,,30,,,,,H03,,,,,,,,109,109,1,13,5,120.672428,24.137946,3
5174,66000,387130000C,(04)23274275,(04)23288582,2025,10,14,13,20,臺中市,豐原區,0,1,0,7,2,6,50,13,14,1,5,4,6,6,4,4,1,2,5,1,17,2,1,5,4,B03,7,9,1,8,2,1,6,56,56,1,13,4,120.721196,24.243244,2
5175,66000,387130000C,(04)23274275,(04)23288582,2025,10,14,13,30,臺中市,中區,0,1,0,7,1,6,50,13,9,1,5,4,6,6,4,4,5,4,5,2,17,3,10,5,4,B03,7,5,1,8,2,2,,8,8,1,12,4,120.678021,24.14097,2
5176,66000,387130000C,(04)23274275,(04)23288582,2025,10,14,13,30,臺中市,西屯區,0,1,0,7,2,6,30,3,1,1,5,4,6,6,4,4,10,5,5,2,16,3,10,5,4,C03,7,1,1,10,2,11,,13,13,1,12,4,120.654759,24.163761,2
5177,66000,387130000C,(04)23274275,(04)23288582,2025,10,14,13,32,臺中市,中區,0,2,0,7,3,6,50,3,1,1,5,4,6,6,4,4,10,4,5,2,17,2,9,1,1,C03,7,4,1,10,2,12,,4,4,1,13,4,120.683348,24.13888,2
5178,66000,387130000C,(04)23274275,(04)23288582,2025,10,14,13,33,臺中市,沙鹿區,0,1,0,7,2,6,30,4,1,1,5,4,6,6,4,4,10,5,5,2,15,2,8,1,1,C03,7,9,1,10,2,12,,12,12,1,6,4,120.568671,24.230551,2
5179,66000,387130000C,(04)23274275,(04)23288582,2025,10,14,13,34,臺中市,潭子區,0,1,0,7,3,6,60,13,14,1,5,4,6,6,4,4,1,4,4,1,17,2,9,2,1,C03,7,1,1,10,2,11,,84,84,1,13,4,120.709827,24.234901,2
5180,66000,387130000C,(04)23274275,(04)23288582,2025,10,14,13,42,臺中市,西屯區,0,1,0,7,2,6,50,4,4,1,5,4,6,6,2,1,5,4,5,2,13,2,9,5,4,C03,7,9,1,10,1,11,,7,7,1,13,4,120.649064,24.193666,2
5181,66000,387130000C,(04)23274275,(04)23288582,2025,10,14,13,45,臺中市,南屯區,0,0,0,7,,,50,,,,,,,,,,,,,,,,,,,B12,,,1,,1,,,84,84,1,13,4,120.650625,24.151109,3
5182,66000,387130000C,(04)23274275,(04)23288582,2025,10,14,13,45,臺中市,北屯區,0,1,0,7,3,6,50,3,1,1,5,4,6,6,4,4,10,5,5,2,18,2,9,2,1,C03,7,9,1,10,2,14,,85,85,1,12,4,120.686361,24.192807,2
5183,66000,387130000C,(04)23274275,(04)23288582,2025,10,14,13,45,臺中市,西屯區,0,0,0,7,,,40,,,,,,,,,,,,,,12,,,,,B12,,,1,,1,,,8,8,1,13,4,120.651332,24.207975,3
5184,66000,387130000C,(04)23274275,(04)23288582,2025,10,14,13,45,臺中市,太平區,0,0,0,7,,,50,,,,,,,,,,,,,,10,,,,,B12,,,1,,2,,,49,49,1,12,4,120.710635,24.115719,3
5185,66000,387130000C,(04)23274275,(04)23288582,2025,10,14,13,45,臺中市,烏日區,0,1,0,7,3,6,60,3,1,1,5,4,6,6,4,4,1,4,5,1,12,3,10,3,1,B12,7,5,1,4,3,6,,47,47,1,6,4,120.622669,24.104818,2
5186,66000,387130000C,(04)23274275,(04)23288582,2025,10,14,13,46,臺中市,南區,0,0,0,7,,,50,,,,,,,,,,,,,,12,,,,,B03,,,1,,1,,,8,8,1,6,4,120.661934,24.121436,3
5187,66000,387130000C,(04)23274275,(04)23288582,2025,10,14,13,46,臺中市,南屯區,0,1,0,7,2,6,50,4,1,1,5,4,6,6,4,4,10,5,5,2,17,2,9,2,1,C03,7,9,1,10,2,11,,13,13,1,12,4,120.647516,24.155625,2
5188,66000,387130000C,(04)23274275,(04)23288582,2025,10,14,13,48,臺中市,西屯區,0,0,0,7,,,50,,,,,,,,,,,,,,13,,,,,B02,,,1,,2,,,59,59,1,13,4,120.6067,24.169135,3
5189,66000,387130000C,(04)23274275,(04)23288582,2025,10,14,13,50,臺中市,大肚區,0,1,0,7,2,6,50,13,8,1,5,4,6,6,4,4,1,3,4,1,16,3,10,3,1,B03,7,5,1,8,2,3,,8,8,1,6,4,120.573394,24.119861,2
5190,66000,387130000C,(04)23274275,(04)23288582,2025,10,14,13,51,臺中市,南區,0,1,0,7,3,6,30,13,9,1,5,4,6,6,4,4,5,5,5,2,16,3,10,5,4,B03,7,11,1,8,2,1,,45,45,1,6,4,120.656394,24.121382,2
5191,66000,387130000C,(04)23274275,(04)23288582,2025,10,14,13,53,臺中市,潭子區,0,2,0,7,3,6,30,3,1,1,5,4,6,6,4,4,10,5,5,2,17,3,10,3,1,B12,7,6,1,8,2,1,,12,12,1,13,4,120.706805,24.231425,2
5192,66000,387130000C,(04)23274275,(04)23288582,2025,10,14,13,59,臺中市,南區,0,0,0,7,,,50,,,,,,,,,,,,,,,,,,,B12,,,1,,1,,,49,49,1,13,4,120.645604,24.110433,3
5193,66000,387130000C,(04)23274275,(04)23288582,2025,10,14,13,59,臺中市,豐原區,0,0,0,7,,,30,,,,,,,,,,,,,,27,,,,,B03,,,1,,11,,,84,84,1,12,4,120.705829,24.249465,3
5194,66000,387130000C,(04)23274275,(04)23288582,2025,10,14,14,3,臺中市,神岡區,0,0,0,7,,,50,,,,,,,,,,,,,,13,,,,,B12,,,1,,2,,,84,84,1,12,4,120.660279,24.25473,3
5195,66000,387130000C,(04)23274275,(04)23288582,2025,10,14,14,5,臺中市,霧峰區,0,0,0,7,,,30,,,,,,,,,,,,,,17,,,,,B03,,,1,,2,,,14,14,1,6,4,120.689266,24.015926,3
5196,66000,387130000C,(04)23274275,(04)23288582,2025,10,14,14,6,臺中市,大雅區,0,0,0,7,,,30,,,,,,,,,,,,,,13,,,,,B02,,,1,,1,,,7,7,1,13,4,120.652504,24.20971,3
5197,66000,387130000C,(04)23274275,(04)23288582,2025,10,14,14,13,臺中市,南屯區,0,0,0,7,,,40,,,,,,,,,,,,,,,,,,,C03,,,1,,1,,,8,8,2,13,2,120.635337,24.150943,3
5198,66000,387130000C,(04)23274275,(04)23288582,2025,10,14,14,20,臺中市,豐原區,0,0,0,7,,,30,,,,,,,,,,,,,,14,,,,,B12,,,1,,2,,,49,49,1,13,4,120.710499,24.245666,3
5199,66000,387130000C,(04)23274275,(04)23288582,2025,10,14,14,21,臺中市,太平區,0,0,0,7,,,30,,,,,,,,,,,,,,14,,,,,B03,,,3,,2,,,49,49,1,12,4,120.723514,24.155403,3
5200,66000,387130000C,(04)23274275,(04)23288582,2025,10,14,14,21,臺中市,沙鹿區,0,0,0,7,,,50,,,,,,,,,,,,,,,,,,,A12,,,1,,2,,,49,49,1,13,4,120.563533,24.248163,3
5201,66000,387130000C,(04)23274275,(04)23288582,2025,10,14,14,23,臺中市,中區,0,0,0,7,,,50,,,,,,,,,,,,,,13,,,,,B03,,,1,,2,,,84,84,1,12,4,120.677178,24.144337,3
5202,66000,387130000C,(04)23274275,(04)23288582,2025,10,14,14,29,臺中市,豐原區,0,0,0,7,,,30,,,,,,,,,,,,,,,,,,,B13,,,1,,2,,,49,49,1,13,4,120.73668,24.25573,3
5203,66000,387130000C,(04)23274275,(04)23288582,2025,10,14,14,30,臺中市,大里區,0,1,0,7,2,6,50,13,9,1,5,4,6,6,4,4,9,5,5,1,17,3,10,1,1,C03,7,11,3,19,2,13,,45,45,1,6,4,120.704414,24.087977,2
5204,66000,387130000C,(04)23274275,(04)23288582,2025,10,14,14,31,臺中市,北區,0,0,0,7,3,6,50,4,1,1,5,4,6,6,4,4,10,5,5,2,17,,,,,B12,,,1,,2,,,48,48,1,13,4,120.684054,24.154645,3
5205,66000,387130000C,(04)23274275,(04)23288582,2025,10,14,14,31,臺中市,外埔區,0,0,0,7,2,6,50,3,9,1,5,4,6,6,3,1,5,5,5,1,13,3,10,3,1,B03,7,12,1,8,1,6,,7,7,1,6,4,120.645105,24.331999,3
5206,66000,387130000C,(04)23274275,(04)23288582,2025,10,14,14,34,臺中市,西屯區,0,1,0,7,2,6,50,13,7,1,5,4,6,6,4,4,5,5,4,2,16,3,10,3,1,B03,7,11,1,8,2,8,,45,45,1,12,4,120.661137,24.16489,2
5207,66000,387130000C,(04)23274275,(04)23288582,2025,10,14,14,35,臺中市,西區,0,0,0,7,,,50,,,,,,,,,,,,,,15,,,,,B03,,,1,8,1,,,12,12,1,13,4,120.673991,24.147131,3
5208,66000,387130000C,(04)23274275,(04)23288582,2025,10,14,14,35,臺中市,西屯區,0,1,0,7,2,6,40,13,8,1,5,4,6,6,4,4,1,4,1,2,17,2,9,1,1,C03,7,7,1,10,2,12,,40,40,1,13,4,120.639685,24.168407,2
5209,66000,387130000C,(04)23274275,(04)23288582,2025,10,14,14,37,臺中市,清水區,0,0,0,7,,,40,,,,,,,,,,,,,,,,,,,B03,,,1,,2,,,49,49,1,12,4,120.568531,24.272945,3
5210,66000,387130000C,(04)23274275,(04)23288582,2025,10,14,14,40,臺中市,北屯區,0,0,0,7,,,50,,,,,,,,,,,,,,15,,,,,B03,,,1,,1,,,15,15,1,6,4,120.725337,24.165366,3
5211,66000,387130000C,(04)23274275,(04)23288582,2025,10,14,14,42,臺中市,南屯區,0,0,0,7,,,50,,,,,,,,,,,,,,10,,,,,C03,,,1,,1,,,8,8,1,12,4,120.651409,24.136804,4
5212,66000,387130000C,(04)23274275,(04)23288582,2025,10,14,14,42,臺中市,大里區,0,0,0,7,,,40,,,,,,,,,,,,,,13,,,,,C03,,,1,,2,,,7,7,1,13,4,120.700541,24.118079,3
5213,66000,387130000C,(04)23274275,(04)23288582,2025,10,14,14,44,臺中市,西區,0,0,0,7,,,50,,,,,,,,,,,,,,13,,,,,C03,,,1,,1,,,59,59,1,13,4,120.66706,24.132254,3
5214,66000,387130000C,(04)23274275,(04)23288582,2025,10,14,14,45,臺中市,北區,0,0,0,7,,,50,,,,,,,,,,,,,,17,,,,,B13,,,1,,2,,,8,8,1,13,4,120.681344,24.151931,3
5215,66000,387130000C,(04)23274275,(04)23288582,2025,10,14,14,47,臺中市,太平區,0,0,0,7,,,50,,,,,,,,,,,,,,12,,,,,B03,,,1,,2,,,8,8,1,13,4,120.712648,24.145287,3
5216,66000,387130000C,(04)23274275,(04)23288582,2025,10,14,14,50,臺中市,西屯區,0,0,0,7,,,30,,,,,,,,,,,,,,14,,,,,A12,,,1,,2,,,49,49,1,12,4,120.602994,24.174444,3
5217,66000,387130000C,(04)23274275,(04)23288582,2025,10,14,14,55,臺中市,大雅區,0,1,0,7,2,6,50,13,9,1,5,4,6,6,4,4,9,5,5,1,18,2,9,2,1,C03,7,9,1,10,1,12,,90,90,1,13,4,120.647418,24.213539,2
5218,66000,387130000C,(04)23274275,(04)23288582,2025,10,14,14,57,臺中市,大里區,0,0,0,6,,,50,,,,,,,,,,,,,,,,,,,C03,,,1,,2,,,8,8,1,11,4,120.693619,24.100353,3
5219,66000,387130000C,(04)23274275,(04)23288582,2025,10,14,15,2,臺中市,大里區,0,0,0,7,,,40,,,,,,,,,,,,,,14,,,,,A12,,,1,,2,,,49,49,1,13,4,120.691587,24.103621,3
5220,66000,387130000C,(04)23274275,(04)23288582,2025,10,14,15,5,臺中市,太平區,0,0,0,7,,,50,,,,,,,,,,,,,,12,,,,,B03,,,1,,2,,,40,40,1,12,4,120.714101,24.149706,3
5221,66000,387130000C,(04)23274275,(04)23288582,2025,10,14,15,8,臺中市,大雅區,0,0,0,7,,,30,,,,,,,,,,,,,,,,,,,B12,,,1,,2,,,49,49,1,13,4,120.637373,24.239662,3
5222,66000,387130000C,(04)23274275,(04)23288582,2025,10,14,15,10,臺中市,南屯區,0,0,0,7,,,50,,,,,,,,,,,,,,30,,,,,B03,,,1,,2,,,85,85,1,12,4,120.636947,24.135638,3
5223,66000,387130000C,(04)23274275,(04)23288582,2025,10,14,15,22,臺中市,南屯區,0,2,0,7,2,6,50,4,7,1,5,4,6,6,2,1,5,5,4,2,12,2,9,1,1,F02,7,9,7,21,2,14,,84,84,1,13,4,120.62923,24.117853,2
5224,66000,387130000C,(04)23274275,(04)23288582,2025,10,14,15,24,臺中市,大雅區,0,0,0,7,,,60,,,,,,,,,,,,,,13,,,,,B03,,,1,,1,,,7,7,1,13,4,120.647166,24.221486,3
5225,66000,387130000C,(04)23274275,(04)23288582,2025,10,14,15,24,臺中市,南區,0,0,0,7,,,50,,,,,,,,,,,,,,17,,,,,B03,,,1,,1,,,84,84,1,12,4,120.650367,24.120482,3
5226,66000,387130000C,(04)23274275,(04)23288582,2025,10,14,15,25,臺中市,西屯區,0,0,0,7,,,60,,,,,,,,,,,,,,,,,,,B12,,,1,,1,,,7,7,1,13,4,120.622214,24.178963,3
5227,66000,387130000C,(04)23274275,(04)23288582,2025,10,14,15,26,臺中市,西屯區,0,1,0,7,2,6,50,13,9,1,5,4,6,6,1,1,1,4,5,1,13,2,9,1,1,C03,7,15,3,19,9,13,,84,84,1,12,4,120.619013,24.184952,2
5228,66000,387130000C,(04)23274275,(04)23288582,2025,10,14,15,31,臺中市,石岡區,0,0,0,7,,,70,,,,,,,,,,,,,,,,,,,B03,,,1,,1,,,83,83,1,12,4,120.78344,24.27464,3
5229,66000,387130000C,(04)23274275,(04)23288582,2025,10,14,15,32,臺中市,南區,0,0,0,7,,,40,,,,,,,,,,,,,,18,,,,,C03,,,1,,2,,,82,82,1,5,4,120.651284,24.119062,4
5230,66000,387130000C,(04)23274275,(04)23288582,2025,10,14,15,38,臺中市,西屯區,0,1,0,7,2,6,50,4,1,1,5,4,6,6,1,1,10,5,5,2,16,3,10,5,4,B03,7,5,1,8,2,5,2,11,11,1,12,4,120.637108,24.185937,2
5231,66000,387130000C,(04)23274275,(04)23288582,2025,10,14,15,42,臺中市,東區,0,0,0,7,,,50,,,,,,,,,,,,,,17,,,,,B03,,,1,,1,,,51,51,1,12,4,120.710467,24.142594,3
5232,66000,387130000C,(04)23274275,(04)23288582,2025,10,14,15,42,臺中市,大甲區,0,0,0,7,,,,,,,,,,,,,,,,,,,,,,,,,,,,,,8,8,1,,,120.626177,24.349341,4
5233,66000,387130000C,(04)23274275,(04)23288582,2025,10,14,15,45,臺中市,南屯區,0,0,0,7,,,50,,,,,,,,,,,,,,,,,,,B12,,,1,,1,,,84,84,1,13,4,120.652946,24.130451,3
5234,66000,387130000C,(04)23274275,(04)23288582,2025,10,14,15,50,臺中市,大雅區,0,0,0,7,,,50,,,,,,,,,,,,,,,,,,,B12,,,1,,1,,,40,40,1,13,4,120.652261,24.221391,3
5235,66000,387130000C,(04)23274275,(04)23288582,2025,10,14,15,50,臺中市,太平區,0,0,0,7,,,0,,,,,,,,,,,,,,,,,,,B03,,,1,,1,,,49,49,1,12,4,120.713426,24.138371,3
5236,66000,387130000C,(04)23274275,(04)23288582,2025,10,14,15,52,臺中市,南屯區,0,0,0,7,,,60,,,,,,,,,,,,,,13,,,,,B03,,,1,,1,,,59,59,1,12,4,120.634095,24.158268,3
5237,66000,387130000C,(04)23274275,(04)23288582,2025,10,14,15,52,臺中市,豐原區,0,1,0,7,2,6,50,3,7,1,5,4,6,6,4,4,5,4,4,2,17,2,8,1,1,C03,7,9,1,10,3,11,,84,84,1,13,4,120.733096,24.255371,2
5238,66000,387130000C,(04)23274275,(04)23288582,2025,10,14,15,56,臺中市,北屯區,0,1,0,7,2,6,50,13,9,1,5,4,6,6,4,4,5,5,5,2,13,2,9,2,1,C03,7,9,1,10,2,11,,7,7,1,13,4,120.709573,24.185353,2
5239,66000,387130000C,(04)23274275,(04)23288582,2025,10,14,15,58,臺中市,西區,0,0,0,7,,,50,,,,,,,,,,,,,,,,,,,C03,,,1,10,2,,,7,7,1,13,4,120.661498,24.151849,3
5240,66000,387130000C,(04)23274275,(04)23288582,2025,10,14,16,0,臺中市,西屯區,0,2,0,7,2,6,50,4,2,1,5,4,6,6,2,1,5,4,5,2,12,3,10,5,4,B03,7,9,1,8,2,2,,8,8,1,13,4,120.636622,24.171405,2
5241,66000,387130000C,(04)23274275,(04)23288582,2025,10,14,16,1,臺中市,西屯區,0,1,0,7,2,6,50,4,1,1,5,4,6,6,2,1,10,5,5,2,2,3,10,5,4,B03,7,6,1,8,2,1,,10,10,1,12,4,120.627017,24.181312,2
5242,66000,387130000C,(04)23274275,(04)23288582,2025,10,14,16,5,臺中市,西區,0,0,0,7,,,50,,,,,,,,,,,,,,,,,,,C03,,,1,10,1,,,7,7,1,13,4,120.664568,24.150862,3
5243,66000,387130000C,(04)23274275,(04)23288582,2025,10,14,16,5,臺中市,南屯區,0,0,0,7,,,50,,,,,,,,,,,,,,,,,,,B03,,,1,,1,,,40,40,1,12,4,120.622832,24.14686,3
5244,66000,387130000C,(04)23274275,(04)23288582,2025,10,14,16,5,臺中市,西屯區,0,0,0,7,,,30,,,,,,,,,,,,,,13,,,,,B03,,,1,,1,,,7,7,1,12,4,120.663718,24.201276,3
5245,66000,387130000C,(04)23274275,(04)23288582,2025,10,14,16,6,臺中市,中區,0,0,0,7,,,50,,,,,,,,,,,,,,,,,,,C02,,,1,,2,,,59,59,1,12,4,120.684403,24.142256,3
5246,66000,387130000C,(04)23274275,(04)23288582,2025,10,14,16,6,臺中市,西區,0,2,0,7,2,6,30,3,1,1,5,4,6,6,4,4,10,5,5,2,17,2,8,2,1,C03,7,6,1,10,2,11,,58,58,1,13,4,120.667253,24.130733,2
5247,66000,387130000C,(04)23274275,(04)23288582,2025,10,14,16,8,臺中市,南屯區,0,0,0,7,,,40,,,,,,,,,,,,,,,,,,,B03,,,1,,2,,,50,50,1,12,4,120.647644,24.150737,3
5248,66000,387130000C,(04)23274275,(04)23288582,2025,10,14,16,9,臺中市,東勢區,0,1,0,7,2,6,60,13,7,1,5,4,6,6,4,4,1,4,4,1,18,2,9,5,4,B12,7,8,1,8,8,4,,53,53,1,13,4,120.835058,24.236672,2
5249,66000,387130000C,(04)23274275,(04)23288582,2025,10,14,16,10,臺中市,北屯區,0,0,0,7,,3,80,,,,,,,,,,,,,,13,,,,,B03,,,1,,1,,,56,56,1,12,4,120.694144,24.201018,3
5250,66000,387130000C,(04)23274275,(04)23288582,2025,10,14,16,10,臺中市,霧峰區,0,0,0,7,,,30,,,,,,,,,,,,,,17,,,,,B03,,,1,,9,,,84,84,1,12,4,120.668629,24.073141,3
5251,66000,387130000C,(04)23274275,(04)23288582,2025,10,14,16,14,臺中市,太平區,0,0,0,7,,,50,,,,,,,,,,,,,,17,,,,,B02,,,1,,9,,,49,49,1,12,4,120.728598,24.150132,3
5252,66000,387130000C,(04)23274275,(04)23288582,2025,10,14,16,15,臺中市,北區,0,0,0,7,,,50,,,,,,,,,,,,,,13,,,,,B12,,,1,,1,,,59,59,1,12,4,120.698877,24.154143,3
5253,66000,387130000C,(04)23274275,(04)23288582,2025,10,14,16,15,臺中市,北區,0,1,0,7,3,6,50,13,9,1,5,3,6,6,4,4,7,4,4,2,18,2,9,1,1,C03,7,15,1,10,2,15,,84,84,1,12,4,120.689623,24.158959,2
5254,66000,387130000C,(04)23274275,(04)23288582,2025,10,14,16,15,臺中市,北區,0,0,0,7,,,50,,,,,,,,,,,,,,13,,,,,B03,,,1,,1,1,,58,58,1,12,4,120.677945,24.159323,3
5255,66000,387130000C,(04)23274275,(04)23288582,2025,10,14,16,15,臺中市,西屯區,0,0,0,7,,,50,,,,,,,,,,,,,,,,,,,B03,,,1,,2,,,49,49,1,13,4,120.653147,24.176331,3
5256,66000,387130000C,(04)23274275,(04)23288582,2025,10,14,16,16,臺中市,烏日區,0,0,0,7,2,6,50,4,1,1,5,4,6,6,1,1,10,5,5,2,12,3,10,1,1,C03,7,6,1,10,2,14,,51,51,1,6,4,120.634528,24.097773,3
5257,66000,387130000C,(04)23274275,(04)23288582,2025,10,14,16,24,臺中市,豐原區,0,0,0,7,,,50,,,,,,,,,,,,,,13,,,,,B03,,,1,,2,,,59,59,1,12,4,120.715871,24.249318,4
5258,66000,387130000C,(04)23274275,(04)23288582,2025,10,14,16,33,臺中市,北區,0,2,0,7,2,6,50,4,2,1,5,4,6,6,2,1,10,5,5,2,12,2,9,2,1,C03,7,9,1,10,2,12,,7,7,1,13,4,120.684919,24.16528,2
5259,66000,387130000C,(04)23274275,(04)23288582,2025,10,14,16,33,臺中市,西屯區,0,1,0,7,2,6,50,3,1,1,5,4,6,6,4,4,10,5,5,1,15,2,9,1,1,C03,7,1,1,10,2,11,,51,51,1,12,4,120.63997,24.171402,2
5260,66000,387130000C,(04)23274275,(04)23288582,2025,10,14,16,37,臺中市,南屯區,0,0,0,7,,,50,,,,,,,,,,,,,,13,,,,,B03,,,1,,1,,,59,59,1,12,4,120.633105,24.123636,3
5261,66000,387130000C,(04)23274275,(04)23288582,2025,10,14,16,38,臺中市,南區,0,1,0,7,2,6,50,3,19,1,5,4,6,6,2,1,10,5,5,2,3,3,10,3,1,B02,7,6,1,8,2,1,,10,10,1,12,4,120.679326,24.120552,2
5262,66000,387130000C,(04)23274275,(04)23288582,2025,10,14,16,41,臺中市,東區,0,2,0,7,3,6,50,4,1,1,5,4,6,6,1,1,10,5,5,2,16,2,9,2,1,C03,7,6,1,10,2,13,,11,11,1,12,4,120.702788,24.144412,2
5263,66000,387130000C,(04)23274275,(04)23288582,2025,10,14,16,42,臺中市,西屯區,0,1,0,7,2,6,40,13,8,1,5,4,6,6,4,4,3,4,3,2,16,3,10,3,1,B03,7,5,1,8,1,2,,47,47,1,12,4,120.65696,24.158164,2
5264,66000,387130000C,(04)23274275,(04)23288582,2025,10,14,16,43,臺中市,大里區,0,0,0,7,,,50,,,,,,,,,,,,,,,,,,,C03,,,1,,2,,,7,7,1,12,4,120.690613,24.113139,3
5265,66000,387130000C,(04)23274275,(04)23288582,2025,10,14,16,46,臺中市,西屯區,0,1,0,7,2,6,50,3,1,1,5,4,6,6,2,1,10,5,5,2,13,3,10,5,4,B03,7,5,1,8,2,1,,59,59,1,12,4,120.613707,24.172418,2
5266,66000,387130000C,(04)23274275,(04)23288582,2025,10,14,16,46,臺中市,石岡區,0,1,0,7,3,6,70,5,2,1,5,4,6,6,1,1,1,5,5,2,16,3,10,5,4,B03,7,6,1,8,2,1,,11,11,1,12,4,120.776867,24.274351,2
5267,66000,387130000C,(04)23274275,(04)23288582,2025,10,14,16,50,臺中市,大甲區,0,1,0,7,3,6,50,3,1,1,5,4,6,6,1,1,10,5,5,2,18,2,9,1,1,F03,7,9,7,21,2,11,,7,7,1,6,4,120.637933,24.361245,2
5268,66000,387130000C,(04)23274275,(04)23288582,2025,10,14,16,53,臺中市,北區,0,1,0,7,3,6,50,4,2,1,5,4,6,6,1,1,5,4,5,2,17,2,9,1,1,C03,7,5,1,10,2,14,,8,8,1,12,4,120.682589,24.167076,2
5269,66000,387130000C,(04)23274275,(04)23288582,2025,10,14,16,55,臺中市,太平區,0,0,0,7,,,50,,,,,,,,,,,,,,17,,,,,B03,,,1,,2,,,84,84,1,12,4,120.716773,24.154431,3
5270,66000,387130000C,(04)23274275,(04)23288582,2025,10,14,16,56,臺中市,西屯區,0,0,0,7,,,50,,,,,,,,,,,,,,12,,,,,A41,,,1,,1,,,8,8,1,13,4,120.642433,24.176976,3
5271,66000,387130000C,(04)23274275,(04)23288582,2025,10,14,16,56,臺中市,太平區,0,2,0,7,3,6,50,13,7,1,5,4,6,6,4,4,5,5,4,2,17,2,9,1,1,C03,7,1,1,10,2,12,11,51,51,1,12,4,120.733379,24.154124,2
5272,66000,387130000C,(04)23274275,(04)23288582,2025,10,14,16,58,臺中市,龍井區,0,1,0,7,2,6,50,13,8,1,5,4,6,6,1,1,1,3,4,2,17,3,10,3,1,B03,7,3,1,8,2,16,,50,50,1,6,4,120.54991,24.208696,2