序號,縣市別代碼,機關代碼,市話,傳真,年,月,日,時,分,縣市,區,死亡數量,受傷數量,2-30,天候,道路照明設備,道路類別,道路速限,道路型態,事故位置,路面鋪裝,路面狀態,路面缺陷,障礙物,視距,號誌種類,號誌動作,分向設施,快車道或一般車道間,快慢車道間,路面邊線,事故類型及型態,受傷程度,主要傷處,保護裝備,行動電話或功能裝置,當事者區分(類別),車輛用途,當事者行動狀態,駕照狀態,駕照種類,飲酒情形,車輛撞擊部位最初,車輛撞擊部位其他,肇事因素個別,肇事因素主要,肇事逃逸,職業,共享經濟或外送平台,GPS座標X,GPS座標Y,事故類別
5273,66000,387130000C,(04)23274275,(04)23288582,2025,10,14,16,59,臺中市,北屯區,0,1,0,7,2,6,50,13,9,1,5,4,6,6,4,4,8,3,5,2,13,2,9,2,1,C03,7,9,3,19,2,11,12,84,84,1,13,4,120.68736,24.169003,2
5274,66000,387130000C,(04)23274275,(04)23288582,2025,10,14,17,2,臺中市,龍井區,0,1,0,7,2,6,50,13,9,1,5,4,6,6,4,4,4,5,5,1,13,2,9,2,1,C03,7,9,1,10,2,11,,7,7,1,6,4,120.511054,24.208551,2
5275,66000,387130000C,(04)23274275,(04)23288582,2025,10,14,17,4,臺中市,潭子區,0,0,0,7,,,50,,,,,,,,,,,,,,,,,,,B03,,,1,,2,,,49,49,1,13,4,120.69044,24.232044,3
5276,66000,387130000C,(04)23274275,(04)23288582,2025,10,14,17,5,臺中市,西屯區,0,0,0,7,,,60,,,,,,,,,,,,,,,,,,,B03,,,1,,1,,,40,40,1,12,4,120.640422,24.16806,3
5277,66000,387130000C,(04)23274275,(04)23288582,2025,10,14,17,10,臺中市,大雅區,0,0,0,7,,,50,,,,,,,,,,,,,,,,,,,C03,,,1,,1,,,7,7,1,13,4,120.645343,24.221899,3
5278,66000,387130000C,(04)23274275,(04)23288582,2025,10,14,17,10,臺中市,大里區,0,0,0,7,,,50,,,,,,,,,,,,,,,,,,,B03,,,1,,1,,,14,14,1,13,4,120.682641,24.076575,3
5279,66000,387130000C,(04)23274275,(04)23288582,2025,10,14,17,11,臺中市,西屯區,0,1,0,7,1,6,30,4,1,1,5,4,6,6,4,4,10,5,5,2,15,3,10,1,4,C03,7,9,3,19,2,11,14,13,13,1,12,4,120.607255,24.163475,2
5280,66000,387130000C,(04)23274275,(04)23288582,2025,10,14,17,12,臺中市,西屯區,0,0,0,7,,,50,,,,,,,,,,,,,,13,,,,,B03,,,1,,1,,,7,7,1,12,4,120.636554,24.17037,3
5281,66000,387130000C,(04)23274275,(04)23288582,2025,10,14,17,15,臺中市,北屯區,0,1,0,7,2,6,50,4,1,1,5,4,6,6,1,1,10,5,5,2,16,2,9,5,4,C03,7,9,1,10,1,14,,59,59,1,12,4,120.720976,24.169925,2
5282,66000,387130000C,(04)23274275,(04)23288582,2025,10,14,17,16,臺中市,神岡區,0,1,0,7,2,6,50,4,1,1,5,4,6,6,4,4,10,5,5,1,16,4,11,5,4,C03,7,6,1,10,2,11,,11,11,1,13,4,120.69698,24.256941,2
5283,66000,387130000C,(04)23274275,(04)23288582,2025,10,14,17,18,臺中市,西區,0,0,0,7,,,50,,,,,,,,,,,,,,,,,,,C03,,,1,,1,,,59,59,1,12,4,120.673839,24.14706,3
5284,66000,387130000C,(04)23274275,(04)23288582,2025,10,14,17,19,臺中市,南區,0,1,0,7,2,6,50,4,1,1,5,4,6,6,1,1,3,4,4,2,17,2,9,2,1,C03,7,6,1,10,2,14,,23,23,1,12,4,120.653657,24.113584,2
5285,66000,387130000C,(04)23274275,(04)23288582,2025,10,14,17,19,臺中市,北屯區,0,2,0,6,3,6,50,5,1,1,5,4,6,6,1,1,10,5,5,2,3,2,9,6,5,H01,8,16,7,21,10,17,,96,96,1,3,5,120.712554,24.168961,2
5286,66000,387130000C,(04)23274275,(04)23288582,2025,10,14,17,20,臺中市,北區,0,0,0,7,,,50,,,,,,,,,,,,,,17,,,,,C03,,,1,,2,14,,58,58,1,12,4,120.673175,24.166441,3
5287,66000,387130000C,(04)23274275,(04)23288582,2025,10,14,17,21,臺中市,西屯區,0,1,0,7,2,6,50,4,1,1,5,4,6,6,4,4,10,5,5,2,2,3,10,5,4,C03,7,9,1,10,2,12,,8,8,1,12,4,120.644697,24.17333,2
5288,66000,387130000C,(04)23274275,(04)23288582,2025,10,14,17,21,臺中市,西屯區,0,2,0,7,1,6,40,13,8,1,5,4,6,6,1,1,1,4,4,1,13,2,9,2,1,C03,7,9,1,10,2,11,,59,59,1,12,4,120.669196,24.177326,2
5289,66000,387130000C,(04)23274275,(04)23288582,2025,10,14,17,22,臺中市,龍井區,0,1,0,7,2,6,30,3,1,1,5,4,6,6,4,4,10,5,5,2,16,2,9,1,1,C03,7,9,1,10,2,11,,8,8,1,6,4,120.590094,24.179142,2
5290,66000,387130000C,(04)23274275,(04)23288582,2025,10,14,17,24,臺中市,豐原區,0,1,0,7,1,6,50,3,9,1,5,4,6,6,1,1,5,4,4,1,17,3,10,5,4,B03,7,7,1,8,2,1,,40,40,1,13,4,120.722485,24.253736,2
5291,66000,387130000C,(04)23274275,(04)23288582,2025,10,14,17,25,臺中市,北區,0,1,0,7,3,6,50,13,8,1,5,4,6,6,4,4,5,5,4,2,17,3,10,3,1,B03,7,13,1,8,2,4,,76,76,1,12,4,120.66795,24.170779,2
5292,66000,387130000C,(04)23274275,(04)23288582,2025,10,14,17,25,臺中市,大里區,0,3,0,7,2,6,40,13,11,1,5,4,6,6,4,4,3,4,5,1,12,2,9,5,4,C03,7,7,1,10,2,12,,84,84,1,12,4,120.690095,24.092939,2
5293,66000,387130000C,(04)23274275,(04)23288582,2025,10,14,17,25,臺中市,沙鹿區,0,1,0,7,1,6,70,3,1,1,5,4,6,6,4,4,1,4,5,2,17,3,10,3,1,B03,7,4,1,8,2,6,,47,47,1,12,4,120.598713,24.250014,2
5294,66000,387130000C,(04)23274275,(04)23288582,2025,10,14,17,26,臺中市,西屯區,0,0,0,7,,,30,,,,,,,,,,,,,,11,,,,,B03,,,1,,2,,,8,8,1,13,4,120.665479,24.169204,3
5295,66000,387130000C,(04)23274275,(04)23288582,2025,10,14,17,27,臺中市,大里區,0,0,0,7,,,50,,,,,,,,,,,,,,13,,,,,C03,,,1,,2,,,7,7,1,13,4,120.679791,24.095956,3
5296,66000,387130000C,(04)23274275,(04)23288582,2025,10,14,17,30,臺中市,北屯區,0,0,0,7,,,50,,,,,,,,,,,,,,17,,,,,C03,,,1,,1,,,84,84,1,6,4,120.673262,24.174253,3
5297,66000,387130000C,(04)23274275,(04)23288582,2025,10,14,17,30,臺中市,大甲區,0,1,0,7,1,6,30,3,2,1,5,4,6,6,4,4,10,5,5,2,3,3,10,5,4,B03,7,5,1,8,2,1,,84,84,1,6,4,120.618225,24.342488,2
5298,66000,387130000C,(04)23274275,(04)23288582,2025,10,14,17,34,臺中市,北屯區,0,1,0,7,3,6,50,4,1,1,5,4,6,6,1,1,5,5,5,2,17,2,9,1,1,C03,7,15,1,10,1,11,,26,26,1,12,4,120.689639,24.185458,2
5299,66000,387130000C,(04)23274275,(04)23288582,2025,10,14,17,34,臺中市,大里區,0,1,0,7,2,6,50,13,9,1,5,4,6,6,4,4,9,4,5,2,11,3,10,3,1,B12,7,1,1,8,2,4,,51,51,1,12,4,120.704427,24.107898,2
5300,66000,387130000C,(04)23274275,(04)23288582,2025,10,14,17,34,臺中市,大甲區,0,0,0,7,,,,,,,,,,,,,,,,,,,,,,,,,,,,,,8,8,1,,,120.615124,24.356744,4
5301,66000,387130000C,(04)23274275,(04)23288582,2025,10,14,17,40,臺中市,大雅區,0,0,0,7,,,0,,,,,,,,,,,,,,,,,,,B01,,,1,,1,,,51,51,1,11,4,120.646889,24.22203,3
5302,66000,387130000C,(04)23274275,(04)23288582,2025,10,14,17,40,臺中市,南屯區,0,0,0,7,,,50,,,,,,,,,,,,,,,,,,,B03,,,1,,1,,,40,40,1,12,4,120.638996,24.135178,3
5303,66000,387130000C,(04)23274275,(04)23288582,2025,10,14,17,41,臺中市,大甲區,0,1,0,7,3,6,50,3,1,1,5,4,6,6,1,1,10,5,5,2,17,3,10,1,1,C03,7,9,1,10,2,11,,7,7,1,6,4,120.620343,24.341945,2
5304,66000,387130000C,(04)23274275,(04)23288582,2025,10,14,17,42,臺中市,中區,0,0,0,7,,,50,,,,,,,,,,,,,,,,,,,B03,,,1,,1,,,49,49,1,6,4,120.678062,24.144736,3
5305,66000,387130000C,(04)23274275,(04)23288582,2025,10,14,17,42,臺中市,北屯區,0,0,0,7,,,50,,,,,,,,,,,,,,13,,,,,C03,,,1,,9,,,7,7,1,13,4,120.686211,24.188978,3
5306,66000,387130000C,(04)23274275,(04)23288582,2025,10,14,17,45,臺中市,北區,0,0,0,7,,,50,,,,,,,,,,,,,,13,,,,,B03,,,1,,2,,,7,7,1,13,4,120.682243,24.164901,3
5307,66000,387130000C,(04)23274275,(04)23288582,2025,10,14,17,49,臺中市,沙鹿區,0,0,0,6,,,30,,,,,,,,,,,,,,,,,,,B03,,,1,,2,,,8,8,1,13,4,120.57795,24.22145,3
5308,66000,387130000C,(04)23274275,(04)23288582,2025,10,14,17,50,臺中市,后里區,0,1,0,7,1,6,60,4,7,1,5,4,6,6,1,1,1,4,1,1,13,3,10,3,1,A31,7,9,1,1,2,1,,7,7,1,6,4,120.679612,24.301576,2
5309,66000,387130000C,(04)23274275,(04)23288582,2025,10,14,17,51,臺中市,北屯區,0,1,0,7,3,6,50,13,9,1,5,4,6,6,4,4,5,5,5,2,13,3,10,3,1,B03,7,1,1,8,1,1,,51,51,1,12,4,120.701896,24.18641,2
5310,66000,387130000C,(04)23274275,(04)23288582,2025,10,14,17,52,臺中市,南屯區,0,0,0,7,,,50,,,,,,,,,,,,,,12,,,,,B03,,,1,,2,,,8,8,1,12,4,120.643757,24.15663,3
5311,66000,387130000C,(04)23274275,(04)23288582,2025,10,14,17,52,臺中市,大里區,0,1,0,7,1,6,50,3,1,1,5,4,6,6,4,4,5,5,5,1,17,3,10,3,1,B03,7,9,1,8,2,1,,84,84,1,13,4,120.70864,24.084481,2
5312,66000,387130000C,(04)23274275,(04)23288582,2025,10,14,17,56,臺中市,太平區,0,0,0,7,,,50,,,,,,,,,,,,,,,,,,,B03,,,1,,1,,,7,7,1,13,4,120.710811,24.159009,3
5313,66000,387130000C,(04)23274275,(04)23288582,2025,10,14,17,57,臺中市,南區,0,0,0,7,,,50,,,,,,,,,,,,,,12,,,,,B03,,,1,,1,,,84,84,1,12,4,120.661266,24.122206,3
5314,66000,387130000C,(04)23274275,(04)23288582,2025,10,14,17,57,臺中市,西屯區,0,0,0,7,,,50,,,,,,,,,,,,,,12,,,,,C03,,,1,,9,,,11,11,1,12,4,120.651867,24.176133,3
5315,66000,387130000C,(04)23274275,(04)23288582,2025,10,14,17,58,臺中市,西區,0,0,0,7,,,50,,,,,,,,,,,,,,,,,,,B03,,,1,8,1,,,7,7,1,13,4,120.667365,24.131657,3
5316,66000,387130000C,(04)23274275,(04)23288582,2025,10,14,17,58,臺中市,霧峰區,0,2,0,7,1,6,30,3,1,1,5,4,6,6,4,4,10,5,5,1,9,2,9,6,5,H01,8,21,7,21,10,17,,109,109,1,12,5,120.671872,24.034445,2
5317,66000,387130000C,(04)23274275,(04)23288582,2025,10,14,17,58,臺中市,清水區,0,1,0,7,1,6,50,13,8,1,5,4,6,6,4,4,8,3,4,1,13,2,9,1,1,C03,7,9,1,10,2,11,,7,7,1,12,4,120.563651,24.265062,2
5318,66000,387130000C,(04)23274275,(04)23288582,2025,10,14,17,59,臺中市,大雅區,0,1,0,7,1,6,50,3,1,1,5,4,6,6,2,1,1,4,4,1,17,2,9,2,1,C03,7,6,1,10,2,11,,23,23,1,13,2,120.672756,24.215759,2
5319,66000,387130000C,(04)23274275,(04)23288582,2025,10,14,17,59,臺中市,西屯區,0,0,0,7,,3,80,,,,,,,,,,,,,,13,,,,,B03,,,1,,1,,,7,7,1,12,4,120.634948,24.179291,3
5320,66000,387130000C,(04)23274275,(04)23288582,2025,10,14,18,0,臺中市,龍井區,0,1,0,7,2,6,50,3,14,1,5,4,6,6,4,4,1,3,4,1,17,2,9,2,1,C03,7,3,1,10,2,12,,50,50,1,6,4,120.543916,24.189818,2
5321,66000,387130000C,(04)23274275,(04)23288582,2025,10,14,18,5,臺中市,北屯區,0,1,0,7,1,6,50,3,1,1,5,4,6,6,4,4,4,3,5,2,11,3,10,2,1,C03,7,6,1,10,2,11,12,39,39,1,13,4,120.695535,24.165325,2
5322,66000,387130000C,(04)23274275,(04)23288582,2025,10,14,18,5,臺中市,烏日區,0,2,0,7,1,6,50,4,1,1,5,4,6,6,1,1,10,5,5,2,15,2,9,1,1,C03,7,9,1,10,2,11,,21,21,1,6,4,120.619434,24.110113,2
5323,66000,387130000C,(04)23274275,(04)23288582,2025,10,14,18,6,臺中市,中區,0,0,0,7,,,50,,,,,,,,,,,,,,,,,,,B03,,,1,,2,,,8,8,1,12,4,120.68338,24.141003,3
5324,66000,387130000C,(04)23274275,(04)23288582,2025,10,14,18,10,臺中市,后里區,0,0,0,7,1,6,50,8,9,1,5,4,6,6,4,4,1,4,4,1,13,3,10,3,1,B03,7,9,1,8,2,1,,7,7,1,13,4,120.697893,24.312908,3
5325,66000,387130000C,(04)23274275,(04)23288582,2025,10,14,18,12,臺中市,南區,0,0,0,7,,,40,,,,,,,,,,,,,,17,,,,,C03,,,1,,1,,,84,84,1,13,4,120.681897,24.133974,4
5326,66000,387130000C,(04)23274275,(04)23288582,2025,10,14,18,13,臺中市,北區,0,2,0,7,1,6,50,13,9,1,5,4,6,6,4,4,1,4,5,2,17,2,9,1,1,C03,7,9,1,10,2,11,,7,7,1,12,4,120.672305,24.169531,2
5327,66000,387130000C,(04)23274275,(04)23288582,2025,10,14,18,13,臺中市,西屯區,0,1,0,7,2,6,50,13,9,1,5,4,6,6,4,4,1,4,5,2,16,3,10,5,4,B02,7,5,1,8,2,2,,20,20,1,12,4,120.646668,24.157772,2
5328,66000,387130000C,(04)23274275,(04)23288582,2025,10,14,18,20,臺中市,南區,0,1,0,7,1,6,50,4,1,1,5,4,6,6,4,4,10,5,5,2,15,2,9,2,1,C03,7,9,1,10,2,11,,15,15,1,12,4,120.670466,24.111963,2
5329,66000,387130000C,(04)23274275,(04)23288582,2025,10,14,18,20,臺中市,西屯區,0,1,0,7,1,6,50,4,1,1,5,4,6,6,1,1,10,5,5,2,3,3,10,5,4,B01,7,6,1,4,2,1,,10,10,1,13,4,120.642368,24.175274,2
5330,66000,387130000C,(04)23274275,(04)23288582,2025,10,14,18,22,臺中市,北屯區,0,0,0,7,,,50,,,,,,,,,,,,,,13,,,,,C03,,,1,10,1,,,7,7,1,12,4,120.668437,24.187926,3
5331,66000,387130000C,(04)23274275,(04)23288582,2025,10,14,18,25,臺中市,南區,0,0,0,7,1,6,50,13,7,1,5,4,6,6,4,4,1,4,5,2,17,3,10,1,1,C03,7,15,1,10,1,12,,84,84,1,12,4,120.672828,24.130051,3
5332,66000,387130000C,(04)23274275,(04)23288582,2025,10,14,18,25,臺中市,梧棲區,0,1,0,7,1,6,40,3,1,1,5,4,6,6,4,4,10,5,5,2,16,2,8,1,1,C03,7,5,1,10,2,12,,14,14,1,6,4,120.521013,24.245007,2
5333,66000,387130000C,(04)23274275,(04)23288582,2025,10,14,18,30,臺中市,大雅區,0,0,0,7,,,50,,,,,,,,,,,,,,,,,,,A41,,,1,,1,,,8,8,1,13,4,120.649752,24.221616,3
5334,66000,387130000C,(04)23274275,(04)23288582,2025,10,14,18,30,臺中市,西區,0,0,0,7,,,50,,,,,,,,,,,,,,,,,,,,,,,,,,,86,86,1,,,120.665086,24.153367,3
5335,66000,387130000C,(04)23274275,(04)23288582,2025,10,14,18,30,臺中市,清水區,0,2,0,7,1,6,30,4,1,1,5,4,6,6,4,4,9,4,5,2,15,2,9,1,1,C03,7,9,1,10,2,12,,15,15,1,12,4,120.576498,24.269601,2
5336,66000,387130000C,(04)23274275,(04)23288582,2025,10,14,18,30,臺中市,神岡區,0,1,0,7,1,6,50,4,1,1,5,4,6,6,4,4,5,4,4,1,16,2,9,1,4,C03,7,11,1,10,2,11,,45,45,1,12,4,120.671286,24.256154,2
5337,66000,387130000C,(04)23274275,(04)23288582,2025,10,14,18,34,臺中市,清水區,0,0,0,7,,,50,,,,,,,,,,,,,,,,,,,C03,,,2,,2,,,7,7,1,12,4,120.575061,24.282188,3
5338,66000,387130000C,(04)23274275,(04)23288582,2025,10,14,18,37,臺中市,北屯區,0,0,0,7,,3,80,,,,,,,,,,,,,,13,,,,,B03,,,1,8,1,,,7,7,1,6,4,120.721007,24.178225,3
5339,66000,387130000C,(04)23274275,(04)23288582,2025,10,14,18,37,臺中市,豐原區,0,1,0,7,1,6,50,4,1,1,5,4,6,6,1,1,10,5,5,2,16,3,10,3,1,B03,7,6,1,8,2,2,,11,11,1,13,4,120.711324,24.250664,2
5340,66000,387130000C,(04)23274275,(04)23288582,2025,10,14,18,38,臺中市,太平區,0,1,0,7,1,6,50,3,1,1,5,4,6,6,4,4,10,5,5,2,16,2,9,2,1,C03,7,9,1,10,2,11,,84,84,1,12,4,120.727218,24.134155,2
5341,66000,387130000C,(04)23274275,(04)23288582,2025,10,14,18,39,臺中市,龍井區,0,1,0,7,1,6,40,13,8,1,5,4,6,6,4,4,10,5,5,2,23,2,9,5,4,C03,7,9,6,20,2,11,,59,59,1,6,4,120.50472,24.205807,2
5342,66000,387130000C,(04)23274275,(04)23288582,2025,10,14,18,40,臺中市,南屯區,0,0,0,7,,,50,,,,,,,,,,,,,,13,,,,,C03,,,5,,1,,,7,7,1,12,4,120.652971,24.140127,3
5343,66000,387130000C,(04)23274275,(04)23288582,2025,10,14,18,41,臺中市,南屯區,0,1,0,7,2,6,50,13,9,1,5,4,6,6,4,4,5,4,5,2,16,3,10,3,1,B12,7,5,1,8,2,6,,84,84,1,12,4,120.645892,24.137583,2
5344,66000,387130000C,(04)23274275,(04)23288582,2025,10,14,18,44,臺中市,烏日區,0,2,0,7,1,6,50,3,1,1,5,4,6,6,4,4,1,4,4,2,12,2,4,3,1,B03,7,5,1,8,2,6,,39,39,1,9,4,120.615332,24.105995,2
5345,66000,387130000C,(04)23274275,(04)23288582,2025,10,14,18,44,臺中市,神岡區,0,1,0,7,1,6,50,13,9,1,5,4,6,6,4,4,1,4,5,1,13,3,10,5,4,B03,7,9,1,8,2,1,,7,7,1,13,4,120.664677,24.273316,2
5346,66000,387130000C,(04)23274275,(04)23288582,2025,10,14,18,45,臺中市,南屯區,0,0,0,7,,,40,,,,,,,,,,,,,,12,,,,,B03,,,1,,1,,,51,51,1,12,4,120.63405,24.158576,4
5347,66000,387130000C,(04)23274275,(04)23288582,2025,10,14,18,47,臺中市,西區,0,0,0,7,,,50,,,,,,,,,,,,,,13,,,,,B03,,,1,8,1,,,84,84,1,13,4,120.670963,24.150278,3
5348,66000,387130000C,(04)23274275,(04)23288582,2025,10,14,18,47,臺中市,東區,0,2,0,7,1,6,50,4,1,1,5,4,6,6,1,1,9,5,5,2,9,2,8,1,1,C03,7,9,1,10,2,11,,7,7,1,12,4,120.710384,24.149742,2
5349,66000,387130000C,(04)23274275,(04)23288582,2025,10,14,18,48,臺中市,潭子區,0,2,0,7,1,6,50,4,1,1,5,4,6,6,4,4,5,4,5,1,17,3,10,1,1,C03,7,6,1,10,2,12,,14,14,1,12,4,120.700148,24.221868,2
5350,66000,387130000C,(04)23274275,(04)23288582,2025,10,14,18,50,臺中市,北屯區,0,1,0,7,3,6,50,4,1,1,5,4,6,6,1,1,10,5,5,2,17,2,9,1,1,C03,7,6,1,10,2,14,,48,48,1,6,4,120.681436,24.17635,2
5351,66000,387130000C,(04)23274275,(04)23288582,2025,10,14,18,52,臺中市,太平區,0,0,0,7,,,40,,,,,,,,,,,,,,,,,,,B11,,,1,,1,,,49,49,1,12,4,120.715589,24.150765,3
5352,66000,387130000C,(04)23274275,(04)23288582,2025,10,14,18,53,臺中市,西區,0,0,0,7,,,50,,,,,,,,,,,,,,,,,,,C03,,,1,10,1,,,7,7,1,13,4,120.657014,24.138405,3
5353,66000,387130000C,(04)23274275,(04)23288582,2025,10,14,18,55,臺中市,北屯區,0,0,0,7,,,50,,,,,,,,,,,,,,16,,,,,B03,,,4,,1,,,11,11,1,13,4,120.724673,24.169357,3
5354,66000,387130000C,(04)23274275,(04)23288582,2025,10,14,18,56,臺中市,北屯區,0,0,0,7,,,50,,,,,,,,,,,,,,,,,,,B03,,,1,,1,,,87,87,1,12,4,120.689296,24.163147,4
5355,66000,387130000C,(04)23274275,(04)23288582,2025,10,14,19,0,臺中市,南屯區,0,0,0,7,,,50,,,,,,,,,,,,,,,,,,,B03,,,1,,1,,,59,59,1,12,4,120.63423,24.144422,3
5356,66000,387130000C,(04)23274275,(04)23288582,2025,10,14,19,0,臺中市,西屯區,0,0,0,7,,,30,,,,,,,,,,,,,,17,,,,,B03,,,1,,1,,,87,87,1,13,4,120.650865,24.164867,3
5357,66000,387130000C,(04)23274275,(04)23288582,2025,10,14,19,1,臺中市,外埔區,0,1,0,7,1,6,50,3,2,1,5,4,3,6,4,4,5,4,4,1,13,3,10,3,1,B12,7,14,1,8,2,3,,77,77,1,6,4,120.661822,24.323609,2
5358,66000,387130000C,(04)23274275,(04)23288582,2025,10,14,19,5,臺中市,北區,0,0,0,7,,,50,,,,,,,,,,,,,,12,,,,,B03,,,1,,1,,,84,84,1,12,4,120.686252,24.15482,3
5359,66000,387130000C,(04)23274275,(04)23288582,2025,10,14,19,10,臺中市,西區,0,1,0,7,1,6,50,4,1,1,5,4,6,6,1,1,9,5,5,1,13,2,9,1,1,C03,7,6,1,10,2,14,,84,84,1,13,4,120.662572,24.163561,2
5360,66000,387130000C,(04)23274275,(04)23288582,2025,10,14,19,12,臺中市,東區,0,0,0,7,,,50,,,,,,,,,,,,,,16,,,,,B03,,,1,,1,,,84,84,1,13,4,120.686426,24.1361,3
5361,66000,387130000C,(04)23274275,(04)23288582,2025,10,14,19,15,臺中市,北屯區,0,0,0,7,,,30,,,,,,,,,,,,,,14,,,,,B13,,,1,,1,,,49,49,1,6,4,120.700502,24.171007,4
5362,66000,387130000C,(04)23274275,(04)23288582,2025,10,14,19,15,臺中市,西屯區,0,0,0,7,,,50,,,,,,,,,,,,,,14,,,,,B03,,,1,,2,,,49,49,1,12,4,120.650912,24.206199,3
5363,66000,387130000C,(04)23274275,(04)23288582,2025,10,14,19,30,臺中市,西區,0,1,0,7,1,6,50,5,1,1,5,4,6,6,1,1,10,5,5,2,16,3,10,3,1,B03,7,6,1,8,2,6,,25,25,1,6,4,120.680119,24.13497,2
5364,66000,387130000C,(04)23274275,(04)23288582,2025,10,14,19,34,臺中市,南屯區,0,0,0,7,,,50,,,,,,,,,,,,,,13,,,,,B03,,,1,,1,,,84,84,1,12,4,120.649551,24.151214,3
5365,66000,387130000C,(04)23274275,(04)23288582,2025,10,14,19,36,臺中市,北區,0,1,0,7,1,6,50,4,1,1,5,4,6,6,1,1,10,5,5,2,16,3,10,3,1,B03,7,5,1,8,2,6,,39,39,1,12,4,120.677486,24.151043,2
5366,66000,387130000C,(04)23274275,(04)23288582,2025,10,14,19,36,臺中市,太平區,0,0,0,7,,3,80,,,,,,,,,,,,,,13,,,,,B03,,,1,,1,,,7,7,1,12,4,120.714097,24.14843,3
5367,66000,387130000C,(04)23274275,(04)23288582,2025,10,14,19,54,臺中市,北屯區,0,1,0,6,1,6,50,13,9,1,5,4,6,6,4,4,9,5,5,2,16,3,10,1,1,C03,7,9,5,19,2,12,,26,26,1,6,4,120.681472,24.173695,2
5368,66000,387130000C,(04)23274275,(04)23288582,2025,10,14,19,57,臺中市,南屯區,0,2,0,7,1,6,50,13,9,1,5,4,6,6,4,4,5,4,5,2,17,3,10,3,1,B03,7,9,1,8,2,2,,84,84,1,12,4,120.636254,24.135805,2
5369,66000,387130000C,(04)23274275,(04)23288582,2025,10,14,19,58,臺中市,沙鹿區,0,1,0,7,1,6,50,4,1,1,5,4,6,6,4,4,10,5,5,2,17,2,9,1,1,C03,7,11,1,10,2,12,,84,84,1,12,4,120.573776,24.227031,2
5370,66000,387130000C,(04)23274275,(04)23288582,2025,10,14,20,0,臺中市,西屯區,0,1,0,7,1,6,50,13,9,1,5,4,6,6,4,4,5,2,5,2,13,2,9,1,1,C03,7,9,1,10,1,11,,7,7,1,12,4,120.61699,24.183385,2
5371,66000,387130000C,(04)23274275,(04)23288582,2025,10,14,20,4,臺中市,南屯區,0,0,0,7,3,6,40,13,9,1,5,4,6,6,4,4,1,2,,2,12,,,,,B01,,,1,,1,,,39,39,1,6,4,120.622951,24.13557,3
5372,66000,387130000C,(04)23274275,(04)23288582,2025,10,14,20,5,臺中市,北屯區,0,0,0,7,,,50,,,,,,,,,,,,,,9,,,,,B03,,,1,,1,,,50,50,1,6,4,120.691658,24.170153,3
5373,66000,387130000C,(04)23274275,(04)23288582,2025,10,14,20,5,臺中市,后里區,0,0,0,7,1,6,30,4,2,1,5,4,6,6,4,4,10,5,5,1,17,3,10,3,1,B03,7,5,1,8,2,2,,8,8,1,12,4,120.706737,24.305217,3
5374,66000,387130000C,(04)23274275,(04)23288582,2025,10,14,20,10,臺中市,南屯區,0,0,0,7,,,50,,,,,,,,,,,,,,17,,,,,B03,,,1,,10,,,87,87,1,12,4,120.626087,24.145931,3
5375,66000,387130000C,(04)23274275,(04)23288582,2025,10,14,20,17,臺中市,西屯區,0,0,0,7,,,60,,,,,,,,,,,,,,13,,,,,B03,,,1,,1,,,59,59,1,12,4,120.652531,24.160989,3
5376,66000,387130000C,(04)23274275,(04)23288582,2025,10,14,20,19,臺中市,豐原區,0,1,0,7,1,6,50,4,1,1,5,4,6,6,2,1,1,2,4,2,13,2,8,1,1,F03,7,9,7,21,2,11,,58,58,1,13,4,120.720963,24.251722,2
5377,66000,387130000C,(04)23274275,(04)23288582,2025,10,14,20,25,臺中市,大雅區,0,4,0,7,3,6,50,4,2,1,5,4,6,6,4,4,5,2,5,1,17,2,9,1,1,C03,7,6,3,19,2,13,,14,14,1,12,4,120.656763,24.225778,2
5378,66000,387130000C,(04)23274275,(04)23288582,2025,10,14,20,25,臺中市,豐原區,0,0,0,7,,,50,,,,,,,,,,,,,,,,,,,B03,,,1,,2,,,56,56,1,13,4,120.726503,24.251857,3
5379,66000,387130000C,(04)23274275,(04)23288582,2025,10,14,20,35,臺中市,龍井區,0,2,0,7,1,6,50,13,9,1,5,4,5,6,4,4,9,5,5,1,13,2,8,1,1,C03,7,9,1,10,2,11,,7,7,1,6,4,120.583062,24.179004,2
5380,66000,387130000C,(04)23274275,(04)23288582,2025,10,14,20,38,臺中市,大里區,0,0,0,7,2,6,50,13,14,1,5,4,6,6,4,4,1,4,4,1,17,,,,,B03,,,1,,1,,,50,50,1,6,4,120.693512,24.090244,3
5381,66000,387130000C,(04)23274275,(04)23288582,2025,10,14,20,46,臺中市,西區,0,2,0,7,1,6,50,11,9,1,5,4,6,6,4,4,1,5,5,1,12,2,9,1,1,C03,7,5,1,10,2,11,,84,84,1,13,4,120.658986,24.156693,2
5382,66000,387130000C,(04)23274275,(04)23288582,2025,10,14,20,49,臺中市,烏日區,0,0,0,7,1,6,50,13,9,1,5,4,6,6,4,4,5,5,5,2,13,3,10,3,1,B03,7,9,1,8,1,1,,84,84,1,6,4,120.627843,24.107811,3
5383,66000,387130000C,(04)23274275,(04)23288582,2025,10,14,20,51,臺中市,南屯區,0,2,0,7,1,6,50,5,1,1,5,4,6,6,1,1,10,5,5,2,17,2,9,2,1,C03,7,6,1,10,2,11,,11,11,1,12,4,120.631154,24.122304,2