序號,縣市別代碼,機關代碼,市話,傳真,年,月,日,時,分,縣市,區,死亡數量,受傷數量,2-30,天候,道路照明設備,道路類別,道路速限,道路型態,事故位置,路面鋪裝,路面狀態,路面缺陷,障礙物,視距,號誌種類,號誌動作,分向設施,快車道或一般車道間,快慢車道間,路面邊線,事故類型及型態,受傷程度,主要傷處,保護裝備,行動電話或功能裝置,當事者區分(類別),車輛用途,當事者行動狀態,駕照狀態,駕照種類,飲酒情形,車輛撞擊部位最初,車輛撞擊部位其他,肇事因素個別,肇事因素主要,肇事逃逸,職業,共享經濟或外送平台,GPS座標X,GPS座標Y,事故類別
5384,66000,387130000C,(04)23274275,(04)23288582,2025,10,14,20,52,臺中市,西區,0,2,0,7,1,6,50,4,1,1,5,4,6,6,4,4,5,4,4,2,17,3,10,3,1,B03,7,11,1,8,2,5,,45,45,1,12,4,120.67031,24.138218,2
5385,66000,387130000C,(04)23274275,(04)23288582,2025,10,14,21,8,臺中市,潭子區,0,1,0,7,1,6,50,4,2,1,5,4,6,6,4,4,5,4,4,2,12,2,9,2,1,C03,7,5,1,10,2,13,,13,13,1,12,4,120.6765,24.205336,2
5386,66000,387130000C,(04)23274275,(04)23288582,2025,10,14,21,12,臺中市,西屯區,0,0,0,7,,,50,,,,,,,,,,,,,,,,,,,B03,,,1,,1,,,8,8,1,13,4,120.667062,24.173015,3
5387,66000,387130000C,(04)23274275,(04)23288582,2025,10,14,21,13,臺中市,梧棲區,0,0,0,7,,,50,,,,,,,,,,,,,,13,,,,,C03,,,1,,2,,,59,59,1,6,4,120.536582,24.252512,3
5388,66000,387130000C,(04)23274275,(04)23288582,2025,10,14,21,15,臺中市,西屯區,0,1,0,7,1,6,30,4,1,1,5,4,6,6,4,4,10,5,5,2,3,3,10,5,4,B01,7,6,1,4,2,1,,85,85,1,13,4,120.642201,24.169817,2
5389,66000,387130000C,(04)23274275,(04)23288582,2025,10,14,21,23,臺中市,南屯區,0,0,0,7,,,50,,,,,,,,,,,,,,17,,,,,C03,,,3,,1,,,8,8,1,12,4,120.646802,24.146809,3
5390,66000,387130000C,(04)23274275,(04)23288582,2025,10,14,21,24,臺中市,東區,0,2,0,7,1,6,50,3,1,1,5,4,6,6,1,1,10,5,5,2,13,2,9,2,1,C03,7,9,1,10,2,15,,8,8,1,12,4,120.695384,24.147902,2
5391,66000,387130000C,(04)23274275,(04)23288582,2025,10,14,21,32,臺中市,沙鹿區,0,0,0,6,,,50,,,,,,,,,,,,,,,,,,,B03,,,1,,6,,,8,8,1,13,4,120.561447,24.242624,3
5392,66000,387130000C,(04)23274275,(04)23288582,2025,10,14,21,37,臺中市,大里區,0,0,0,7,,,50,,,,,,,,,,,,,,15,,,,,F01,,,1,,2,,,51,51,1,13,4,120.685417,24.100546,4
5393,66000,387130000C,(04)23274275,(04)23288582,2025,10,14,21,41,臺中市,北屯區,0,0,0,7,,3,80,,,,,,,,,,,,,,17,,,,,C03,,,1,,2,,,87,87,1,6,4,120.692299,24.200912,3
5394,66000,387130000C,(04)23274275,(04)23288582,2025,10,14,21,45,臺中市,神岡區,0,0,0,7,,,50,,,,,,,,,,,,,,13,,,,,B03,,,1,,1,,,59,59,1,13,4,120.700411,24.274054,3
5395,66000,387130000C,(04)23274275,(04)23288582,2025,10,14,21,50,臺中市,沙鹿區,0,0,0,7,,,50,,,,,,,,,,,,,,13,,,,,B03,,,1,,1,,,7,7,1,12,4,120.551955,24.229971,4
5396,66000,387130000C,(04)23274275,(04)23288582,2025,10,14,21,51,臺中市,西屯區,0,0,0,7,,,50,,,,,,,,,,,,,,14,,,,,B12,,,1,,9,,,49,49,1,13,4,120.663771,24.178308,3
5397,66000,387130000C,(04)23274275,(04)23288582,2025,10,14,22,15,臺中市,北區,0,2,0,7,1,6,50,4,2,1,5,4,6,6,1,1,3,2,4,2,17,2,9,5,4,C03,7,15,1,10,2,12,,8,8,1,13,4,120.676534,24.15769,2
5398,66000,387130000C,(04)23274275,(04)23288582,2025,10,14,22,17,臺中市,北屯區,0,0,0,7,,3,80,,,,,,,,,,,,,,17,,,,,B03,,,1,,2,,,87,87,1,6,4,120.692835,24.201088,3
5399,66000,387130000C,(04)23274275,(04)23288582,2025,10,14,22,34,臺中市,北屯區,0,0,0,7,,,50,,,,,,,,,,,,,,17,,,,,C03,,,3,,2,,,71,71,1,12,4,120.66609,24.186254,3
5400,66000,387130000C,(04)23274275,(04)23288582,2025,10,14,22,40,臺中市,北屯區,0,0,0,7,,3,80,,,,,,,,,,,,,,17,,,,,B03,,,1,,2,,,87,87,1,6,4,120.692964,24.200912,3
5401,66000,387130000C,(04)23274275,(04)23288582,2025,10,14,22,40,臺中市,霧峰區,0,1,0,7,1,6,30,13,9,1,5,4,6,6,4,4,10,5,5,2,13,2,9,1,1,C03,7,14,1,10,2,11,,59,59,1,5,4,120.710868,24.080021,2
5402,66000,387130000C,(04)23274275,(04)23288582,2025,10,14,22,48,臺中市,大肚區,0,1,0,7,1,6,40,4,1,1,5,4,6,6,1,1,10,5,5,2,16,2,9,2,1,C03,7,9,1,10,2,11,,21,21,1,6,4,120.558169,24.127214,2
5403,66000,387130000C,(04)23274275,(04)23288582,2025,10,14,23,6,臺中市,大雅區,0,0,0,7,,,50,,,,,,,,,,,,,,,,,,,C03,,,1,,1,,,50,50,1,12,4,120.645607,24.225788,3
5404,66000,387130000C,(04)23274275,(04)23288582,2025,10,14,23,25,臺中市,梧棲區,0,1,0,7,1,6,50,13,9,1,5,4,6,6,4,4,1,4,5,2,13,2,1,3,1,B03,7,9,1,8,2,5,,59,59,1,6,4,120.528228,24.245904,2
5405,66000,387130000C,(04)23274275,(04)23288582,2025,10,15,0,18,臺中市,西屯區,0,2,0,7,2,6,50,4,1,1,5,4,6,6,2,1,10,5,5,2,13,2,9,5,4,C03,7,9,1,10,2,11,,7,7,1,13,4,120.649584,24.162757,2
5406,66000,387130000C,(04)23274275,(04)23288582,2025,10,15,0,46,臺中市,南區,0,2,0,7,1,6,50,4,1,1,5,4,6,6,3,1,9,4,5,2,15,2,9,1,1,C03,7,9,1,10,2,11,14,20,20,1,12,4,120.684227,24.124916,2
5407,66000,387130000C,(04)23274275,(04)23288582,2025,10,15,0,49,臺中市,西屯區,0,0,0,7,,,50,,,,,,,,,,,,,,13,,,,,B12,,,1,,2,,,59,59,1,13,4,120.65724,24.196819,3
5408,66000,387130000C,(04)23274275,(04)23288582,2025,10,15,1,45,臺中市,龍井區,0,0,0,7,1,6,50,13,9,1,5,4,6,6,4,4,5,5,5,2,14,,,,,B01,,,1,,1,,,49,49,1,6,4,120.592787,24.181897,3
5409,66000,387130000C,(04)23274275,(04)23288582,2025,10,15,3,51,臺中市,大里區,0,1,0,7,1,6,50,4,1,1,5,4,6,6,1,1,5,5,5,2,15,3,10,3,1,A11,7,9,1,8,2,6,,21,21,1,13,4,120.697149,24.102421,2
5410,66000,387130000C,(04)23274275,(04)23288582,2025,10,15,3,58,臺中市,中區,0,0,0,7,1,6,50,4,1,1,5,4,6,6,2,1,10,5,5,2,10,3,10,3,1,B03,7,9,4,21,8,1,,26,26,1,12,4,120.681818,24.14026,3
5411,66000,387130000C,(04)23274275,(04)23288582,2025,10,15,6,20,臺中市,后里區,0,0,0,7,2,6,0,13,14,1,5,4,6,6,4,4,9,5,5,1,14,3,10,3,1,B03,7,2,1,8,1,3,,49,49,1,12,4,120.726357,24.309244,3
5412,66000,387130000C,(04)23274275,(04)23288582,2025,10,15,6,56,臺中市,東區,0,0,0,7,,,50,,,,,,,,,,,,,,16,,,,,B03,,,1,8,1,,,11,11,1,12,4,120.701504,24.14022,4
5413,66000,387130000C,(04)23274275,(04)23288582,2025,10,15,6,57,臺中市,太平區,0,1,0,7,3,6,50,13,7,1,5,4,6,6,4,4,4,4,5,2,12,2,9,1,1,F02,7,8,7,21,2,11,,40,40,1,6,4,120.71243,24.12594,2
5414,66000,387130000C,(04)23274275,(04)23288582,2025,10,15,6,59,臺中市,大里區,0,2,0,7,2,6,50,13,9,1,5,4,6,6,4,4,5,4,5,2,17,2,9,1,1,C03,7,4,3,19,2,11,,84,84,1,12,4,120.696123,24.111251,2
5415,66000,387130000C,(04)23274275,(04)23288582,2025,10,15,7,7,臺中市,豐原區,0,0,0,7,,,50,,,,,,,,,,,,,,17,,,,,B03,,,1,,2,,,40,40,1,12,4,120.745282,24.264849,3
5416,66000,387130000C,(04)23274275,(04)23288582,2025,10,15,7,13,臺中市,潭子區,0,0,0,7,,3,40,,,,,,,,,,,,,,,,,,,B03,,,1,,2,,,7,7,1,12,4,120.706253,24.216361,3
5417,66000,387130000C,(04)23274275,(04)23288582,2025,10,15,7,14,臺中市,北屯區,0,1,0,7,3,6,50,4,2,1,5,4,6,6,4,4,5,5,5,2,17,2,3,1,1,C03,7,9,1,10,2,11,,84,84,1,12,4,120.680364,24.179335,2
5418,66000,387130000C,(04)23274275,(04)23288582,2025,10,15,7,14,臺中市,梧棲區,0,0,0,7,,,50,,,,,,,,,,,,,,12,,,,,B03,,,1,,2,,,8,8,1,12,4,120.531524,24.255127,3
5419,66000,387130000C,(04)23274275,(04)23288582,2025,10,15,7,15,臺中市,龍井區,0,1,0,7,2,6,50,13,9,1,5,4,6,6,4,4,5,5,5,1,12,3,10,3,1,B03,7,9,1,8,2,5,,7,7,1,12,4,120.52343,24.203617,2
5420,66000,387130000C,(04)23274275,(04)23288582,2025,10,15,7,17,臺中市,沙鹿區,0,1,0,7,2,6,40,13,8,1,5,4,6,6,4,4,1,4,4,2,17,2,8,2,1,C03,7,1,1,10,2,14,,51,51,1,6,4,120.56963,24.219092,2
5421,66000,387130000C,(04)23274275,(04)23288582,2025,10,15,7,19,臺中市,潭子區,0,2,0,7,2,6,50,11,9,1,5,4,6,6,4,4,10,5,5,1,20,2,9,2,1,C03,7,9,1,10,7,11,,59,59,1,13,4,120.712002,24.193764,2
5422,66000,387130000C,(04)23274275,(04)23288582,2025,10,15,7,19,臺中市,東勢區,0,1,0,7,2,6,50,4,1,1,5,4,6,6,3,1,10,5,5,2,17,2,9,2,1,C03,7,9,1,10,2,11,,24,24,1,12,4,120.838537,24.219439,2
5423,66000,387130000C,(04)23274275,(04)23288582,2025,10,15,7,20,臺中市,龍井區,0,0,0,7,,,50,,,,,,,,,,,,,,,,,,,A41,,,1,,1,,,7,7,1,12,4,120.507026,24.202005,3
5424,66000,387130000C,(04)23274275,(04)23288582,2025,10,15,7,21,臺中市,豐原區,0,1,0,7,2,6,30,3,1,1,5,4,6,6,4,4,10,5,5,2,16,3,10,5,4,B03,7,6,1,8,2,8,,84,84,1,12,4,120.725156,24.258813,2
5425,66000,387130000C,(04)23274275,(04)23288582,2025,10,15,7,22,臺中市,西屯區,0,1,0,7,2,6,50,3,1,1,5,4,6,6,4,4,10,5,5,2,13,2,9,2,4,C03,7,9,1,10,2,11,,7,7,1,12,4,120.608171,24.197542,2
5426,66000,387130000C,(04)23274275,(04)23288582,2025,10,15,7,25,臺中市,太平區,0,0,0,7,,,50,,,,,,,,,,,,,,2,,,,,C03,,,1,,2,,,7,7,1,12,4,120.702016,24.154066,3
5427,66000,387130000C,(04)23274275,(04)23288582,2025,10,15,7,29,臺中市,豐原區,0,1,0,7,1,6,50,4,1,1,5,4,6,6,2,1,1,4,5,1,3,3,10,5,4,B03,7,6,1,8,2,1,,10,10,1,12,4,120.723621,24.24477,2
5428,66000,387130000C,(04)23274275,(04)23288582,2025,10,15,7,30,臺中市,霧峰區,0,0,0,7,,,50,,,,,,,,,,,,,,,,,,,,,,,,,,,86,86,1,,,120.697176,24.055786,3
5429,66000,387130000C,(04)23274275,(04)23288582,2025,10,15,7,31,臺中市,潭子區,0,1,0,7,3,6,50,13,7,1,5,4,6,6,4,4,5,4,4,2,17,2,9,2,1,C03,7,9,1,10,2,12,,8,8,1,13,4,120.675191,24.203114,2
5430,66000,387130000C,(04)23274275,(04)23288582,2025,10,15,7,34,臺中市,大里區,0,1,0,7,2,6,40,3,1,1,5,4,6,6,1,1,5,5,4,2,13,2,8,1,1,C03,7,9,1,10,2,11,,7,7,1,13,4,120.693625,24.114158,2
5431,66000,387130000C,(04)23274275,(04)23288582,2025,10,15,7,36,臺中市,霧峰區,0,0,0,7,,,60,,,,,,,,,,,,,,,,,,,C03,,,1,,2,,,84,84,1,13,4,120.691879,24.043395,3
5432,66000,387130000C,(04)23274275,(04)23288582,2025,10,15,7,36,臺中市,大甲區,0,0,0,7,,,50,,,,,,,,,,,,,,13,,,,,B03,,,1,,1,,,7,7,1,6,4,120.623528,24.352712,3
5433,66000,387130000C,(04)23274275,(04)23288582,2025,10,15,7,40,臺中市,西屯區,0,0,0,7,,,50,,,,,,,,,,,,,,12,,,,,B03,,,1,,2,,,51,51,1,13,4,120.626252,24.183185,3
5434,66000,387130000C,(04)23274275,(04)23288582,2025,10,15,7,40,臺中市,太平區,0,2,0,7,2,6,50,4,1,1,5,4,6,6,1,1,10,5,5,1,15,2,9,2,1,C03,7,9,1,10,2,11,,21,21,1,12,4,120.718837,24.148894,2
5435,66000,387130000C,(04)23274275,(04)23288582,2025,10,15,7,42,臺中市,潭子區,0,0,0,7,,,50,,,,,,,,,,,,,,,,,,,A41,,,1,,1,,,7,7,1,12,4,120.702037,24.200944,4
5436,66000,387130000C,(04)23274275,(04)23288582,2025,10,15,7,42,臺中市,梧棲區,0,1,0,7,3,6,50,3,1,1,5,4,6,6,1,1,10,5,5,2,16,2,9,1,1,C03,7,6,1,10,2,13,,48,48,1,6,4,120.552508,24.256869,2
5437,66000,387130000C,(04)23274275,(04)23288582,2025,10,15,7,43,臺中市,南區,0,2,0,7,3,6,50,3,1,1,5,4,6,6,3,1,10,5,5,2,16,2,9,2,1,C03,7,6,3,19,2,12,,14,14,1,13,4,120.664605,24.124464,2
5438,66000,387130000C,(04)23274275,(04)23288582,2025,10,15,7,43,臺中市,北屯區,0,0,0,7,,,50,,,,,,,,,,,,,,13,,,,,B03,,,1,,1,,,59,59,1,12,4,120.685449,24.173934,3
5439,66000,387130000C,(04)23274275,(04)23288582,2025,10,15,7,43,臺中市,大里區,0,1,0,7,2,6,50,4,1,1,5,4,6,6,1,1,10,5,5,1,16,3,10,3,1,B03,7,6,1,8,2,5,,11,11,1,12,4,120.689178,24.119375,2
5440,66000,387130000C,(04)23274275,(04)23288582,2025,10,15,7,44,臺中市,北區,0,1,0,7,2,6,30,3,1,1,5,4,6,6,4,4,10,5,5,2,17,3,10,5,1,C03,7,6,3,19,2,14,,14,14,1,13,4,120.678567,24.162728,2
5441,66000,387130000C,(04)23274275,(04)23288582,2025,10,15,7,44,臺中市,龍井區,0,0,0,7,,,40,,,,,,,,,,,,,,,,,,,B12,,,1,,2,,,51,51,1,12,4,120.507933,24.214591,3
5442,66000,387130000C,(04)23274275,(04)23288582,2025,10,15,7,45,臺中市,北屯區,0,0,0,7,,,50,,,,,,,,,,,,,,17,,,,,B03,,,1,,1,,,84,84,1,12,4,120.722817,24.181661,3
5443,66000,387130000C,(04)23274275,(04)23288582,2025,10,15,7,45,臺中市,西屯區,0,0,0,7,,,30,,,,,,,,,,,,,,17,,,,,B03,,,1,,1,,,84,84,1,13,4,120.64244,24.171211,4
5444,66000,387130000C,(04)23274275,(04)23288582,2025,10,15,7,47,臺中市,北屯區,0,0,0,7,,,50,,,,,,,,,,,,,,16,,,,,B03,,,1,,2,,,84,84,1,6,4,120.669411,24.177321,3
5445,66000,387130000C,(04)23274275,(04)23288582,2025,10,15,7,47,臺中市,西屯區,0,0,0,7,,,0,,,,,,,,,,,,,,,,,,,C03,,,1,,1,,,59,59,1,12,4,120.645519,24.184901,3
5446,66000,387130000C,(04)23274275,(04)23288582,2025,10,15,7,47,臺中市,西屯區,0,2,0,7,3,6,50,4,8,1,5,4,6,6,1,1,1,4,1,2,15,2,9,5,4,C03,7,9,1,10,2,12,,21,21,1,12,4,120.653258,24.160817,2
5447,66000,387130000C,(04)23274275,(04)23288582,2025,10,15,7,48,臺中市,北區,0,0,0,7,3,6,50,13,24,1,5,4,6,6,4,4,2,4,5,2,17,,,,,C03,,,1,,1,,,7,7,1,13,4,120.682258,24.145335,3
5448,66000,387130000C,(04)23274275,(04)23288582,2025,10,15,7,48,臺中市,北屯區,0,1,0,7,3,6,30,3,1,1,5,4,6,6,4,4,10,5,5,2,16,3,10,3,1,B03,7,6,1,8,2,1,,14,14,1,12,4,120.695786,24.162983,2
5449,66000,387130000C,(04)23274275,(04)23288582,2025,10,15,7,50,臺中市,北區,0,1,0,7,2,6,50,5,1,1,5,4,6,6,1,1,10,5,5,2,18,2,9,5,4,C03,7,12,1,10,2,14,,84,84,1,13,4,120.686418,24.155158,2
5450,66000,387130000C,(04)23274275,(04)23288582,2025,10,15,7,50,臺中市,西屯區,0,0,0,7,,,30,,,,,,,,,,,,,,10,,,,,C03,,,1,,1,,,84,84,1,13,4,120.629513,24.199024,3
5451,66000,387130000C,(04)23274275,(04)23288582,2025,10,15,7,51,臺中市,北區,0,0,0,7,,,50,,,,,,,,,,,,,,17,,,,,B12,,,1,,1,,,42,42,1,13,4,120.674027,24.164962,3
5452,66000,387130000C,(04)23274275,(04)23288582,2025,10,15,7,51,臺中市,南屯區,0,0,0,7,,,50,,,,,,,,,,,,,,17,,,,,C03,,,1,,1,,,58,58,1,12,4,120.623421,24.15191,3
5453,66000,387130000C,(04)23274275,(04)23288582,2025,10,15,7,54,臺中市,北屯區,0,0,0,7,,,50,,,,,,,,,,,,,,12,,,,,B03,,,1,,2,,,87,87,1,6,4,120.699369,24.163401,4
5454,66000,387130000C,(04)23274275,(04)23288582,2025,10,15,7,55,臺中市,南區,0,3,0,7,1,6,50,13,8,1,5,4,6,6,4,4,1,4,4,2,13,3,10,5,4,C03,7,9,1,10,2,11,,7,7,1,13,4,120.652002,24.118868,2
5455,66000,387130000C,(04)23274275,(04)23288582,2025,10,15,7,55,臺中市,北屯區,0,1,0,7,3,6,50,3,2,1,5,4,6,6,1,1,1,2,5,2,13,3,10,1,1,C03,7,9,1,10,2,11,,7,7,1,12,4,120.69824,24.173264,2
5456,66000,387130000C,(04)23274275,(04)23288582,2025,10,15,7,56,臺中市,北屯區,0,0,0,7,,,50,,,,,,,,,,,,,,12,,,,,C03,,,1,,1,,,40,40,1,12,4,120.694303,24.165206,3
5457,66000,387130000C,(04)23274275,(04)23288582,2025,10,15,7,58,臺中市,中區,0,0,0,7,,,50,,,,,,,,,,,,,,13,,,,,B03,,,1,,1,,,84,84,1,12,4,120.675975,24.141326,3
5458,66000,387130000C,(04)23274275,(04)23288582,2025,10,15,7,58,臺中市,大里區,0,0,0,7,,,50,,,,,,,,,,,,,,,,,,,B03,,,1,,1,,,50,50,1,12,4,120.673664,24.114959,3
5459,66000,387130000C,(04)23274275,(04)23288582,2025,10,15,7,59,臺中市,北屯區,0,1,0,7,2,6,50,13,7,1,5,4,6,6,4,4,9,5,4,2,3,3,10,1,1,C03,7,9,1,10,2,11,,58,58,1,12,4,120.687667,24.17567,2
5460,66000,387130000C,(04)23274275,(04)23288582,2025,10,15,7,59,臺中市,北屯區,0,0,0,7,,,50,,,,,,,,,,,,,,12,,,,,B12,,,3,,2,,,8,8,1,6,4,120.69394,24.183259,3
5461,66000,387130000C,(04)23274275,(04)23288582,2025,10,15,8,0,臺中市,烏日區,0,1,0,7,2,6,50,3,1,1,5,4,6,6,4,4,1,5,5,1,17,2,9,1,1,C03,7,5,1,10,2,12,,84,84,1,6,4,120.630982,24.105303,2
5462,66000,387130000C,(04)23274275,(04)23288582,2025,10,15,8,2,臺中市,北屯區,0,1,0,7,2,6,50,4,2,1,5,4,6,6,2,1,5,5,5,2,12,3,10,3,1,B03,7,1,1,8,2,8,,51,51,1,12,4,120.690683,24.179306,2
5463,66000,387130000C,(04)23274275,(04)23288582,2025,10,15,8,2,臺中市,西屯區,0,1,0,7,2,9,30,3,1,1,5,4,6,6,4,4,10,5,5,2,16,2,8,2,4,C03,7,6,1,10,2,14,,48,48,1,12,4,120.646168,24.176354,2
5464,66000,387130000C,(04)23274275,(04)23288582,2025,10,15,8,5,臺中市,烏日區,0,0,0,7,,,60,,,,,,,,,,,,,,12,,,,,B03,,,1,,1,,,8,8,1,6,4,120.641465,24.108692,3
5465,66000,387130000C,(04)23274275,(04)23288582,2025,10,15,8,6,臺中市,西屯區,0,1,0,7,2,6,40,13,8,1,4,4,6,6,4,4,1,4,1,2,18,2,9,2,1,C03,7,9,1,10,2,11,,59,59,1,13,4,120.641782,24.167369,2
5466,66000,387130000C,(04)23274275,(04)23288582,2025,10,15,8,7,臺中市,龍井區,0,1,0,7,2,6,50,3,1,1,5,4,6,6,3,1,5,5,5,2,13,2,8,2,1,C03,7,9,1,10,2,11,,7,7,1,6,4,120.574216,24.196028,2
5467,66000,387130000C,(04)23274275,(04)23288582,2025,10,15,8,8,臺中市,大里區,0,0,0,7,2,6,40,3,2,1,5,4,6,6,4,4,9,5,4,2,17,,,,,B03,,,1,,2,,,50,50,1,13,4,120.692403,24.118981,3
5468,66000,387130000C,(04)23274275,(04)23288582,2025,10,15,8,8,臺中市,龍井區,0,1,0,7,2,6,50,3,1,5,5,4,6,6,4,4,10,5,5,1,16,2,9,2,1,C03,7,6,1,10,2,11,,12,12,1,6,4,120.586029,24.18703,2
5469,66000,387130000C,(04)23274275,(04)23288582,2025,10,15,8,9,臺中市,北屯區,0,0,0,7,,,50,,,,,,,,,,,,,,13,,,,,B03,,,1,,1,,,7,7,1,6,4,120.691369,24.171535,3
5470,66000,387130000C,(04)23274275,(04)23288582,2025,10,15,8,10,臺中市,西區,0,1,0,7,2,6,50,13,9,1,5,4,6,6,4,4,5,4,5,2,13,2,9,2,1,C03,7,9,1,10,11,11,,7,7,1,12,4,120.678044,24.138589,2
5471,66000,387130000C,(04)23274275,(04)23288582,2025,10,15,8,11,臺中市,北屯區,0,0,0,7,,,50,,,,,,,,,,,,,,13,,,,,C03,,,1,,1,,,7,7,1,12,4,120.694244,24.166165,3
5472,66000,387130000C,(04)23274275,(04)23288582,2025,10,15,8,13,臺中市,南區,0,0,0,7,,,40,,,,,,,,,,,,,,9,,,,,B03,,,1,,1,,,50,50,1,6,4,120.657955,24.110774,3
5473,66000,387130000C,(04)23274275,(04)23288582,2025,10,15,8,13,臺中市,南屯區,0,1,0,7,2,6,50,4,1,1,5,4,6,6,4,4,10,5,5,2,16,3,10,3,1,B03,7,5,1,8,2,8,,14,14,1,13,4,120.626737,24.116003,2
5474,66000,387130000C,(04)23274275,(04)23288582,2025,10,15,8,14,臺中市,沙鹿區,0,1,0,7,2,6,50,13,9,1,5,4,6,6,4,4,10,5,5,2,13,2,8,2,1,C03,7,9,1,10,2,11,,7,7,1,5,4,120.581472,24.219169,2
5475,66000,387130000C,(04)23274275,(04)23288582,2025,10,15,8,15,臺中市,清水區,0,1,0,7,3,6,50,13,8,1,5,4,6,6,4,4,1,4,4,2,17,3,10,3,1,B03,7,5,1,8,2,2,,47,47,1,12,4,120.562327,24.264368,2
5476,66000,387130000C,(04)23274275,(04)23288582,2025,10,15,8,15,臺中市,清水區,0,1,0,7,3,6,50,11,9,1,5,4,6,6,4,4,9,4,5,1,13,2,9,2,1,C03,7,9,1,10,2,11,,7,7,1,12,4,120.561831,24.285475,2
5477,66000,387130000C,(04)23274275,(04)23288582,2025,10,15,8,15,臺中市,豐原區,0,0,0,7,,,50,,,,,,,,,,,,,,16,,,,,C03,,,1,,2,,,48,48,1,12,4,120.71889,24.251961,3
5478,66000,387130000C,(04)23274275,(04)23288582,2025,10,15,8,17,臺中市,霧峰區,0,0,0,7,,,0,,,,,,,,,,,,,,14,,,,,B12,,,1,,2,,,49,49,1,12,4,120.693193,24.041079,3
5479,66000,387130000C,(04)23274275,(04)23288582,2025,10,15,8,20,臺中市,沙鹿區,0,1,0,7,2,6,50,4,1,1,5,4,6,6,1,1,10,5,5,2,16,2,8,2,1,C03,7,6,1,10,2,11,,48,48,1,6,4,120.581113,24.201761,2
5480,66000,387130000C,(04)23274275,(04)23288582,2025,10,15,8,22,臺中市,西屯區,0,0,0,7,,,50,,,,,,,,,,,,,,,,,,,C03,,,1,,1,,,7,7,1,12,4,120.63286,24.172306,3
5481,66000,387130000C,(04)23274275,(04)23288582,2025,10,15,8,23,臺中市,西屯區,0,1,0,7,2,6,30,3,9,1,5,4,6,6,4,4,10,5,5,2,17,2,9,1,1,C03,7,9,3,19,2,12,,8,8,1,13,4,120.659328,24.162736,2
5482,66000,387130000C,(04)23274275,(04)23288582,2025,10,15,8,25,臺中市,潭子區,0,0,0,7,,,50,,,,,,,,,,,,,,,,,,,B03,,,1,,2,,,84,84,1,13,4,120.704788,24.200921,3
5483,66000,387130000C,(04)23274275,(04)23288582,2025,10,15,8,25,臺中市,南區,0,2,0,7,3,6,50,13,7,1,5,4,6,6,4,4,4,2,5,2,11,2,9,2,1,C03,7,11,1,10,2,12,,39,39,1,6,4,120.65116,24.121303,2
5484,66000,387130000C,(04)23274275,(04)23288582,2025,10,15,8,27,臺中市,南屯區,0,0,0,7,,,60,,,,,,,,,,,,,,13,,,,,B03,,,1,,1,,,59,59,1,12,4,120.628928,24.145016,3
5485,66000,387130000C,(04)23274275,(04)23288582,2025,10,15,8,27,臺中市,北屯區,0,1,0,7,2,6,50,4,1,1,5,4,6,6,1,1,10,5,5,2,13,2,9,1,1,C03,7,9,1,10,2,11,,7,7,1,12,4,120.691426,24.176722,2
5486,66000,387130000C,(04)23274275,(04)23288582,2025,10,15,8,34,臺中市,豐原區,0,0,0,7,,,30,,,,,,,,,,,,,,11,,,,,B03,,,1,,2,,,41,41,1,12,4,120.745836,24.263559,3
5487,66000,387130000C,(04)23274275,(04)23288582,2025,10,15,8,36,臺中市,西屯區,0,1,0,7,3,6,50,3,1,1,5,4,6,6,4,4,1,4,4,2,16,3,10,5,4,B03,7,5,1,8,2,6,,8,8,1,12,4,120.641982,24.159386,2
5488,66000,387130000C,(04)23274275,(04)23288582,2025,10,15,8,37,臺中市,西屯區,0,1,0,7,2,6,50,4,1,1,5,4,6,6,1,1,10,5,5,2,17,3,10,3,4,B03,7,6,1,8,2,6,,11,11,1,13,4,120.6261,24.184575,2
5489,66000,387130000C,(04)23274275,(04)23288582,2025,10,15,8,40,臺中市,大里區,0,0,0,7,,,50,,,,,,,,,,,,,,,,,,,A11,,,1,,1,,,84,84,1,6,4,120.737579,24.083601,3
5490,66000,387130000C,(04)23274275,(04)23288582,2025,10,15,8,42,臺中市,北屯區,0,1,0,7,3,6,50,13,9,1,5,4,6,6,4,4,1,5,5,2,13,3,10,1,1,C03,7,9,1,10,2,11,,7,7,1,6,4,120.680966,24.172789,2
5491,66000,387130000C,(04)23274275,(04)23288582,2025,10,15,8,43,臺中市,中區,0,2,0,7,2,6,30,4,2,1,5,4,1,6,4,4,10,5,5,2,12,2,9,2,1,C02,7,6,3,19,2,14,,14,14,1,13,4,120.678761,24.146072,2
5492,66000,387130000C,(04)23274275,(04)23288582,2025,10,15,8,44,臺中市,大雅區,0,2,0,7,2,6,30,4,1,1,5,4,6,6,3,1,10,5,5,1,15,2,9,2,1,C03,7,9,1,10,2,12,,20,20,1,13,4,120.667224,24.239472,2
5493,66000,387130000C,(04)23274275,(04)23288582,2025,10,15,8,45,臺中市,大甲區,0,1,0,7,2,6,50,3,2,1,5,4,6,6,4,4,8,5,5,1,17,3,10,3,1,B03,7,11,1,8,2,8,,45,45,1,6,4,120.629411,24.347948,2
5494,66000,387130000C,(04)23274275,(04)23288582,2025,10,15,8,47,臺中市,神岡區,0,1,0,7,3,6,50,4,1,1,5,4,6,6,4,4,5,5,5,2,16,3,10,3,1,A12,7,5,1,7,2,5,,20,20,1,13,4,120.698423,24.235761,2