序號,縣市別代碼,機關代碼,市話,傳真,年,月,日,時,分,縣市,區,死亡數量,受傷數量,2-30,天候,道路照明設備,道路類別,道路速限,道路型態,事故位置,路面鋪裝,路面狀態,路面缺陷,障礙物,視距,號誌種類,號誌動作,分向設施,快車道或一般車道間,快慢車道間,路面邊線,事故類型及型態,受傷程度,主要傷處,保護裝備,行動電話或功能裝置,當事者區分(類別),車輛用途,當事者行動狀態,駕照狀態,駕照種類,飲酒情形,車輛撞擊部位最初,車輛撞擊部位其他,肇事因素個別,肇事因素主要,肇事逃逸,職業,共享經濟或外送平台,GPS座標X,GPS座標Y,事故類別
5495,66000,387130000C,(04)23274275,(04)23288582,2025,10,15,8,49,臺中市,北屯區,0,2,0,7,3,6,40,4,1,1,5,4,6,6,4,4,10,5,5,2,16,2,9,1,1,C03,7,6,1,10,2,14,,48,48,1,12,4,120.67245,24.175755,2
5496,66000,387130000C,(04)23274275,(04)23288582,2025,10,15,8,56,臺中市,大里區,0,0,0,7,2,6,30,4,1,1,5,4,3,3,4,4,10,5,5,2,17,,,,,C03,,,1,,2,,,14,14,1,13,4,120.680316,24.10167,3
5497,66000,387130000C,(04)23274275,(04)23288582,2025,10,15,8,56,臺中市,大甲區,0,1,0,7,2,6,50,4,1,1,5,4,6,6,1,1,5,5,5,1,15,2,9,2,1,C03,7,9,1,10,2,12,,21,21,1,6,4,120.626507,24.374993,2
5498,66000,387130000C,(04)23274275,(04)23288582,2025,10,15,8,59,臺中市,大里區,0,1,0,7,2,6,50,4,1,1,5,4,6,6,1,1,10,5,5,1,17,3,10,1,1,C03,7,5,3,19,2,12,,84,84,1,12,4,120.688919,24.119804,2
5499,66000,387130000C,(04)23274275,(04)23288582,2025,10,15,9,0,臺中市,太平區,0,1,0,7,3,6,50,13,9,1,5,4,6,6,4,4,5,2,5,2,12,2,9,1,1,C03,7,5,5,10,2,12,,84,84,1,6,4,120.70451,24.155631,2
5500,66000,387130000C,(04)23274275,(04)23288582,2025,10,15,9,0,臺中市,烏日區,0,2,0,7,2,6,50,4,1,1,5,4,6,6,3,1,5,4,5,1,15,2,9,1,1,C03,7,9,1,10,2,12,,24,24,1,6,4,120.618219,24.105224,2
5501,66000,387130000C,(04)23274275,(04)23288582,2025,10,15,9,2,臺中市,豐原區,0,0,0,7,,,50,,,,,,,,,,,,,,13,,,,,B03,,,1,,2,,,7,7,1,12,4,120.705782,24.254581,3
5502,66000,387130000C,(04)23274275,(04)23288582,2025,10,15,9,3,臺中市,南屯區,0,0,0,7,,,50,,,,,,,,,,,,,,14,,,,,B03,,,1,,1,,,49,49,1,12,4,120.640221,24.148887,3
5503,66000,387130000C,(04)23274275,(04)23288582,2025,10,15,9,4,臺中市,霧峰區,0,0,0,7,,,40,,,,,,,,,,,,,,,,,,,B03,,,1,,2,,,7,7,1,13,4,120.663072,24.071208,3
5504,66000,387130000C,(04)23274275,(04)23288582,2025,10,15,9,5,臺中市,南屯區,0,0,0,7,,,50,,,,,,,,,,,,,,,,,,,C03,,,1,,1,,,8,8,1,13,4,120.634435,24.155595,3
5505,66000,387130000C,(04)23274275,(04)23288582,2025,10,15,9,12,臺中市,龍井區,0,1,0,7,2,6,50,13,9,1,5,4,6,6,4,4,10,5,5,2,17,2,9,2,1,C03,7,9,1,10,2,14,,43,43,1,6,4,120.591333,24.181998,2
5506,66000,387130000C,(04)23274275,(04)23288582,2025,10,15,9,20,臺中市,南屯區,0,2,0,7,3,6,40,13,8,1,5,4,6,6,4,4,1,5,1,2,13,2,9,2,1,C03,7,9,1,10,2,11,,7,7,1,12,4,120.595235,24.156502,2
5507,66000,387130000C,(04)23274275,(04)23288582,2025,10,15,9,20,臺中市,南屯區,0,1,0,7,3,6,50,4,1,1,5,4,6,6,1,1,10,5,5,2,13,2,9,2,1,C03,7,6,1,8,1,11,,7,7,1,13,4,120.644912,24.140091,2
5508,66000,387130000C,(04)23274275,(04)23288582,2025,10,15,9,21,臺中市,南屯區,0,2,0,7,2,6,50,3,2,1,5,4,6,6,4,4,7,4,5,2,13,2,9,1,1,C03,7,9,1,10,2,11,,85,85,1,12,4,120.610887,24.145395,2
5509,66000,387130000C,(04)23274275,(04)23288582,2025,10,15,9,32,臺中市,西屯區,0,2,0,7,2,6,30,3,1,1,5,4,6,6,4,4,1,4,5,2,16,2,9,2,4,C03,7,5,3,19,2,14,,14,14,1,12,4,120.613644,24.186715,2
5510,66000,387130000C,(04)23274275,(04)23288582,2025,10,15,9,36,臺中市,烏日區,0,1,0,7,3,6,60,4,1,1,5,4,6,6,2,1,1,4,5,1,13,2,9,1,1,C03,7,9,1,10,2,11,12,7,7,1,12,4,120.624415,24.104188,2
5511,66000,387130000C,(04)23274275,(04)23288582,2025,10,15,9,40,臺中市,北屯區,0,0,0,7,,,50,,,,,,,,,,,,,,30,,,,,B11,,,1,,9,,,49,49,2,12,4,120.665224,24.191254,3
5512,66000,387130000C,(04)23274275,(04)23288582,2025,10,15,9,45,臺中市,南屯區,0,0,0,7,,,50,,,,,,,,,,,,,,,,,,,C03,,,1,,1,,,7,7,1,13,4,120.646661,24.154048,3
5513,66000,387130000C,(04)23274275,(04)23288582,2025,10,15,9,48,臺中市,豐原區,0,0,0,7,,,50,,,,,,,,,,,,,,12,,,,,A41,,,1,,2,,,8,8,1,12,4,120.749853,24.268327,3
5514,66000,387130000C,(04)23274275,(04)23288582,2025,10,15,9,53,臺中市,北區,0,1,0,7,3,9,50,18,24,1,5,4,6,6,2,1,5,4,5,2,17,2,9,5,4,C03,7,5,1,10,2,14,,84,84,1,13,4,120.689212,24.153715,2
5515,66000,387130000C,(04)23274275,(04)23288582,2025,10,15,9,54,臺中市,大雅區,0,0,0,7,,,60,,,,,,,,,,,,,,17,,,,,B03,,,1,,1,,,85,85,1,13,4,120.650213,24.211924,3
5516,66000,387130000C,(04)23274275,(04)23288582,2025,10,15,9,58,臺中市,豐原區,0,0,0,7,,,50,,,,,,,,,,,,,,13,,,,,C03,,,3,,11,,,84,84,1,12,4,120.727993,24.244822,3
5517,66000,387130000C,(04)23274275,(04)23288582,2025,10,15,9,59,臺中市,南屯區,0,1,0,7,2,6,60,13,9,1,5,4,6,6,4,4,5,4,5,2,12,3,10,3,1,B03,7,7,1,8,2,2,,84,84,1,12,4,120.652015,24.156547,2
5518,66000,387130000C,(04)23274275,(04)23288582,2025,10,15,10,0,臺中市,潭子區,0,0,0,7,,,50,,,,,,,,,,,,,,,,,,,A41,,,1,,2,,,8,8,1,12,4,120.706031,24.200805,3
5519,66000,387130000C,(04)23274275,(04)23288582,2025,10,15,10,0,臺中市,烏日區,0,0,0,7,,,70,,,,,,,,,,,,,,9,,,,,B03,,,1,,2,,,14,14,1,6,4,120.612438,24.10646,3
5520,66000,387130000C,(04)23274275,(04)23288582,2025,10,15,10,0,臺中市,后里區,0,2,0,7,2,6,50,13,7,1,5,4,6,6,4,4,5,4,4,2,13,3,10,3,1,B03,7,9,1,8,2,1,,59,59,1,12,4,120.717353,24.309826,2
5521,66000,387130000C,(04)23274275,(04)23288582,2025,10,15,10,1,臺中市,西屯區,0,1,0,7,2,6,50,4,1,1,5,4,6,6,2,1,10,5,5,2,12,3,10,3,1,B03,7,9,1,8,2,7,,85,85,1,13,4,120.65678,24.184453,2
5522,66000,387130000C,(04)23274275,(04)23288582,2025,10,15,10,3,臺中市,南屯區,0,1,0,7,3,6,50,13,9,1,5,4,6,6,1,1,1,4,5,2,13,3,10,3,1,B03,7,9,1,8,2,8,,59,59,1,13,4,120.623036,24.149649,2
5523,66000,387130000C,(04)23274275,(04)23288582,2025,10,15,10,5,臺中市,北區,0,1,0,7,3,6,50,13,9,1,5,4,6,6,4,4,3,4,5,2,13,2,9,1,1,C03,7,9,1,10,2,11,,7,7,1,12,4,120.685271,24.158578,2
5524,66000,387130000C,(04)23274275,(04)23288582,2025,10,15,10,5,臺中市,南屯區,0,0,0,7,,,50,,,,,,,,,,,,,,17,,,,,A42,,,1,,1,,,75,75,1,12,4,120.593382,24.15753,3
5525,66000,387130000C,(04)23274275,(04)23288582,2025,10,15,10,10,臺中市,大雅區,0,0,0,7,,,60,,,,,,,,,,,,,,16,,,,,B03,,,1,,2,,,8,8,1,13,4,120.650643,24.210674,3
5526,66000,387130000C,(04)23274275,(04)23288582,2025,10,15,10,10,臺中市,北屯區,0,1,0,7,3,6,50,4,1,1,5,4,6,6,1,1,10,5,5,2,17,2,9,1,1,C03,7,9,1,10,2,16,,85,85,1,12,4,120.679591,24.173029,2
5527,66000,387130000C,(04)23274275,(04)23288582,2025,10,15,10,13,臺中市,西區,0,0,0,7,,,50,,,,,,,,,,,,,,13,,,,,B03,,,1,,1,,,84,84,1,12,4,120.65989,24.157014,3
5528,66000,387130000C,(04)23274275,(04)23288582,2025,10,15,10,13,臺中市,西區,0,0,0,7,,,50,,,,,,,,,,,,,,,,,,,B03,,,1,,1,,,7,7,1,12,4,120.666736,24.141067,3
5529,66000,387130000C,(04)23274275,(04)23288582,2025,10,15,10,17,臺中市,東區,0,1,0,7,3,6,50,4,1,1,5,4,6,6,4,4,10,5,5,2,16,3,10,3,1,B03,7,6,1,8,2,1,,14,14,1,13,4,120.695557,24.142764,2
5530,66000,387130000C,(04)23274275,(04)23288582,2025,10,15,10,21,臺中市,東區,0,2,0,7,1,6,50,4,1,1,5,4,6,6,4,4,10,5,5,2,17,2,9,5,4,C04,7,1,1,10,2,12,,51,51,1,13,4,120.689138,24.132659,2
5531,66000,387130000C,(04)23274275,(04)23288582,2025,10,15,10,28,臺中市,北屯區,0,1,0,7,3,6,50,4,1,1,5,4,6,6,2,1,10,5,5,2,16,3,10,1,1,C03,7,5,1,10,2,12,,11,11,1,12,4,120.721454,24.162414,2
5532,66000,387130000C,(04)23274275,(04)23288582,2025,10,15,10,29,臺中市,西區,0,0,0,7,,,40,,,,,,,,,,,,,,13,,,,,C03,,,1,,2,,,58,58,1,13,4,120.658208,24.158138,3
5533,66000,387130000C,(04)23274275,(04)23288582,2025,10,15,10,40,臺中市,西區,0,0,0,7,,,50,,,,,,,,,,,,,,,,,,,B12,,,1,,1,,,84,84,1,12,4,120.665768,24.13927,3
5534,66000,387130000C,(04)23274275,(04)23288582,2025,10,15,10,41,臺中市,西屯區,0,0,0,7,,,50,,,,,,,,,,,,,,30,,,,,B12,,,1,,2,,,49,49,1,12,4,120.619594,24.182532,3
5535,66000,387130000C,(04)23274275,(04)23288582,2025,10,15,10,45,臺中市,西屯區,0,0,0,7,,,50,,,,,,,,,,,,,,,,,,,B03,,,1,,2,,,8,8,1,12,4,120.593435,24.191247,3
5536,66000,387130000C,(04)23274275,(04)23288582,2025,10,15,10,50,臺中市,豐原區,0,1,0,7,3,6,30,3,1,1,5,4,6,6,4,4,10,5,5,2,16,3,10,5,4,B03,7,5,1,10,2,8,,14,14,1,12,4,120.709194,24.246117,2
5537,66000,387130000C,(04)23274275,(04)23288582,2025,10,15,10,51,臺中市,西區,0,1,0,7,2,6,50,13,9,1,5,4,6,6,4,4,5,5,5,2,17,2,8,1,1,C03,7,1,1,10,2,11,,51,51,1,13,4,120.661452,24.154554,2
5538,66000,387130000C,(04)23274275,(04)23288582,2025,10,15,10,51,臺中市,北區,0,1,0,7,3,6,30,13,9,1,5,4,6,6,4,4,10,5,5,2,17,2,9,1,1,C03,7,15,1,10,9,11,,8,8,1,12,4,120.675047,24.173548,2
5539,66000,387130000C,(04)23274275,(04)23288582,2025,10,15,10,55,臺中市,南區,0,0,0,7,,,50,,,,,,,,,,,,,,12,,,,,B03,,,1,,9,,,84,84,1,6,4,120.657019,24.130999,3
5540,66000,387130000C,(04)23274275,(04)23288582,2025,10,15,10,55,臺中市,太平區,0,0,0,7,,,50,,,,,,,,,,,,,,2,3,10,1,1,C03,7,5,1,6,2,2,,7,7,1,12,4,120.731537,24.140136,3
5541,66000,387130000C,(04)23274275,(04)23288582,2025,10,15,10,55,臺中市,龍井區,0,0,0,7,,,50,,,,,,,,,,,,,,,,,,,B03,,,1,,2,,,40,40,1,12,4,120.534168,24.22023,3
5542,66000,387130000C,(04)23274275,(04)23288582,2025,10,15,10,55,臺中市,清水區,0,0,0,7,,,30,,,,,,,,,,,,,,17,,,,,G02,,,1,,2,,,14,14,1,12,4,120.606625,24.272412,3
5543,66000,387130000C,(04)23274275,(04)23288582,2025,10,15,10,57,臺中市,大里區,0,1,0,7,3,6,50,13,9,1,5,4,6,6,4,4,9,5,5,1,13,3,10,1,1,C03,7,9,1,10,2,11,,58,58,1,6,4,120.680514,24.09517,2
5544,66000,387130000C,(04)23274275,(04)23288582,2025,10,15,11,4,臺中市,南屯區,0,1,0,7,2,6,50,4,1,1,5,4,6,6,2,1,10,5,5,2,12,2,9,2,1,C03,7,9,1,10,2,12,,26,26,1,13,4,120.63809,24.147196,2
5545,66000,387130000C,(04)23274275,(04)23288582,2025,10,15,11,13,臺中市,西區,0,0,0,7,,,50,,,,,,,,,,,,,,,,,,,B12,,,1,,2,,,49,49,1,12,4,120.658862,24.154306,3
5546,66000,387130000C,(04)23274275,(04)23288582,2025,10,15,11,15,臺中市,豐原區,0,1,0,7,2,6,50,13,9,1,5,4,6,6,4,4,5,4,5,1,14,3,10,5,4,B12,7,2,1,8,2,3,,49,49,1,12,4,120.724282,24.223774,2
5547,66000,387130000C,(04)23274275,(04)23288582,2025,10,15,11,21,臺中市,大安區,0,1,0,7,3,6,50,4,1,1,5,4,6,1,1,1,10,5,5,2,15,4,11,5,4,B03,7,9,6,20,11,8,,21,21,1,13,4,120.607784,24.372847,2
5548,66000,387130000C,(04)23274275,(04)23288582,2025,10,15,11,25,臺中市,西區,0,2,0,7,2,6,50,4,1,1,5,4,6,6,2,1,1,2,4,2,12,2,9,1,1,C03,7,9,1,10,2,12,,42,42,1,12,4,120.657262,24.140026,2
5549,66000,387130000C,(04)23274275,(04)23288582,2025,10,15,11,25,臺中市,北屯區,0,1,0,7,2,6,50,13,9,1,5,4,6,6,4,4,5,5,5,2,17,3,10,3,1,B03,7,1,1,8,2,7,,51,51,1,12,4,120.686433,24.171101,2
5550,66000,387130000C,(04)23274275,(04)23288582,2025,10,15,11,28,臺中市,烏日區,0,1,0,7,3,6,50,13,9,1,5,4,6,6,4,4,5,4,5,1,12,2,9,1,1,C03,7,8,1,10,2,11,14,40,40,1,12,4,120.624756,24.10445,2
5551,66000,387130000C,(04)23274275,(04)23288582,2025,10,15,11,41,臺中市,大安區,0,1,0,7,2,6,50,13,9,1,5,4,6,6,4,4,5,5,5,1,18,2,8,2,1,C03,7,11,3,19,2,14,,59,59,1,6,4,120.586291,24.346211,2
5552,66000,387130000C,(04)23274275,(04)23288582,2025,10,15,11,45,臺中市,西屯區,0,1,0,7,1,6,50,4,1,1,5,4,6,6,2,1,10,5,5,2,18,2,9,2,1,C03,7,5,1,10,2,16,,59,59,1,13,4,120.643315,24.176628,2
5553,66000,387130000C,(04)23274275,(04)23288582,2025,10,15,11,47,臺中市,大肚區,0,3,0,7,3,6,40,13,8,1,5,4,6,6,4,4,1,4,4,1,13,2,9,2,1,C03,7,9,1,10,2,11,,7,7,1,6,4,120.55051,24.139076,2
5554,66000,387130000C,(04)23274275,(04)23288582,2025,10,15,11,50,臺中市,南區,0,2,0,7,3,6,50,4,1,1,5,4,6,6,2,1,1,5,5,2,13,2,7,2,1,C03,7,9,1,10,2,11,,7,7,1,6,4,120.679256,24.119208,2
5555,66000,387130000C,(04)23274275,(04)23288582,2025,10,15,11,58,臺中市,南屯區,0,0,0,7,,,60,,,,,,,,,,,,,,13,,,,,C03,,,1,,1,,,59,59,1,12,4,120.638391,24.151464,4
5556,66000,387130000C,(04)23274275,(04)23288582,2025,10,15,11,59,臺中市,豐原區,0,0,0,7,,,50,,,,,,,,,,,,,,,,,,,B12,,,1,,1,,,49,49,1,13,4,120.730292,24.25475,3
5557,66000,387130000C,(04)23274275,(04)23288582,2025,10,15,12,6,臺中市,豐原區,0,1,0,7,2,6,50,3,1,1,5,4,6,6,4,4,5,5,5,2,17,3,10,5,4,B03,7,6,1,8,2,8,,14,14,1,12,4,120.725738,24.240464,2
5558,66000,387130000C,(04)23274275,(04)23288582,2025,10,15,12,7,臺中市,豐原區,0,1,0,7,2,6,60,4,1,1,5,4,6,6,2,1,1,4,5,2,16,3,10,3,1,B12,7,5,1,8,2,5,,47,47,1,12,4,120.703478,24.238784,2
5559,66000,387130000C,(04)23274275,(04)23288582,2025,10,15,12,8,臺中市,西屯區,0,2,0,7,2,6,30,3,1,1,5,4,6,6,4,4,10,5,5,2,17,3,10,5,4,B03,7,14,1,8,2,4,,76,76,1,12,4,120.665889,24.176534,2
5560,66000,387130000C,(04)23274275,(04)23288582,2025,10,15,12,9,臺中市,南屯區,0,0,0,7,,,50,,,,,,,,,,,,,,13,,,,,B03,,,1,,1,,,58,58,1,12,4,120.609529,24.138464,3
5561,66000,387130000C,(04)23274275,(04)23288582,2025,10,15,12,9,臺中市,后里區,0,1,0,7,3,6,30,5,1,1,5,4,6,6,1,1,10,5,5,2,16,2,8,1,1,C03,7,6,1,10,2,14,,26,26,1,6,4,120.692002,24.316683,2
5562,66000,387130000C,(04)23274275,(04)23288582,2025,10,15,12,9,臺中市,后里區,0,0,0,7,,,50,,,,,,,,,,,,,,14,,,,,B03,,,1,,1,,,49,49,1,12,4,120.68994,24.321036,3
5563,66000,387130000C,(04)23274275,(04)23288582,2025,10,15,12,10,臺中市,北屯區,0,1,0,7,3,6,50,4,1,1,5,4,6,6,1,1,10,5,5,2,12,3,10,1,1,C03,7,7,1,10,2,12,,42,42,1,6,4,120.662442,24.188515,2
5564,66000,387130000C,(04)23274275,(04)23288582,2025,10,15,12,10,臺中市,沙鹿區,0,1,0,7,2,6,50,3,1,1,5,4,6,6,4,4,10,5,5,2,1,3,10,2,1,C03,7,4,1,10,9,12,,4,4,2,6,4,120.55789,24.235039,2
5565,66000,387130000C,(04)23274275,(04)23288582,2025,10,15,12,12,臺中市,太平區,0,0,0,7,,,30,,,,,,,,,,,,,,17,,,,,B03,,,1,,2,,,49,49,1,13,4,120.705245,24.152857,3
5566,66000,387130000C,(04)23274275,(04)23288582,2025,10,15,12,15,臺中市,中區,0,2,0,7,2,6,50,4,1,1,5,4,6,6,2,1,4,3,5,2,12,3,10,2,1,C03,7,5,1,10,2,12,,84,84,1,13,4,120.683,24.139341,2
5567,66000,387130000C,(04)23274275,(04)23288582,2025,10,15,12,15,臺中市,北區,0,2,0,7,3,6,50,4,1,1,5,4,6,6,4,4,10,5,5,2,17,2,9,5,4,C03,7,9,1,10,2,12,,15,15,1,13,2,120.69618,24.153448,2
5568,66000,387130000C,(04)23274275,(04)23288582,2025,10,15,12,20,臺中市,東區,0,0,0,7,1,6,50,3,1,1,5,4,6,6,1,1,,5,5,2,17,3,10,3,1,A04,7,9,1,2,1,8,,87,87,1,12,4,120.686281,24.144579,3
5569,66000,387130000C,(04)23274275,(04)23288582,2025,10,15,12,20,臺中市,霧峰區,0,2,0,7,2,6,30,12,9,1,5,4,6,6,4,4,10,5,5,1,11,2,9,2,1,C03,7,6,1,10,2,11,,41,41,1,13,4,120.716153,24.071666,2
5570,66000,387130000C,(04)23274275,(04)23288582,2025,10,15,12,25,臺中市,西屯區,0,1,0,7,2,6,40,13,8,1,5,4,6,6,4,4,1,4,1,2,12,2,9,1,4,C03,7,9,1,10,2,14,,8,8,1,13,4,120.64413,24.165992,2
5571,66000,387130000C,(04)23274275,(04)23288582,2025,10,15,12,25,臺中市,大肚區,0,0,0,7,,,40,,,,,,,,,,,,,,14,,,,,A12,,,1,,11,,,49,49,1,6,4,120.557399,24.127363,3
5572,66000,387130000C,(04)23274275,(04)23288582,2025,10,15,12,28,臺中市,西區,0,2,0,7,1,6,30,4,1,1,5,4,6,6,4,4,10,5,5,2,17,2,9,5,4,C03,7,9,1,10,2,12,,20,20,1,12,4,120.664937,24.139593,2
5573,66000,387130000C,(04)23274275,(04)23288582,2025,10,15,12,30,臺中市,西屯區,0,0,0,7,,,50,,,,,,,,,,,,,,,,,,,B12,,,1,,1,,,8,8,1,12,4,120.639255,24.165303,3
5574,66000,387130000C,(04)23274275,(04)23288582,2025,10,15,12,32,臺中市,西屯區,0,1,0,7,2,6,50,3,1,1,5,4,6,6,4,4,10,5,5,2,16,3,10,3,1,B03,7,6,1,8,2,2,,14,14,1,13,4,120.653501,24.165148,2
5575,66000,387130000C,(04)23274275,(04)23288582,2025,10,15,12,32,臺中市,大里區,0,1,0,7,2,6,50,4,1,1,5,4,6,6,1,1,5,5,5,1,16,3,10,1,1,C03,7,6,1,10,2,14,,84,84,1,13,4,120.68183,24.102642,2
5576,66000,387130000C,(04)23274275,(04)23288582,2025,10,15,12,38,臺中市,南區,0,0,0,7,,,50,,,,,,,,,,,,,,,,,,,B03,,,1,,1,,,49,49,1,13,4,120.675869,24.127051,3
5577,66000,387130000C,(04)23274275,(04)23288582,2025,10,15,12,38,臺中市,南屯區,0,0,0,7,,,,,,,,,,,,,,,,,,,,,,A12,,,,,,,,85,85,1,13,,120.646541,24.132061,3
5578,66000,387130000C,(04)23274275,(04)23288582,2025,10,15,12,39,臺中市,大里區,0,1,0,7,2,6,50,3,1,1,5,4,6,6,3,1,10,5,5,1,17,3,10,3,1,B03,7,5,1,8,2,5,,47,47,1,12,4,120.677216,24.11211,2
5579,66000,387130000C,(04)23274275,(04)23288582,2025,10,15,12,42,臺中市,北屯區,0,1,0,7,3,6,50,4,1,1,5,4,6,6,2,1,10,5,5,2,16,2,9,1,1,C03,7,6,1,10,7,12,,53,53,1,12,4,120.707829,24.182166,2
5580,66000,387130000C,(04)23274275,(04)23288582,2025,10,15,12,55,臺中市,大雅區,0,0,0,7,,,70,,,,,,,,,,,,,,,,,,,B12,,,1,,1,,,59,59,1,13,4,120.642191,24.229213,3
5581,66000,387130000C,(04)23274275,(04)23288582,2025,10,15,12,55,臺中市,西屯區,0,3,0,7,3,6,40,3,1,1,5,4,6,6,1,1,1,4,1,2,17,3,10,5,4,C03,7,7,1,10,2,13,,40,40,1,12,4,120.609608,24.184261,2
5582,66000,387130000C,(04)23274275,(04)23288582,2025,10,15,12,58,臺中市,龍井區,0,2,0,7,2,6,50,3,1,1,5,4,6,6,4,4,10,5,5,2,13,2,9,2,1,C03,7,9,1,10,2,11,,7,7,1,6,4,120.597685,24.189,2
5583,66000,387130000C,(04)23274275,(04)23288582,2025,10,15,12,59,臺中市,梧棲區,0,0,0,7,,,50,,,,,,,,,,,,,,16,,,,,B03,,,1,,1,,,20,20,1,6,4,120.534327,24.261736,3
5584,66000,387130000C,(04)23274275,(04)23288582,2025,10,15,13,0,臺中市,南屯區,0,0,0,7,3,6,60,13,7,1,5,4,6,6,1,1,1,4,1,2,13,,,,,B03,,,1,,2,,,59,59,1,12,4,120.623706,24.152024,3
5585,66000,387130000C,(04)23274275,(04)23288582,2025,10,15,13,0,臺中市,東勢區,0,1,0,7,3,6,50,13,9,1,5,4,6,6,4,4,9,5,5,1,12,2,8,5,4,C03,7,1,1,10,2,11,,51,51,1,12,4,120.828691,24.25629,2
5586,66000,387130000C,(04)23274275,(04)23288582,2025,10,15,13,3,臺中市,北區,0,2,0,7,3,6,50,4,9,1,5,4,6,6,4,4,10,5,5,2,16,2,9,1,1,C03,7,6,1,10,2,12,,20,20,1,12,4,120.677778,24.157232,2
5587,66000,387130000C,(04)23274275,(04)23288582,2025,10,15,13,4,臺中市,沙鹿區,0,0,0,7,,,50,,,,,,,,,,,,,,,,,,,C03,,,1,,2,,,8,8,1,13,4,120.570032,24.218886,3
5588,66000,387130000C,(04)23274275,(04)23288582,2025,10,15,13,7,臺中市,潭子區,0,2,0,7,3,6,30,4,1,1,5,4,6,6,4,4,10,5,5,2,15,2,9,2,1,C03,7,9,1,10,2,12,,15,15,1,13,4,120.709694,24.214134,2
5589,66000,387130000C,(04)23274275,(04)23288582,2025,10,15,13,13,臺中市,南屯區,0,0,0,7,,,50,,,,,,,,,,,,,,,,,,,B03,,,1,,2,,,84,84,1,6,4,120.631833,24.125665,3
5590,66000,387130000C,(04)23274275,(04)23288582,2025,10,15,13,18,臺中市,西屯區,0,1,0,7,2,6,50,4,1,1,5,4,6,6,1,1,5,5,5,2,17,2,9,1,4,C03,7,8,1,10,2,13,,40,40,1,13,4,120.620256,24.187163,2
5591,66000,387130000C,(04)23274275,(04)23288582,2025,10,15,13,22,臺中市,大里區,0,0,0,7,,,50,,,,,,,,,,,,,,,,,,,A11,,,1,,2,,,84,84,1,6,4,120.730801,24.089089,3
5592,66000,387130000C,(04)23274275,(04)23288582,2025,10,15,13,35,臺中市,大里區,0,1,0,7,2,6,40,4,1,1,5,4,6,6,1,1,5,2,5,1,16,3,10,3,1,B03,7,6,1,8,2,6,,11,11,1,13,4,120.690001,24.110044,2
5593,66000,387130000C,(04)23274275,(04)23288582,2025,10,15,13,40,臺中市,豐原區,0,1,0,7,2,6,30,3,1,1,5,4,6,6,4,4,10,5,5,1,12,3,10,5,4,B03,7,4,1,8,2,6,,8,8,1,13,4,120.705172,24.23992,2
5594,66000,387130000C,(04)23274275,(04)23288582,2025,10,15,13,43,臺中市,豐原區,0,0,0,7,,,50,,,,,,,,,,,,,,17,,,,,B03,,,1,,2,,,84,84,1,12,4,120.725748,24.246442,3
5595,66000,387130000C,(04)23274275,(04)23288582,2025,10,15,13,50,臺中市,西屯區,0,0,0,7,,,30,,,,,,,,,,,,,,17,,,,,B02,,,1,,1,,,8,8,1,12,4,120.631469,24.164725,3
5596,66000,387130000C,(04)23274275,(04)23288582,2025,10,15,13,52,臺中市,太平區,0,1,0,7,3,6,50,13,9,1,5,4,6,6,4,4,5,2,5,1,16,3,10,1,1,C03,7,6,1,10,2,13,,34,34,1,6,4,120.715302,24.137164,2
5597,66000,387130000C,(04)23274275,(04)23288582,2025,10,15,13,57,臺中市,西區,0,1,0,7,2,6,50,13,9,1,5,4,6,6,4,4,2,4,5,2,13,3,10,5,4,B03,7,9,6,20,11,1,,7,7,1,12,4,120.685801,24.13881,2
5598,66000,387130000C,(04)23274275,(04)23288582,2025,10,15,14,3,臺中市,北區,0,0,0,7,,,50,,,,,,,,,,,,,,12,,,,,B03,,,1,,2,,,8,8,1,13,4,120.668901,24.173294,3
5599,66000,387130000C,(04)23274275,(04)23288582,2025,10,15,14,5,臺中市,西屯區,0,1,0,7,2,6,50,11,9,1,5,4,6,6,4,4,5,4,5,2,17,2,9,2,1,C03,7,9,1,10,2,11,,43,43,1,12,4,120.644386,24.187078,2
5600,66000,387130000C,(04)23274275,(04)23288582,2025,10,15,14,8,臺中市,北屯區,0,0,0,7,,,50,,,,,,,,,,,,,,,,,,,B03,,,1,,1,,,7,7,1,12,4,120.667745,24.200748,3
5601,66000,387130000C,(04)23274275,(04)23288582,2025,10,15,14,13,臺中市,南屯區,0,0,0,7,,,50,,,,,,,,,,,,,,12,,,,,C03,,,1,,2,,,8,8,1,12,4,120.637579,24.145428,3
5602,66000,387130000C,(04)23274275,(04)23288582,2025,10,15,14,17,臺中市,北屯區,0,1,0,7,2,6,50,3,1,1,5,4,6,6,2,1,10,5,5,2,17,3,10,1,1,F02,7,9,7,21,2,14,,21,21,1,12,4,120.747669,24.19632,2
5603,66000,387130000C,(04)23274275,(04)23288582,2025,10,15,14,43,臺中市,后里區,0,1,0,7,2,6,50,13,24,1,5,4,6,6,4,4,1,4,4,2,12,3,10,3,1,B03,7,5,1,8,2,2,,20,20,1,12,4,120.721927,24.305947,2