序號,縣市別代碼,機關代碼,市話,傳真,年,月,日,時,分,縣市,區,死亡數量,受傷數量,2-30,天候,道路照明設備,道路類別,道路速限,道路型態,事故位置,路面鋪裝,路面狀態,路面缺陷,障礙物,視距,號誌種類,號誌動作,分向設施,快車道或一般車道間,快慢車道間,路面邊線,事故類型及型態,受傷程度,主要傷處,保護裝備,行動電話或功能裝置,當事者區分(類別),車輛用途,當事者行動狀態,駕照狀態,駕照種類,飲酒情形,車輛撞擊部位最初,車輛撞擊部位其他,肇事因素個別,肇事因素主要,肇事逃逸,職業,共享經濟或外送平台,GPS座標X,GPS座標Y,事故類別
6049,66000,387130000C,(04)23274275,(04)23288582,2025,10,16,15,43,臺中市,西屯區,0,0,0,7,,,40,,,,,,,,,,,,,,16,,,,,C03,,,1,,1,,,7,7,1,12,4,120.604613,24.183536,3
6050,66000,387130000C,(04)23274275,(04)23288582,2025,10,16,15,44,臺中市,北區,0,0,0,7,,,0,,,,,,,,,,,,,,17,,,,,,,,,,,,,119,119,1,,,120.671927,24.153725,3
6051,66000,387130000C,(04)23274275,(04)23288582,2025,10,16,15,44,臺中市,北屯區,0,0,0,7,,,50,,,,,,,,,,,,,,12,,,,,B03,,,1,,1,,,42,42,1,6,4,120.686225,24.188731,3
6052,66000,387130000C,(04)23274275,(04)23288582,2025,10,16,15,45,臺中市,南屯區,0,2,0,7,2,6,50,13,9,1,5,4,6,6,4,4,9,4,5,2,12,3,10,3,1,B03,7,5,1,8,2,2,,84,84,1,12,4,120.608498,24.138661,2
6053,66000,387130000C,(04)23274275,(04)23288582,2025,10,16,15,47,臺中市,西屯區,0,0,0,7,,,50,,,,,,,,,,,,,,17,,,,,B03,,,1,,1,,,59,59,1,12,4,120.650608,24.164987,3
6054,66000,387130000C,(04)23274275,(04)23288582,2025,10,16,15,47,臺中市,烏日區,0,0,0,7,,,30,,,,,,,,,,,,,,,,,,,A12,,,1,,2,,,8,8,1,6,4,120.639194,24.083869,3
6055,66000,387130000C,(04)23274275,(04)23288582,2025,10,16,15,50,臺中市,西屯區,0,1,0,7,2,6,30,13,9,1,5,4,6,6,4,4,10,5,5,2,13,2,9,1,1,C03,7,9,1,9,2,11,,59,59,1,12,4,120.64869,24.182879,2
6056,66000,387130000C,(04)23274275,(04)23288582,2025,10,16,15,50,臺中市,豐原區,0,1,0,7,2,6,50,13,7,1,5,4,6,6,4,4,5,5,4,2,16,3,10,3,1,B13,7,1,1,8,2,8,4,51,51,1,6,4,120.724244,24.247055,2
6057,66000,387130000C,(04)23274275,(04)23288582,2025,10,16,16,0,臺中市,西屯區,0,0,0,7,,,30,,,,,,,,,,,,,,14,,,,,B03,,,1,,2,,,49,49,1,12,4,120.66259,24.166598,3
6058,66000,387130000C,(04)23274275,(04)23288582,2025,10,16,16,2,臺中市,南屯區,0,1,0,7,2,6,50,13,9,1,5,4,6,6,4,4,5,4,5,2,17,2,7,2,1,C03,7,9,3,19,9,12,,84,84,2,12,4,120.64986,24.151867,2
6059,66000,387130000C,(04)23274275,(04)23288582,2025,10,16,16,2,臺中市,西屯區,0,0,0,7,,,50,,,,,,,,,,,,,,,,,,,B03,,,1,,1,,,14,14,1,13,4,120.625066,24.176844,3
6060,66000,387130000C,(04)23274275,(04)23288582,2025,10,16,16,5,臺中市,霧峰區,0,1,0,7,2,6,50,4,2,1,5,4,6,6,1,1,10,5,5,2,17,3,10,3,1,B03,7,9,1,8,2,5,,84,84,1,6,4,120.679432,24.064908,2
6061,66000,387130000C,(04)23274275,(04)23288582,2025,10,16,16,9,臺中市,沙鹿區,0,1,0,7,2,6,50,4,1,1,5,4,6,6,4,4,10,5,5,2,15,3,10,3,1,B12,7,9,1,8,2,8,,13,13,1,12,4,120.572308,24.260042,2
6062,66000,387130000C,(04)23274275,(04)23288582,2025,10,16,16,9,臺中市,沙鹿區,0,1,0,7,2,6,50,4,1,1,5,4,6,6,1,1,5,4,4,2,17,2,9,1,1,C03,7,6,1,10,2,12,,11,11,1,13,4,120.58233,24.242607,2
6063,66000,387130000C,(04)23274275,(04)23288582,2025,10,16,16,10,臺中市,沙鹿區,0,0,0,7,2,6,50,13,9,1,5,4,6,6,4,4,4,3,4,2,12,,,,,B03,,,1,,2,,,51,51,1,12,4,120.570079,24.255409,3
6064,66000,387130000C,(04)23274275,(04)23288582,2025,10,16,16,10,臺中市,后里區,0,0,0,7,,,50,,,,,,,,,,,,,,11,,,,,C03,,,1,,2,,,11,11,1,12,4,120.730509,24.309193,3
6065,66000,387130000C,(04)23274275,(04)23288582,2025,10,16,16,13,臺中市,潭子區,0,0,0,7,,,50,,,,,,,,,,,,,,,,,,,C03,,,1,,2,,,59,59,1,12,4,120.687232,24.210237,3
6066,66000,387130000C,(04)23274275,(04)23288582,2025,10,16,16,15,臺中市,南屯區,0,0,0,7,,,50,,,,,,,,,,,,,,17,,,,,B03,,,1,,1,,,59,59,1,13,4,120.649917,24.140957,4
6067,66000,387130000C,(04)23274275,(04)23288582,2025,10,16,16,17,臺中市,太平區,0,1,0,7,2,6,50,4,1,1,5,4,6,6,2,1,10,5,5,2,16,4,11,5,4,B03,7,5,6,20,9,6,,20,20,1,12,4,120.712858,24.144449,2
6068,66000,387130000C,(04)23274275,(04)23288582,2025,10,16,16,19,臺中市,中區,0,0,0,7,,,50,,,,,,,,,,,,,,17,,,,,,,,,,,,,86,86,1,,,120.684402,24.125074,4
6069,66000,387130000C,(04)23274275,(04)23288582,2025,10,16,16,20,臺中市,南區,0,0,0,7,,,50,,,,,,,,,,,,,,,,,,,B03,,,1,,1,,,7,7,1,12,4,120.681098,24.122357,3
6070,66000,387130000C,(04)23274275,(04)23288582,2025,10,16,16,22,臺中市,大里區,0,0,0,7,2,6,40,4,2,1,5,4,6,6,4,4,4,4,5,1,17,,,,,B03,,,1,,2,,,84,84,1,13,4,120.691864,24.101127,3
6071,66000,387130000C,(04)23274275,(04)23288582,2025,10,16,16,26,臺中市,南區,0,1,0,7,2,6,50,4,1,1,5,4,6,6,1,1,10,5,5,2,16,3,10,3,1,B03,7,5,1,8,2,2,,84,84,1,12,4,120.659913,24.12642,2
6072,66000,387130000C,(04)23274275,(04)23288582,2025,10,16,16,32,臺中市,霧峰區,0,0,0,7,,,50,,,,,,,,,,,,,,17,,,,,C03,,,1,,2,,,51,51,1,12,4,120.715708,24.070977,3
6073,66000,387130000C,(04)23274275,(04)23288582,2025,10,16,16,32,臺中市,太平區,0,1,0,7,2,6,50,13,9,1,5,4,6,6,4,4,9,5,5,2,16,2,7,1,1,C03,7,11,1,10,2,12,,46,46,1,7,4,120.723764,24.132298,2
6074,66000,387130000C,(04)23274275,(04)23288582,2025,10,16,16,32,臺中市,沙鹿區,0,0,0,7,,,50,,,,,,,,,,,,,,,,,,,C03,,,1,,2,,,82,82,1,12,4,120.561362,24.24293,3
6075,66000,387130000C,(04)23274275,(04)23288582,2025,10,16,16,33,臺中市,后里區,0,0,0,7,,,50,,,,,,,,,,,,,,13,,,,,B12,,,1,,2,,,59,59,1,6,4,120.697543,24.315685,3
6076,66000,387130000C,(04)23274275,(04)23288582,2025,10,16,16,37,臺中市,大肚區,0,1,0,7,2,6,70,13,7,1,5,4,6,6,4,4,1,4,4,1,13,2,9,1,1,C03,7,9,1,10,2,11,,59,59,1,6,4,120.553722,24.134097,2
6077,66000,387130000C,(04)23274275,(04)23288582,2025,10,16,16,40,臺中市,太平區,0,1,0,7,2,6,50,13,9,1,5,4,6,6,4,4,5,4,5,1,12,3,10,3,1,B12,7,9,1,8,2,2,,8,8,1,12,4,120.727363,24.13454,2
6078,66000,387130000C,(04)23274275,(04)23288582,2025,10,16,16,41,臺中市,西區,0,1,0,7,2,6,50,4,1,1,5,4,6,6,4,4,10,5,5,2,13,2,9,5,4,C03,7,9,1,10,2,11,,7,7,1,12,4,120.660747,24.151007,2
6079,66000,387130000C,(04)23274275,(04)23288582,2025,10,16,16,41,臺中市,西屯區,0,1,0,7,2,6,0,13,24,4,5,4,6,6,4,4,10,5,5,2,17,2,9,6,4,F01,7,9,7,21,2,11,,39,39,1,13,4,120.645887,24.156249,2
6080,66000,387130000C,(04)23274275,(04)23288582,2025,10,16,16,41,臺中市,清水區,0,0,0,7,2,6,50,13,7,1,5,4,6,6,1,1,8,3,4,2,13,,,,,C03,,,1,,1,,,7,7,1,12,4,120.547486,24.275327,3
6081,66000,387130000C,(04)23274275,(04)23288582,2025,10,16,16,44,臺中市,潭子區,0,1,0,7,3,6,50,3,2,1,5,4,6,6,1,1,5,5,5,1,13,2,8,2,1,C03,7,9,1,10,2,11,,84,84,1,13,4,120.714485,24.204985,2
6082,66000,387130000C,(04)23274275,(04)23288582,2025,10,16,16,44,臺中市,北屯區,0,0,0,7,,,50,,,,,,,,,,,,,,,,,,,B03,,,1,,1,,,20,20,1,12,4,120.700798,24.170057,3
6083,66000,387130000C,(04)23274275,(04)23288582,2025,10,16,16,46,臺中市,豐原區,0,0,0,7,,,30,,,,,,,,,,,,,,17,,,,,B03,,,1,,2,,,50,50,1,12,4,120.745232,24.261962,3
6084,66000,387130000C,(04)23274275,(04)23288582,2025,10,16,16,52,臺中市,北屯區,0,0,0,7,,,50,,,,,,,,,,,,,,13,,,,,C03,,,1,,1,,,7,7,1,6,4,120.685372,24.168235,4
6085,66000,387130000C,(04)23274275,(04)23288582,2025,10,16,16,55,臺中市,北屯區,0,0,0,7,,,50,,,,,,,,,,,,,,,,,,,B03,,,1,,1,,,49,49,1,6,4,120.72616,24.176272,3
6086,66000,387130000C,(04)23274275,(04)23288582,2025,10,16,16,57,臺中市,北區,0,0,0,7,,,50,,,,,,,,,,,,,,13,,,,,B03,,,1,,1,,,84,84,1,13,4,120.689621,24.1589,3
6087,66000,387130000C,(04)23274275,(04)23288582,2025,10,16,17,2,臺中市,西區,0,0,0,6,,,50,,,,,,,,,,,,,,,,,,,C03,,,1,,2,,,7,7,1,12,4,120.67348,24.142079,3
6088,66000,387130000C,(04)23274275,(04)23288582,2025,10,16,17,3,臺中市,大雅區,0,2,0,7,1,6,50,3,9,1,5,4,6,6,1,1,10,4,5,1,17,2,9,1,1,C03,7,7,1,10,2,12,,4,4,1,12,4,120.639374,24.219036,2
6089,66000,387130000C,(04)23274275,(04)23288582,2025,10,16,17,4,臺中市,南區,0,0,0,7,,,50,,,,,,,,,,,,,,12,,,,,F01,,,7,,1,,,84,84,1,13,4,120.657392,24.13105,4
6090,66000,387130000C,(04)23274275,(04)23288582,2025,10,16,17,6,臺中市,南區,0,0,0,7,,,50,,,,,,,,,,,,,,,,,,,B03,,,1,,2,,,8,8,1,12,4,120.683655,24.121507,3
6091,66000,387130000C,(04)23274275,(04)23288582,2025,10,16,17,9,臺中市,北屯區,0,1,0,7,2,6,40,3,1,1,5,4,6,6,2,1,1,4,4,2,13,2,9,2,1,C03,7,9,1,10,2,11,,7,7,1,12,4,120.665781,24.182774,2
6092,66000,387130000C,(04)23274275,(04)23288582,2025,10,16,17,13,臺中市,西區,0,1,0,7,1,6,50,13,8,1,5,4,6,6,4,4,5,4,4,1,12,3,10,1,1,C03,7,9,1,10,2,16,,85,85,1,13,4,120.666218,24.132215,2
6093,66000,387130000C,(04)23274275,(04)23288582,2025,10,16,17,15,臺中市,大雅區,0,0,0,7,,,60,,,,,,,,,,,,,,,,,,,F03,,,7,,2,,,7,7,1,12,4,120.650483,24.211108,3
6094,66000,387130000C,(04)23274275,(04)23288582,2025,10,16,17,15,臺中市,北屯區,0,0,0,7,,,30,,,,,,,,,,,,,,15,,,,,C03,,,1,,1,,,13,13,1,12,4,120.683567,24.174146,3
6095,66000,387130000C,(04)23274275,(04)23288582,2025,10,16,17,16,臺中市,太平區,0,0,0,7,,,50,,,,,,,,,,,,,,,,,,,B03,,,1,,2,,,84,84,1,13,4,120.718068,24.15955,3
6096,66000,387130000C,(04)23274275,(04)23288582,2025,10,16,17,18,臺中市,西屯區,0,1,0,7,1,6,50,4,1,1,5,4,6,6,1,1,10,5,5,2,13,2,9,5,4,C03,7,9,1,10,1,11,,59,59,1,13,4,120.622518,24.18151,2
6097,66000,387130000C,(04)23274275,(04)23288582,2025,10,16,17,18,臺中市,西屯區,0,1,0,7,2,6,50,4,1,1,5,4,6,6,2,1,10,5,5,2,16,3,10,3,1,B03,7,5,1,8,9,2,,11,11,1,12,4,120.635926,24.164183,2
6098,66000,387130000C,(04)23274275,(04)23288582,2025,10,16,17,21,臺中市,大雅區,0,1,0,7,3,6,50,13,9,1,5,4,6,6,4,4,5,2,5,1,17,3,10,3,1,B12,7,6,1,8,2,8,,84,84,1,12,4,120.648772,24.216088,2
6099,66000,387130000C,(04)23274275,(04)23288582,2025,10,16,17,21,臺中市,烏日區,0,0,0,7,,,60,,,,,,,,,,,,,,14,,,,,B12,,,1,,1,,,49,49,1,6,4,120.622026,24.104715,3
6100,66000,387130000C,(04)23274275,(04)23288582,2025,10,16,17,24,臺中市,北區,0,0,0,7,,,50,,,,,,,,,,,,,,17,,,,,C03,,,1,,1,,,4,4,1,13,4,120.6679,24.161016,3
6101,66000,387130000C,(04)23274275,(04)23288582,2025,10,16,17,25,臺中市,太平區,0,2,0,7,3,6,50,5,2,1,5,4,6,6,2,1,5,5,5,2,12,2,9,1,1,C03,7,9,1,10,2,11,,84,84,1,12,4,120.713634,24.141323,2
6102,66000,387130000C,(04)23274275,(04)23288582,2025,10,16,17,28,臺中市,潭子區,0,1,0,7,3,6,50,13,7,1,5,4,6,6,4,4,9,4,4,2,17,2,7,2,1,C03,7,9,1,10,2,12,,4,4,1,13,4,120.685714,24.209522,2
6103,66000,387130000C,(04)23274275,(04)23288582,2025,10,16,17,29,臺中市,北屯區,0,0,0,7,,,50,,,,,,,,,,,,,,,,,,,B03,,,1,,9,,,35,35,1,12,4,120.676344,24.184374,3
6104,66000,387130000C,(04)23274275,(04)23288582,2025,10,16,17,31,臺中市,北屯區,0,0,0,7,,,50,,,,,,,,,,,,,,14,,,,,B03,,,1,,1,,,49,49,1,6,4,120.695364,24.166291,3
6105,66000,387130000C,(04)23274275,(04)23288582,2025,10,16,17,34,臺中市,后里區,0,0,0,7,,,60,,,,,,,,,,,,,,13,,,,,C03,,,1,,2,,,7,7,1,12,4,120.723396,24.29089,3
6106,66000,387130000C,(04)23274275,(04)23288582,2025,10,16,17,38,臺中市,南屯區,0,0,0,7,,,50,,,,,,,,,,,,,,,,,,,C03,,,1,,9,,,85,85,1,6,4,120.613088,24.149757,3
6107,66000,387130000C,(04)23274275,(04)23288582,2025,10,16,17,39,臺中市,北區,0,0,0,7,,,30,,,,,,,,,,,,,,,,,,,B03,,,1,,1,,,78,78,1,12,4,120.681609,24.155386,3
6108,66000,387130000C,(04)23274275,(04)23288582,2025,10,16,17,39,臺中市,霧峰區,0,2,0,7,1,6,50,13,9,1,5,4,6,6,4,4,5,2,5,1,13,2,7,2,1,C03,7,9,1,10,2,11,,7,7,1,13,4,120.676031,24.063967,2
6109,66000,387130000C,(04)23274275,(04)23288582,2025,10,16,17,40,臺中市,南區,0,2,0,7,1,6,50,4,1,1,5,4,6,6,4,4,10,5,5,2,16,2,9,2,1,C03,7,6,1,10,2,11,,14,14,1,12,4,120.667364,24.114249,2
6110,66000,387130000C,(04)23274275,(04)23288582,2025,10,16,17,40,臺中市,北屯區,0,0,0,7,,,50,,,,,,,,,,,,,,13,,,,,B03,,,1,,1,,,58,58,1,12,4,120.685998,24.181956,3
6111,66000,387130000C,(04)23274275,(04)23288582,2025,10,16,17,42,臺中市,西屯區,0,0,0,7,,,30,,,,,,,,,,,,,,17,,,,,B03,,,1,,1,,,8,8,1,13,4,120.650234,24.176515,3
6112,66000,387130000C,(04)23274275,(04)23288582,2025,10,16,17,43,臺中市,北屯區,0,0,0,7,,,30,,,,,,,,,,,,,,16,,,,,C03,,,1,,2,,,12,12,1,13,4,120.70531,24.166552,3
6113,66000,387130000C,(04)23274275,(04)23288582,2025,10,16,17,44,臺中市,東區,0,0,0,7,,,50,,,,,,,,,,,,,,12,,,,,C03,,,1,,2,,,8,8,1,13,4,120.684087,24.124917,3
6114,66000,387130000C,(04)23274275,(04)23288582,2025,10,16,17,44,臺中市,南屯區,0,0,0,7,,,50,,,,,,,,,,,,,,,,,,,B03,,,1,,1,,,84,84,1,6,4,120.623046,24.149692,3
6115,66000,387130000C,(04)23274275,(04)23288582,2025,10,16,17,45,臺中市,南屯區,0,0,0,7,,3,80,,,,,,,,,,,,,,13,,,,,B03,,,1,,1,,,59,59,1,12,4,120.620554,24.131855,3
6116,66000,387130000C,(04)23274275,(04)23288582,2025,10,16,17,45,臺中市,南屯區,0,1,0,7,2,6,50,13,9,1,5,4,6,6,4,4,9,4,5,2,13,3,10,3,1,B03,7,9,1,8,2,1,,59,59,1,12,4,120.646966,24.139015,2
6117,66000,387130000C,(04)23274275,(04)23288582,2025,10,16,17,45,臺中市,太平區,0,0,0,7,,,50,,,,,,,,,,,,,,11,3,10,1,1,C03,7,11,1,10,2,12,,45,45,1,12,2,120.702149,24.152012,3
6118,66000,387130000C,(04)23274275,(04)23288582,2025,10,16,17,52,臺中市,后里區,0,0,0,7,,,30,,,,,,,,,,,,,,17,,,,,C03,,,1,,2,,,6,6,1,6,4,120.709874,24.306136,3
6119,66000,387130000C,(04)23274275,(04)23288582,2025,10,16,17,55,臺中市,南屯區,0,1,0,7,1,6,50,13,8,1,5,4,6,6,4,4,5,5,4,2,13,2,9,2,1,C03,7,7,1,10,2,11,,7,7,1,13,4,120.643689,24.153292,2
6120,66000,387130000C,(04)23274275,(04)23288582,2025,10,16,17,55,臺中市,神岡區,0,1,0,7,1,6,50,3,2,1,5,4,6,6,1,1,10,5,5,2,13,2,9,2,1,C03,7,9,1,10,2,11,,7,7,1,6,4,120.694766,24.248261,2
6121,66000,387130000C,(04)23274275,(04)23288582,2025,10,16,17,56,臺中市,潭子區,0,2,0,7,1,6,50,4,1,1,5,4,6,6,1,1,1,4,5,1,13,2,9,2,1,C03,7,9,1,10,2,11,,85,85,1,12,4,120.718364,24.214842,2
6122,66000,387130000C,(04)23274275,(04)23288582,2025,10,16,17,59,臺中市,北屯區,0,1,0,7,1,6,50,3,1,1,5,4,6,6,1,1,10,5,5,2,16,3,10,2,1,C03,7,11,1,10,2,12,,45,45,1,12,4,120.708899,24.180108,2
6123,66000,387130000C,(04)23274275,(04)23288582,2025,10,16,17,59,臺中市,烏日區,0,1,0,7,1,6,50,13,7,1,5,4,6,6,4,4,9,5,4,2,13,3,10,5,4,B03,7,9,1,8,2,1,,7,7,1,12,4,120.641864,24.108441,2
6124,66000,387130000C,(04)23274275,(04)23288582,2025,10,16,18,0,臺中市,潭子區,0,0,0,7,,,50,,,,,,,,,,,,,,,,,,,B12,,,1,,2,,,50,50,1,13,4,120.703048,24.205765,3
6125,66000,387130000C,(04)23274275,(04)23288582,2025,10,16,18,0,臺中市,中區,0,1,0,7,1,6,50,4,1,1,5,4,6,6,2,1,5,2,5,1,12,3,10,3,1,B03,7,7,1,8,2,5,,84,84,1,13,4,120.678849,24.141817,2
6126,66000,387130000C,(04)23274275,(04)23288582,2025,10,16,18,0,臺中市,太平區,0,0,0,7,,,50,,,,,,,,,,,,,,,,,,,B03,,,1,,2,,,40,40,1,13,4,120.71604,24.148633,3
6127,66000,387130000C,(04)23274275,(04)23288582,2025,10,16,18,1,臺中市,太平區,0,1,0,7,1,6,50,4,19,1,5,4,6,6,2,1,10,5,5,2,3,2,9,6,5,H01,8,18,7,21,10,17,,96,96,1,12,5,120.715712,24.151833,2
6128,66000,387130000C,(04)23274275,(04)23288582,2025,10,16,18,7,臺中市,大里區,0,1,0,7,1,6,50,4,1,1,5,4,6,6,1,1,10,5,5,2,17,3,10,3,1,B03,7,5,1,8,2,3,,47,47,1,12,4,120.688344,24.101999,2
6129,66000,387130000C,(04)23274275,(04)23288582,2025,10,16,18,7,臺中市,龍井區,0,1,0,7,1,6,50,13,9,1,5,4,6,6,4,4,5,5,5,1,28,2,9,5,4,C03,7,9,1,10,2,12,,87,87,1,6,2,120.586842,24.189105,2
6130,66000,387130000C,(04)23274275,(04)23288582,2025,10,16,18,8,臺中市,北屯區,0,1,0,7,1,6,50,4,1,1,5,4,6,6,1,1,10,5,5,2,13,3,10,3,1,B12,7,6,1,8,2,8,,84,84,1,6,4,120.688773,24.165008,2
6131,66000,387130000C,(04)23274275,(04)23288582,2025,10,16,18,10,臺中市,南屯區,0,1,0,7,2,6,80,13,7,1,5,4,6,6,4,4,9,4,5,2,13,3,10,3,1,B03,7,9,1,8,2,1,,7,7,1,12,4,120.621618,24.134699,2
6132,66000,387130000C,(04)23274275,(04)23288582,2025,10,16,18,10,臺中市,西屯區,0,0,0,7,,,30,,,,,,,,,,,,,,13,,,,,C03,,,1,,1,,,7,7,1,12,4,120.632975,24.170942,3
6133,66000,387130000C,(04)23274275,(04)23288582,2025,10,16,18,13,臺中市,神岡區,0,0,0,7,,,50,,,,,,,,,,,,,,12,,,,,B03,,,,,10,,,7,7,1,12,4,120.694965,24.248368,3
6134,66000,387130000C,(04)23274275,(04)23288582,2025,10,16,18,14,臺中市,后里區,0,0,0,7,,,50,,,,,,,,,,,,,,11,,,,,C03,,,1,,2,,,40,40,1,13,4,120.710824,24.305092,3
6135,66000,387130000C,(04)23274275,(04)23288582,2025,10,16,18,15,臺中市,北屯區,0,1,0,7,3,6,50,13,9,1,5,4,1,6,4,4,1,5,5,2,18,2,9,4,1,F01,7,9,7,21,2,11,,84,84,1,6,1,120.691711,24.162494,2
6136,66000,387130000C,(04)23274275,(04)23288582,2025,10,16,18,18,臺中市,北屯區,0,0,0,7,,,40,,,,,,,,,,,,,,13,,,,,C03,,,5,,1,,,7,7,1,12,4,120.689719,24.164886,3
6137,66000,387130000C,(04)23274275,(04)23288582,2025,10,16,18,19,臺中市,南區,0,0,0,7,,,50,,,,,,,,,,,,,,,,,,,B03,,,1,,2,,,84,84,1,12,4,120.678537,24.128182,3
6138,66000,387130000C,(04)23274275,(04)23288582,2025,10,16,18,19,臺中市,南區,0,1,0,7,1,6,50,3,5,1,5,4,6,6,4,4,10,5,5,2,18,2,7,2,1,C03,7,9,1,9,2,16,,84,84,1,12,4,120.6591,24.126019,2
6139,66000,387130000C,(04)23274275,(04)23288582,2025,10,16,18,20,臺中市,梧棲區,0,1,0,7,1,6,50,3,1,1,5,4,6,6,4,4,10,5,5,2,16,3,10,3,1,B03,7,6,1,8,2,8,,14,14,1,6,4,120.542007,24.260749,2
6140,66000,387130000C,(04)23274275,(04)23288582,2025,10,16,18,22,臺中市,大甲區,0,2,0,7,1,6,50,13,9,1,5,4,6,6,4,4,2,4,5,1,13,2,9,2,1,C03,7,9,1,10,2,11,,7,7,1,6,4,120.645989,24.372376,2
6141,66000,387130000C,(04)23274275,(04)23288582,2025,10,16,18,25,臺中市,沙鹿區,0,0,0,7,,,50,,,,,,,,,,,,,,,,,,,B03,,,1,,2,,,11,11,1,13,4,120.56903,24.255916,3
6142,66000,387130000C,(04)23274275,(04)23288582,2025,10,16,18,26,臺中市,南區,0,1,0,7,1,6,50,13,9,1,5,4,6,6,4,4,9,4,5,2,17,3,10,2,1,C03,7,9,1,10,9,16,,72,72,1,12,4,120.670799,24.130421,2
6143,66000,387130000C,(04)23274275,(04)23288582,2025,10,16,18,26,臺中市,西屯區,0,1,0,7,1,6,50,4,1,1,5,4,6,6,2,1,10,5,5,2,16,3,10,3,1,B03,7,5,5,8,2,5,,11,11,1,12,4,120.645379,24.192486,2
6144,66000,387130000C,(04)23274275,(04)23288582,2025,10,16,18,27,臺中市,南屯區,0,1,0,7,1,6,50,3,1,1,5,4,6,6,4,4,5,4,4,2,18,2,8,5,1,F01,7,9,7,21,1,12,,84,84,1,12,1,120.641354,24.130788,2
6145,66000,387130000C,(04)23274275,(04)23288582,2025,10,16,18,28,臺中市,西區,0,0,0,7,,,50,,,,,,,,,,,,,,,,,,,B03,,,1,,2,,,8,8,1,12,4,120.669775,24.1513,3
6146,66000,387130000C,(04)23274275,(04)23288582,2025,10,16,18,30,臺中市,東區,0,0,0,7,,,50,,,,,,,,,,,,,,12,,,,,C03,,,1,,2,,,71,71,1,13,4,120.708387,24.142513,3
6147,66000,387130000C,(04)23274275,(04)23288582,2025,10,16,18,31,臺中市,中區,0,1,0,6,1,6,50,4,1,1,5,4,6,6,1,1,10,5,5,2,17,2,9,1,1,C03,7,9,3,19,2,11,,7,7,1,12,4,120.682863,24.143654,2
6148,66000,387130000C,(04)23274275,(04)23288582,2025,10,16,18,33,臺中市,太平區,0,0,0,7,,,50,,,,,,,,,,,,,,13,3,10,3,1,B03,7,6,1,8,2,4,,7,7,1,12,4,120.718895,24.15342,3
6149,66000,387130000C,(04)23274275,(04)23288582,2025,10,16,18,34,臺中市,北屯區,0,0,0,7,,,40,,,,,,,,,,,,,,17,,,,,B02,,,1,,2,,,82,82,1,13,4,120.708613,24.1738,3
6150,66000,387130000C,(04)23274275,(04)23288582,2025,10,16,18,35,臺中市,北區,0,0,0,7,,,50,,,,,,,,,,,,,,17,,,,,B03,,,1,,2,,,8,8,1,13,4,120.696107,24.153174,3
6151,66000,387130000C,(04)23274275,(04)23288582,2025,10,16,18,36,臺中市,南屯區,0,0,0,7,,,50,,,,,,,,,,,,,,,,,,,B03,,,1,,1,,,47,47,1,6,4,120.637472,24.14534,3
6152,66000,387130000C,(04)23274275,(04)23288582,2025,10,16,18,38,臺中市,中區,0,1,0,7,1,6,50,3,2,1,5,4,6,6,1,1,9,4,5,2,30,2,9,1,1,C03,7,9,1,10,2,11,,84,84,1,12,4,120.680609,24.141468,2
6153,66000,387130000C,(04)23274275,(04)23288582,2025,10,16,18,40,臺中市,西屯區,0,1,0,7,1,6,0,13,9,1,5,4,6,6,4,4,3,4,5,2,17,3,10,5,4,B02,7,1,1,8,2,5,,51,51,1,13,4,120.643651,24.163436,2
6154,66000,387130000C,(04)23274275,(04)23288582,2025,10,16,18,41,臺中市,豐原區,0,1,0,7,1,6,50,13,9,1,5,4,6,6,2,1,1,2,5,1,18,2,9,1,1,C03,7,9,1,10,2,16,14,85,85,1,12,4,120.69907,24.249289,2
6155,66000,387130000C,(04)23274275,(04)23288582,2025,10,16,18,43,臺中市,潭子區,0,0,0,6,,3,80,,,,,,,,,,,,,,,,,,,B03,,,1,,2,,,40,40,1,13,4,120.709739,24.200514,3
6156,66000,387130000C,(04)23274275,(04)23288582,2025,10,16,18,43,臺中市,東區,0,1,0,7,1,6,50,4,1,1,5,4,6,6,1,1,10,5,5,2,17,3,10,5,4,B03,7,9,1,8,2,9,,84,84,1,12,4,120.686485,24.140019,2
6157,66000,387130000C,(04)23274275,(04)23288582,2025,10,16,18,44,臺中市,西屯區,0,0,0,6,,,60,,,,,,,,,,,,,,,,,,,B03,,,1,,2,,,7,7,1,13,4,120.595222,24.182602,3
6158,66000,387130000C,(04)23274275,(04)23288582,2025,10,16,18,45,臺中市,北屯區,0,0,0,7,,,50,,,,,,,,,,,,,,14,,,,,B03,,,1,,2,,,49,49,1,12,4,120.673132,24.174262,3
6159,66000,387130000C,(04)23274275,(04)23288582,2025,10,16,18,47,臺中市,太平區,0,2,0,7,1,6,50,4,9,1,5,4,6,6,1,1,5,4,5,2,16,2,9,1,1,C03,7,1,1,10,2,14,,51,51,1,12,4,120.710948,24.126764,2
6160,66000,387130000C,(04)23274275,(04)23288582,2025,10,16,18,49,臺中市,南區,0,2,0,7,1,6,50,4,1,1,5,4,6,6,4,4,10,5,5,2,15,2,7,2,1,C03,7,9,1,10,2,11,,15,15,1,12,4,120.682861,24.130757,2