序號,縣市別代碼,機關代碼,市話,傳真,年,月,日,時,分,縣市,區,死亡數量,受傷數量,2-30,天候,道路照明設備,道路類別,道路速限,道路型態,事故位置,路面鋪裝,路面狀態,路面缺陷,障礙物,視距,號誌種類,號誌動作,分向設施,快車道或一般車道間,快慢車道間,路面邊線,事故類型及型態,受傷程度,主要傷處,保護裝備,行動電話或功能裝置,當事者區分(類別),車輛用途,當事者行動狀態,駕照狀態,駕照種類,飲酒情形,車輛撞擊部位最初,車輛撞擊部位其他,肇事因素個別,肇事因素主要,肇事逃逸,職業,共享經濟或外送平台,GPS座標X,GPS座標Y,事故類別
6161,66000,387130000C,(04)23274275,(04)23288582,2025,10,16,18,50,臺中市,龍井區,0,3,0,7,1,6,50,4,2,1,5,4,6,6,2,1,10,5,1,2,16,2,9,5,4,C03,7,5,1,10,2,13,,8,8,1,6,2,120.592862,24.182846,2
6162,66000,387130000C,(04)23274275,(04)23288582,2025,10,16,18,51,臺中市,南區,0,1,0,7,1,6,30,4,1,1,5,4,6,6,3,1,10,5,5,2,15,3,10,3,1,B03,7,9,1,8,2,4,,24,24,1,13,4,120.66895,24.123644,2
6163,66000,387130000C,(04)23274275,(04)23288582,2025,10,16,18,56,臺中市,大里區,0,0,0,7,,,30,,,,,,,,,,,,,,12,,,,,B03,,,3,,9,,,8,8,1,13,4,120.699638,24.106301,3
6164,66000,387130000C,(04)23274275,(04)23288582,2025,10,16,18,57,臺中市,西屯區,0,1,0,7,1,6,50,13,10,1,5,4,6,6,4,4,1,4,1,2,9,3,10,3,4,A04,7,9,1,2,2,2,,74,74,1,13,4,120.649183,24.162756,2
6165,66000,387130000C,(04)23274275,(04)23288582,2025,10,16,18,58,臺中市,西區,0,0,0,6,,,50,,,,,,,,,,,,,,,,,,,B13,,,1,,1,,,8,8,1,12,4,120.656199,24.146243,3
6166,66000,387130000C,(04)23274275,(04)23288582,2025,10,16,18,59,臺中市,北屯區,0,0,0,7,,,50,,,,,,,,,,,,,,12,,,,,B03,,,1,,1,,,22,22,1,6,4,120.681954,24.181688,3
6167,66000,387130000C,(04)23274275,(04)23288582,2025,10,16,19,0,臺中市,東區,0,0,0,7,,,50,,,,,,,,,,,,,,17,,,,,F01,,,7,,1,,,84,84,1,12,4,120.692896,24.130598,3
6168,66000,387130000C,(04)23274275,(04)23288582,2025,10,16,19,1,臺中市,西屯區,0,2,0,7,1,6,50,13,9,1,5,4,6,6,4,4,3,4,5,2,13,2,9,5,4,C03,7,9,1,10,2,11,,7,7,1,13,4,120.65842,24.17064,2
6169,66000,387130000C,(04)23274275,(04)23288582,2025,10,16,19,3,臺中市,太平區,0,0,0,7,,,50,,,,,,,,,,,,,,30,3,10,1,1,C03,7,9,1,10,2,16,,8,8,1,12,4,120.715769,24.151814,3
6170,66000,387130000C,(04)23274275,(04)23288582,2025,10,16,19,10,臺中市,西屯區,0,0,0,7,,,50,,,,,,,,,,,,,,12,,,,,B03,,,1,,1,,,84,84,1,12,4,120.646673,24.156696,3
6171,66000,387130000C,(04)23274275,(04)23288582,2025,10,16,19,10,臺中市,梧棲區,0,0,0,7,,,50,,,,,,,,,,,,,,12,,,,,B03,,,1,,1,,,40,40,1,6,4,120.522107,24.224072,3
6172,66000,387130000C,(04)23274275,(04)23288582,2025,10,16,19,11,臺中市,烏日區,0,1,0,7,1,6,50,4,1,1,5,4,6,6,4,4,10,5,5,2,13,2,7,1,1,C03,7,9,1,10,2,11,,7,7,1,6,4,120.624469,24.103693,2
6173,66000,387130000C,(04)23274275,(04)23288582,2025,10,16,19,15,臺中市,北屯區,0,0,0,7,,,50,,,,,,,,,,,,,,14,,,,,B03,,,1,,1,,,49,49,1,6,4,120.673104,24.174327,4
6174,66000,387130000C,(04)23274275,(04)23288582,2025,10,16,19,16,臺中市,北屯區,0,0,0,7,,3,50,,,,,,,,,,,,,,,,,,,B03,,,1,,1,,,84,84,1,13,4,120.720854,24.171669,3
6175,66000,387130000C,(04)23274275,(04)23288582,2025,10,16,19,16,臺中市,大里區,0,1,0,7,1,6,50,4,2,1,5,4,6,6,1,1,10,5,5,2,16,3,10,3,1,B03,7,5,1,8,2,6,,11,11,1,12,4,120.677977,24.104005,2
6176,66000,387130000C,(04)23274275,(04)23288582,2025,10,16,19,18,臺中市,南區,0,2,0,7,1,6,50,4,1,1,5,4,6,6,1,1,10,5,5,2,17,2,9,5,4,C03,7,6,5,10,3,14,,84,84,1,12,4,120.653659,24.113755,2
6177,66000,387130000C,(04)23274275,(04)23288582,2025,10,16,19,25,臺中市,南屯區,0,0,0,7,,,50,,,,,,,,,,,,,,17,,,,,C03,,,1,,10,,,87,87,1,12,4,120.650147,24.139995,3
6178,66000,387130000C,(04)23274275,(04)23288582,2025,10,16,19,26,臺中市,大雅區,0,0,0,7,,,50,,,,,,,,,,,,,,,,,,,B03,,,1,,2,,,84,84,1,12,4,120.613914,24.231903,3
6179,66000,387130000C,(04)23274275,(04)23288582,2025,10,16,19,36,臺中市,大里區,0,2,0,7,1,6,50,13,8,1,5,4,6,6,4,4,1,4,4,2,17,2,9,1,1,F03,7,9,7,21,2,11,,7,7,1,12,4,120.690168,24.12431,2
6180,66000,387130000C,(04)23274275,(04)23288582,2025,10,16,19,39,臺中市,西區,0,1,0,6,1,6,30,13,9,1,5,4,6,6,4,4,10,5,5,2,9,3,10,1,1,C03,7,9,1,10,2,11,,84,84,1,13,4,120.65369,24.153123,2
6181,66000,387130000C,(04)23274275,(04)23288582,2025,10,16,19,40,臺中市,大里區,0,1,0,7,1,6,40,13,8,1,5,4,6,6,4,4,6,3,4,1,12,3,10,3,1,B03,7,7,1,8,2,2,,40,40,1,12,4,120.68989,24.093118,2
6182,66000,387130000C,(04)23274275,(04)23288582,2025,10,16,19,50,臺中市,龍井區,0,1,0,7,1,6,50,13,9,1,5,4,6,6,4,4,5,5,5,1,16,3,10,5,4,B03,7,6,1,3,2,6,,39,39,1,12,4,120.582243,24.177657,2
6183,66000,387130000C,(04)23274275,(04)23288582,2025,10,16,19,54,臺中市,北區,0,2,0,7,1,6,50,3,9,1,5,4,6,6,4,4,5,5,4,2,13,2,9,1,1,C03,7,9,1,10,2,11,,7,7,1,12,4,120.692952,24.154997,2
6184,66000,387130000C,(04)23274275,(04)23288582,2025,10,16,19,54,臺中市,北屯區,0,1,0,7,1,6,50,4,2,1,5,4,6,6,1,1,10,5,5,2,16,3,10,6,1,F01,7,6,7,21,2,12,,34,34,1,6,4,120.693348,24.179913,2
6185,66000,387130000C,(04)23274275,(04)23288582,2025,10,16,19,54,臺中市,北屯區,0,1,0,7,1,6,50,3,1,1,5,4,6,6,2,1,1,4,5,2,16,3,10,3,1,B03,7,6,1,8,2,2,,11,11,1,12,4,120.727863,24.163278,2
6186,66000,387130000C,(04)23274275,(04)23288582,2025,10,16,19,56,臺中市,太平區,0,0,0,7,,,50,,,,,,,,,,,,,,,,,,,C03,,,1,,2,,,59,59,1,12,4,120.717385,24.138072,3
6187,66000,387130000C,(04)23274275,(04)23288582,2025,10,16,19,59,臺中市,大里區,0,2,0,7,1,6,50,4,1,1,5,4,6,6,1,1,10,5,5,2,16,2,9,2,1,C03,7,6,1,10,2,14,,48,48,1,12,4,120.675143,24.102956,2
6188,66000,387130000C,(04)23274275,(04)23288582,2025,10,16,20,4,臺中市,西屯區,0,1,0,7,1,6,35,11,9,1,5,4,6,6,4,4,10,5,5,2,12,2,8,1,1,C03,7,8,1,10,2,14,,42,42,1,12,4,120.630839,24.173313,2
6189,66000,387130000C,(04)23274275,(04)23288582,2025,10,16,20,12,臺中市,南屯區,0,1,0,7,1,6,50,3,2,1,5,4,6,6,2,1,1,4,5,2,28,2,9,2,1,C03,7,9,1,10,2,11,,84,84,1,6,4,120.599499,24.145821,2
6190,66000,387130000C,(04)23274275,(04)23288582,2025,10,16,20,34,臺中市,烏日區,0,2,0,7,1,6,40,13,8,1,4,4,6,6,4,4,1,4,4,1,17,2,9,1,1,C03,7,7,1,10,2,14,,84,84,1,6,4,120.587892,24.113381,2
6191,66000,387130000C,(04)23274275,(04)23288582,2025,10,16,20,47,臺中市,西屯區,0,0,0,7,,,40,,,,,,,,,,,,,,13,,,,,B03,,,1,,1,,,7,7,1,13,4,120.636545,24.170836,3
6192,66000,387130000C,(04)23274275,(04)23288582,2025,10,16,20,57,臺中市,中區,0,2,0,7,1,6,50,4,1,1,5,4,6,6,2,1,5,2,5,2,16,2,9,1,1,C03,7,6,1,10,2,14,,36,36,1,12,4,120.684403,24.142256,2
6193,66000,387130000C,(04)23274275,(04)23288582,2025,10,16,21,4,臺中市,西區,0,0,0,6,,,50,,,,,,,,,,,,,,,,,,,B03,,,1,,1,,,59,59,1,13,4,120.67772,24.136017,3
6194,66000,387130000C,(04)23274275,(04)23288582,2025,10,16,21,14,臺中市,西區,0,0,0,7,,,50,,,,,,,,,,,,,,17,,,,,B03,,,7,,10,,,50,50,1,12,4,120.657536,24.155961,3
6195,66000,387130000C,(04)23274275,(04)23288582,2025,10,16,21,15,臺中市,沙鹿區,0,0,0,7,1,6,50,5,8,1,5,4,6,6,1,1,4,3,1,2,13,,,,,B03,,,1,,2,,,7,7,1,12,4,120.568207,24.238389,3
6196,66000,387130000C,(04)23274275,(04)23288582,2025,10,16,21,16,臺中市,沙鹿區,0,0,0,7,,,50,,,,,,,,,,,,,,,,,,,B03,,,1,,1,,,50,50,1,13,4,120.562936,24.237665,3
6197,66000,387130000C,(04)23274275,(04)23288582,2025,10,16,21,18,臺中市,西屯區,0,0,0,7,,,50,,,,,,,,,,,,,,13,,,,,B03,,,1,,1,,,59,59,1,12,4,120.643271,24.178415,3
6198,66000,387130000C,(04)23274275,(04)23288582,2025,10,16,21,22,臺中市,南區,0,1,0,7,1,6,50,4,1,1,5,4,6,6,1,1,10,5,5,2,16,3,10,2,1,C03,7,6,1,10,2,11,,11,11,1,12,4,120.668624,24.116892,2
6199,66000,387130000C,(04)23274275,(04)23288582,2025,10,16,21,26,臺中市,北區,0,0,0,7,,,50,,,,,,,,,,,,,,13,,,,,B03,,,1,,1,,,84,84,1,13,4,120.68263,24.152952,3
6200,66000,387130000C,(04)23274275,(04)23288582,2025,10,16,21,27,臺中市,大甲區,0,1,0,7,1,6,30,4,1,1,5,4,6,6,4,4,10,5,5,2,16,2,9,1,1,C03,7,6,1,10,9,14,,14,14,1,6,4,120.626285,24.353759,2
6201,66000,387130000C,(04)23274275,(04)23288582,2025,10,16,21,30,臺中市,沙鹿區,0,1,0,7,1,6,40,13,8,1,5,4,6,6,4,4,1,5,5,1,13,2,8,1,1,C03,7,9,1,10,2,11,,59,59,1,12,4,120.57126,24.234128,2
6202,66000,387130000C,(04)23274275,(04)23288582,2025,10,16,21,32,臺中市,太平區,0,1,0,7,2,6,50,4,1,1,5,4,6,6,1,1,10,5,5,2,17,3,10,3,1,B03,7,6,1,8,2,8,,11,11,1,12,4,120.725136,24.116852,2
6203,66000,387130000C,(04)23274275,(04)23288582,2025,10,16,21,38,臺中市,東區,0,0,0,7,,,30,,,,,,,,,,,,,,12,,,,,,,,,,,,,85,85,1,,,120.707272,24.132201,3
6204,66000,387130000C,(04)23274275,(04)23288582,2025,10,16,21,42,臺中市,西區,0,1,0,6,2,6,50,4,1,1,5,4,6,6,1,1,10,5,5,2,17,3,10,3,1,B03,7,6,1,8,2,1,,11,11,1,12,4,120.672471,24.149506,2
6205,66000,387130000C,(04)23274275,(04)23288582,2025,10,16,21,43,臺中市,西屯區,0,1,0,7,1,6,50,4,1,1,5,4,6,6,2,1,10,5,5,2,16,3,10,5,4,C03,7,6,1,10,2,11,,11,11,1,13,4,120.638966,24.180006,2
6206,66000,387130000C,(04)23274275,(04)23288582,2025,10,16,21,55,臺中市,西區,0,0,0,6,,,50,,,,,,,,,,,,,,,,,,,B03,,,1,,1,,,8,8,1,12,4,120.654849,24.146628,3
6207,66000,387130000C,(04)23274275,(04)23288582,2025,10,16,22,0,臺中市,西屯區,0,0,0,6,,,30,,,,,,,,,,,,,,,,,,,B03,,,1,,2,,,8,8,1,13,4,120.646523,24.184554,4
6208,66000,387130000C,(04)23274275,(04)23288582,2025,10,16,22,1,臺中市,大里區,0,0,0,7,,3,80,,,,,,,,,,,,,,,,,,,B03,,,1,,2,,,84,84,1,11,4,120.699822,24.11455,3
6209,66000,387130000C,(04)23274275,(04)23288582,2025,10,16,22,5,臺中市,大里區,0,1,0,7,1,6,50,4,1,1,5,4,6,6,4,4,10,5,5,2,17,3,10,3,1,B03,7,6,1,8,2,5,,14,14,1,12,4,120.700014,24.108966,2
6210,66000,387130000C,(04)23274275,(04)23288582,2025,10,16,22,8,臺中市,西屯區,0,0,0,7,,,30,,,,,,,,,,,,,,15,,,,,C03,,,1,,1,,,12,12,1,12,4,120.644169,24.180403,3
6211,66000,387130000C,(04)23274275,(04)23288582,2025,10,16,22,9,臺中市,西屯區,0,3,0,7,1,6,50,13,9,1,5,4,6,6,4,4,3,4,5,2,13,2,9,5,4,C03,7,9,1,10,2,13,,7,7,1,13,4,120.605186,24.193174,2
6212,66000,387130000C,(04)23274275,(04)23288582,2025,10,16,22,11,臺中市,西屯區,0,0,0,7,,,50,,,,,,,,,,,,,,17,,,,,C03,,,1,,1,,,23,23,1,12,4,120.645371,24.175842,3
6213,66000,387130000C,(04)23274275,(04)23288582,2025,10,16,22,16,臺中市,西屯區,0,0,0,6,,,50,,,,,,,,,,,,,,,,,,,B02,,,5,,1,,,7,7,1,13,4,120.652545,24.166121,3
6214,66000,387130000C,(04)23274275,(04)23288582,2025,10,16,22,24,臺中市,西屯區,0,2,0,7,1,6,40,3,1,1,5,4,6,6,1,1,10,5,5,2,13,2,9,5,1,C03,7,9,1,10,2,11,,59,59,1,12,4,120.618895,24.181169,2
6215,66000,387130000C,(04)23274275,(04)23288582,2025,10,16,22,26,臺中市,西屯區,0,0,0,7,,,60,,,,,,,,,,,,,,13,,,,,B03,,,1,,1,,,51,51,1,12,4,120.644066,24.165742,3
6216,66000,387130000C,(04)23274275,(04)23288582,2025,10,16,22,30,臺中市,霧峰區,0,1,0,7,2,6,40,13,8,1,5,4,6,6,4,4,1,4,1,1,17,2,9,1,1,F01,7,9,7,21,2,11,,59,59,1,12,4,120.656619,24.087464,2
6217,66000,387130000C,(04)23274275,(04)23288582,2025,10,16,22,47,臺中市,龍井區,0,1,0,6,1,6,30,13,9,1,5,4,6,6,4,4,10,5,5,2,18,2,8,1,1,C04,7,9,1,11,2,12,,87,87,1,6,4,120.59402,24.187392,2
6218,66000,387130000C,(04)23274275,(04)23288582,2025,10,16,22,51,臺中市,南屯區,0,1,0,7,1,6,50,4,2,1,5,4,6,6,1,1,9,5,5,2,17,3,10,3,1,B03,7,9,1,8,2,1,,84,84,1,13,4,120.64655,24.133376,2
6219,66000,387130000C,(04)23274275,(04)23288582,2025,10,16,23,15,臺中市,北區,0,1,0,7,1,6,50,4,2,1,5,4,6,6,2,1,10,5,5,2,13,3,10,3,1,B02,7,9,1,8,2,8,,59,59,1,13,4,120.678321,24.15108,2
6220,66000,387130000C,(04)23274275,(04)23288582,2025,10,16,23,28,臺中市,西屯區,0,0,0,7,,,50,,,,,,,,,,,,,,11,,,,,,,,,,,,,119,119,1,,,120.637481,24.170724,3
6221,66000,387130000C,(04)23274275,(04)23288582,2025,10,16,23,38,臺中市,大肚區,0,1,0,7,1,6,50,11,9,1,5,4,6,6,4,4,5,5,5,2,18,2,9,2,1,C03,7,15,1,10,2,15,,58,58,1,6,4,120.551205,24.158996,2
6222,66000,387130000C,(04)23274275,(04)23288582,2025,10,16,23,39,臺中市,西區,0,0,0,6,,,50,,,,,,,,,,,,,,,,,,,B03,,,1,,2,,,49,49,1,12,4,120.653266,24.149562,3
6223,66000,387130000C,(04)23274275,(04)23288582,2025,10,16,23,46,臺中市,西區,0,1,0,7,1,6,50,4,1,1,5,4,6,6,2,1,10,5,5,2,18,2,9,2,1,C03,7,9,1,10,2,14,,84,84,1,12,4,120.658839,24.140149,2
6224,66000,387130000C,(04)23274275,(04)23288582,2025,10,16,23,47,臺中市,西屯區,0,0,0,7,,,30,,,,,,,,,,,,,,,,,,,A12,,,1,,9,,,47,47,1,12,4,120.656336,24.175211,3
6225,66000,387130000C,(04)23274275,(04)23288582,2025,10,17,0,16,臺中市,豐原區,0,0,0,7,,,50,,,,,,,,,,,,,,17,,,,,B03,,,1,,2,,,56,56,1,12,4,120.721697,24.274828,3
6226,66000,387130000C,(04)23274275,(04)23288582,2025,10,17,0,24,臺中市,新社區,0,3,0,7,1,6,50,11,9,1,5,4,6,6,4,4,8,5,5,2,11,2,9,1,1,C03,7,5,1,10,2,11,,6,6,1,12,4,120.844653,24.159806,2
6227,66000,387130000C,(04)23274275,(04)23288582,2025,10,17,0,31,臺中市,北屯區,0,1,0,6,1,6,50,4,1,1,5,4,6,6,3,1,10,5,5,2,15,3,10,3,1,B03,7,9,1,7,2,1,,24,24,1,6,4,120.683853,24.179173,2
6228,66000,387130000C,(04)23274275,(04)23288582,2025,10,17,1,0,臺中市,霧峰區,0,2,0,7,1,6,50,3,2,1,5,4,6,6,4,4,5,5,4,2,16,3,10,3,1,B03,7,11,1,8,2,4,,45,45,1,12,4,120.725563,24.060618,2
6229,66000,387130000C,(04)23274275,(04)23288582,2025,10,17,2,44,臺中市,南屯區,0,0,0,7,,,50,,,,,,,,,,,,,,,,,,,B02,,,1,,2,,,84,84,1,13,4,120.612628,24.143999,3
6230,66000,387130000C,(04)23274275,(04)23288582,2025,10,17,3,13,臺中市,大肚區,0,0,0,7,,,30,,,,,,,,,,,,,,9,,,,,H01,,,7,,10,,,109,109,1,6,5,120.543371,24.148718,3
6231,66000,387130000C,(04)23274275,(04)23288582,2025,10,17,4,31,臺中市,東區,0,1,0,7,1,6,50,4,1,1,5,4,6,6,1,1,9,4,5,2,15,3,10,1,1,C03,7,9,1,10,2,12,,20,20,1,12,4,120.690328,24.130899,2
6232,66000,387130000C,(04)23274275,(04)23288582,2025,10,17,5,21,臺中市,烏日區,0,1,0,7,1,6,50,3,1,1,5,4,6,6,4,4,10,5,5,2,16,3,10,5,4,B03,7,6,3,19,2,1,,12,12,1,13,4,120.59885,24.109891,2
6233,66000,387130000C,(04)23274275,(04)23288582,2025,10,17,5,26,臺中市,北區,0,1,0,7,2,6,40,13,8,1,5,4,6,6,4,4,4,5,4,2,17,2,9,1,1,C03,7,9,1,10,2,11,,59,59,1,12,4,120.665013,24.158856,2
6234,66000,387130000C,(04)23274275,(04)23288582,2025,10,17,5,58,臺中市,霧峰區,0,1,0,7,2,6,50,4,1,1,5,4,6,6,4,4,10,5,5,1,15,3,10,3,1,B03,7,9,1,8,2,1,,15,15,1,12,4,120.70062,24.070841,2
6235,66000,387130000C,(04)23274275,(04)23288582,2025,10,17,6,49,臺中市,霧峰區,0,2,0,7,3,6,0,13,9,1,5,4,6,6,4,4,10,5,5,1,17,2,9,1,1,F01,7,1,7,21,2,11,,51,51,1,2,4,120.668845,24.035901,2
6236,66000,387130000C,(04)23274275,(04)23288582,2025,10,17,6,52,臺中市,沙鹿區,0,1,0,7,2,6,30,11,9,1,5,4,6,6,4,4,10,5,5,1,18,2,9,2,1,C03,7,6,1,10,2,12,,59,59,1,6,4,120.591281,24.218901,2
6237,66000,387130000C,(04)23274275,(04)23288582,2025,10,17,6,54,臺中市,大安區,0,0,0,7,,,50,,,,,,,,,,,,,,,,,,,B12,,,3,,1,,,45,45,1,12,4,120.603119,24.361066,3
6238,66000,387130000C,(04)23274275,(04)23288582,2025,10,17,6,59,臺中市,西屯區,0,1,0,7,2,6,30,13,9,1,5,4,6,6,4,4,10,5,5,2,13,3,10,5,4,C03,7,9,1,10,2,11,,7,7,1,13,4,120.646184,24.183712,2
6239,66000,387130000C,(04)23274275,(04)23288582,2025,10,17,7,0,臺中市,大里區,0,1,0,7,2,6,30,3,9,1,5,4,6,6,4,4,10,5,5,2,17,3,10,3,1,B03,7,5,1,8,2,5,,84,84,1,12,4,120.699981,24.107197,2
6240,66000,387130000C,(04)23274275,(04)23288582,2025,10,17,7,0,臺中市,神岡區,0,1,0,7,2,6,50,4,1,1,5,4,6,6,4,4,10,5,5,2,13,3,10,5,4,B03,7,5,4,8,2,5,,7,7,1,12,4,120.695543,24.247614,2
6241,66000,387130000C,(04)23274275,(04)23288582,2025,10,17,7,4,臺中市,南屯區,0,0,0,7,,,50,,,,,,,,,,,,,,13,,,,,B03,,,1,,1,,,59,59,1,13,4,120.637788,24.146983,3
6242,66000,387130000C,(04)23274275,(04)23288582,2025,10,17,7,4,臺中市,太平區,0,2,0,7,3,6,30,3,1,1,5,4,6,6,4,4,10,5,5,2,16,2,9,1,1,C03,7,6,1,10,2,14,,14,14,1,6,4,120.728573,24.14115,2
6243,66000,387130000C,(04)23274275,(04)23288582,2025,10,17,7,5,臺中市,豐原區,0,1,0,7,2,6,50,3,1,1,5,4,6,6,4,4,1,4,4,1,17,3,10,5,4,B03,7,6,1,8,2,5,,84,84,1,12,4,120.710047,24.247458,2
6244,66000,387130000C,(04)23274275,(04)23288582,2025,10,17,7,7,臺中市,太平區,0,0,0,7,,,50,,,,,,,,,,,,,,13,,,,,C03,,,1,,2,,,7,7,1,12,4,120.701764,24.153825,3
6245,66000,387130000C,(04)23274275,(04)23288582,2025,10,17,7,8,臺中市,潭子區,0,0,0,7,,,60,,,,,,,,,,,,,,13,,,,,C03,,,1,,2,,,7,7,1,13,4,120.703557,24.201577,3
6246,66000,387130000C,(04)23274275,(04)23288582,2025,10,17,7,9,臺中市,梧棲區,0,1,0,7,3,6,50,4,1,1,5,4,6,6,1,1,10,5,5,2,16,3,10,3,1,B03,7,5,1,8,2,5,,11,11,1,6,4,120.524802,24.236235,2
6247,66000,387130000C,(04)23274275,(04)23288582,2025,10,17,7,14,臺中市,南區,0,0,0,7,,,50,,,,,,,,,,,,,,,,,,,B03,,,1,,1,,,84,84,1,12,4,120.668862,24.119001,3
6248,66000,387130000C,(04)23274275,(04)23288582,2025,10,17,7,17,臺中市,后里區,0,0,0,7,,,50,,,,,,,,,,,,,,12,,,,,B03,,,1,,9,,,59,59,2,12,4,120.729244,24.309304,3
6249,66000,387130000C,(04)23274275,(04)23288582,2025,10,17,7,19,臺中市,霧峰區,0,1,0,7,2,6,50,13,9,1,5,4,6,6,4,4,9,5,5,1,17,3,10,3,1,B01,7,1,1,8,2,4,,51,51,1,12,4,120.717409,24.07783,2
6250,66000,387130000C,(04)23274275,(04)23288582,2025,10,17,7,20,臺中市,西區,0,2,0,7,3,6,50,13,9,1,5,4,6,6,4,4,5,5,5,2,13,3,10,3,1,B03,7,9,1,8,2,1,,84,84,1,6,4,120.660623,24.159565,2
6251,66000,387130000C,(04)23274275,(04)23288582,2025,10,17,7,21,臺中市,北屯區,0,1,0,7,3,6,50,3,2,1,5,4,6,6,4,4,10,5,5,2,13,2,9,2,1,C03,7,9,1,10,2,11,,7,7,1,12,4,120.695825,24.17851,2
6252,66000,387130000C,(04)23274275,(04)23288582,2025,10,17,7,23,臺中市,西屯區,0,0,0,7,,,50,,,,,,,,,,,,,,13,,,,,C03,,,1,,2,,,40,40,1,12,4,120.602609,24.192395,3
6253,66000,387130000C,(04)23274275,(04)23288582,2025,10,17,7,23,臺中市,西屯區,0,1,0,7,2,6,50,3,1,1,5,4,6,6,4,4,10,5,5,2,16,2,8,2,1,C03,7,6,1,10,2,11,,14,14,1,12,4,120.623157,24.185896,2
6254,66000,387130000C,(04)23274275,(04)23288582,2025,10,17,7,23,臺中市,龍井區,0,0,0,7,,,50,,,,,,,,,,,,,,,,,,,B03,,,1,,2,,,62,62,1,12,4,120.543765,24.175578,3
6255,66000,387130000C,(04)23274275,(04)23288582,2025,10,17,7,23,臺中市,沙鹿區,0,0,0,7,,,50,,,,,,,,,,,,,,17,,,,,B03,,,1,,1,,,7,7,1,6,4,120.609517,24.245816,3
6256,66000,387130000C,(04)23274275,(04)23288582,2025,10,17,7,24,臺中市,南區,0,0,0,7,,,60,,,,,,,,,,,,,,17,,,,,B03,,,1,,1,,,51,51,1,6,4,120.645901,24.110392,3
6257,66000,387130000C,(04)23274275,(04)23288582,2025,10,17,7,30,臺中市,東區,0,1,0,7,3,6,50,4,1,1,5,4,6,6,2,1,10,5,5,2,17,3,10,2,1,C03,7,15,1,10,2,12,,20,20,1,13,4,120.683975,24.134812,2
6258,66000,387130000C,(04)23274275,(04)23288582,2025,10,17,7,30,臺中市,梧棲區,0,1,0,7,3,6,30,3,1,1,5,4,6,6,4,4,10,5,5,2,17,3,10,3,1,B03,7,5,1,8,2,16,,14,14,1,6,4,120.535811,24.236547,2
6259,66000,387130000C,(04)23274275,(04)23288582,2025,10,17,7,31,臺中市,西屯區,0,1,0,7,2,6,50,3,1,1,5,4,6,6,4,4,10,5,5,2,13,2,9,2,1,C04,7,6,1,11,2,11,,4,4,1,12,4,120.656282,24.165985,2
6260,66000,387130000C,(04)23274275,(04)23288582,2025,10,17,7,31,臺中市,西屯區,0,0,0,7,,,50,,,,,,,,,,,,,,13,,,,,B03,,,1,,1,,,59,59,1,12,4,120.602633,24.182917,3
6261,66000,387130000C,(04)23274275,(04)23288582,2025,10,17,7,35,臺中市,東區,0,1,0,7,1,6,50,4,1,1,5,4,6,6,2,1,10,5,5,2,13,3,10,5,4,B03,7,9,1,7,2,1,,84,84,1,13,4,120.687451,24.140136,2
6262,66000,387130000C,(04)23274275,(04)23288582,2025,10,17,7,35,臺中市,南屯區,0,0,0,7,,,50,,,,,,,,,,,,,,17,,,,,C03,,,1,,1,,,7,7,1,12,4,120.646887,24.146907,3
6263,66000,387130000C,(04)23274275,(04)23288582,2025,10,17,7,35,臺中市,烏日區,0,2,0,7,2,6,50,4,1,1,5,4,6,6,2,1,5,4,5,1,12,2,8,1,1,C03,7,6,1,10,2,16,,36,36,1,6,4,120.62571,24.11037,2
6264,66000,387130000C,(04)23274275,(04)23288582,2025,10,17,7,35,臺中市,大肚區,0,0,0,7,,,50,,,,,,,,,,,,,,,,,,,B03,,,1,,1,,,40,40,1,6,4,120.5781,24.118288,3
6265,66000,387130000C,(04)23274275,(04)23288582,2025,10,17,7,36,臺中市,北屯區,0,1,0,7,2,6,30,4,1,1,5,4,6,6,4,4,10,5,5,2,15,2,9,1,1,C03,7,9,1,10,2,11,,15,15,1,6,4,120.662692,24.198686,2
6266,66000,387130000C,(04)23274275,(04)23288582,2025,10,17,7,39,臺中市,神岡區,0,1,0,7,1,6,50,13,9,1,5,4,6,6,1,1,1,5,5,1,12,2,9,1,1,C03,7,9,5,8,1,14,,8,8,1,12,4,120.665835,24.274624,2
6267,66000,387130000C,(04)23274275,(04)23288582,2025,10,17,7,41,臺中市,潭子區,0,2,0,7,3,6,60,4,4,1,5,4,6,6,1,1,1,4,5,1,13,2,8,2,1,C03,7,9,1,10,2,11,,87,87,1,13,4,120.716241,24.198841,2
6268,66000,387130000C,(04)23274275,(04)23288582,2025,10,17,7,42,臺中市,北屯區,0,3,0,7,2,6,50,13,9,1,5,4,6,6,4,4,5,4,5,2,16,2,9,1,1,C03,7,11,1,10,3,12,,34,34,1,6,4,120.708963,24.17095,2
6269,66000,387130000C,(04)23274275,(04)23288582,2025,10,17,7,46,臺中市,西屯區,0,1,0,7,2,6,50,5,1,1,5,4,6,6,1,1,5,4,5,2,16,2,9,2,1,C03,7,6,1,10,2,14,,48,48,1,12,4,120.646849,24.155668,2
6270,66000,387130000C,(04)23274275,(04)23288582,2025,10,17,7,48,臺中市,北屯區,0,1,0,7,2,6,50,4,2,1,5,4,6,6,1,1,5,5,5,2,17,3,10,6,1,F01,7,9,7,21,2,16,,21,21,1,12,4,120.689616,24.185652,2