序號,縣市別代碼,機關代碼,市話,傳真,年,月,日,時,分,縣市,區,死亡數量,受傷數量,2-30,天候,道路照明設備,道路類別,道路速限,道路型態,事故位置,路面鋪裝,路面狀態,路面缺陷,障礙物,視距,號誌種類,號誌動作,分向設施,快車道或一般車道間,快慢車道間,路面邊線,事故類型及型態,受傷程度,主要傷處,保護裝備,行動電話或功能裝置,當事者區分(類別),車輛用途,當事者行動狀態,駕照狀態,駕照種類,飲酒情形,車輛撞擊部位最初,車輛撞擊部位其他,肇事因素個別,肇事因素主要,肇事逃逸,職業,共享經濟或外送平台,GPS座標X,GPS座標Y,事故類別
6271,66000,387130000C,(04)23274275,(04)23288582,2025,10,17,7,48,臺中市,霧峰區,0,0,0,7,2,6,60,4,2,1,5,4,6,6,1,1,1,4,4,1,17,3,10,3,1,B03,7,15,1,8,2,1,6,53,53,1,12,4,120.696012,24.065306,3
6272,66000,387130000C,(04)23274275,(04)23288582,2025,10,17,7,49,臺中市,西屯區,0,3,0,7,2,6,30,3,2,1,5,4,6,6,4,4,10,5,5,2,11,2,9,5,4,C03,7,6,1,10,2,12,,14,14,1,13,4,120.64125,24.172781,2
6273,66000,387130000C,(04)23274275,(04)23288582,2025,10,17,7,49,臺中市,烏日區,0,2,0,7,2,6,70,11,14,1,5,4,6,6,4,4,1,4,4,1,12,2,7,3,1,B03,7,5,1,8,2,6,,47,47,1,6,4,120.584316,24.111465,2
6274,66000,387130000C,(04)23274275,(04)23288582,2025,10,17,7,50,臺中市,大雅區,0,0,0,7,,,70,,,,,,,,,,,,,,,,,,,C03,,,1,,1,,,7,7,1,12,4,120.64053,24.230813,3
6275,66000,387130000C,(04)23274275,(04)23288582,2025,10,17,7,51,臺中市,北屯區,0,1,0,7,2,6,50,5,1,1,5,4,6,6,2,1,10,5,5,2,12,3,10,3,1,B03,7,9,1,8,2,2,,85,85,1,12,4,120.667263,24.179868,2
6276,66000,387130000C,(04)23274275,(04)23288582,2025,10,17,7,53,臺中市,北區,0,2,0,7,2,6,50,4,1,1,5,4,6,6,4,4,5,5,5,2,16,2,9,1,1,C03,7,15,1,10,2,11,,34,34,1,13,4,120.697362,24.16035,2
6277,66000,387130000C,(04)23274275,(04)23288582,2025,10,17,7,55,臺中市,西屯區,0,1,0,7,2,6,50,4,1,1,5,4,6,6,2,1,10,5,5,2,11,3,10,5,4,B12,7,6,1,8,2,6,,84,84,1,12,4,120.653205,24.160706,2
6278,66000,387130000C,(04)23274275,(04)23288582,2025,10,17,7,55,臺中市,豐原區,0,1,0,7,2,6,50,4,2,1,5,4,6,6,1,1,5,2,5,1,14,3,10,5,4,B03,7,2,1,8,2,3,,49,49,1,12,4,120.720236,24.264625,2
6279,66000,387130000C,(04)23274275,(04)23288582,2025,10,17,7,56,臺中市,大雅區,0,0,0,7,,,50,,,,,,,,,,,,,,13,,,,,C03,,,1,,1,,,7,7,1,12,4,120.629029,24.208866,3
6280,66000,387130000C,(04)23274275,(04)23288582,2025,10,17,7,56,臺中市,大里區,0,0,0,7,3,6,50,13,7,1,5,4,6,6,1,1,1,4,5,2,13,,,,,B03,,,1,,2,,,84,84,1,12,4,120.698965,24.078226,3
6281,66000,387130000C,(04)23274275,(04)23288582,2025,10,17,7,57,臺中市,太平區,0,2,0,7,2,6,50,4,1,1,5,4,6,6,1,1,10,5,5,2,16,2,9,2,1,C03,7,6,1,10,2,14,,11,11,1,13,4,120.712152,24.15579,2
6282,66000,387130000C,(04)23274275,(04)23288582,2025,10,17,7,58,臺中市,大肚區,0,0,0,7,,,50,,,,,,,,,,,,,,9,,,,,B03,,,1,,2,,,68,68,1,6,4,120.582561,24.167999,3
6283,66000,387130000C,(04)23274275,(04)23288582,2025,10,17,8,0,臺中市,北屯區,0,1,0,7,2,6,50,3,1,1,5,4,6,6,4,4,10,5,5,2,17,3,10,5,4,C03,7,6,1,10,2,11,,11,11,1,12,4,120.689518,24.193002,2
6284,66000,387130000C,(04)23274275,(04)23288582,2025,10,17,8,0,臺中市,大里區,0,1,0,7,2,6,50,13,9,1,5,4,6,6,1,1,5,5,5,1,12,3,10,3,1,B03,7,9,1,8,9,15,,85,85,1,12,4,120.708662,24.084248,2
6285,66000,387130000C,(04)23274275,(04)23288582,2025,10,17,8,0,臺中市,烏日區,0,1,0,7,2,6,50,4,1,1,5,4,6,6,2,1,5,4,5,2,16,3,10,3,1,B03,7,5,1,8,2,2,,11,11,1,6,4,120.602162,24.107132,2
6286,66000,387130000C,(04)23274275,(04)23288582,2025,10,17,8,2,臺中市,潭子區,0,0,0,7,,,50,,,,,,,,,,,,,,13,,,,,B03,,,1,,2,,,84,84,1,13,4,120.70842,24.227724,3
6287,66000,387130000C,(04)23274275,(04)23288582,2025,10,17,8,2,臺中市,沙鹿區,0,0,0,7,,,50,,,,,,,,,,,,,,,,,,,B03,,,1,,1,,,59,59,1,13,4,120.602122,24.248879,3
6288,66000,387130000C,(04)23274275,(04)23288582,2025,10,17,8,5,臺中市,西區,0,1,0,7,1,6,50,4,1,1,5,4,6,6,1,1,5,4,4,2,16,3,10,3,1,B03,7,6,1,8,2,4,,11,11,1,13,4,120.655146,24.135163,2
6289,66000,387130000C,(04)23274275,(04)23288582,2025,10,17,8,5,臺中市,中區,0,1,0,7,3,6,50,4,1,1,5,4,6,6,1,1,10,5,5,2,16,2,9,2,1,C03,7,9,1,10,2,14,,21,21,1,12,4,120.674256,24.14284,2
6290,66000,387130000C,(04)23274275,(04)23288582,2025,10,17,8,5,臺中市,北區,0,0,0,7,,,50,,,,,,,,,,,,,,12,,,,,B03,,,1,,2,,,40,40,1,12,4,120.69061,24.157129,3
6291,66000,387130000C,(04)23274275,(04)23288582,2025,10,17,8,5,臺中市,豐原區,0,0,0,7,,,50,,,,,,,,,,,,,,,,,,,C03,,,1,,2,,,84,84,1,12,4,120.730387,24.248716,3
6292,66000,387130000C,(04)23274275,(04)23288582,2025,10,17,8,7,臺中市,霧峰區,0,0,0,7,,,30,,,,,,,,,,,,,,13,,,,,B03,,,1,,1,,,7,7,1,12,4,120.657116,24.082438,3
6293,66000,387130000C,(04)23274275,(04)23288582,2025,10,17,8,7,臺中市,梧棲區,0,1,0,7,3,6,50,3,1,1,5,4,6,6,4,4,10,5,5,2,13,2,7,1,1,C03,7,5,1,10,2,12,,7,7,1,6,4,120.548974,24.239442,2
6294,66000,387130000C,(04)23274275,(04)23288582,2025,10,17,8,10,臺中市,東區,0,1,0,7,2,6,50,3,2,1,5,4,6,6,2,1,3,4,5,2,13,3,10,2,1,C03,7,15,1,10,2,11,,7,7,1,12,4,120.685849,24.135705,2
6295,66000,387130000C,(04)23274275,(04)23288582,2025,10,17,8,15,臺中市,北區,0,1,0,7,2,6,30,3,1,1,5,4,6,6,4,4,5,5,5,2,17,3,10,5,1,C03,7,6,2,19,2,11,,14,14,1,13,4,120.676758,24.158442,2
6296,66000,387130000C,(04)23274275,(04)23288582,2025,10,17,8,15,臺中市,西屯區,0,2,0,7,2,6,50,4,1,1,5,4,6,6,2,1,10,5,5,2,16,2,9,1,1,F01,7,6,7,21,2,12,,48,48,1,13,4,120.648209,24.167963,2
6297,66000,387130000C,(04)23274275,(04)23288582,2025,10,17,8,16,臺中市,西屯區,0,1,0,7,2,6,50,13,9,1,5,4,6,6,4,4,5,5,5,2,17,2,9,6,1,F01,7,15,7,21,2,13,,39,39,1,12,4,120.658426,24.1648,2
6298,66000,387130000C,(04)23274275,(04)23288582,2025,10,17,8,20,臺中市,烏日區,0,1,0,7,2,6,30,3,1,1,5,4,6,6,4,4,10,5,5,2,17,3,10,3,1,B03,7,6,1,8,2,4,,12,12,1,12,4,120.632243,24.108484,2
6299,66000,387130000C,(04)23274275,(04)23288582,2025,10,17,8,21,臺中市,東區,0,1,0,7,2,6,50,13,9,1,5,4,6,6,4,4,5,4,5,2,17,2,9,1,1,C03,7,5,1,10,2,13,,84,84,1,6,4,120.682706,24.13503,2
6300,66000,387130000C,(04)23274275,(04)23288582,2025,10,17,8,23,臺中市,南屯區,0,0,0,7,,,50,,,,,,,,,,,,,,,,,,,C03,,,1,,2,,,84,84,1,13,4,120.641731,24.1413,3
6301,66000,387130000C,(04)23274275,(04)23288582,2025,10,17,8,27,臺中市,西屯區,0,0,0,7,,,60,,,,,,,,,,,,,,13,,,,,B03,,,1,,1,,,7,7,1,13,4,120.642771,24.166893,3
6302,66000,387130000C,(04)23274275,(04)23288582,2025,10,17,8,28,臺中市,太平區,0,1,0,7,2,6,50,3,1,1,5,4,6,6,2,1,10,5,5,2,13,2,7,2,1,C03,7,9,1,10,2,11,,7,7,1,13,4,120.736026,24.129955,2
6303,66000,387130000C,(04)23274275,(04)23288582,2025,10,17,8,28,臺中市,沙鹿區,0,0,0,7,,,50,,,,,,,,,,,,,,,,,,,B03,,,1,,2,,,8,8,1,6,4,120.572054,24.220086,3
6304,66000,387130000C,(04)23274275,(04)23288582,2025,10,17,8,28,臺中市,豐原區,0,1,0,7,2,6,50,13,9,1,5,4,6,6,1,1,1,4,5,1,13,3,10,2,1,C03,7,9,1,10,2,11,,84,84,1,13,4,120.710467,24.237479,2
6305,66000,387130000C,(04)23274275,(04)23288582,2025,10,17,8,29,臺中市,西屯區,0,2,0,7,2,6,50,4,1,1,5,4,6,6,4,4,10,5,5,2,16,2,9,5,4,C03,7,6,1,10,2,12,,48,48,1,12,4,120.621052,24.186815,2
6306,66000,387130000C,(04)23274275,(04)23288582,2025,10,17,8,30,臺中市,西區,0,0,0,7,,,30,,,,,,,,,,,,,,30,,,,,B03,,,1,,11,,,84,84,1,12,4,120.668894,24.141242,3
6307,66000,387130000C,(04)23274275,(04)23288582,2025,10,17,8,30,臺中市,太平區,0,1,0,7,2,6,50,3,1,1,5,4,6,6,4,4,10,5,5,2,15,3,10,3,1,B03,7,11,1,8,2,2,,14,14,1,12,4,120.711089,24.151652,2
6308,66000,387130000C,(04)23274275,(04)23288582,2025,10,17,8,31,臺中市,北區,0,2,0,7,2,6,50,4,1,1,5,4,6,6,1,1,10,5,5,2,15,2,9,5,4,C03,7,9,5,19,2,12,,21,21,1,13,4,120.678349,24.161775,2
6309,66000,387130000C,(04)23274275,(04)23288582,2025,10,17,8,32,臺中市,東區,0,1,0,7,3,6,50,3,1,1,5,4,6,6,4,4,1,5,5,2,17,3,10,3,1,B03,7,8,1,8,2,3,,18,18,1,13,4,120.69434,24.1441,2
6310,66000,387130000C,(04)23274275,(04)23288582,2025,10,17,8,33,臺中市,大里區,0,1,0,7,2,6,50,3,1,1,5,4,6,6,4,4,10,5,5,1,17,2,9,1,1,C03,7,1,1,10,2,14,,51,51,1,12,4,120.695845,24.090864,2
6311,66000,387130000C,(04)23274275,(04)23288582,2025,10,17,8,34,臺中市,中區,0,2,0,7,3,6,50,4,1,1,5,4,6,6,1,1,10,5,5,2,12,2,8,1,1,C03,7,15,1,10,2,12,,84,84,1,6,4,120.685529,24.141772,2
6312,66000,387130000C,(04)23274275,(04)23288582,2025,10,17,8,35,臺中市,北屯區,0,1,0,7,2,6,50,5,1,1,5,4,6,6,4,4,10,5,5,2,17,3,10,3,1,B12,7,5,1,8,2,2,,20,20,1,6,4,120.660023,24.192742,2
6313,66000,387130000C,(04)23274275,(04)23288582,2025,10,17,8,35,臺中市,豐原區,0,1,0,7,2,6,50,4,1,1,5,4,6,6,2,1,5,4,5,2,16,3,10,3,1,B03,7,5,1,8,2,5,,47,47,1,12,4,120.712919,24.255473,2
6314,66000,387130000C,(04)23274275,(04)23288582,2025,10,17,8,38,臺中市,太平區,0,0,0,7,2,6,30,13,9,1,5,4,6,6,4,4,5,5,5,2,17,,,,,B03,,,1,,2,,,84,84,1,12,4,120.716072,24.151763,3
6315,66000,387130000C,(04)23274275,(04)23288582,2025,10,17,8,39,臺中市,大雅區,0,0,0,7,,,60,,,,,,,,,,,,,,,,,,,B03,,,1,,1,,,84,84,1,12,4,120.646356,24.223205,3
6316,66000,387130000C,(04)23274275,(04)23288582,2025,10,17,8,39,臺中市,北區,0,1,0,7,2,6,50,13,9,1,5,4,6,6,4,4,10,4,5,2,17,2,9,1,4,C03,7,21,1,10,2,15,,85,85,1,13,4,120.678496,24.168957,2
6317,66000,387130000C,(04)23274275,(04)23288582,2025,10,17,8,42,臺中市,北屯區,0,0,0,7,,,50,,,,,,,,,,,,,,17,,,,,B03,,,1,,1,,,50,50,1,9,4,120.724643,24.166974,3
6318,66000,387130000C,(04)23274275,(04)23288582,2025,10,17,8,42,臺中市,西屯區,0,0,0,7,,,40,,,,,,,,,,,,,,12,,,,,B03,,,1,,2,,,59,59,1,13,4,120.608483,24.18431,3
6319,66000,387130000C,(04)23274275,(04)23288582,2025,10,17,8,44,臺中市,東區,0,0,0,7,,,50,,,,,,,,,,,,,,,,,,,B03,,,1,,1,,,8,8,1,13,4,120.697228,24.132618,3
6320,66000,387130000C,(04)23274275,(04)23288582,2025,10,17,8,45,臺中市,石岡區,0,0,0,7,,,70,,,,,,,,,,,,,,17,,,,,B03,,,1,,2,,,55,55,1,12,4,120.772886,24.274957,3
6321,66000,387130000C,(04)23274275,(04)23288582,2025,10,17,8,46,臺中市,西屯區,0,0,0,7,,,40,,,,,,,,,,,,,,13,,,,,B03,,,1,,1,,,59,59,1,12,4,120.62872,24.162982,3
6322,66000,387130000C,(04)23274275,(04)23288582,2025,10,17,8,48,臺中市,潭子區,0,1,0,7,2,6,25,3,1,1,5,4,1,6,4,4,5,5,5,1,13,2,9,2,1,C03,7,9,1,10,2,11,,7,7,1,13,4,120.71743,24.20406,2
6323,66000,387130000C,(04)23274275,(04)23288582,2025,10,17,8,50,臺中市,太平區,0,0,0,7,,,50,,,,,,,,,,,,,,15,,,,,B03,,,1,,2,,,15,15,1,13,4,120.718566,24.113739,3
6324,66000,387130000C,(04)23274275,(04)23288582,2025,10,17,8,51,臺中市,清水區,0,0,0,7,,,70,,,,,,,,,,,,,,,,,,,B03,,,1,,2,,,58,58,1,12,4,120.565397,24.297386,3
6325,66000,387130000C,(04)23274275,(04)23288582,2025,10,17,8,52,臺中市,北區,0,2,0,7,2,6,50,4,1,1,5,4,6,6,1,1,1,4,5,2,13,2,9,1,1,C03,7,9,1,10,2,11,,7,7,1,12,4,120.690997,24.158901,2
6326,66000,387130000C,(04)23274275,(04)23288582,2025,10,17,8,53,臺中市,南區,0,1,0,7,3,6,50,13,12,1,5,4,6,6,4,4,5,5,4,2,18,2,8,2,1,C03,7,9,1,10,2,14,,85,85,1,13,4,120.65898,24.113326,2
6327,66000,387130000C,(04)23274275,(04)23288582,2025,10,17,8,53,臺中市,北屯區,0,1,0,7,2,6,50,5,1,1,5,4,6,6,1,1,10,5,5,2,16,3,10,1,1,C03,7,6,1,10,2,11,,48,48,1,6,4,120.683925,24.180295,2
6328,66000,387130000C,(04)23274275,(04)23288582,2025,10,17,8,54,臺中市,南區,0,0,0,7,,,40,,,,,,,,,,,,,,,,,,,C03,,,1,,1,,,84,84,1,12,4,120.672218,24.126619,4
6329,66000,387130000C,(04)23274275,(04)23288582,2025,10,17,8,56,臺中市,霧峰區,0,0,0,7,,,50,,,,,,,,,,,,,,17,,,,,B03,,,1,,1,,,48,48,1,12,4,120.700475,24.063948,3
6330,66000,387130000C,(04)23274275,(04)23288582,2025,10,17,8,56,臺中市,龍井區,0,1,0,7,2,6,50,4,1,1,5,4,6,6,4,4,10,5,5,2,16,3,10,2,1,C03,7,9,1,10,2,11,,1,1,1,6,4,120.583743,24.180966,2
6331,66000,387130000C,(04)23274275,(04)23288582,2025,10,17,8,57,臺中市,西區,0,0,0,7,,,50,,,,,,,,,,,,,,12,,,,,C03,,,1,,1,,,84,84,1,13,4,120.665091,24.137984,4
6332,66000,387130000C,(04)23274275,(04)23288582,2025,10,17,8,58,臺中市,南區,0,0,0,7,,,50,,,,,,,,,,,,,,13,,,,,B03,,,1,,1,,,59,59,1,6,4,120.655751,24.113806,3
6333,66000,387130000C,(04)23274275,(04)23288582,2025,10,17,8,59,臺中市,霧峰區,0,1,0,7,2,6,50,4,1,4,5,2,6,6,1,1,1,4,4,1,16,3,10,3,1,B03,7,5,1,8,2,2,,11,11,1,12,4,120.699214,24.077933,2
6334,66000,387130000C,(04)23274275,(04)23288582,2025,10,17,9,0,臺中市,南區,0,1,0,7,1,6,50,13,9,1,5,2,1,6,4,4,9,5,5,2,14,3,10,5,4,G03,7,2,1,3,2,17,,49,49,1,13,4,120.660406,24.122097,2
6335,66000,387130000C,(04)23274275,(04)23288582,2025,10,17,9,0,臺中市,豐原區,0,0,0,7,,,50,,,,,,,,,,,,,,13,,,,,B03,,,1,,1,,,59,59,1,12,4,120.700871,24.249258,3
6336,66000,387130000C,(04)23274275,(04)23288582,2025,10,17,9,1,臺中市,霧峰區,0,0,0,7,3,6,30,4,1,1,5,4,5,6,4,4,10,5,5,2,15,,,,,C03,,,1,,2,,,12,12,1,12,4,120.713123,24.078249,4
6337,66000,387130000C,(04)23274275,(04)23288582,2025,10,17,9,2,臺中市,北屯區,0,0,0,7,,,50,,,,,,,,,,,,,,13,,,,,B03,,,1,,1,,,84,84,1,6,4,120.664775,24.184107,3
6338,66000,387130000C,(04)23274275,(04)23288582,2025,10,17,9,4,臺中市,北區,0,0,0,7,,,50,,,,,,,,,,,,,,17,,,,,B03,,,1,,2,,,87,87,1,13,4,120.676609,24.155416,3
6339,66000,387130000C,(04)23274275,(04)23288582,2025,10,17,9,5,臺中市,大雅區,0,0,0,7,,,,,,,,,,,,,,,,,,,,,,,,,,,,,,86,86,1,,,120.651127,24.245106,3
6340,66000,387130000C,(04)23274275,(04)23288582,2025,10,17,9,6,臺中市,梧棲區,0,1,0,7,3,6,30,4,1,1,5,4,6,6,4,4,10,5,5,2,16,3,10,1,1,C03,7,5,1,10,2,11,,12,12,1,6,4,120.558052,24.24214,2
6341,66000,387130000C,(04)23274275,(04)23288582,2025,10,17,9,7,臺中市,大里區,0,1,0,7,2,6,40,13,8,1,5,4,6,6,4,4,1,5,4,1,17,2,9,1,1,C03,7,9,1,10,2,16,,84,84,1,13,4,120.664054,24.088068,2
6342,66000,387130000C,(04)23274275,(04)23288582,2025,10,17,9,10,臺中市,烏日區,0,0,0,7,,3,80,,,,,,,,,,,,,,2,,,,,B12,,,1,,1,,,84,84,1,6,4,120.616521,24.107356,3
6343,66000,387130000C,(04)23274275,(04)23288582,2025,10,17,9,12,臺中市,東區,0,0,0,7,,,30,,,,,,,,,,,,,,,,,,,B03,,,1,,1,,,49,49,1,11,4,120.699079,24.142117,3
6344,66000,387130000C,(04)23274275,(04)23288582,2025,10,17,9,16,臺中市,北屯區,0,0,0,7,,,50,,,,,,,,,,,,,,13,,,,,B03,,,1,,2,,,7,7,1,12,4,120.701733,24.181709,3
6345,66000,387130000C,(04)23274275,(04)23288582,2025,10,17,9,21,臺中市,潭子區,0,0,0,7,,,50,,,,,,,,,,,,,,14,,,,,B03,,,1,,2,,,49,49,1,13,4,120.722565,24.212749,3
6346,66000,387130000C,(04)23274275,(04)23288582,2025,10,17,9,22,臺中市,豐原區,0,0,0,7,,,30,,,,,,,,,,,,,,14,,,,,A12,,,1,,2,,,49,49,1,13,4,120.745926,24.25322,3
6347,66000,387130000C,(04)23274275,(04)23288582,2025,10,17,9,24,臺中市,北屯區,0,1,0,7,2,6,50,13,9,1,5,4,6,6,2,1,3,4,5,2,13,2,7,1,1,C03,7,9,1,10,2,11,,7,7,1,12,4,120.685528,24.171746,2
6348,66000,387130000C,(04)23274275,(04)23288582,2025,10,17,9,24,臺中市,西屯區,0,1,0,7,2,6,50,4,1,1,5,4,6,6,1,1,10,5,5,2,17,3,10,3,1,B03,7,6,1,8,2,8,,48,48,1,12,4,120.653018,24.165382,2
6349,66000,387130000C,(04)23274275,(04)23288582,2025,10,17,9,28,臺中市,南屯區,0,0,0,7,,,50,,,,,,,,,,,,,,12,,,,,B12,,,1,,9,,,8,8,1,12,4,120.624447,24.13673,3
6350,66000,387130000C,(04)23274275,(04)23288582,2025,10,17,9,28,臺中市,西屯區,0,0,0,7,,,40,,,,,,,,,,,,,,,,,,,B03,,,1,,1,,,51,51,1,12,4,120.640158,24.158695,3
6351,66000,387130000C,(04)23274275,(04)23288582,2025,10,17,9,29,臺中市,大里區,0,2,0,7,2,6,50,4,1,1,5,4,6,6,1,1,10,5,5,1,17,2,9,1,1,C03,7,4,1,10,2,16,,8,8,1,12,4,120.696876,24.111128,2
6352,66000,387130000C,(04)23274275,(04)23288582,2025,10,17,9,31,臺中市,清水區,0,0,1,7,3,6,40,13,8,1,5,4,6,6,4,4,1,5,1,1,18,5,9,2,1,C03,7,9,1,10,11,12,,84,84,1,12,4,120.535884,24.280624,2
6353,66000,387130000C,(04)23274275,(04)23288582,2025,10,17,9,40,臺中市,西區,0,1,0,7,3,6,50,4,1,1,5,4,6,6,4,4,10,5,5,2,15,3,10,3,1,B03,7,9,1,8,2,1,,15,15,1,12,4,120.660207,24.152541,2
6354,66000,387130000C,(04)23274275,(04)23288582,2025,10,17,9,45,臺中市,梧棲區,0,1,0,7,3,6,50,13,9,1,5,4,6,6,4,4,5,5,5,1,16,2,8,1,1,C03,7,1,1,10,2,14,,51,51,1,6,4,120.531467,24.253009,2
6355,66000,387130000C,(04)23274275,(04)23288582,2025,10,17,9,45,臺中市,豐原區,0,1,0,7,2,6,50,11,9,1,5,4,6,6,4,4,5,4,5,1,18,2,9,1,1,C03,7,9,1,10,2,16,,84,84,1,12,4,120.75145,24.260421,2
6356,66000,387130000C,(04)23274275,(04)23288582,2025,10,17,9,47,臺中市,西屯區,0,1,0,7,2,6,50,3,1,1,5,4,6,6,4,4,5,3,4,2,12,3,10,5,4,C03,7,5,1,10,2,13,,11,11,1,13,4,120.650202,24.175837,2
6357,66000,387130000C,(04)23274275,(04)23288582,2025,10,17,9,51,臺中市,北區,0,0,0,7,,,30,,,,,,,,,,,,,,17,,,,,C03,,,1,,2,,,4,4,1,13,4,120.66658,24.169278,3
6358,66000,387130000C,(04)23274275,(04)23288582,2025,10,17,9,54,臺中市,東區,0,0,0,7,,,50,,,,,,,,,,,,,,13,,,,,C03,,,1,,1,,,7,7,1,6,4,120.696132,24.147768,3
6359,66000,387130000C,(04)23274275,(04)23288582,2025,10,17,9,55,臺中市,北區,0,0,0,7,,,50,,,,,,,,,,,,,,17,,,,,B03,,,1,,1,,,7,7,1,13,4,120.676937,24.151058,3
6360,66000,387130000C,(04)23274275,(04)23288582,2025,10,17,9,57,臺中市,太平區,0,1,0,7,2,6,50,13,7,1,5,4,6,6,4,4,4,3,4,2,17,2,9,2,1,C03,7,9,1,10,2,12,,84,84,1,12,4,120.724256,24.144658,2
6361,66000,387130000C,(04)23274275,(04)23288582,2025,10,17,9,58,臺中市,西屯區,0,2,0,7,2,6,0,13,21,4,5,4,6,6,4,4,10,5,5,2,16,2,9,5,4,C03,7,6,1,10,2,14,,28,28,1,12,4,120.596338,24.181869,2
6362,66000,387130000C,(04)23274275,(04)23288582,2025,10,17,10,0,臺中市,北區,0,0,0,7,,,50,,,,,,,,,,,,,,17,,,,,C03,,,3,,1,,,85,85,1,13,4,120.694144,24.160307,3
6363,66000,387130000C,(04)23274275,(04)23288582,2025,10,17,10,0,臺中市,南屯區,0,1,0,7,3,6,30,13,9,1,5,4,6,6,4,4,10,5,5,2,30,,,,,,,,,,,,,114,114,1,,,120.654243,24.14441,2
6364,66000,387130000C,(04)23274275,(04)23288582,2025,10,17,10,0,臺中市,后里區,0,1,0,7,2,6,50,4,1,1,5,4,6,6,1,1,10,5,5,2,12,2,8,4,1,F06,7,6,7,21,2,14,,11,11,1,12,4,120.710492,24.304969,2
6365,66000,387130000C,(04)23274275,(04)23288582,2025,10,17,10,1,臺中市,北屯區,0,0,0,7,,,50,,,,,,,,,,,,,,13,,,,,B12,,,1,8,1,,,7,7,1,12,4,120.686263,24.19457,3
6366,66000,387130000C,(04)23274275,(04)23288582,2025,10,17,10,2,臺中市,南區,0,1,0,7,3,6,50,4,1,1,5,4,6,6,1,1,10,5,5,2,16,3,10,3,1,B03,7,6,1,8,2,1,,11,11,1,13,4,120.679735,24.133071,2
6367,66000,387130000C,(04)23274275,(04)23288582,2025,10,17,10,2,臺中市,龍井區,0,1,0,7,2,6,50,4,1,1,5,4,6,6,1,1,10,5,5,2,16,3,10,3,1,B03,7,5,1,8,2,5,,85,85,1,6,4,120.584102,24.18201,2
6368,66000,387130000C,(04)23274275,(04)23288582,2025,10,17,10,4,臺中市,西屯區,0,1,0,7,2,6,50,13,9,1,5,4,6,6,4,4,1,4,5,2,13,2,8,2,1,C03,7,9,1,10,2,11,,59,59,1,5,4,120.63848,24.175189,2
6369,66000,387130000C,(04)23274275,(04)23288582,2025,10,17,10,5,臺中市,南屯區,0,0,0,7,3,6,50,13,9,1,5,4,6,6,4,4,5,2,5,2,13,,,,,B03,,,1,,1,,,84,84,1,12,4,120.644632,24.134681,3
6370,66000,387130000C,(04)23274275,(04)23288582,2025,10,17,10,8,臺中市,東區,0,1,0,7,1,6,30,3,1,1,5,4,6,6,4,4,10,5,5,2,14,3,10,5,4,B03,7,2,1,8,2,7,,49,49,1,13,4,120.702992,24.131089,2
6371,66000,387130000C,(04)23274275,(04)23288582,2025,10,17,10,9,臺中市,大雅區,0,0,0,7,,,50,,,,,,,,,,,,,,14,,,,,B03,,,1,,1,,,49,49,1,12,4,120.647878,24.221086,3
6372,66000,387130000C,(04)23274275,(04)23288582,2025,10,17,10,11,臺中市,大甲區,0,1,0,7,2,6,50,4,1,1,5,4,6,6,1,1,5,5,4,1,18,2,9,2,1,C03,7,9,1,10,2,14,,84,84,1,6,4,120.624578,24.340663,2
6373,66000,387130000C,(04)23274275,(04)23288582,2025,10,17,10,13,臺中市,太平區,0,0,0,7,,,50,,,,,,,,,,,,,,16,,,,,C03,,,1,,1,,,84,84,1,13,4,120.720467,24.15774,3
6374,66000,387130000C,(04)23274275,(04)23288582,2025,10,17,10,20,臺中市,大雅區,0,1,0,7,3,6,50,4,2,1,5,4,6,6,1,1,5,2,5,1,17,2,9,1,1,C03,7,6,1,10,2,14,,48,48,1,12,4,120.648283,24.221283,2
6375,66000,387130000C,(04)23274275,(04)23288582,2025,10,17,10,23,臺中市,西區,0,1,0,7,2,6,50,13,7,1,5,4,6,6,1,1,1,4,4,2,17,2,9,5,4,C03,7,8,1,10,2,13,,40,40,1,12,4,120.65706,24.135324,2
6376,66000,387130000C,(04)23274275,(04)23288582,2025,10,17,10,23,臺中市,北屯區,0,2,0,7,2,6,50,13,7,1,5,4,6,6,4,4,10,5,5,2,17,3,10,5,4,C03,7,9,1,10,2,15,,85,85,1,12,4,120.688962,24.165103,2
6377,66000,387130000C,(04)23274275,(04)23288582,2025,10,17,10,24,臺中市,南區,0,2,0,7,2,6,30,4,1,1,5,4,3,3,4,4,10,5,5,2,15,2,9,2,1,C03,7,9,1,10,2,14,,20,20,1,12,4,120.674706,24.128998,2
6378,66000,387130000C,(04)23274275,(04)23288582,2025,10,17,10,25,臺中市,烏日區,0,0,0,7,,,30,,,,,,,,,,,,,,12,,,,,B03,,,1,,2,,,8,8,1,6,4,120.654473,24.057672,3
6379,66000,387130000C,(04)23274275,(04)23288582,2025,10,17,10,27,臺中市,北屯區,0,1,0,7,2,6,50,4,1,1,5,4,6,6,1,1,10,5,5,2,16,3,10,3,1,B03,7,6,1,8,2,8,,48,48,1,6,4,120.691287,24.170528,2
6380,66000,387130000C,(04)23274275,(04)23288582,2025,10,17,10,30,臺中市,南屯區,0,0,0,7,,,50,,,,,,,,,,,,,,12,,,,,B02,,,1,,2,,,8,8,1,12,4,120.61025,24.132871,3