序號,縣市別代碼,機關代碼,市話,傳真,年,月,日,時,分,縣市,區,死亡數量,受傷數量,2-30,天候,道路照明設備,道路類別,道路速限,道路型態,事故位置,路面鋪裝,路面狀態,路面缺陷,障礙物,視距,號誌種類,號誌動作,分向設施,快車道或一般車道間,快慢車道間,路面邊線,事故類型及型態,受傷程度,主要傷處,保護裝備,行動電話或功能裝置,當事者區分(類別),車輛用途,當事者行動狀態,駕照狀態,駕照種類,飲酒情形,車輛撞擊部位最初,車輛撞擊部位其他,肇事因素個別,肇事因素主要,肇事逃逸,職業,共享經濟或外送平台,GPS座標X,GPS座標Y,事故類別
6381,66000,387130000C,(04)23274275,(04)23288582,2025,10,17,10,36,臺中市,西屯區,0,2,0,7,2,6,50,13,7,1,5,4,6,6,4,4,1,4,4,2,12,2,9,2,1,C03,7,9,1,10,2,14,,43,43,1,13,4,120.651186,24.208489,2
6382,66000,387130000C,(04)23274275,(04)23288582,2025,10,17,10,40,臺中市,大里區,0,0,0,7,3,6,30,3,1,1,5,4,6,6,4,4,10,5,5,2,16,,,,,B03,,,1,,2,,,14,14,1,12,4,120.661555,24.087593,3
6383,66000,387130000C,(04)23274275,(04)23288582,2025,10,17,10,41,臺中市,北屯區,0,0,0,7,,,50,,,,,,,,,,,,,,20,,,,,B03,,,1,,2,,,84,84,1,12,4,120.780779,24.20019,3
6384,66000,387130000C,(04)23274275,(04)23288582,2025,10,17,10,47,臺中市,西屯區,0,1,0,7,2,6,50,4,4,1,5,4,6,6,1,1,5,4,5,2,13,2,9,2,1,C03,7,9,1,10,2,14,,59,59,1,12,4,120.656576,24.188429,2
6385,66000,387130000C,(04)23274275,(04)23288582,2025,10,17,10,48,臺中市,大甲區,0,2,0,7,2,6,50,3,9,1,5,4,3,6,4,4,9,5,5,1,17,2,9,2,1,C03,7,1,1,10,2,14,,51,51,1,6,4,120.632033,24.344996,2
6386,66000,387130000C,(04)23274275,(04)23288582,2025,10,17,10,49,臺中市,豐原區,0,1,0,7,2,6,30,11,9,1,5,4,6,6,4,4,10,5,5,1,10,2,9,2,1,C03,7,9,1,10,2,11,,41,41,1,12,4,120.758297,24.245096,2
6387,66000,387130000C,(04)23274275,(04)23288582,2025,10,17,10,55,臺中市,大里區,0,1,0,7,2,6,30,3,1,1,5,4,6,6,4,4,10,5,5,2,17,3,10,3,1,B03,7,1,1,8,2,1,,51,51,1,12,4,120.703162,24.094524,2
6388,66000,387130000C,(04)23274275,(04)23288582,2025,10,17,11,0,臺中市,大肚區,0,0,0,7,,,30,,,,,,,,,,,,,,14,,,,,B03,,,1,,2,,,49,49,1,6,4,120.572677,24.132754,3
6389,66000,387130000C,(04)23274275,(04)23288582,2025,10,17,11,3,臺中市,南屯區,0,0,0,7,,,50,,,,,,,,,,,,,,13,,,,,B03,,,1,,1,,,7,7,1,12,4,120.649927,24.140002,3
6390,66000,387130000C,(04)23274275,(04)23288582,2025,10,17,11,4,臺中市,太平區,0,0,0,7,,,50,,,,,,,,,,,,,,13,,,,,B02,,,1,,1,,,59,59,1,6,4,120.70416,24.148215,3
6391,66000,387130000C,(04)23274275,(04)23288582,2025,10,17,11,5,臺中市,沙鹿區,0,0,0,7,,,50,,,,,,,,,,,,,,13,,,,,B12,,,1,,1,,,84,84,1,6,4,120.562635,24.246218,3
6392,66000,387130000C,(04)23274275,(04)23288582,2025,10,17,11,5,臺中市,外埔區,0,0,0,7,,,50,,,,,,,,,,,,,,13,,,,,B03,,,1,,2,,,7,7,1,12,4,120.639988,24.340825,3
6393,66000,387130000C,(04)23274275,(04)23288582,2025,10,17,11,6,臺中市,神岡區,0,0,0,7,,,50,,,,,,,,,,,,,,24,,,,,A11,,,1,,11,,,59,59,1,12,4,120.702213,24.273044,3
6394,66000,387130000C,(04)23274275,(04)23288582,2025,10,17,11,7,臺中市,神岡區,0,1,0,7,1,6,50,3,2,1,5,4,6,6,1,1,5,5,4,2,12,2,9,5,4,C03,7,9,3,19,2,11,,8,8,1,12,4,120.703526,24.262106,2
6395,66000,387130000C,(04)23274275,(04)23288582,2025,10,17,11,13,臺中市,梧棲區,0,2,0,7,3,6,50,4,1,1,5,4,6,6,4,4,10,5,5,2,15,2,9,1,1,C03,7,9,1,10,2,14,,13,13,1,6,4,120.537079,24.261289,2
6396,66000,387130000C,(04)23274275,(04)23288582,2025,10,17,11,21,臺中市,北屯區,0,2,0,7,2,6,50,13,9,1,5,4,6,6,2,1,5,5,5,2,17,2,9,1,1,C03,7,1,1,10,2,11,,51,51,1,12,4,120.696962,24.176013,2
6397,66000,387130000C,(04)23274275,(04)23288582,2025,10,17,11,24,臺中市,西屯區,0,0,0,7,,,50,,,,,,,,,,,,,,13,,,,,B03,,,1,,2,,,84,84,1,12,4,120.645304,24.162951,3
6398,66000,387130000C,(04)23274275,(04)23288582,2025,10,17,11,28,臺中市,大里區,0,0,0,7,,,50,,,,,,,,,,,,,,17,,,,,B13,,,1,,1,,,1,1,1,12,4,120.692236,24.081682,3
6399,66000,387130000C,(04)23274275,(04)23288582,2025,10,17,11,30,臺中市,中區,0,1,0,7,3,6,50,4,9,1,5,4,6,6,1,1,10,5,5,2,13,3,10,3,1,B03,7,9,1,8,2,1,,7,7,1,12,4,120.680994,24.14383,2
6400,66000,387130000C,(04)23274275,(04)23288582,2025,10,17,11,31,臺中市,北屯區,0,0,0,7,,3,40,,,,,,,,,,,,,,13,,,,,B03,,,1,8,2,,,7,7,1,12,4,120.694144,24.201018,3
6401,66000,387130000C,(04)23274275,(04)23288582,2025,10,17,11,31,臺中市,西屯區,0,1,0,7,1,6,50,3,2,1,5,4,6,6,1,1,5,4,5,2,13,3,10,5,4,B03,7,6,1,8,2,5,,7,7,1,13,4,120.613216,24.171574,2
6402,66000,387130000C,(04)23274275,(04)23288582,2025,10,17,11,32,臺中市,南區,0,2,0,7,2,6,50,4,2,1,5,4,6,6,2,1,5,5,5,2,12,2,8,2,1,C03,7,4,1,10,2,15,,84,84,1,5,4,120.652446,24.114491,2
6403,66000,387130000C,(04)23274275,(04)23288582,2025,10,17,11,34,臺中市,潭子區,0,0,0,7,,,50,,,,,,,,,,,,,,,,,,,C03,,,1,,2,,,49,49,1,13,4,120.700989,24.2127,3
6404,66000,387130000C,(04)23274275,(04)23288582,2025,10,17,11,36,臺中市,北區,0,0,0,7,,,50,,,,,,,,,,,,,,14,,,,,B12,,,1,,2,,,49,49,1,13,4,120.692051,24.161393,3
6405,66000,387130000C,(04)23274275,(04)23288582,2025,10,17,11,49,臺中市,西屯區,0,0,0,7,,,40,,,,,,,,,,,,,,12,,,,,C03,,,1,,1,,,40,40,1,12,4,120.600361,24.182336,3
6406,66000,387130000C,(04)23274275,(04)23288582,2025,10,17,11,49,臺中市,西屯區,0,1,0,7,2,6,50,13,9,1,5,4,6,6,4,4,10,4,5,1,12,2,9,2,1,C03,7,8,1,10,2,14,,40,40,1,10,4,120.651541,24.199026,2
6407,66000,387130000C,(04)23274275,(04)23288582,2025,10,17,11,50,臺中市,西屯區,0,2,0,7,2,6,50,4,1,1,5,4,6,6,1,1,10,5,5,2,13,2,9,5,4,C03,7,9,1,10,2,11,,7,7,1,12,4,120.620381,24.183964,2
6408,66000,387130000C,(04)23274275,(04)23288582,2025,10,17,11,50,臺中市,龍井區,0,1,0,7,2,6,50,13,7,1,5,4,6,6,4,4,1,3,4,2,13,2,9,2,1,C03,7,9,1,10,2,11,,7,7,1,6,4,120.546184,24.194605,2
6409,66000,387130000C,(04)23274275,(04)23288582,2025,10,17,11,51,臺中市,沙鹿區,0,1,0,7,2,6,50,4,1,1,5,4,6,6,1,1,10,5,5,2,16,2,9,2,1,C03,7,6,1,10,2,14,,48,48,1,6,4,120.576834,24.224518,2
6410,66000,387130000C,(04)23274275,(04)23288582,2025,10,17,11,54,臺中市,西屯區,0,0,0,7,,,50,,,,,,,,,,,,,,13,,,,,B03,,,1,,2,,,7,7,1,13,4,120.614411,24.189535,3
6411,66000,387130000C,(04)23274275,(04)23288582,2025,10,17,11,54,臺中市,豐原區,0,0,0,7,,,40,,,,,,,,,,,,,,,,,,,B03,,,1,,2,,,49,49,1,12,4,120.724747,24.246585,3
6412,66000,387130000C,(04)23274275,(04)23288582,2025,10,17,11,58,臺中市,南區,0,0,0,7,,,50,,,,,,,,,,,,,,,,,,,B03,,,1,,1,,,7,7,1,13,4,120.66066,24.13271,3
6413,66000,387130000C,(04)23274275,(04)23288582,2025,10,17,11,59,臺中市,北區,0,0,0,7,,,50,,,,,,,,,,,,,,14,,,,,B03,,,1,,2,,,49,49,1,13,4,120.679201,24.163305,3
6414,66000,387130000C,(04)23274275,(04)23288582,2025,10,17,12,0,臺中市,大雅區,0,1,0,7,2,6,30,3,1,1,5,4,6,6,4,4,10,5,5,2,17,3,10,3,1,B03,7,6,1,8,2,8,,14,14,1,12,4,120.604344,24.221786,2
6415,66000,387130000C,(04)23274275,(04)23288582,2025,10,17,12,0,臺中市,大雅區,0,0,0,7,,,30,,,,,,,,,,,,,,,,,,,B03,,,1,,1,,,47,47,1,12,4,120.659797,24.207608,3
6416,66000,387130000C,(04)23274275,(04)23288582,2025,10,17,12,0,臺中市,南屯區,0,0,0,7,,,50,,,,,,,,,,,,,,,,,,,B03,,,1,,2,,,51,51,1,13,4,120.640745,24.13517,3
6417,66000,387130000C,(04)23274275,(04)23288582,2025,10,17,12,0,臺中市,南屯區,0,0,0,7,,,50,,,,,,,,,,,,,,14,,,,,B03,,,1,,2,,,49,49,1,12,4,120.611217,24.13403,3
6418,66000,387130000C,(04)23274275,(04)23288582,2025,10,17,12,2,臺中市,西屯區,0,0,0,7,,,40,,,,,,,,,,,,,,13,,,,,B03,,,1,,1,,,7,7,1,12,4,120.641683,24.166605,3
6419,66000,387130000C,(04)23274275,(04)23288582,2025,10,17,12,3,臺中市,西屯區,0,1,0,7,2,6,50,4,1,1,5,4,6,6,2,1,5,4,5,2,12,,,,,,,21,,,,,,86,86,2,,,120.610803,24.191005,2
6420,66000,387130000C,(04)23274275,(04)23288582,2025,10,17,12,4,臺中市,西屯區,0,1,0,7,2,6,50,13,9,1,5,4,6,6,4,4,9,5,5,2,2,3,10,5,4,C03,7,9,1,10,2,11,,84,84,1,12,4,120.666907,24.1756,2
6421,66000,387130000C,(04)23274275,(04)23288582,2025,10,17,12,5,臺中市,西屯區,0,0,0,7,,,60,,,,,,,,,,,,,,13,,,,,B03,,,1,,1,,,84,84,1,12,4,120.646318,24.164369,3
6422,66000,387130000C,(04)23274275,(04)23288582,2025,10,17,12,5,臺中市,龍井區,0,0,0,7,,,30,,,,,,,,,,,,,,12,,,,,B03,,,1,,2,,,8,8,1,6,4,120.592098,24.180555,3
6423,66000,387130000C,(04)23274275,(04)23288582,2025,10,17,12,6,臺中市,潭子區,0,0,0,7,,,30,,,,,,,,,,,,,,,,,,,B03,,,1,,11,,,8,8,1,13,4,120.693463,24.224087,3
6424,66000,387130000C,(04)23274275,(04)23288582,2025,10,17,12,8,臺中市,南屯區,0,0,0,7,,,40,,,,,,,,,,,,,,12,,,,,B03,,,1,,2,,,50,50,1,12,4,120.637017,24.148783,3
6425,66000,387130000C,(04)23274275,(04)23288582,2025,10,17,12,9,臺中市,霧峰區,0,0,0,7,,,50,,,,,,,,,,,,,,13,,,,,B03,,,1,,1,,,59,59,1,12,4,120.697078,24.055454,3
6426,66000,387130000C,(04)23274275,(04)23288582,2025,10,17,12,14,臺中市,梧棲區,0,0,0,7,,,50,,,,,,,,,,,,,,14,,,,,B12,,,1,,1,,,49,49,1,6,4,120.532549,24.258455,3
6427,66000,387130000C,(04)23274275,(04)23288582,2025,10,17,12,15,臺中市,霧峰區,0,0,0,7,,,50,,,,,,,,,,,,,,,,,,,B03,,,1,,1,,,51,51,1,12,4,120.689481,24.056771,3
6428,66000,387130000C,(04)23274275,(04)23288582,2025,10,17,12,18,臺中市,北屯區,0,1,0,7,3,6,50,4,1,1,5,4,6,6,2,1,10,5,5,2,16,2,9,2,1,C03,7,9,1,10,2,11,,84,84,1,12,4,120.659327,24.190807,2
6429,66000,387130000C,(04)23274275,(04)23288582,2025,10,17,12,19,臺中市,潭子區,0,2,0,7,3,6,30,3,1,1,5,4,6,6,4,4,10,5,5,2,17,3,10,3,1,B12,7,5,1,8,2,8,,85,85,1,13,4,120.702427,24.188273,2
6430,66000,387130000C,(04)23274275,(04)23288582,2025,10,17,12,19,臺中市,西屯區,0,0,0,7,,,40,,,,,,,,,,,,,,13,,,,,C03,,,1,,1,,,59,59,1,12,4,120.616556,24.18263,3
6431,66000,387130000C,(04)23274275,(04)23288582,2025,10,17,12,20,臺中市,南區,0,0,0,7,,,50,,,,,,,,,,,,,,17,,,,,A11,,,1,,1,,,40,40,1,12,4,120.670081,24.122274,3
6432,66000,387130000C,(04)23274275,(04)23288582,2025,10,17,12,20,臺中市,南區,0,0,0,7,,,0,,,,,,,,,,,,,,17,,,,,C03,,,1,,9,,,84,84,1,13,4,120.675078,24.126268,3
6433,66000,387130000C,(04)23274275,(04)23288582,2025,10,17,12,20,臺中市,梧棲區,0,1,0,7,1,6,40,3,1,1,5,4,6,6,1,1,10,5,5,2,16,2,8,1,1,C03,7,9,1,10,4,11,,59,59,1,6,4,120.544331,24.247096,2
6434,66000,387130000C,(04)23274275,(04)23288582,2025,10,17,12,23,臺中市,霧峰區,0,1,0,7,3,6,50,3,1,1,5,4,6,6,1,1,5,5,5,2,13,2,9,1,1,C03,7,9,1,10,2,11,,7,7,1,12,4,120.701053,24.066878,2
6435,66000,387130000C,(04)23274275,(04)23288582,2025,10,17,12,25,臺中市,西屯區,0,0,0,7,,,60,,,,,,,,,,,,,,,,,,,B03,,,1,,1,,,7,7,1,12,4,120.646773,24.161886,3
6436,66000,387130000C,(04)23274275,(04)23288582,2025,10,17,12,26,臺中市,北屯區,0,1,0,7,3,9,50,13,9,1,5,4,6,6,4,4,5,5,5,2,17,3,10,3,1,B03,7,1,1,8,2,8,,51,51,1,6,4,120.719061,24.176296,2
6437,66000,387130000C,(04)23274275,(04)23288582,2025,10,17,12,28,臺中市,南屯區,0,0,0,7,,3,80,,,,,,,,,,,,,,13,,,,,B03,,,1,,1,,,7,7,1,13,4,120.622905,24.139821,3
6438,66000,387130000C,(04)23274275,(04)23288582,2025,10,17,12,28,臺中市,大里區,0,1,0,7,2,6,50,4,1,1,5,4,6,6,1,1,1,4,5,1,13,2,9,1,1,C03,7,9,1,10,2,11,,7,7,1,13,4,120.679143,24.112118,2
6439,66000,387130000C,(04)23274275,(04)23288582,2025,10,17,12,30,臺中市,大安區,0,0,0,7,,,30,,,,,,,,,,,,,,,,,,,A12,,,1,,1,,,49,49,1,6,4,120.602167,24.34309,3
6440,66000,387130000C,(04)23274275,(04)23288582,2025,10,17,12,35,臺中市,太平區,0,2,0,7,3,6,50,4,1,1,5,4,6,6,4,4,10,5,5,2,15,2,9,1,1,C03,7,9,1,10,2,12,,12,12,1,6,4,120.72043,24.152854,2
6441,66000,387130000C,(04)23274275,(04)23288582,2025,10,17,12,39,臺中市,西屯區,0,0,0,7,,,0,,,,,,,,,,,,,,14,,,,,B03,,,1,,11,,,49,49,1,12,4,120.640629,24.158695,3
6442,66000,387130000C,(04)23274275,(04)23288582,2025,10,17,12,41,臺中市,大里區,0,1,0,7,2,6,50,13,7,1,5,4,6,6,4,4,5,5,4,1,16,3,10,1,1,C03,7,8,1,10,2,14,,40,40,1,12,4,120.681184,24.109737,2
6443,66000,387130000C,(04)23274275,(04)23288582,2025,10,17,12,43,臺中市,大雅區,0,0,0,7,,,30,,,,,,,,,,,,,,11,,,,,B13,,,1,,1,,,8,8,1,12,4,120.635284,24.237572,3
6444,66000,387130000C,(04)23274275,(04)23288582,2025,10,17,12,43,臺中市,太平區,0,0,0,7,,,50,,,,,,,,,,,,,,16,,,,,B03,,,1,,2,,,14,14,1,13,4,120.720615,24.120658,3
6445,66000,387130000C,(04)23274275,(04)23288582,2025,10,17,12,44,臺中市,沙鹿區,0,1,0,7,2,6,50,13,7,1,5,4,6,6,4,4,1,4,4,2,12,2,8,1,1,C03,7,8,1,10,2,14,,40,40,1,6,4,120.566951,24.228809,2
6446,66000,387130000C,(04)23274275,(04)23288582,2025,10,17,12,48,臺中市,西屯區,0,1,0,7,2,6,30,3,1,1,5,4,6,6,4,4,5,5,5,2,18,2,9,5,4,C03,7,9,1,10,2,11,,59,59,1,13,4,120.620479,24.198457,2
6447,66000,387130000C,(04)23274275,(04)23288582,2025,10,17,12,49,臺中市,豐原區,0,0,0,7,2,6,50,3,1,1,5,4,6,6,2,1,5,5,4,2,14,3,10,3,1,B03,7,2,1,8,1,3,,49,49,1,12,4,120.70648,24.248324,3
6448,66000,387130000C,(04)23274275,(04)23288582,2025,10,17,12,50,臺中市,梧棲區,0,0,0,7,,,50,,,,,,,,,,,,,,14,,,,,B03,,,1,,2,,,49,49,1,6,4,120.541563,24.245215,3
6449,66000,387130000C,(04)23274275,(04)23288582,2025,10,17,12,52,臺中市,南區,0,0,0,7,,,50,,,,,,,,,,,,,,,,,,,C03,,,1,,1,,,84,84,1,12,4,120.650467,24.119936,3
6450,66000,387130000C,(04)23274275,(04)23288582,2025,10,17,13,0,臺中市,西屯區,0,0,0,7,,,50,,,,,,,,,,,,,,14,,,,,B03,,,1,,1,,,49,49,1,12,4,120.628713,24.157523,3
6451,66000,387130000C,(04)23274275,(04)23288582,2025,10,17,13,0,臺中市,大里區,0,0,0,7,,,50,,,,,,,,,,,,,,9,,,,,B03,,,1,,2,,,8,8,1,12,4,120.7037,24.092894,3
6452,66000,387130000C,(04)23274275,(04)23288582,2025,10,17,13,4,臺中市,南區,0,0,0,7,,,30,,,,,,,,,,,,,,17,,,,,B03,,,1,,1,,,59,59,1,6,4,120.682973,24.124932,3
6453,66000,387130000C,(04)23274275,(04)23288582,2025,10,17,13,5,臺中市,太平區,0,0,0,7,,,50,,,,,,,,,,,,,,13,,,,,B03,,,1,,2,,,50,50,1,13,4,120.719663,24.149078,3
6454,66000,387130000C,(04)23274275,(04)23288582,2025,10,17,13,8,臺中市,南屯區,0,0,0,7,,,50,,,,,,,,,,,,,,17,,,,,B03,,,1,,2,,,50,50,1,12,4,120.629663,24.146464,3
6455,66000,387130000C,(04)23274275,(04)23288582,2025,10,17,13,8,臺中市,西屯區,0,0,0,7,,,50,,,,,,,,,,,,,,14,,,,,B02,,,1,,1,,,49,49,1,12,4,120.635997,24.164193,3
6456,66000,387130000C,(04)23274275,(04)23288582,2025,10,17,13,10,臺中市,西屯區,0,0,0,7,,,30,,,,,,,,,,,,,,17,,,,,B03,,,1,,1,,,59,59,1,13,4,120.638972,24.180332,3
6457,66000,387130000C,(04)23274275,(04)23288582,2025,10,17,13,19,臺中市,中區,0,0,0,7,,,50,,,,,,,,,,,,,,14,,,,,B03,,,1,,1,,,49,49,1,12,4,120.678984,24.142109,3
6458,66000,387130000C,(04)23274275,(04)23288582,2025,10,17,13,20,臺中市,大雅區,0,0,0,7,,,50,,,,,,,,,,,,,,,,,,,B03,,,1,,2,,,7,7,1,13,4,120.648347,24.220695,3
6459,66000,387130000C,(04)23274275,(04)23288582,2025,10,17,13,32,臺中市,西區,0,0,0,7,3,6,50,3,1,1,5,4,6,6,4,4,10,5,5,2,15,,,,,C03,,,1,,1,,,14,14,1,5,4,120.668202,24.145664,3
6460,66000,387130000C,(04)23274275,(04)23288582,2025,10,17,13,34,臺中市,潭子區,0,0,0,7,,,50,,,,,,,,,,,,,,,,,,,B03,,,1,,9,,,49,49,1,13,4,120.701759,24.208221,3
6461,66000,387130000C,(04)23274275,(04)23288582,2025,10,17,13,40,臺中市,大雅區,0,0,0,7,,,50,,,,,,,,,,,,,,,,,,,,,,,,,,,86,86,1,,,120.623278,24.230014,3
6462,66000,387130000C,(04)23274275,(04)23288582,2025,10,17,13,40,臺中市,北屯區,0,0,0,7,,,50,,,,,,,,,,,,,,13,,,,,B03,,,1,,2,,,7,7,1,12,4,120.66656,24.181537,3
6463,66000,387130000C,(04)23274275,(04)23288582,2025,10,17,13,43,臺中市,西區,0,1,0,7,2,6,50,13,9,1,5,4,6,6,4,4,10,5,5,2,12,2,9,1,1,C03,7,1,1,10,2,14,,51,51,1,12,4,120.663462,24.151477,2
6464,66000,387130000C,(04)23274275,(04)23288582,2025,10,17,13,44,臺中市,沙鹿區,0,0,0,7,,,50,,,,,,,,,,,,,,,,,,,B12,,,1,,2,,,49,49,1,6,4,120.579219,24.223751,3
6465,66000,387130000C,(04)23274275,(04)23288582,2025,10,17,13,49,臺中市,龍井區,0,1,0,7,2,6,50,3,1,1,5,4,6,6,4,4,10,5,5,2,12,2,8,1,1,C03,7,6,1,10,2,14,,42,42,1,5,4,120.591415,24.181214,2
6466,66000,387130000C,(04)23274275,(04)23288582,2025,10,17,13,52,臺中市,南屯區,0,0,0,7,,,50,,,,,,,,,,,,,,,,,,,C03,,,1,,1,,,39,39,1,12,4,120.609742,24.138997,3
6467,66000,387130000C,(04)23274275,(04)23288582,2025,10,17,13,55,臺中市,北區,0,0,0,7,,,50,,,,,,,,,,,,,,17,,,,,B03,,,1,,1,,,8,8,1,13,4,120.674616,24.162533,3
6468,66000,387130000C,(04)23274275,(04)23288582,2025,10,17,13,55,臺中市,南屯區,0,0,0,7,,,50,,,,,,,,,,,,,,17,,,,,B03,,,1,,9,,,34,34,1,12,4,120.611692,24.135499,3
6469,66000,387130000C,(04)23274275,(04)23288582,2025,10,17,13,58,臺中市,豐原區,0,1,0,7,2,6,30,5,1,1,5,4,6,6,4,4,10,5,5,2,17,3,10,3,1,B03,7,9,1,8,2,8,,84,84,1,13,4,120.733709,24.271133,2
6470,66000,387130000C,(04)23274275,(04)23288582,2025,10,17,14,17,臺中市,北區,0,2,0,7,3,6,50,4,2,1,5,4,6,6,4,4,5,4,5,2,12,2,9,5,4,B03,7,9,1,8,2,2,,8,8,1,13,4,120.670839,24.166994,2
6471,66000,387130000C,(04)23274275,(04)23288582,2025,10,17,14,19,臺中市,大雅區,0,1,0,7,1,6,50,4,1,1,5,4,6,6,1,1,10,5,5,2,16,2,9,2,1,C03,7,6,1,10,2,12,,11,11,1,12,4,120.646688,24.226103,2
6472,66000,387130000C,(04)23274275,(04)23288582,2025,10,17,14,25,臺中市,豐原區,0,0,0,7,,,50,,,,,,,,,,,,,,13,,,,,B12,,,1,,2,,,7,7,1,12,4,120.708261,24.250439,3
6473,66000,387130000C,(04)23274275,(04)23288582,2025,10,17,14,30,臺中市,烏日區,0,0,0,7,,,50,,,,,,,,,,,,,,9,,,,,G03,,,1,,2,,,82,82,1,6,4,120.592031,24.137367,3
6474,66000,387130000C,(04)23274275,(04)23288582,2025,10,17,14,35,臺中市,西區,0,0,0,7,,,50,,,,,,,,,,,,,,17,,,,,B03,,,1,,1,,,40,40,1,12,4,120.672812,24.148202,3
6475,66000,387130000C,(04)23274275,(04)23288582,2025,10,17,14,35,臺中市,神岡區,0,0,0,7,,,50,,,,,,,,,,,,,,17,,,,,B03,,,1,,1,,,84,84,1,6,4,120.694343,24.24846,3
6476,66000,387130000C,(04)23274275,(04)23288582,2025,10,17,14,40,臺中市,東區,0,0,0,7,,,50,,,,,,,,,,,,,,13,,,,,B03,,,1,,1,,,7,7,1,12,4,120.684227,24.125639,3
6477,66000,387130000C,(04)23274275,(04)23288582,2025,10,17,14,40,臺中市,霧峰區,0,0,0,7,,,30,,,,,,,,,,,,,,,,,,,C03,,,1,,1,,,7,7,1,12,4,120.69105,24.070535,3
6478,66000,387130000C,(04)23274275,(04)23288582,2025,10,17,14,40,臺中市,梧棲區,0,0,0,7,,,50,,,,,,,,,,,,,,,,,,,B12,,,1,,1,,,49,49,1,6,4,120.53793,24.247054,3
6479,66000,387130000C,(04)23274275,(04)23288582,2025,10,17,14,44,臺中市,沙鹿區,0,0,0,7,,,50,,,,,,,,,,,,,,,,,,,B12,,,1,,1,,,7,7,1,13,4,120.615128,24.244076,3
6480,66000,387130000C,(04)23274275,(04)23288582,2025,10,17,14,45,臺中市,西屯區,0,0,0,7,,,30,,,,,,,,,,,,,,,,,,,B12,,,1,,2,,,8,8,1,12,4,120.637874,24.174984,3
6481,66000,387130000C,(04)23274275,(04)23288582,2025,10,17,14,52,臺中市,北屯區,0,1,0,7,2,6,30,4,1,1,5,4,6,6,4,4,10,5,5,2,15,3,10,1,1,C03,7,9,3,19,2,12,,15,15,1,12,4,120.666609,24.179,2
6482,66000,387130000C,(04)23274275,(04)23288582,2025,10,17,14,56,臺中市,西屯區,0,2,0,7,2,6,50,3,1,1,5,4,6,6,2,1,10,5,5,2,16,3,10,5,4,C03,7,5,1,10,2,13,,47,47,1,13,4,120.654038,24.167953,2
6483,66000,387130000C,(04)23274275,(04)23288582,2025,10,17,15,5,臺中市,北區,0,0,0,7,,,50,,,,,,,,,,,,,,,,,,,B03,,,1,,2,,,84,84,1,12,4,120.680976,24.163174,4
6484,66000,387130000C,(04)23274275,(04)23288582,2025,10,17,15,5,臺中市,后里區,0,0,0,7,,,50,,,,,,,,,,,,,,13,,,,,B03,,,1,,2,,,7,7,1,12,4,120.725157,24.321224,3
6485,66000,387130000C,(04)23274275,(04)23288582,2025,10,17,15,7,臺中市,北區,0,0,0,7,,,50,,,,,,,,,,,,,,12,,,,,C03,,,1,,2,,,40,40,1,13,4,120.681777,24.153184,3
6486,66000,387130000C,(04)23274275,(04)23288582,2025,10,17,15,13,臺中市,北區,0,2,0,7,3,6,50,4,1,1,5,4,6,6,1,1,5,4,4,2,16,2,9,5,4,C03,7,9,1,10,2,14,,21,21,1,13,4,120.678687,24.159177,2
6487,66000,387130000C,(04)23274275,(04)23288582,2025,10,17,15,16,臺中市,沙鹿區,0,0,0,7,,,30,,,,,,,,,,,,,,14,,,,,B03,,,1,,2,,,49,49,1,6,4,120.573674,24.220862,3
6488,66000,387130000C,(04)23274275,(04)23288582,2025,10,17,15,19,臺中市,南屯區,0,0,0,7,,,50,,,,,,,,,,,,,,,,,,,B03,,,1,,1,,,84,84,1,6,4,120.628653,24.136574,3
6489,66000,387130000C,(04)23274275,(04)23288582,2025,10,17,15,20,臺中市,大雅區,0,0,0,7,,,30,,,,,,,,,,,,,,,,,,,,,,,,,,,118,118,1,,,120.664939,24.227303,3
6490,66000,387130000C,(04)23274275,(04)23288582,2025,10,17,15,22,臺中市,霧峰區,0,0,0,7,,,40,,,,,,,,,,,,,,,,,,,A11,,,1,,1,,,84,84,1,6,4,120.716451,24.074252,3
6491,66000,387130000C,(04)23274275,(04)23288582,2025,10,17,15,24,臺中市,北屯區,0,1,0,7,2,6,50,5,1,1,5,4,6,6,3,1,10,5,5,2,12,3,10,3,1,B03,7,7,1,8,2,2,,42,42,1,6,4,120.704186,24.169468,2
6492,66000,387130000C,(04)23274275,(04)23288582,2025,10,17,15,24,臺中市,太平區,0,0,0,7,,,40,,,,,,,,,,,,,,24,,,,,B03,,,3,,2,,,84,84,1,12,4,120.769956,24.104255,3
6493,66000,387130000C,(04)23274275,(04)23288582,2025,10,17,15,26,臺中市,南區,0,1,0,7,3,6,50,4,1,1,5,4,6,6,1,1,10,5,5,2,14,3,10,5,4,B12,7,2,1,8,2,3,,49,49,1,12,4,120.667722,24.125183,2
6494,66000,387130000C,(04)23274275,(04)23288582,2025,10,17,15,29,臺中市,外埔區,0,0,0,7,,,50,,,,,,,,,,,,,,13,,,,,B03,,,1,,1,,,59,59,1,6,4,120.640206,24.34033,3