序號,縣市別代碼,機關代碼,市話,傳真,年,月,日,時,分,縣市,區,死亡數量,受傷數量,2-30,天候,道路照明設備,道路類別,道路速限,道路型態,事故位置,路面鋪裝,路面狀態,路面缺陷,障礙物,視距,號誌種類,號誌動作,分向設施,快車道或一般車道間,快慢車道間,路面邊線,事故類型及型態,受傷程度,主要傷處,保護裝備,行動電話或功能裝置,當事者區分(類別),車輛用途,當事者行動狀態,駕照狀態,駕照種類,飲酒情形,車輛撞擊部位最初,車輛撞擊部位其他,肇事因素個別,肇事因素主要,肇事逃逸,職業,共享經濟或外送平台,GPS座標X,GPS座標Y,事故類別
6495,66000,387130000C,(04)23274275,(04)23288582,2025,10,17,15,30,臺中市,太平區,0,0,0,7,,3,80,,,,,,,,,,,,,,13,,,,,B02,,,1,,1,,,7,7,1,12,4,120.717364,24.156374,3
6496,66000,387130000C,(04)23274275,(04)23288582,2025,10,17,15,31,臺中市,西區,0,2,0,7,2,6,40,3,1,1,5,4,6,6,1,1,10,5,5,2,16,2,9,2,1,C03,7,6,1,10,2,11,,48,48,1,12,4,120.658977,24.155921,2
6497,66000,387130000C,(04)23274275,(04)23288582,2025,10,17,15,31,臺中市,西區,0,1,0,7,1,6,50,4,1,1,5,4,6,6,1,1,5,5,5,2,17,3,10,3,1,B03,7,1,1,8,1,5,,51,51,1,13,4,120.657433,24.147888,2
6498,66000,387130000C,(04)23274275,(04)23288582,2025,10,17,15,31,臺中市,石岡區,0,1,0,7,2,6,70,13,9,1,5,4,6,6,1,1,1,2,5,1,18,2,9,5,4,C03,7,9,1,10,2,14,,59,59,1,13,4,120.816806,24.26031,2
6499,66000,387130000C,(04)23274275,(04)23288582,2025,10,17,15,38,臺中市,北屯區,0,0,0,7,,,30,,,,,,,,,,,,,,,,,,,C03,,,1,,1,,,87,87,1,6,4,120.6898,24.18171,3
6500,66000,387130000C,(04)23274275,(04)23288582,2025,10,17,15,39,臺中市,南區,0,1,0,7,2,6,50,4,1,1,5,4,6,6,1,1,5,5,5,2,12,3,10,3,1,B03,7,5,1,8,2,5,,11,11,1,13,4,120.657407,24.125094,2
6501,66000,387130000C,(04)23274275,(04)23288582,2025,10,17,15,43,臺中市,大里區,0,0,0,7,,,50,,,,,,,,,,,,,,,,,,,B03,,,1,,2,,,7,7,1,12,4,120.680761,24.104977,3
6502,66000,387130000C,(04)23274275,(04)23288582,2025,10,17,15,45,臺中市,大雅區,0,2,0,7,2,6,50,3,2,1,5,4,6,6,1,1,1,4,5,1,17,2,9,1,1,C03,7,9,1,10,2,11,,84,84,1,12,4,120.613962,24.215243,2
6503,66000,387130000C,(04)23274275,(04)23288582,2025,10,17,15,45,臺中市,西區,0,1,0,7,2,6,50,4,2,1,5,4,6,6,1,1,9,4,5,2,12,2,9,1,1,C03,7,5,1,10,2,14,,84,84,1,12,4,120.653021,24.153588,2
6504,66000,387130000C,(04)23274275,(04)23288582,2025,10,17,15,45,臺中市,北屯區,0,0,0,7,,3,50,,,,,,,,,,,,,,13,,,,,B03,,,1,,1,,,7,7,1,12,4,120.720579,24.169336,3
6505,66000,387130000C,(04)23274275,(04)23288582,2025,10,17,15,45,臺中市,西屯區,0,0,0,7,,,30,,,,,,,,,,,,,,14,,,,,B03,,,1,,1,,,49,49,1,12,4,120.612422,24.185132,4
6506,66000,387130000C,(04)23274275,(04)23288582,2025,10,17,15,45,臺中市,外埔區,0,2,0,7,2,6,50,3,1,1,5,4,6,6,4,4,10,5,5,2,3,2,9,1,1,F03,7,9,7,21,2,11,,59,59,1,4,4,120.642968,24.343216,2
6507,66000,387130000C,(04)23274275,(04)23288582,2025,10,17,15,46,臺中市,西區,0,0,0,7,1,6,50,13,7,1,5,4,6,6,4,4,1,2,4,2,13,3,10,3,1,B03,7,9,1,8,1,1,,59,59,1,13,4,120.673862,24.143196,3
6508,66000,387130000C,(04)23274275,(04)23288582,2025,10,17,15,46,臺中市,大里區,0,1,0,7,2,6,50,3,1,1,5,4,6,6,1,1,10,5,5,2,17,3,10,3,1,B03,7,6,1,8,2,1,,11,11,1,12,4,120.676873,24.100374,2
6509,66000,387130000C,(04)23274275,(04)23288582,2025,10,17,15,48,臺中市,東區,0,0,0,7,,,50,,,,,,,,,,,,,,,,,,,B03,,,1,,1,,,84,84,1,12,4,120.699364,24.144529,3
6510,66000,387130000C,(04)23274275,(04)23288582,2025,10,17,15,48,臺中市,梧棲區,0,0,0,7,,,30,,,,,,,,,,,,,,13,,,,,A31,,,1,,1,,,7,7,1,6,4,120.534865,24.250743,3
6511,66000,387130000C,(04)23274275,(04)23288582,2025,10,17,15,50,臺中市,沙鹿區,0,1,0,7,2,6,30,4,1,1,5,4,6,6,4,4,10,5,5,2,15,2,9,1,1,C03,7,9,1,10,2,12,,82,82,1,13,4,120.5532,24.223584,2
6512,66000,387130000C,(04)23274275,(04)23288582,2025,10,17,15,50,臺中市,梧棲區,0,1,0,7,3,6,50,4,1,1,5,4,6,6,1,1,10,5,5,2,15,2,9,1,1,C03,7,1,1,10,2,11,,51,51,1,6,4,120.530094,24.253785,2
6513,66000,387130000C,(04)23274275,(04)23288582,2025,10,17,15,57,臺中市,北屯區,0,0,0,7,,,50,,,,,,,,,,,,,,17,,,,,B03,,,1,,1,,,50,50,1,13,4,120.681826,24.19369,3
6514,66000,387130000C,(04)23274275,(04)23288582,2025,10,17,16,12,臺中市,北屯區,0,0,0,7,,3,80,,,,,,,,,,,,,,13,,,,,B02,,,1,,2,,,7,7,1,6,4,120.722408,24.188744,3
6515,66000,387130000C,(04)23274275,(04)23288582,2025,10,17,16,13,臺中市,大里區,0,0,0,7,2,6,30,3,2,1,5,4,6,6,4,4,10,5,5,1,11,,,,,A12,,,1,,1,,,8,8,1,13,4,120.666028,24.1047,3
6516,66000,387130000C,(04)23274275,(04)23288582,2025,10,17,16,14,臺中市,烏日區,0,0,0,7,,,50,,,,,,,,,,,,,,,,,,,B03,,,1,,2,,,84,84,1,6,4,120.627418,24.103777,3
6517,66000,387130000C,(04)23274275,(04)23288582,2025,10,17,16,16,臺中市,西屯區,0,0,0,7,,,50,,,,,,,,,,,,,,14,,,,,A05,,,1,,2,,,84,84,1,12,4,120.650885,24.208997,3
6518,66000,387130000C,(04)23274275,(04)23288582,2025,10,17,16,16,臺中市,神岡區,0,0,0,7,,,30,,,,,,,,,,,,,,16,,,,,C03,,,1,,2,,,14,14,1,12,4,120.650567,24.261565,3
6519,66000,387130000C,(04)23274275,(04)23288582,2025,10,17,16,22,臺中市,北區,0,1,0,7,2,6,50,13,9,1,5,4,6,6,3,1,5,4,5,2,16,3,10,3,1,B01,7,1,1,4,2,4,,51,51,1,12,4,120.684448,24.158992,2
6520,66000,387130000C,(04)23274275,(04)23288582,2025,10,17,16,23,臺中市,西屯區,0,0,0,7,,,50,,,,,,,,,,,,,,12,,,,,B03,,,1,,1,,,84,84,1,13,4,120.64926,24.170639,3
6521,66000,387130000C,(04)23274275,(04)23288582,2025,10,17,16,24,臺中市,北屯區,0,0,0,7,,,,,,,,,,,,,,,,,,,,,,,,,,,,,,119,119,1,,,120.698444,24.16082,3
6522,66000,387130000C,(04)23274275,(04)23288582,2025,10,17,16,25,臺中市,南屯區,0,0,0,7,,,50,,,,,,,,,,,,,,11,,,,,B02,,,1,,1,,,11,11,1,12,4,120.636106,24.128197,3
6523,66000,387130000C,(04)23274275,(04)23288582,2025,10,17,16,30,臺中市,中區,0,0,0,7,,,50,,,,,,,,,,,,,,13,,,,,B03,,,1,,1,,,84,84,1,12,4,120.680614,24.14351,3
6524,66000,387130000C,(04)23274275,(04)23288582,2025,10,17,16,31,臺中市,大里區,0,1,0,7,2,6,50,3,1,1,5,4,6,6,4,4,9,5,5,1,16,2,7,2,1,C03,7,6,1,10,2,11,,11,11,1,13,4,120.694155,24.090925,2
6525,66000,387130000C,(04)23274275,(04)23288582,2025,10,17,16,34,臺中市,大雅區,0,0,0,7,,,50,,,,,,,,,,,,,,,,,,,B01,,,1,,2,,,49,49,1,12,4,120.646992,24.218472,3
6526,66000,387130000C,(04)23274275,(04)23288582,2025,10,17,16,34,臺中市,南屯區,0,0,0,7,,,50,,,,,,,,,,,,,,17,,,,,B03,,,1,,10,,,87,87,1,12,4,120.651198,24.141137,3
6527,66000,387130000C,(04)23274275,(04)23288582,2025,10,17,16,36,臺中市,大肚區,0,0,0,7,,,30,,,,,,,,,,,,,,14,,,,,B03,,,1,,2,,,49,49,1,6,4,120.541518,24.151151,3
6528,66000,387130000C,(04)23274275,(04)23288582,2025,10,17,16,37,臺中市,大肚區,0,1,0,7,2,6,50,5,1,1,5,4,6,6,2,1,10,5,5,2,17,3,10,3,1,B03,7,5,1,8,2,8,,20,20,1,6,4,120.56325,24.123977,2
6529,66000,387130000C,(04)23274275,(04)23288582,2025,10,17,16,37,臺中市,豐原區,0,0,0,7,,,30,,,,,,,,,,,,,,11,,,,,B03,,,1,,2,,,41,41,1,13,4,120.716306,24.252217,3
6530,66000,387130000C,(04)23274275,(04)23288582,2025,10,17,16,39,臺中市,西區,0,1,0,7,2,6,50,4,1,1,5,4,6,6,4,4,10,5,5,2,17,3,10,3,1,B02,7,9,1,8,2,1,,12,12,1,12,4,120.658828,24.139272,2
6531,66000,387130000C,(04)23274275,(04)23288582,2025,10,17,16,40,臺中市,大里區,0,0,0,7,,,50,,,,,,,,,,,,,,,,,,,B03,,,1,,2,,,51,51,1,6,4,120.693243,24.090267,3
6532,66000,387130000C,(04)23274275,(04)23288582,2025,10,17,16,42,臺中市,北屯區,0,0,0,7,,3,40,,,,,,,,,,,,,,13,,,,,B03,,,1,,1,,,84,84,1,12,4,120.694109,24.201015,3
6533,66000,387130000C,(04)23274275,(04)23288582,2025,10,17,16,46,臺中市,霧峰區,0,0,0,7,,,,,,,,,,,,,,,,,18,,,,,,,,,,,,,119,119,1,,,120.688261,24.043786,3
6534,66000,387130000C,(04)23274275,(04)23288582,2025,10,17,16,48,臺中市,西區,0,1,0,7,1,6,50,4,2,1,5,4,6,6,4,4,5,4,5,2,16,2,7,1,1,F03,7,5,7,21,2,14,,14,14,1,13,4,120.669131,24.152427,2
6535,66000,387130000C,(04)23274275,(04)23288582,2025,10,17,16,48,臺中市,西屯區,0,1,0,7,3,6,50,13,9,1,5,4,6,6,4,4,5,5,5,2,17,2,9,5,4,C03,7,9,1,10,2,15,,7,7,1,13,4,120.650325,24.165134,2
6536,66000,387130000C,(04)23274275,(04)23288582,2025,10,17,16,50,臺中市,西區,0,1,0,7,2,6,40,13,8,1,5,4,6,6,4,4,10,5,5,2,17,2,9,4,1,F01,7,9,7,21,2,14,,4,4,1,12,4,120.675052,24.133907,2
6537,66000,387130000C,(04)23274275,(04)23288582,2025,10,17,16,50,臺中市,大里區,0,0,0,7,,,50,,,,,,,,,,,,,,,,,,,B03,,,1,,2,,,7,7,1,13,4,120.708956,24.08259,3
6538,66000,387130000C,(04)23274275,(04)23288582,2025,10,17,16,50,臺中市,大甲區,0,0,0,7,,,50,,,,,,,,,,,,,,,,,,,B03,,,1,,1,,,8,8,1,6,4,120.667193,24.383499,4
6539,66000,387130000C,(04)23274275,(04)23288582,2025,10,17,16,50,臺中市,新社區,0,0,0,7,,,40,,,,,,,,,,,,,,,,,,,B12,,,1,,11,,,59,59,1,13,4,120.821706,24.197598,3
6540,66000,387130000C,(04)23274275,(04)23288582,2025,10,17,16,51,臺中市,南區,0,1,0,7,2,6,50,13,9,1,5,4,6,6,4,4,5,4,5,2,17,2,9,1,1,C03,7,9,1,10,2,12,,84,84,1,12,4,120.656719,24.118897,2
6541,66000,387130000C,(04)23274275,(04)23288582,2025,10,17,16,51,臺中市,大里區,0,1,0,7,1,6,50,13,9,1,5,4,6,6,4,4,9,5,5,1,13,3,10,2,1,C03,7,4,1,10,1,11,,8,8,1,13,4,120.712878,24.093314,2
6542,66000,387130000C,(04)23274275,(04)23288582,2025,10,17,16,52,臺中市,北屯區,0,0,0,7,,,50,,,,,,,,,,,,,,,,,,,B03,,,1,,1,,,58,58,1,6,4,120.685273,24.169032,3
6543,66000,387130000C,(04)23274275,(04)23288582,2025,10,17,16,54,臺中市,北區,0,0,0,7,,,50,,,,,,,,,,,,,,16,,,,,C03,,,1,,2,,,45,45,1,13,4,120.689506,24.147001,3
6544,66000,387130000C,(04)23274275,(04)23288582,2025,10,17,16,59,臺中市,西屯區,0,0,0,7,,,50,,,,,,,,,,,,,,13,,,,,B03,,,1,,1,,,58,58,1,12,4,120.633963,24.160675,3
6545,66000,387130000C,(04)23274275,(04)23288582,2025,10,17,16,59,臺中市,西屯區,0,0,0,7,,,50,,,,,,,,,,,,,,12,,,,,B03,,,1,,1,,,8,8,1,12,4,120.639913,24.183971,3
6546,66000,387130000C,(04)23274275,(04)23288582,2025,10,17,17,0,臺中市,大雅區,0,0,0,7,,,50,,,,,,,,,,,,,,,,,,,B03,,,1,,1,,,51,51,1,12,4,120.647461,24.214029,3
6547,66000,387130000C,(04)23274275,(04)23288582,2025,10,17,17,0,臺中市,龍井區,0,0,0,7,,,50,,,,,,,,,,,,,,,,,,,C02,,,1,,1,,,8,8,1,12,4,120.573865,24.185589,3
6548,66000,387130000C,(04)23274275,(04)23288582,2025,10,17,17,2,臺中市,西屯區,0,2,0,7,2,6,50,3,1,1,5,4,6,6,2,1,5,4,5,2,16,3,10,3,1,B03,7,11,1,8,2,5,,45,45,1,12,4,120.646486,24.175229,2
6549,66000,387130000C,(04)23274275,(04)23288582,2025,10,17,17,2,臺中市,后里區,0,0,0,7,,,0,,,,,,,,,,,,,,17,,,,,B03,,,1,,2,,,51,51,1,6,4,120.72862,24.325886,3
6550,66000,387130000C,(04)23274275,(04)23288582,2025,10,17,17,3,臺中市,霧峰區,0,2,0,7,2,6,30,13,9,1,5,4,6,6,4,4,10,5,5,2,10,2,9,2,1,C03,7,9,1,10,2,14,,41,41,1,6,4,120.688503,24.051721,2
6551,66000,387130000C,(04)23274275,(04)23288582,2025,10,17,17,7,臺中市,南屯區,0,0,0,7,,,50,,,,,,,,,,,,,,,,,,,C03,,,1,,9,,,50,50,2,13,4,120.646641,24.142582,3
6552,66000,387130000C,(04)23274275,(04)23288582,2025,10,17,17,7,臺中市,西屯區,0,1,0,7,1,6,50,4,1,1,5,4,6,6,2,1,10,5,5,2,17,2,7,5,1,C03,7,1,1,10,2,12,,51,51,1,12,4,120.636528,24.170784,2
6553,66000,387130000C,(04)23274275,(04)23288582,2025,10,17,17,10,臺中市,大雅區,0,1,0,7,3,6,50,5,2,1,5,4,6,6,1,1,1,3,5,2,17,3,10,5,4,B03,7,6,1,8,2,5,,8,8,1,13,4,120.667625,24.215691,2
6554,66000,387130000C,(04)23274275,(04)23288582,2025,10,17,17,10,臺中市,西屯區,0,0,0,7,,,50,,,,,,,,,,,,,,13,,,,,B03,,,1,,1,,,7,7,1,13,4,120.635021,24.171609,3
6555,66000,387130000C,(04)23274275,(04)23288582,2025,10,17,17,11,臺中市,豐原區,0,0,0,7,,,30,,,,,,,,,,,,,,13,,,,,B03,,,3,,9,,,7,7,1,12,4,120.708481,24.252788,3
6556,66000,387130000C,(04)23274275,(04)23288582,2025,10,17,17,14,臺中市,南屯區,0,0,0,7,,,50,,,,,,,,,,,,,,,,,,,B12,,,1,,1,,,7,7,1,6,4,120.610763,24.138327,3
6557,66000,387130000C,(04)23274275,(04)23288582,2025,10,17,17,14,臺中市,霧峰區,0,0,0,7,,,50,,,,,,,,,,,,,,13,,,,,B11,,,1,,2,,,7,7,1,12,4,120.679482,24.064945,3
6558,66000,387130000C,(04)23274275,(04)23288582,2025,10,17,17,15,臺中市,北區,0,0,0,7,,,50,,,,,,,,,,,,,,,,,,,C03,,,3,,1,,,7,7,1,13,4,120.682364,24.163127,3
6559,66000,387130000C,(04)23274275,(04)23288582,2025,10,17,17,15,臺中市,東區,0,0,0,7,,,50,,,,,,,,,,,,,,12,,,,,B12,,,1,,2,,,40,40,1,12,4,120.683202,24.133937,3
6560,66000,387130000C,(04)23274275,(04)23288582,2025,10,17,17,15,臺中市,太平區,0,1,0,7,2,6,50,5,4,1,5,4,6,6,2,1,5,5,4,1,18,2,8,2,1,C03,7,1,1,10,2,14,,51,51,1,12,4,120.729965,24.109733,2
6561,66000,387130000C,(04)23274275,(04)23288582,2025,10,17,17,15,臺中市,龍井區,0,0,0,7,,,30,,,,,,,,,,,,,,,,,,,B03,,,1,,1,,,84,84,1,6,4,120.526824,24.19536,3
6562,66000,387130000C,(04)23274275,(04)23288582,2025,10,17,17,17,臺中市,南屯區,0,1,0,7,2,6,50,13,9,1,5,4,6,6,4,4,9,5,5,2,13,2,9,1,1,C03,7,9,1,10,2,11,,7,7,1,12,4,120.610333,24.134225,2
6563,66000,387130000C,(04)23274275,(04)23288582,2025,10,17,17,18,臺中市,北屯區,0,0,0,7,,,50,,,,,,,,,,,,,,14,,,,,B12,,,1,,1,,,49,49,1,12,4,120.690551,24.176159,3
6564,66000,387130000C,(04)23274275,(04)23288582,2025,10,17,17,18,臺中市,西屯區,0,0,0,7,,,50,,,,,,,,,,,,,,13,,,,,B03,,,1,,1,,,7,7,1,13,4,120.633581,24.173127,3
6565,66000,387130000C,(04)23274275,(04)23288582,2025,10,17,17,20,臺中市,西區,0,1,0,7,2,6,50,13,9,1,5,4,6,6,4,4,9,4,5,2,12,3,10,3,1,B02,7,9,1,8,2,2,,87,87,1,12,4,120.662528,24.149095,2
6566,66000,387130000C,(04)23274275,(04)23288582,2025,10,17,17,20,臺中市,西區,0,1,0,7,1,6,40,13,8,1,5,4,6,6,4,4,5,4,4,2,17,2,9,4,1,F01,7,9,7,21,2,12,,84,84,1,12,4,120.67031,24.138218,2
6567,66000,387130000C,(04)23274275,(04)23288582,2025,10,17,17,20,臺中市,霧峰區,0,0,0,6,,,30,,,,,,,,,,,,,,17,,,,,B12,,,1,,2,,,76,76,1,13,4,120.671291,24.043189,3
6568,66000,387130000C,(04)23274275,(04)23288582,2025,10,17,17,23,臺中市,龍井區,0,0,0,7,,,50,,,,,,,,,,,,,,12,,,,,B03,,,1,,1,,,51,51,1,6,4,120.584253,24.18238,3
6569,66000,387130000C,(04)23274275,(04)23288582,2025,10,17,17,24,臺中市,清水區,0,1,0,7,3,6,40,5,1,1,5,4,6,6,1,1,1,4,1,1,17,2,9,2,1,C03,7,15,4,19,2,12,,84,84,1,12,4,120.539797,24.288922,2
6570,66000,387130000C,(04)23274275,(04)23288582,2025,10,17,17,27,臺中市,大甲區,0,0,0,7,,,50,,,,,,,,,,,,,,,,,,,B03,,,1,,1,,,7,7,1,12,4,120.648087,24.395958,3
6571,66000,387130000C,(04)23274275,(04)23288582,2025,10,17,17,30,臺中市,南屯區,0,0,0,7,,,30,,,,,,,,,,,,,,15,,,,,B03,,,1,,1,,,12,12,1,12,4,120.618116,24.159268,3
6572,66000,387130000C,(04)23274275,(04)23288582,2025,10,17,17,30,臺中市,西屯區,0,0,0,7,,,50,,,,,,,,,,,,,,13,,,,,C03,,,1,,1,,,7,7,1,12,4,120.643925,24.163491,3
6573,66000,387130000C,(04)23274275,(04)23288582,2025,10,17,17,34,臺中市,潭子區,0,2,0,7,2,6,50,3,2,1,5,4,6,6,2,1,5,4,5,2,17,2,9,5,1,F01,7,6,7,21,2,11,,11,11,1,13,4,120.711109,24.235299,2
6574,66000,387130000C,(04)23274275,(04)23288582,2025,10,17,17,36,臺中市,東區,0,1,0,7,1,6,50,3,1,1,5,4,6,6,4,4,9,5,5,2,16,3,10,3,1,B03,7,5,1,8,2,8,,14,14,1,13,4,120.698666,24.143444,2
6575,66000,387130000C,(04)23274275,(04)23288582,2025,10,17,17,40,臺中市,西屯區,0,0,0,7,,,50,,,,,,,,,,,,,,17,,,,,B01,,,1,,1,,,51,51,1,13,4,120.641984,24.164887,3
6576,66000,387130000C,(04)23274275,(04)23288582,2025,10,17,17,41,臺中市,南區,0,1,0,7,1,6,50,13,7,1,5,4,5,5,4,4,3,4,4,2,18,2,9,5,4,C03,7,9,1,10,2,15,,84,84,1,12,4,120.647177,24.111162,2
6577,66000,387130000C,(04)23274275,(04)23288582,2025,10,17,17,41,臺中市,外埔區,0,1,0,7,1,6,0,13,9,1,5,4,6,6,4,4,10,5,5,2,17,3,10,3,1,B03,7,1,1,8,2,1,,51,51,1,12,4,120.643393,24.342109,2
6578,66000,387130000C,(04)23274275,(04)23288582,2025,10,17,17,41,臺中市,豐原區,0,0,0,7,1,6,50,13,8,1,5,4,6,6,5,5,5,5,4,2,12,3,10,3,1,B03,7,3,1,8,2,2,,8,8,1,12,4,120.743406,24.255527,3
6579,66000,387130000C,(04)23274275,(04)23288582,2025,10,17,17,43,臺中市,西區,0,0,0,7,,,50,,,,,,,,,,,,,,12,,,,,B03,,,1,,1,,,7,7,1,13,4,120.660632,24.150897,3
6580,66000,387130000C,(04)23274275,(04)23288582,2025,10,17,17,43,臺中市,豐原區,0,0,0,7,,,50,,,,,,,,,,,,,,13,,,,,B03,,,1,,2,,,7,7,1,12,4,120.713106,24.250733,3
6581,66000,387130000C,(04)23274275,(04)23288582,2025,10,17,17,48,臺中市,北區,0,2,0,7,1,6,50,13,9,1,5,4,6,6,4,4,1,4,5,1,13,3,10,3,1,B03,7,9,1,8,2,1,,7,7,1,12,4,120.68433,24.162881,2
6582,66000,387130000C,(04)23274275,(04)23288582,2025,10,17,17,49,臺中市,北屯區,0,1,0,7,1,6,50,5,1,1,5,4,6,6,2,1,10,5,5,2,16,2,8,1,1,C03,7,11,1,10,2,14,,23,23,1,13,4,120.686633,24.188266,2
6583,66000,387130000C,(04)23274275,(04)23288582,2025,10,17,17,49,臺中市,東勢區,0,0,0,7,,,30,,,,,,,,,,,,,,11,,,,,B12,,,1,,1,,,8,8,1,13,4,120.877846,24.234614,3
6584,66000,387130000C,(04)23274275,(04)23288582,2025,10,17,17,50,臺中市,沙鹿區,0,0,0,6,,,40,,,,,,,,,,,,,,13,,,,,B03,,,1,,2,,,7,7,1,12,4,120.569832,24.20162,3
6585,66000,387130000C,(04)23274275,(04)23288582,2025,10,17,17,50,臺中市,沙鹿區,0,1,0,7,3,6,30,13,9,1,5,4,6,6,4,4,10,5,5,2,11,2,8,2,1,C03,7,9,1,10,2,14,,41,41,1,13,4,120.573012,24.251329,2
6586,66000,387130000C,(04)23274275,(04)23288582,2025,10,17,17,50,臺中市,沙鹿區,0,0,0,7,,,50,,,,,,,,,,,,,,,,,,,B03,,,1,,9,,,56,56,2,13,4,120.568485,24.236752,3
6587,66000,387130000C,(04)23274275,(04)23288582,2025,10,17,17,51,臺中市,潭子區,0,0,0,6,,,60,,,,,,,,,,,,,,,,,,,B02,,,1,,2,,,12,12,1,13,4,120.704195,24.203912,3
6588,66000,387130000C,(04)23274275,(04)23288582,2025,10,17,17,54,臺中市,大甲區,0,1,0,7,1,6,50,3,2,1,5,4,6,6,4,4,10,5,5,2,8,3,10,3,1,B03,7,5,1,8,2,2,,84,84,1,6,4,120.608708,24.326132,2
6589,66000,387130000C,(04)23274275,(04)23288582,2025,10,17,17,57,臺中市,北區,0,0,0,7,,,50,,,,,,,,,,,,,,17,,,,,B03,,,1,,1,,,8,8,1,13,4,120.682318,24.160023,3
6590,66000,387130000C,(04)23274275,(04)23288582,2025,10,17,17,57,臺中市,清水區,0,0,0,7,,,40,,,,,,,,,,,,,,,,,,,B03,,,1,,11,,,49,49,1,12,4,120.569124,24.273092,3
6591,66000,387130000C,(04)23274275,(04)23288582,2025,10,17,17,58,臺中市,南屯區,0,1,0,7,2,6,50,13,9,1,5,4,6,6,4,4,5,4,4,2,16,3,10,3,1,B03,7,11,1,8,2,4,,45,45,1,12,4,120.648057,24.153486,2
6592,66000,387130000C,(04)23274275,(04)23288582,2025,10,17,17,58,臺中市,南屯區,0,1,0,7,1,6,50,13,7,1,5,4,6,6,4,4,5,4,4,2,17,2,9,2,1,C03,7,9,1,10,2,12,,85,85,1,12,4,120.649018,24.138873,2
6593,66000,387130000C,(04)23274275,(04)23288582,2025,10,17,17,58,臺中市,北屯區,0,0,0,7,,,50,,,,,,,,,,,,,,,,,,,C03,,,1,,1,,,7,7,1,13,4,120.668149,24.180317,3
6594,66000,387130000C,(04)23274275,(04)23288582,2025,10,17,17,59,臺中市,南屯區,0,0,0,7,,,50,,,,,,,,,,,,,,,,,,,B03,,,1,,9,,,59,59,1,6,4,120.639076,24.140286,3
6595,66000,387130000C,(04)23274275,(04)23288582,2025,10,17,18,0,臺中市,東區,0,1,0,7,1,6,50,3,1,1,5,4,6,6,4,4,9,5,4,2,17,2,9,1,1,C03,7,9,1,10,2,15,,7,7,1,12,4,120.705227,24.137028,2
6596,66000,387130000C,(04)23274275,(04)23288582,2025,10,17,18,0,臺中市,南區,0,0,0,7,,,50,,,,,,,,,,,,,,14,,,,,,,,,,,,,86,86,1,,,120.665768,24.117464,4
6597,66000,387130000C,(04)23274275,(04)23288582,2025,10,17,18,0,臺中市,清水區,0,0,0,7,,,50,,,,,,,,,,,,,,,,,,,B03,,,1,,2,,,58,58,1,12,4,120.550771,24.280912,3
6598,66000,387130000C,(04)23274275,(04)23288582,2025,10,17,18,1,臺中市,北屯區,0,0,0,7,,,50,,,,,,,,,,,,,,13,,,,,B03,,,1,,5,,,7,7,1,6,4,120.684558,24.201048,3
6599,66000,387130000C,(04)23274275,(04)23288582,2025,10,17,18,1,臺中市,西屯區,0,0,0,7,,,0,,,,,,,,,,,,,,17,,,,,C03,,,1,,2,,,84,84,1,13,4,120.665068,24.172475,3
6600,66000,387130000C,(04)23274275,(04)23288582,2025,10,17,18,1,臺中市,大里區,0,0,0,7,,,50,,,,,,,,,,,,,,,,,,,C03,,,1,,2,,,7,7,1,12,4,120.692521,24.115912,3
6601,66000,387130000C,(04)23274275,(04)23288582,2025,10,17,18,4,臺中市,烏日區,0,0,0,7,,3,40,,,,,,,,,,,,,,,,,,,B02,,,1,,1,,,84,84,1,12,4,120.612917,24.102635,3
6602,66000,387130000C,(04)23274275,(04)23288582,2025,10,17,18,5,臺中市,南屯區,0,0,0,7,,,50,,,,,,,,,,,,,,,,,,,B03,,,1,,1,,,48,48,1,12,4,120.614876,24.153539,3
6603,66000,387130000C,(04)23274275,(04)23288582,2025,10,17,18,5,臺中市,烏日區,0,1,0,7,2,6,50,4,1,1,5,4,6,6,2,1,5,4,5,1,16,3,10,3,1,A11,7,5,1,3,2,2,,11,11,1,6,4,120.625675,24.110532,2
6604,66000,387130000C,(04)23274275,(04)23288582,2025,10,17,18,7,臺中市,潭子區,0,0,0,7,,,30,,,,,,,,,,,,,,,,,,,B12,,,1,,2,,,48,48,1,12,4,120.727581,24.198591,3
6605,66000,387130000C,(04)23274275,(04)23288582,2025,10,17,18,7,臺中市,北區,0,1,0,7,1,6,50,4,2,1,5,4,6,6,2,1,10,5,5,2,13,2,9,2,1,C03,7,9,1,10,2,11,,7,7,1,13,4,120.678454,24.167101,2
6606,66000,387130000C,(04)23274275,(04)23288582,2025,10,17,18,7,臺中市,霧峰區,0,0,0,7,,,50,,,,,,,,,,,,,,,,,,,C03,,,1,,2,,,84,84,1,5,4,120.6969,24.062108,3
6607,66000,387130000C,(04)23274275,(04)23288582,2025,10,17,18,9,臺中市,南區,0,0,0,7,,,50,,,,,,,,,,,,,,12,,,,,B03,,,1,,2,,,35,35,1,12,4,120.683601,24.123955,3
6608,66000,387130000C,(04)23274275,(04)23288582,2025,10,17,18,10,臺中市,北區,0,1,0,7,1,6,50,13,9,1,5,4,6,6,4,4,5,4,5,2,13,2,7,5,4,C03,7,9,1,10,2,11,,84,84,1,13,4,120.664283,24.161606,2