序號,縣市別代碼,機關代碼,市話,傳真,年,月,日,時,分,縣市,區,死亡數量,受傷數量,2-30,天候,道路照明設備,道路類別,道路速限,道路型態,事故位置,路面鋪裝,路面狀態,路面缺陷,障礙物,視距,號誌種類,號誌動作,分向設施,快車道或一般車道間,快慢車道間,路面邊線,事故類型及型態,受傷程度,主要傷處,保護裝備,行動電話或功能裝置,當事者區分(類別),車輛用途,當事者行動狀態,駕照狀態,駕照種類,飲酒情形,車輛撞擊部位最初,車輛撞擊部位其他,肇事因素個別,肇事因素主要,肇事逃逸,職業,共享經濟或外送平台,GPS座標X,GPS座標Y,事故類別
6609,66000,387130000C,(04)23274275,(04)23288582,2025,10,17,18,10,臺中市,北屯區,0,0,0,7,,,50,,,,,,,,,,,,,,,,,,,C03,,,1,,1,,,84,84,1,13,4,120.675381,24.176976,4
6610,66000,387130000C,(04)23274275,(04)23288582,2025,10,17,18,11,臺中市,梧棲區,0,0,0,7,,,70,,,,,,,,,,,,,,,,,,,B12,,,1,,1,,,7,7,1,6,4,120.548839,24.236678,3
6611,66000,387130000C,(04)23274275,(04)23288582,2025,10,17,18,12,臺中市,豐原區,0,0,0,7,,,40,,,,,,,,,,,,,,17,,,,,B03,,,1,,2,,,49,49,1,13,4,120.726826,24.254701,3
6612,66000,387130000C,(04)23274275,(04)23288582,2025,10,17,18,13,臺中市,北屯區,0,1,0,7,1,6,50,4,1,1,5,4,6,6,1,1,10,5,5,2,13,2,9,1,1,C03,7,9,1,10,2,11,,82,82,1,6,4,120.676344,24.184374,2
6613,66000,387130000C,(04)23274275,(04)23288582,2025,10,17,18,15,臺中市,西屯區,0,0,0,7,,,30,,,,,,,,,,,,,,13,,,,,B03,,,1,,2,,,7,7,1,12,4,120.639381,24.171797,3
6614,66000,387130000C,(04)23274275,(04)23288582,2025,10,17,18,15,臺中市,太平區,0,0,0,7,,,50,,,,,,,,,,,,,,16,,,,,B03,,,1,,2,,,40,40,1,13,4,120.713011,24.159021,3
6615,66000,387130000C,(04)23274275,(04)23288582,2025,10,17,18,18,臺中市,西屯區,0,0,0,7,,,60,,,,,,,,,,,,,,13,,,,,B03,,,1,,1,,,7,7,1,12,4,120.629006,24.205953,3
6616,66000,387130000C,(04)23274275,(04)23288582,2025,10,17,18,20,臺中市,大雅區,0,0,0,7,,,0,,,,,,,,,,,,,,,,,,,B03,,,1,,2,,,8,8,1,12,4,120.633408,24.237804,3
6617,66000,387130000C,(04)23274275,(04)23288582,2025,10,17,18,20,臺中市,霧峰區,0,0,0,6,,,40,,,,,,,,,,,,,,17,,,,,B03,,,1,,2,,,7,7,1,13,4,120.702975,24.079822,3
6618,66000,387130000C,(04)23274275,(04)23288582,2025,10,17,18,21,臺中市,西區,0,1,0,7,1,6,30,13,9,1,5,4,1,5,4,4,9,5,5,2,18,2,9,1,1,C03,7,15,1,10,2,16,,87,87,1,12,4,120.653974,24.153258,2
6619,66000,387130000C,(04)23274275,(04)23288582,2025,10,17,18,22,臺中市,北區,0,0,0,7,,,50,,,,,,,,,,,,,,,,,,,B03,,,1,,1,,,50,50,1,12,4,120.683436,24.162928,3
6620,66000,387130000C,(04)23274275,(04)23288582,2025,10,17,18,22,臺中市,南屯區,0,0,0,7,,,50,,,,,,,,,,,,,,12,,,,,C03,,,1,,1,,,7,7,1,12,4,120.648118,24.13469,3
6621,66000,387130000C,(04)23274275,(04)23288582,2025,10,17,18,24,臺中市,潭子區,0,0,0,6,,,60,,,,,,,,,,,,,,,,,,,B03,,,1,,9,,,60,60,1,13,4,120.703297,24.199919,3
6622,66000,387130000C,(04)23274275,(04)23288582,2025,10,17,18,24,臺中市,后里區,0,1,0,7,1,6,50,13,12,1,5,4,6,6,4,4,1,4,4,1,13,2,9,1,1,C03,7,9,1,10,2,11,,7,7,1,6,4,120.722011,24.304052,2
6623,66000,387130000C,(04)23274275,(04)23288582,2025,10,17,18,25,臺中市,大里區,0,1,0,7,1,6,30,4,9,1,5,4,6,6,4,4,10,5,5,2,15,2,9,2,1,C03,7,9,1,10,2,12,,15,15,1,13,4,120.706149,24.084137,2
6624,66000,387130000C,(04)23274275,(04)23288582,2025,10,17,18,30,臺中市,北區,0,0,0,7,,,30,,,,,,,,,,,,,,,,,,,C03,,,1,,11,,,87,87,1,13,4,120.681003,24.153663,3
6625,66000,387130000C,(04)23274275,(04)23288582,2025,10,17,18,30,臺中市,西屯區,0,0,0,7,,,40,,,,,,,,,,,,,,13,,,,,B12,,,1,,1,,,84,84,1,12,4,120.647847,24.196114,3
6626,66000,387130000C,(04)23274275,(04)23288582,2025,10,17,18,30,臺中市,沙鹿區,0,0,0,7,,,50,,,,,,,,,,,,,,,,,,,C03,,,1,,2,,,50,50,1,12,4,120.575328,24.22649,3
6627,66000,387130000C,(04)23274275,(04)23288582,2025,10,17,18,31,臺中市,大里區,0,0,0,7,,,50,,,,,,,,,,,,,,17,,,,,B03,,,1,,2,,,7,7,1,12,4,120.66404,24.079508,3
6628,66000,387130000C,(04)23274275,(04)23288582,2025,10,17,18,32,臺中市,南屯區,0,1,0,7,1,6,50,13,9,1,5,4,6,6,2,1,5,2,5,2,17,2,9,1,1,C03,7,8,1,10,2,11,,84,84,1,6,4,120.649941,24.135025,2
6629,66000,387130000C,(04)23274275,(04)23288582,2025,10,17,18,36,臺中市,北區,0,0,0,7,,,50,,,,,,,,,,,,,,13,,,,,B03,,,1,,2,,,7,7,1,13,4,120.673984,24.165102,3
6630,66000,387130000C,(04)23274275,(04)23288582,2025,10,17,18,38,臺中市,西屯區,0,0,0,7,,,60,,,,,,,,,,,,,,12,,,,,B03,,,1,,1,,,8,8,1,12,4,120.643289,24.166215,3
6631,66000,387130000C,(04)23274275,(04)23288582,2025,10,17,18,38,臺中市,西屯區,0,1,0,7,1,6,40,13,8,1,5,4,6,6,4,4,1,4,1,2,12,3,10,5,4,C03,7,1,1,10,2,14,,51,51,1,12,4,120.600931,24.182186,2
6632,66000,387130000C,(04)23274275,(04)23288582,2025,10,17,18,38,臺中市,西屯區,0,1,0,7,3,6,50,13,9,1,5,4,6,6,4,4,3,4,5,2,16,3,10,5,4,B03,7,5,1,8,2,2,,20,20,1,13,4,120.644875,24.171064,2
6633,66000,387130000C,(04)23274275,(04)23288582,2025,10,17,18,40,臺中市,太平區,0,0,0,7,,,50,,,,,,,,,,,,,,16,,,,,B03,,,1,,2,,,51,51,1,12,4,120.716309,24.157603,3
6634,66000,387130000C,(04)23274275,(04)23288582,2025,10,17,18,45,臺中市,北屯區,0,1,0,7,1,6,50,13,9,1,5,4,6,6,4,4,1,4,5,2,18,2,9,2,1,C03,7,9,1,10,2,16,,82,82,1,12,4,120.689817,24.171456,2
6635,66000,387130000C,(04)23274275,(04)23288582,2025,10,17,18,45,臺中市,北屯區,0,0,0,7,,3,80,,,,,,,,,,,,,,13,,,,,B03,,,1,,2,,,59,59,1,13,4,120.679363,24.200904,3
6636,66000,387130000C,(04)23274275,(04)23288582,2025,10,17,18,47,臺中市,北屯區,0,1,0,7,1,6,50,5,2,1,5,4,6,6,1,1,5,3,5,2,11,2,9,1,1,C03,7,6,1,10,2,11,,48,48,1,13,4,120.686363,24.18829,2
6637,66000,387130000C,(04)23274275,(04)23288582,2025,10,17,18,57,臺中市,南區,0,0,0,7,,,50,,,,,,,,,,,,,,13,,,,,C03,,,1,,2,,,84,84,1,13,4,120.648907,24.119279,3
6638,66000,387130000C,(04)23274275,(04)23288582,2025,10,17,19,4,臺中市,沙鹿區,0,0,0,7,,,50,,,,,,,,,,,,,,16,,,,,C03,,,1,,2,,,47,47,1,6,4,120.56864,24.224945,3
6639,66000,387130000C,(04)23274275,(04)23288582,2025,10,17,19,5,臺中市,龍井區,0,2,0,6,1,6,50,3,9,1,5,4,6,6,4,4,5,5,5,1,16,2,8,1,1,C03,7,6,1,10,2,14,,14,14,1,6,4,120.525225,24.212566,2
6640,66000,387130000C,(04)23274275,(04)23288582,2025,10,17,19,7,臺中市,西屯區,0,2,0,7,1,6,50,3,1,1,5,4,6,6,4,4,10,5,5,2,16,2,8,5,4,C03,7,6,1,10,2,12,,14,14,1,13,4,120.616375,24.18029,2
6641,66000,387130000C,(04)23274275,(04)23288582,2025,10,17,19,7,臺中市,西屯區,0,0,0,7,,,50,,,,,,,,,,,,,,,,,,,B03,,,1,,1,,,12,12,1,12,4,120.647604,24.171265,3
6642,66000,387130000C,(04)23274275,(04)23288582,2025,10,17,19,9,臺中市,大里區,0,1,0,7,1,6,50,4,2,1,5,4,6,6,1,1,10,5,5,2,16,3,10,3,1,B03,7,5,1,8,2,5,,47,47,1,11,4,120.691043,24.114257,2
6643,66000,387130000C,(04)23274275,(04)23288582,2025,10,17,19,10,臺中市,西區,0,0,0,7,,,50,,,,,,,,,,,,,,12,,,,,A04,,,1,,1,,,7,7,1,12,4,120.656202,24.150807,3
6644,66000,387130000C,(04)23274275,(04)23288582,2025,10,17,19,11,臺中市,南屯區,0,1,0,7,2,6,50,4,3,1,5,4,6,6,1,1,9,4,5,2,12,3,10,3,1,B03,7,11,3,19,2,2,,32,32,1,12,4,120.653014,24.136903,2
6645,66000,387130000C,(04)23274275,(04)23288582,2025,10,17,19,16,臺中市,西屯區,0,0,0,7,,,50,,,,,,,,,,,,,,12,,,,,C03,,,1,,2,,,50,50,1,12,4,120.617057,24.183489,3
6646,66000,387130000C,(04)23274275,(04)23288582,2025,10,17,19,18,臺中市,西屯區,0,0,0,7,,,50,,,,,,,,,,,,,,17,,,,,B03,,,1,,1,,,59,59,1,13,4,120.649551,24.157206,3
6647,66000,387130000C,(04)23274275,(04)23288582,2025,10,17,19,19,臺中市,北屯區,0,0,0,7,,,50,,,,,,,,,,,,,,9,,,,,B03,,,1,,2,,,51,51,1,6,4,120.719633,24.176098,3
6648,66000,387130000C,(04)23274275,(04)23288582,2025,10,17,19,27,臺中市,西屯區,0,1,0,7,1,6,50,4,1,1,5,4,6,6,1,1,10,5,5,2,12,2,9,5,4,C03,7,9,1,10,2,14,,8,8,1,12,4,120.621921,24.186405,2
6649,66000,387130000C,(04)23274275,(04)23288582,2025,10,17,19,32,臺中市,西區,0,0,0,7,,,50,,,,,,,,,,,,,,13,,,,,B03,,,1,,1,,,84,84,1,12,4,120.657043,24.152126,3
6650,66000,387130000C,(04)23274275,(04)23288582,2025,10,17,19,35,臺中市,神岡區,0,1,0,7,3,6,30,3,1,1,5,4,6,6,4,4,5,5,5,2,16,2,9,1,1,C03,7,6,1,10,9,14,,14,14,2,13,4,120.649847,24.278638,2
6651,66000,387130000C,(04)23274275,(04)23288582,2025,10,17,19,39,臺中市,大里區,0,1,0,7,1,6,50,5,2,1,5,4,6,6,1,1,10,5,5,2,15,2,9,2,1,C03,7,9,1,10,2,14,,39,39,1,11,4,120.680276,24.11505,2
6652,66000,387130000C,(04)23274275,(04)23288582,2025,10,17,19,43,臺中市,太平區,0,0,0,7,,,30,,,,,,,,,,,,,,14,,,,,B03,,,1,,11,,,49,49,1,13,4,120.702557,24.148402,3
6653,66000,387130000C,(04)23274275,(04)23288582,2025,10,17,19,44,臺中市,大里區,0,0,0,7,,,50,,,,,,,,,,,,,,17,,,,,B12,,,1,,2,,,8,8,1,12,4,120.682395,24.096502,3
6654,66000,387130000C,(04)23274275,(04)23288582,2025,10,17,19,45,臺中市,東區,0,1,0,7,1,6,30,4,1,1,5,4,6,6,4,4,10,5,5,2,16,2,9,2,1,C03,7,6,1,10,2,12,,14,14,1,12,4,120.691683,24.132741,2
6655,66000,387130000C,(04)23274275,(04)23288582,2025,10,17,19,45,臺中市,南屯區,0,0,0,7,,,50,,,,,,,,,,,,,,,,,,,B03,,,1,,1,,,49,49,1,12,4,120.651717,24.133819,3
6656,66000,387130000C,(04)23274275,(04)23288582,2025,10,17,19,46,臺中市,南區,0,1,0,7,1,6,50,4,1,1,5,4,6,6,1,1,10,5,5,2,17,2,9,5,4,C03,7,5,1,8,2,14,,36,36,1,12,4,120.684235,24.122342,2
6657,66000,387130000C,(04)23274275,(04)23288582,2025,10,17,19,47,臺中市,西屯區,0,1,0,7,1,6,50,4,1,1,5,4,6,6,1,1,10,5,5,2,16,3,10,3,1,B03,7,11,1,8,2,8,,45,45,1,12,4,120.662549,24.163627,2
6658,66000,387130000C,(04)23274275,(04)23288582,2025,10,17,19,51,臺中市,石岡區,0,0,0,7,,,50,,,,,,,,,,,,,,,,,,,B03,,,1,,2,,,59,59,1,13,4,120.762909,24.277011,3
6659,66000,387130000C,(04)23274275,(04)23288582,2025,10,17,19,55,臺中市,南屯區,0,1,0,7,1,6,50,4,1,1,5,4,6,6,2,1,1,4,2,2,12,3,10,3,1,B01,7,9,1,4,2,2,,8,8,1,12,4,120.646873,24.155599,2
6660,66000,387130000C,(04)23274275,(04)23288582,2025,10,17,19,56,臺中市,西區,0,0,0,7,,,50,,,,,,,,,,,,,,,,,,,C03,,,1,,1,,,7,7,1,12,4,120.661768,24.15529,3
6661,66000,387130000C,(04)23274275,(04)23288582,2025,10,17,20,11,臺中市,潭子區,0,2,0,7,1,6,50,3,2,1,5,4,6,6,4,4,1,4,5,1,17,2,9,2,1,C03,7,5,1,9,2,13,,14,14,1,13,4,120.721043,24.222681,2
6662,66000,387130000C,(04)23274275,(04)23288582,2025,10,17,20,12,臺中市,大里區,0,0,0,7,,,50,,,,,,,,,,,,,,,,,,,B03,,,1,,2,,,49,49,1,12,4,120.685715,24.104909,3
6663,66000,387130000C,(04)23274275,(04)23288582,2025,10,17,20,12,臺中市,龍井區,0,2,0,7,1,6,30,4,1,1,5,4,6,6,4,4,10,5,5,2,16,3,10,5,4,B03,7,1,1,8,1,1,,51,51,1,5,4,120.58695,24.181488,2
6664,66000,387130000C,(04)23274275,(04)23288582,2025,10,17,20,15,臺中市,潭子區,0,1,0,7,1,6,50,13,7,1,5,4,6,6,4,4,9,4,4,2,16,3,10,3,1,B03,7,1,1,8,2,8,,51,51,1,12,4,120.707275,24.210646,2
6665,66000,387130000C,(04)23274275,(04)23288582,2025,10,17,20,19,臺中市,南屯區,0,0,0,7,,,,,,,,,,,,,,,,,,,,,,,,,,,,,,119,119,1,,,120.613889,24.149847,4
6666,66000,387130000C,(04)23274275,(04)23288582,2025,10,17,20,20,臺中市,東區,0,2,0,7,3,6,50,13,9,1,5,4,6,6,4,4,5,5,5,2,17,2,9,5,4,C03,7,15,1,10,2,11,,84,84,1,12,4,120.701611,24.142474,2
6667,66000,387130000C,(04)23274275,(04)23288582,2025,10,17,20,24,臺中市,北屯區,0,0,0,7,,,50,,,,,,,,,,,,,,14,,,,,B03,,,1,,2,,,49,49,1,6,4,120.684241,24.193797,3
6668,66000,387130000C,(04)23274275,(04)23288582,2025,10,17,20,26,臺中市,大里區,0,2,0,6,1,6,40,3,1,1,5,4,6,6,1,1,10,5,5,1,17,2,9,1,1,C03,7,6,1,10,2,12,,11,11,1,13,4,120.723917,24.086798,2
6669,66000,387130000C,(04)23274275,(04)23288582,2025,10,17,20,26,臺中市,大甲區,0,0,0,7,,,50,,,,,,,,,,,,,,12,,,,,B03,,,1,,1,,,8,8,1,6,4,120.62514,24.340245,3
6670,66000,387130000C,(04)23274275,(04)23288582,2025,10,17,20,40,臺中市,北區,0,1,0,7,1,6,50,3,1,1,5,4,6,6,4,4,5,4,5,2,16,3,10,3,1,B03,7,5,3,19,2,2,,47,47,1,12,4,120.681373,24.156768,2
6671,66000,387130000C,(04)23274275,(04)23288582,2025,10,17,20,43,臺中市,沙鹿區,0,1,0,7,2,6,30,5,1,1,5,4,6,6,3,1,10,5,5,2,18,2,8,1,1,C03,7,9,1,10,2,14,,87,87,1,5,4,120.570806,24.224285,2
6672,66000,387130000C,(04)23274275,(04)23288582,2025,10,17,20,45,臺中市,太平區,0,0,0,7,,,50,,,,,,,,,,,,,,,,,,,A12,,,1,,2,,,84,84,1,6,4,120.714655,24.157226,3
6673,66000,387130000C,(04)23274275,(04)23288582,2025,10,17,20,45,臺中市,豐原區,0,0,0,7,1,6,50,13,9,1,5,4,6,6,4,4,5,5,5,1,30,,,,,,,,,,,,,118,118,1,,,120.742301,24.2507,3
6674,66000,387130000C,(04)23274275,(04)23288582,2025,10,17,20,46,臺中市,烏日區,0,2,0,7,1,6,50,7,9,1,5,4,6,6,4,4,5,5,5,2,17,2,9,5,4,C03,7,15,1,10,2,11,,84,84,1,12,4,120.625337,24.108202,2
6675,66000,387130000C,(04)23274275,(04)23288582,2025,10,17,20,48,臺中市,后里區,0,1,0,7,1,6,50,13,8,1,5,4,6,6,4,4,3,4,4,1,17,2,9,1,1,C03,7,9,1,10,2,14,,59,59,1,6,4,120.723692,24.294721,2
6676,66000,387130000C,(04)23274275,(04)23288582,2025,10,17,21,2,臺中市,大里區,0,0,0,7,,,50,,,,,,,,,,,,,,17,,,,,C03,,,1,,2,,,8,8,1,12,4,120.678854,24.112953,3
6677,66000,387130000C,(04)23274275,(04)23288582,2025,10,17,21,3,臺中市,東區,0,0,0,7,,,50,,,,,,,,,,,,,,,,,,,C03,,,1,,1,,,84,84,1,12,4,120.689902,24.13827,3
6678,66000,387130000C,(04)23274275,(04)23288582,2025,10,17,21,5,臺中市,大雅區,0,0,0,7,,,50,,,,,,,,,,,,,,,,,,,B03,,,1,,1,,,40,40,1,13,4,120.672976,24.215781,3
6679,66000,387130000C,(04)23274275,(04)23288582,2025,10,17,21,6,臺中市,北屯區,0,0,0,7,,,50,,,,,,,,,,,,,,,,,,,B03,,,1,,1,,,56,56,1,6,4,120.724574,24.169227,3
6680,66000,387130000C,(04)23274275,(04)23288582,2025,10,17,21,11,臺中市,清水區,0,0,0,7,1,6,50,13,8,1,5,4,6,6,4,4,5,2,4,2,12,3,10,3,1,B03,7,7,1,8,6,2,,8,8,1,13,4,120.558179,24.2806,3
6681,66000,387130000C,(04)23274275,(04)23288582,2025,10,17,21,17,臺中市,中區,0,2,0,7,1,6,50,4,1,1,5,4,6,6,1,1,10,5,5,2,3,2,9,6,5,H01,8,16,7,21,10,17,,96,96,1,12,5,120.682288,24.140034,2
6682,66000,387130000C,(04)23274275,(04)23288582,2025,10,17,21,19,臺中市,南屯區,0,1,0,7,1,6,50,13,7,1,5,4,6,6,4,4,1,4,4,2,17,3,10,3,1,B03,7,7,1,8,2,16,,40,40,1,12,4,120.62215,24.15045,2
6683,66000,387130000C,(04)23274275,(04)23288582,2025,10,17,21,24,臺中市,烏日區,0,2,0,7,1,6,70,4,2,1,5,4,6,6,1,1,1,4,4,1,17,2,9,1,1,C03,7,9,1,10,2,14,,7,7,1,6,4,120.607237,24.10857,2
6684,66000,387130000C,(04)23274275,(04)23288582,2025,10,17,21,30,臺中市,沙鹿區,0,0,0,7,,,60,,,,,,,,,,,,,,13,,,,,B03,,,1,,2,,,7,7,1,12,4,120.61485,24.241713,3
6685,66000,387130000C,(04)23274275,(04)23288582,2025,10,17,21,31,臺中市,北區,0,1,0,7,1,6,50,3,4,1,5,4,6,6,2,1,5,4,5,2,18,2,9,6,1,F01,7,12,7,21,2,11,12,88,88,1,3,1,120.681097,24.157585,2
6686,66000,387130000C,(04)23274275,(04)23288582,2025,10,17,21,39,臺中市,北屯區,0,0,0,7,,,50,,,,,,,,,,,,,,14,,,,,B03,,,1,,2,,,50,50,1,12,4,120.692499,24.182633,3
6687,66000,387130000C,(04)23274275,(04)23288582,2025,10,17,21,47,臺中市,西屯區,0,0,0,7,,,50,,,,,,,,,,,,,,14,,,,,B03,,,1,,1,,,49,49,1,12,4,120.650341,24.164807,3
6688,66000,387130000C,(04)23274275,(04)23288582,2025,10,17,21,47,臺中市,西屯區,0,0,0,7,,,60,,,,,,,,,,,,,,12,,,,,B03,,,1,,2,,,40,40,1,13,4,120.641076,24.167898,3
6689,66000,387130000C,(04)23274275,(04)23288582,2025,10,17,21,50,臺中市,烏日區,0,1,0,7,1,6,50,13,9,1,5,4,6,6,4,4,9,5,5,2,12,2,3,3,1,B03,7,9,1,8,7,5,,8,8,1,6,4,120.602866,24.107324,2
6690,66000,387130000C,(04)23274275,(04)23288582,2025,10,17,21,51,臺中市,北屯區,0,0,0,7,,,50,,,,,,,,,,,,,,,,,,,B01,,,1,,1,,,7,7,1,13,4,120.721588,24.162583,3
6691,66000,387130000C,(04)23274275,(04)23288582,2025,10,17,21,57,臺中市,南屯區,0,0,0,7,,,50,,,,,,,,,,,,,,,,,,,B03,,,1,,1,,,59,59,1,13,4,120.612299,24.150216,3
6692,66000,387130000C,(04)23274275,(04)23288582,2025,10,17,22,2,臺中市,東區,0,2,0,7,1,6,50,4,4,1,5,4,6,6,2,1,5,4,5,2,17,3,10,3,1,B03,7,1,1,8,2,5,,84,84,1,12,4,120.688986,24.142952,2
6693,66000,387130000C,(04)23274275,(04)23288582,2025,10,17,22,4,臺中市,中區,0,2,0,6,1,6,50,13,9,1,5,4,6,6,4,4,2,4,5,2,17,2,9,1,1,C03,7,15,1,10,2,12,,42,42,1,12,4,120.681894,24.14528,2
6694,66000,387130000C,(04)23274275,(04)23288582,2025,10,17,22,4,臺中市,西區,0,1,0,7,1,6,50,4,1,1,5,4,6,6,1,1,10,5,5,2,16,3,10,3,1,B12,7,6,1,4,2,6,,11,11,1,12,4,120.661645,24.132267,2
6695,66000,387130000C,(04)23274275,(04)23288582,2025,10,17,22,5,臺中市,大雅區,0,0,0,7,,,50,,,,,,,,,,,,,,,,,,,B03,,,1,,6,,,4,4,1,12,4,120.626202,24.209567,3
6696,66000,387130000C,(04)23274275,(04)23288582,2025,10,17,22,5,臺中市,北屯區,0,0,0,7,,,50,,,,,,,,,,,,,,12,,,,,C03,,,1,,1,,,42,42,1,5,4,120.69707,24.17042,3
6697,66000,387130000C,(04)23274275,(04)23288582,2025,10,17,22,5,臺中市,豐原區,0,1,0,7,1,6,30,13,9,1,5,4,6,6,4,4,10,5,5,1,18,2,9,1,1,C03,7,9,1,10,2,11,,84,84,1,12,4,120.739569,24.242863,2
6698,66000,387130000C,(04)23274275,(04)23288582,2025,10,17,22,6,臺中市,東區,0,0,0,7,,,50,,,,,,,,,,,,,,12,,,,,B12,,,1,,1,,,40,40,1,12,4,120.68783,24.136558,3
6699,66000,387130000C,(04)23274275,(04)23288582,2025,10,17,22,8,臺中市,西屯區,0,1,0,7,1,6,40,4,1,1,5,4,6,6,2,1,1,5,1,2,16,3,10,5,4,A12,7,5,1,2,2,5,,11,11,1,13,4,120.624265,24.178347,2
6700,66000,387130000C,(04)23274275,(04)23288582,2025,10,17,22,16,臺中市,潭子區,0,0,0,7,,,40,,,,,,,,,,,,,,2,,,,,B03,,,1,,1,,,40,40,1,12,4,120.718164,24.214912,3
6701,66000,387130000C,(04)23274275,(04)23288582,2025,10,17,22,19,臺中市,中區,0,1,0,6,1,6,50,13,9,1,5,4,6,6,4,4,5,4,5,2,17,2,9,1,1,C03,7,9,1,10,2,11,,7,7,1,12,4,120.684179,24.14214,2
6702,66000,387130000C,(04)23274275,(04)23288582,2025,10,17,22,19,臺中市,西區,0,0,0,6,,,50,,,,,,,,,,,,,,,,,,,B03,,,1,,1,,,12,12,1,12,4,120.670251,24.146339,3
6703,66000,387130000C,(04)23274275,(04)23288582,2025,10,17,22,20,臺中市,北屯區,0,1,0,7,1,6,50,13,9,1,5,4,6,6,4,4,1,4,5,2,13,2,9,1,1,C03,7,9,1,10,2,11,,7,7,1,12,4,120.70328,24.164752,2
6704,66000,387130000C,(04)23274275,(04)23288582,2025,10,17,22,29,臺中市,大里區,0,0,0,7,,,50,,,,,,,,,,,,,,17,,,,,C03,,,1,,1,,,84,84,1,12,4,120.680734,24.105741,3
6705,66000,387130000C,(04)23274275,(04)23288582,2025,10,17,22,30,臺中市,北屯區,0,2,0,7,1,6,50,4,1,1,5,4,6,6,2,1,10,5,5,2,16,2,9,2,1,C03,7,6,1,10,2,11,,48,48,1,12,4,120.724632,24.176179,2
6706,66000,387130000C,(04)23274275,(04)23288582,2025,10,17,22,32,臺中市,石岡區,0,0,0,7,,,70,,,,,,,,,,,,,,,,,,,A11,,,1,,1,,,40,40,1,12,4,120.809491,24.264469,3
6707,66000,387130000C,(04)23274275,(04)23288582,2025,10,17,22,35,臺中市,中區,0,0,0,7,,,50,,,,,,,,,,,,,,17,,,,,B03,,,1,,1,,,84,84,1,12,4,120.684403,24.142256,3
6708,66000,387130000C,(04)23274275,(04)23288582,2025,10,17,22,48,臺中市,南區,0,1,0,7,2,6,50,13,7,1,5,4,6,6,4,4,1,4,5,2,12,2,9,2,1,C03,7,9,1,10,1,12,,84,84,1,13,4,120.6615,24.127137,2
6709,66000,387130000C,(04)23274275,(04)23288582,2025,10,17,22,48,臺中市,后里區,0,1,0,7,1,6,50,13,9,1,5,4,6,6,4,4,9,4,5,2,18,2,9,1,1,C03,7,9,1,10,2,14,,59,59,1,6,4,120.692872,24.32468,2
6710,66000,387130000C,(04)23274275,(04)23288582,2025,10,17,22,56,臺中市,東勢區,0,0,0,7,,,50,,,,,,,,,,,,,,,,,,,B03,,,1,,2,,,84,84,1,12,4,120.829522,24.251923,4
6711,66000,387130000C,(04)23274275,(04)23288582,2025,10,17,22,57,臺中市,北屯區,0,1,0,7,1,6,30,12,9,1,5,4,6,6,4,4,10,5,5,2,25,3,10,1,1,C03,7,15,1,10,2,12,,82,82,1,6,4,120.667721,24.173435,2
6712,66000,387130000C,(04)23274275,(04)23288582,2025,10,17,22,59,臺中市,西區,0,0,0,7,,,50,,,,,,,,,,,,,,17,,,,,B03,,,1,,1,,,35,35,1,12,4,120.661502,24.146432,3
6713,66000,387130000C,(04)23274275,(04)23288582,2025,10,17,23,6,臺中市,大甲區,0,2,0,7,1,6,70,3,2,1,5,4,6,6,1,1,1,4,4,1,13,2,9,3,1,B03,7,9,1,8,1,1,,59,59,1,6,4,120.65185,24.38357,2
6714,66000,387130000C,(04)23274275,(04)23288582,2025,10,17,23,17,臺中市,西屯區,0,0,0,7,,,40,,,,,,,,,,,,,,12,,,,,C03,,,1,,2,,,8,8,1,12,4,120.593044,24.183185,3
6715,66000,387130000C,(04)23274275,(04)23288582,2025,10,17,23,31,臺中市,大安區,0,1,0,7,1,3,90,13,9,1,5,4,6,6,4,4,1,5,5,1,18,2,9,1,1,C03,7,9,1,10,2,12,,87,87,1,6,4,120.585704,24.363442,2
6716,66000,387130000C,(04)23274275,(04)23288582,2025,10,17,23,49,臺中市,西區,0,0,0,6,,,40,,,,,,,,,,,,,,,,,,,C03,,,1,,1,,,8,8,1,12,4,120.663263,24.163328,3
6717,66000,387130000C,(04)23274275,(04)23288582,2025,10,17,23,51,臺中市,東區,0,1,0,7,1,6,50,4,1,1,5,4,6,6,2,1,10,5,5,2,17,3,10,3,1,B03,7,6,1,8,2,8,,11,11,1,12,4,120.700837,24.135168,2
6718,66000,387130000C,(04)23274275,(04)23288582,2025,10,18,0,7,臺中市,南屯區,0,1,0,7,1,6,50,4,1,1,5,4,6,6,3,1,10,5,5,2,16,3,10,3,1,B03,7,6,1,8,2,5,,11,11,1,6,4,120.633945,24.159547,2
6719,66000,387130000C,(04)23274275,(04)23288582,2025,10,18,0,17,臺中市,太平區,0,0,0,7,1,6,50,13,9,1,5,4,6,6,4,4,5,5,5,1,17,3,10,3,1,B03,7,9,1,8,4,5,,53,53,1,12,4,120.702824,24.111252,3
6720,66000,387130000C,(04)23274275,(04)23288582,2025,10,18,0,31,臺中市,霧峰區,0,0,0,7,,,50,,,,,,,,,,,,,,16,,,,,C03,,,1,,2,,,11,11,1,13,4,120.714224,24.07562,3