序號,縣市別代碼,機關代碼,市話,傳真,年,月,日,時,分,縣市,區,死亡數量,受傷數量,2-30,天候,道路照明設備,道路類別,道路速限,道路型態,事故位置,路面鋪裝,路面狀態,路面缺陷,障礙物,視距,號誌種類,號誌動作,分向設施,快車道或一般車道間,快慢車道間,路面邊線,事故類型及型態,受傷程度,主要傷處,保護裝備,行動電話或功能裝置,當事者區分(類別),車輛用途,當事者行動狀態,駕照狀態,駕照種類,飲酒情形,車輛撞擊部位最初,車輛撞擊部位其他,肇事因素個別,肇事因素主要,肇事逃逸,職業,共享經濟或外送平台,GPS座標X,GPS座標Y,事故類別
6721,66000,387130000C,(04)23274275,(04)23288582,2025,10,18,0,42,臺中市,西區,0,0,0,7,,,50,,,,,,,,,,,,,,17,,,,,B03,,,1,,1,,,84,84,1,12,4,120.677352,24.144148,3
6722,66000,387130000C,(04)23274275,(04)23288582,2025,10,18,0,44,臺中市,北區,0,0,0,7,,,50,,,,,,,,,,,,,,17,,,,,B03,,,1,,1,,,51,51,1,12,4,120.701521,24.157028,4
6723,66000,387130000C,(04)23274275,(04)23288582,2025,10,18,0,55,臺中市,大雅區,0,0,0,7,,,50,,,,,,,,,,,,,,,,,,,B03,,,1,,2,,,84,84,1,12,4,120.651521,24.209835,3
6724,66000,387130000C,(04)23274275,(04)23288582,2025,10,18,1,38,臺中市,東區,0,2,0,7,1,6,50,4,1,1,5,4,6,6,4,4,10,5,5,2,15,2,9,2,1,C03,7,9,1,10,2,11,,15,15,1,6,4,120.705747,24.131229,2
6725,66000,387130000C,(04)23274275,(04)23288582,2025,10,18,1,39,臺中市,北屯區,0,0,0,7,,,50,,,,,,,,,,,,,,24,,,,,B03,,,1,8,1,,,84,84,1,6,4,120.673706,24.186351,3
6726,66000,387130000C,(04)23274275,(04)23288582,2025,10,18,2,5,臺中市,大肚區,0,0,0,6,,,50,,,,,,,,,,,,,,12,,,,,C03,,,1,,1,,,85,85,1,6,4,120.575414,24.161303,4
6727,66000,387130000C,(04)23274275,(04)23288582,2025,10,18,2,47,臺中市,潭子區,0,0,0,7,,,60,,,,,,,,,,,,,,,,,,,B03,,,1,,2,,,51,51,1,13,4,120.705276,24.211315,3
6728,66000,387130000C,(04)23274275,(04)23288582,2025,10,18,3,9,臺中市,中區,0,0,0,7,,,50,,,,,,,,,,,,,,,,,,,B12,,,1,,1,,,49,49,1,12,4,120.678967,24.147537,3
6729,66000,387130000C,(04)23274275,(04)23288582,2025,10,18,3,12,臺中市,西區,0,0,0,7,,,50,,,,,,,,,,,,,,17,,,,,B03,,,1,,2,,,49,49,1,12,4,120.66565,24.132694,3
6730,66000,387130000C,(04)23274275,(04)23288582,2025,10,18,3,40,臺中市,南屯區,0,0,0,7,,,50,,,,,,,,,,,,,,,,,,,B12,,,1,,1,,,50,50,1,13,4,120.633589,24.141391,3
6731,66000,387130000C,(04)23274275,(04)23288582,2025,10,18,4,40,臺中市,潭子區,0,0,0,7,,,50,,,,,,,,,,,,,,,,,,,,,,,,,,,85,85,1,,,120.703458,24.22092,3
6732,66000,387130000C,(04)23274275,(04)23288582,2025,10,18,5,33,臺中市,西屯區,0,0,0,7,,,50,,,,,,,,,,,,,,12,,,,,B03,,,1,,2,,,8,8,1,12,4,120.667516,24.174819,3
6733,66000,387130000C,(04)23274275,(04)23288582,2025,10,18,5,41,臺中市,西屯區,0,1,0,7,2,6,30,3,1,1,5,4,6,6,4,4,10,5,5,1,11,2,9,1,1,C02,7,9,1,9,2,12,11,84,84,1,12,4,120.634735,24.189258,2
6734,66000,387130000C,(04)23274275,(04)23288582,2025,10,18,5,54,臺中市,龍井區,0,2,0,7,1,6,30,4,1,1,5,4,6,6,4,4,10,5,5,2,15,2,2,3,1,B01,7,9,1,4,2,5,,12,12,1,6,4,120.594772,24.187023,2
6735,66000,387130000C,(04)23274275,(04)23288582,2025,10,18,6,30,臺中市,大雅區,0,2,0,7,2,6,30,4,9,1,5,4,6,6,1,1,10,5,5,1,17,2,9,1,1,C03,7,9,1,10,2,12,,85,85,1,12,4,120.643237,24.21018,2
6736,66000,387130000C,(04)23274275,(04)23288582,2025,10,18,6,32,臺中市,西屯區,0,0,0,7,,,0,,,,,,,,,,,,,,14,,,,,B03,,,1,,2,,,49,49,1,12,4,120.612869,24.171511,3
6737,66000,387130000C,(04)23274275,(04)23288582,2025,10,18,6,48,臺中市,新社區,0,1,0,7,2,6,30,4,1,1,5,4,6,6,4,4,10,5,5,2,17,3,10,1,4,C03,7,6,3,19,2,14,,12,12,1,12,4,120.807013,24.220351,2
6738,66000,387130000C,(04)23274275,(04)23288582,2025,10,18,6,58,臺中市,龍井區,0,0,0,6,,,50,,,,,,,,,,,,,,,,,,,B03,,,1,,1,,,84,84,1,6,4,120.523064,24.196941,3
6739,66000,387130000C,(04)23274275,(04)23288582,2025,10,18,7,6,臺中市,大雅區,0,1,0,7,2,6,50,13,9,1,5,4,6,6,4,4,10,5,5,2,17,3,10,3,1,B03,7,11,1,8,2,8,,45,45,1,12,4,120.632619,24.242091,2
6740,66000,387130000C,(04)23274275,(04)23288582,2025,10,18,7,10,臺中市,大里區,0,0,0,7,3,6,50,4,1,1,5,4,6,6,1,1,10,5,5,2,12,,,,,A12,,,1,,2,,,47,47,1,12,4,120.676364,24.114838,3
6741,66000,387130000C,(04)23274275,(04)23288582,2025,10,18,7,14,臺中市,南區,0,2,0,7,2,6,50,4,2,1,5,4,6,6,4,4,10,5,5,2,16,2,9,1,1,C03,7,6,1,10,2,14,,84,84,1,13,4,120.656159,24.132322,2
6742,66000,387130000C,(04)23274275,(04)23288582,2025,10,18,7,20,臺中市,北屯區,0,0,0,7,,,50,,,,,,,,,,,,,,12,,,,,B03,,,1,,2,,,59,59,1,12,4,120.69187,24.172095,3
6743,66000,387130000C,(04)23274275,(04)23288582,2025,10,18,7,21,臺中市,太平區,0,0,0,7,2,6,40,,,,,,,,,,,,,,,,,,,C03,,,1,,2,13,,49,49,1,12,4,120.711612,24.150215,3
6744,66000,387130000C,(04)23274275,(04)23288582,2025,10,18,7,29,臺中市,北屯區,0,1,0,7,3,6,50,13,9,1,5,4,6,6,4,4,9,5,5,2,16,3,10,1,1,C03,7,1,1,10,2,11,,51,51,1,12,4,120.726955,24.17855,2
6745,66000,387130000C,(04)23274275,(04)23288582,2025,10,18,7,33,臺中市,大甲區,0,1,0,7,2,6,50,13,9,1,5,4,6,6,4,4,5,5,5,1,16,3,10,3,1,B02,7,11,1,8,2,4,,45,45,1,6,4,120.616584,24.347166,2
6746,66000,387130000C,(04)23274275,(04)23288582,2025,10,18,7,34,臺中市,西屯區,0,1,0,7,2,6,50,4,1,1,5,4,6,6,1,1,10,5,5,2,3,3,10,5,4,B03,7,5,1,8,2,5,,10,10,1,12,4,120.668043,24.17458,2
6747,66000,387130000C,(04)23274275,(04)23288582,2025,10,18,7,36,臺中市,北屯區,0,3,0,7,2,6,50,4,1,1,5,4,6,6,1,1,10,5,5,2,15,2,9,1,1,C03,7,9,1,10,2,12,,21,21,1,6,4,120.730333,24.173885,2
6748,66000,387130000C,(04)23274275,(04)23288582,2025,10,18,7,40,臺中市,潭子區,0,0,0,7,,,,,,,,,,,,,,,,,24,,,,,,,,,,,,,109,109,1,13,5,120.720755,24.204161,3
6749,66000,387130000C,(04)23274275,(04)23288582,2025,10,18,7,40,臺中市,大甲區,0,0,0,7,,,50,,,,,,,,,,,,,,,,,,,C03,,,1,,1,,,75,75,1,6,4,120.627238,24.349036,4
6750,66000,387130000C,(04)23274275,(04)23288582,2025,10,18,7,42,臺中市,北屯區,0,0,0,7,,,30,,,,,,,,,,,,,,14,,,,,A12,,,1,,9,,,49,49,1,12,4,120.693917,24.167655,3
6751,66000,387130000C,(04)23274275,(04)23288582,2025,10,18,7,43,臺中市,大雅區,0,1,0,7,3,6,30,13,9,1,5,4,6,6,4,4,10,5,5,2,27,2,9,2,1,C03,7,9,5,19,2,11,,84,84,1,13,4,120.631877,24.208256,2
6752,66000,387130000C,(04)23274275,(04)23288582,2025,10,18,7,47,臺中市,神岡區,0,1,0,7,1,6,30,13,9,1,5,4,6,6,4,4,10,5,5,2,9,3,10,5,4,B03,7,2,1,8,2,3,,49,49,1,12,4,120.692028,24.249121,2
6753,66000,387130000C,(04)23274275,(04)23288582,2025,10,18,7,50,臺中市,大里區,0,1,0,7,2,6,50,5,1,1,5,4,6,6,4,4,10,5,5,1,17,3,10,3,1,B03,7,6,1,8,2,1,,48,48,1,12,4,120.67576,24.097771,2
6754,66000,387130000C,(04)23274275,(04)23288582,2025,10,18,7,51,臺中市,大雅區,0,1,0,7,2,6,50,13,9,1,5,4,6,6,4,4,5,4,5,2,17,3,10,3,1,B01,7,11,1,8,2,4,,20,20,1,12,4,120.637054,24.20406,2
6755,66000,387130000C,(04)23274275,(04)23288582,2025,10,18,7,55,臺中市,西區,0,1,0,7,2,6,50,5,1,1,5,4,6,6,1,1,10,5,5,2,16,2,8,1,1,C03,7,9,1,10,2,14,,1,1,1,13,4,120.673112,24.139687,2
6756,66000,387130000C,(04)23274275,(04)23288582,2025,10,18,7,55,臺中市,霧峰區,0,1,0,7,3,6,30,13,9,1,5,4,6,6,4,4,10,5,5,1,19,2,8,1,1,F03,7,9,7,21,2,16,,84,84,1,6,4,120.65044,24.078648,2
6757,66000,387130000C,(04)23274275,(04)23288582,2025,10,18,7,58,臺中市,西屯區,0,1,0,7,2,6,60,3,1,1,5,4,6,6,2,1,1,4,1,2,16,3,10,5,4,B02,7,5,1,8,2,2,,47,47,1,13,4,120.602633,24.182917,2
6758,66000,387130000C,(04)23274275,(04)23288582,2025,10,18,8,0,臺中市,南區,0,2,0,7,2,6,50,13,9,1,5,4,6,6,4,4,5,4,5,2,17,3,10,3,1,B03,7,15,1,10,2,5,,20,20,1,12,4,120.654596,24.123545,2
6759,66000,387130000C,(04)23274275,(04)23288582,2025,10,18,8,4,臺中市,北屯區,0,1,0,7,2,6,50,13,7,1,5,4,6,6,4,4,5,4,4,2,2,2,9,6,5,H01,8,16,7,21,10,17,,109,109,1,12,5,120.693122,24.167769,2
6760,66000,387130000C,(04)23274275,(04)23288582,2025,10,18,8,9,臺中市,西屯區,0,0,0,7,,,50,,,,,,,,,,,,,,15,,,,,C03,,,1,,2,,,20,20,1,12,4,120.643626,24.192046,3
6761,66000,387130000C,(04)23274275,(04)23288582,2025,10,18,8,10,臺中市,大肚區,0,0,0,7,,,50,,,,,,,,,,,,,,,,,,,B03,,,1,,2,,,51,51,1,6,4,120.54455,24.15363,3
6762,66000,387130000C,(04)23274275,(04)23288582,2025,10,18,8,13,臺中市,大里區,0,1,0,7,3,6,40,13,8,1,5,4,6,6,4,4,5,5,4,1,18,2,9,1,1,C03,7,9,1,10,2,14,,59,59,1,12,4,120.696116,24.105251,2
6763,66000,387130000C,(04)23274275,(04)23288582,2025,10,18,8,20,臺中市,大甲區,0,2,0,7,2,6,50,4,1,1,5,4,6,6,4,4,5,5,4,1,15,2,9,2,1,C03,7,9,1,10,2,11,,13,13,1,6,4,120.622102,24.352185,2
6764,66000,387130000C,(04)23274275,(04)23288582,2025,10,18,8,20,臺中市,后里區,0,0,0,7,,,40,,,,,,,,,,,,,,14,,,,,B03,,,1,,2,,,49,49,1,12,4,120.715763,24.305839,3
6765,66000,387130000C,(04)23274275,(04)23288582,2025,10,18,8,22,臺中市,大里區,0,1,0,7,3,6,50,4,1,1,5,4,6,6,1,1,10,5,5,2,16,3,10,5,4,B03,7,6,1,8,9,6,,20,20,1,13,4,120.71366,24.094267,2
6766,66000,387130000C,(04)23274275,(04)23288582,2025,10,18,8,22,臺中市,豐原區,0,1,0,7,2,6,50,3,1,1,5,4,6,6,1,1,10,5,5,2,17,2,9,6,1,F01,7,9,7,21,2,12,,21,21,1,13,4,120.736737,24.261165,2
6767,66000,387130000C,(04)23274275,(04)23288582,2025,10,18,8,24,臺中市,大里區,0,1,0,7,2,6,30,3,9,1,5,4,6,6,4,4,10,5,5,2,14,3,10,3,1,B03,7,2,1,8,2,6,,49,49,1,12,4,120.687463,24.123573,2
6768,66000,387130000C,(04)23274275,(04)23288582,2025,10,18,8,26,臺中市,潭子區,0,0,0,7,,,50,,,,,,,,,,,,,,,,,,,H04,,,7,,2,,,109,109,1,13,5,120.707407,24.211169,3
6769,66000,387130000C,(04)23274275,(04)23288582,2025,10,18,8,28,臺中市,西區,0,1,0,7,1,6,50,4,1,1,5,4,6,6,1,1,5,4,5,2,12,3,10,3,1,B03,7,5,1,8,2,6,,11,11,1,13,4,120.658813,24.150825,2
6770,66000,387130000C,(04)23274275,(04)23288582,2025,10,18,8,30,臺中市,后里區,0,1,0,7,2,6,50,13,9,1,5,4,6,6,4,4,10,5,5,2,21,2,7,3,1,B03,7,9,1,8,2,1,,84,84,1,12,4,120.74655,24.298281,2
6771,66000,387130000C,(04)23274275,(04)23288582,2025,10,18,8,33,臺中市,霧峰區,0,1,0,7,3,6,0,3,4,1,5,4,6,6,1,1,5,5,5,1,13,2,3,1,1,C03,7,6,1,10,2,14,,84,84,1,12,4,120.691416,24.071389,2
6772,66000,387130000C,(04)23274275,(04)23288582,2025,10,18,8,34,臺中市,烏日區,0,3,0,7,3,6,30,4,1,1,5,4,6,6,1,1,5,5,5,1,16,2,9,1,1,C03,7,12,1,10,2,14,,21,21,1,6,4,120.644563,24.056431,2
6773,66000,387130000C,(04)23274275,(04)23288582,2025,10,18,8,36,臺中市,沙鹿區,0,0,0,7,,,60,,,,,,,,,,,,,,,,,,,B12,,,1,,1,,,40,40,1,12,4,120.568292,24.23831,3
6774,66000,387130000C,(04)23274275,(04)23288582,2025,10,18,8,37,臺中市,霧峰區,0,2,0,7,3,6,40,4,1,1,5,4,6,6,3,3,10,5,5,2,15,2,9,1,1,C03,7,9,1,10,2,14,,20,20,1,13,4,120.71631,24.072984,2
6775,66000,387130000C,(04)23274275,(04)23288582,2025,10,18,8,43,臺中市,大甲區,0,1,0,7,2,6,50,13,9,1,5,4,6,6,4,4,9,5,5,1,9,3,10,3,1,B03,7,4,1,8,2,4,,1,1,1,6,4,120.624076,24.355991,2
6776,66000,387130000C,(04)23274275,(04)23288582,2025,10,18,8,44,臺中市,大里區,0,2,0,7,3,6,50,4,4,1,5,4,6,6,1,1,5,5,4,2,13,2,9,1,1,C03,7,9,1,10,2,11,,84,84,1,12,4,120.689872,24.106283,2
6777,66000,387130000C,(04)23274275,(04)23288582,2025,10,18,8,54,臺中市,大雅區,0,0,0,7,,,50,,,,,,,,,,,,,,,,,,,B03,,,1,,1,,,20,20,1,13,4,120.667758,24.216246,3
6778,66000,387130000C,(04)23274275,(04)23288582,2025,10,18,8,54,臺中市,豐原區,0,1,0,7,2,6,50,4,1,1,5,4,6,6,1,1,5,4,5,1,17,3,10,5,4,A12,7,5,1,5,2,5,,87,87,1,12,4,120.720681,24.267543,2
6779,66000,387130000C,(04)23274275,(04)23288582,2025,10,18,9,0,臺中市,西區,0,0,0,7,,,50,,,,,,,,,,,,,,17,,,,,B03,,,1,,11,,,87,87,1,12,4,120.669239,24.133695,3
6780,66000,387130000C,(04)23274275,(04)23288582,2025,10,18,9,5,臺中市,大里區,0,1,0,7,2,6,50,3,1,1,5,4,6,6,1,1,10,5,5,1,17,2,9,1,1,C03,7,9,1,10,2,11,,84,84,1,12,4,120.678459,24.110904,2
6781,66000,387130000C,(04)23274275,(04)23288582,2025,10,18,9,9,臺中市,豐原區,0,0,0,7,,,50,,,,,,,,,,,,,,13,,,,,B03,,,1,,1,,,56,56,1,13,4,120.711267,24.246189,3
6782,66000,387130000C,(04)23274275,(04)23288582,2025,10,18,9,12,臺中市,南區,0,1,0,7,3,6,50,4,1,1,5,4,6,6,1,1,10,5,5,2,15,3,10,3,1,B12,7,9,1,8,2,8,,21,21,1,13,4,120.679337,24.131429,2
6783,66000,387130000C,(04)23274275,(04)23288582,2025,10,18,9,12,臺中市,石岡區,0,0,0,7,,,50,,,,,,,,,,,,,,,,,,,A41,,,1,,2,,,8,8,1,13,4,120.816196,24.260453,3
6784,66000,387130000C,(04)23274275,(04)23288582,2025,10,18,9,14,臺中市,大里區,0,1,0,7,3,6,50,3,1,1,5,4,6,6,1,1,10,5,5,2,12,3,10,3,1,B03,7,5,1,8,2,5,,47,47,1,12,4,120.683813,24.11393,2
6785,66000,387130000C,(04)23274275,(04)23288582,2025,10,18,9,18,臺中市,大里區,0,1,0,7,2,6,30,13,9,1,5,4,6,6,4,4,10,5,5,1,17,2,9,1,1,C03,7,9,1,10,2,14,,84,84,1,12,4,120.69817,24.122467,2
6786,66000,387130000C,(04)23274275,(04)23288582,2025,10,18,9,19,臺中市,北區,0,1,0,7,2,6,50,13,9,1,5,4,6,6,4,4,10,4,5,2,17,2,9,5,4,F01,7,9,7,21,2,12,,84,84,1,3,1,120.698089,24.155753,2
6787,66000,387130000C,(04)23274275,(04)23288582,2025,10,18,9,19,臺中市,南屯區,0,1,0,7,3,6,40,13,8,1,5,4,6,6,4,4,5,5,4,2,13,2,9,2,1,C03,7,15,1,10,2,11,,84,84,1,13,4,120.612457,24.137987,2
6788,66000,387130000C,(04)23274275,(04)23288582,2025,10,18,9,20,臺中市,南屯區,0,1,0,7,2,6,50,5,1,1,5,4,6,6,1,1,10,5,5,2,18,2,9,2,1,C03,7,9,1,8,6,12,,53,53,1,12,4,120.654598,24.135026,2
6789,66000,387130000C,(04)23274275,(04)23288582,2025,10,18,9,25,臺中市,豐原區,0,1,0,7,2,6,60,3,1,1,5,4,6,6,1,1,10,5,5,2,17,2,9,1,1,C03,7,6,1,10,2,14,,36,36,1,13,4,120.716903,24.26375,2
6790,66000,387130000C,(04)23274275,(04)23288582,2025,10,18,9,30,臺中市,南屯區,0,1,0,7,3,6,50,4,1,1,5,4,6,6,1,1,10,5,5,2,17,3,10,3,1,B03,7,5,1,8,2,5,,47,47,1,12,4,120.637896,24.148674,2
6791,66000,387130000C,(04)23274275,(04)23288582,2025,10,18,9,30,臺中市,清水區,0,0,0,7,,,50,,,,,,,,,,,,,,,,,,,B03,,,1,,2,,,8,8,1,12,4,120.574724,24.271254,3
6792,66000,387130000C,(04)23274275,(04)23288582,2025,10,18,9,32,臺中市,東區,0,0,0,7,,,50,,,,,,,,,,,,,,16,,,,,B03,,,1,,1,,,11,11,1,13,4,120.694546,24.142764,3
6793,66000,387130000C,(04)23274275,(04)23288582,2025,10,18,9,37,臺中市,北屯區,0,0,0,7,,3,40,,,,,,,,,,,,,,13,,,,,B03,,,1,8,1,,,7,7,1,12,4,120.722229,24.186112,3
6794,66000,387130000C,(04)23274275,(04)23288582,2025,10,18,9,39,臺中市,豐原區,0,1,0,7,2,6,50,5,1,1,5,4,6,6,2,1,5,4,4,2,17,3,10,5,4,B03,7,6,1,8,2,8,,48,48,1,12,4,120.716547,24.253184,2
6795,66000,387130000C,(04)23274275,(04)23288582,2025,10,18,9,41,臺中市,北區,0,0,0,7,,,50,,,,,,,,,,,,,,14,,,,,B03,,,1,,1,,,49,49,1,13,4,120.684816,24.155498,3
6796,66000,387130000C,(04)23274275,(04)23288582,2025,10,18,9,42,臺中市,西屯區,0,2,0,7,2,6,30,13,9,1,5,4,6,6,4,4,10,5,5,2,10,2,7,2,1,C03,7,4,1,9,2,14,,84,84,1,12,4,120.641165,24.171087,2
6797,66000,387130000C,(04)23274275,(04)23288582,2025,10,18,9,44,臺中市,西屯區,0,0,0,7,,,40,,,,,,,,,,,,,,13,,,,,B03,,,1,,1,,,59,59,1,13,4,120.643113,24.165945,3
6798,66000,387130000C,(04)23274275,(04)23288582,2025,10,18,9,44,臺中市,大甲區,0,2,0,7,2,6,50,13,8,1,5,4,6,6,4,4,3,4,4,1,18,2,9,2,1,C03,7,9,1,10,2,14,,87,87,1,6,4,120.64932,24.393605,2
6799,66000,387130000C,(04)23274275,(04)23288582,2025,10,18,9,47,臺中市,西屯區,0,1,0,7,2,6,50,3,1,1,5,4,6,6,4,4,10,5,3,2,16,3,10,5,4,B11,7,5,1,8,2,2,,84,84,1,12,4,120.611252,24.184725,2
6800,66000,387130000C,(04)23274275,(04)23288582,2025,10,18,9,50,臺中市,西區,0,1,0,7,3,6,50,4,1,1,5,4,6,6,1,1,10,5,5,2,15,3,10,3,1,B03,7,9,1,8,2,1,,21,21,1,12,4,120.665645,24.137953,2
6801,66000,387130000C,(04)23274275,(04)23288582,2025,10,18,9,50,臺中市,霧峰區,0,1,0,7,3,6,50,13,8,1,5,4,6,6,4,4,10,5,4,1,16,3,10,3,1,B03,7,5,1,8,2,5,,20,20,1,12,4,120.69796,24.058618,2
6802,66000,387130000C,(04)23274275,(04)23288582,2025,10,18,9,51,臺中市,大里區,0,0,0,7,3,6,50,4,2,1,5,4,6,6,2,1,1,4,4,1,16,,,,,B03,,,1,,2,,,11,11,1,12,4,120.685698,24.103109,3
6803,66000,387130000C,(04)23274275,(04)23288582,2025,10,18,9,52,臺中市,北屯區,0,0,0,7,,,50,,,,,,,,,,,,,,30,,,,,A11,,,1,,1,,,84,84,1,12,4,120.702359,24.169835,3
6804,66000,387130000C,(04)23274275,(04)23288582,2025,10,18,9,53,臺中市,西屯區,0,1,0,7,2,6,50,13,9,1,5,4,6,6,4,4,1,5,5,2,12,3,10,5,4,B12,7,5,4,19,2,2,,47,47,1,13,4,120.647859,24.156566,2
6805,66000,387130000C,(04)23274275,(04)23288582,2025,10,18,9,58,臺中市,南區,0,0,0,7,,,50,,,,,,,,,,,,,,,,,,,B03,,,1,,9,,,87,87,1,12,4,120.653809,24.122064,3
6806,66000,387130000C,(04)23274275,(04)23288582,2025,10,18,9,59,臺中市,北屯區,0,1,0,7,3,6,50,3,1,1,5,4,6,6,2,1,5,5,4,2,13,3,10,3,1,B03,7,9,1,8,2,1,,84,84,1,6,4,120.691636,24.186853,2
6807,66000,387130000C,(04)23274275,(04)23288582,2025,10,18,10,0,臺中市,南區,0,0,0,7,,,50,,,,,,,,,,,,,,,,,,,B03,,,1,,9,,,85,85,1,13,4,120.653662,24.120487,3
6808,66000,387130000C,(04)23274275,(04)23288582,2025,10,18,10,2,臺中市,北區,0,0,0,7,,,40,,,,,,,,,,,,,,17,,,,,B03,,,1,,1,,,84,84,1,12,4,120.6684,24.168409,3
6809,66000,387130000C,(04)23274275,(04)23288582,2025,10,18,10,2,臺中市,梧棲區,0,0,0,7,,,50,,,,,,,,,,,,,,17,,,,,B03,,,1,,9,,,87,87,1,6,4,120.536951,24.243999,3
6810,66000,387130000C,(04)23274275,(04)23288582,2025,10,18,10,3,臺中市,大甲區,0,0,0,7,,,50,,,,,,,,,,,,,,,,,,,B03,,,1,,2,,,84,84,1,12,4,120.629366,24.344969,3
6811,66000,387130000C,(04)23274275,(04)23288582,2025,10,18,10,4,臺中市,大里區,0,0,0,7,,3,80,,,,,,,,,,,,,,,,,,,B03,,,1,,2,,,7,7,1,13,4,120.681211,24.104689,3
6812,66000,387130000C,(04)23274275,(04)23288582,2025,10,18,10,5,臺中市,西屯區,0,0,0,7,,,50,,,,,,,,,,,,,,13,,,,,B03,,,1,,2,,,59,59,1,11,4,120.648207,24.157753,3
6813,66000,387130000C,(04)23274275,(04)23288582,2025,10,18,10,7,臺中市,西屯區,0,0,0,7,,,50,,,,,,,,,,,,,,17,,,,,C03,,,1,,2,,,59,59,1,12,4,120.650444,24.165254,3
6814,66000,387130000C,(04)23274275,(04)23288582,2025,10,18,10,8,臺中市,西區,0,0,0,7,,,30,,,,,,,,,,,,,,,,,,,B03,,,1,,1,,,85,85,1,13,4,120.670454,24.148357,4
6815,66000,387130000C,(04)23274275,(04)23288582,2025,10,18,10,12,臺中市,西屯區,0,1,0,7,2,6,50,4,1,1,5,4,6,6,2,1,10,5,5,2,16,3,10,5,4,B03,7,5,1,8,2,6,,11,11,1,12,4,120.637465,24.179054,2
6816,66000,387130000C,(04)23274275,(04)23288582,2025,10,18,10,13,臺中市,北屯區,0,0,0,7,,,50,,,,,,,,,,,,,,13,,,,,B03,,,1,,1,,,82,82,1,6,4,120.703818,24.159839,3
6817,66000,387130000C,(04)23274275,(04)23288582,2025,10,18,10,19,臺中市,北屯區,0,1,0,7,3,6,50,4,1,1,5,4,6,6,2,1,10,5,5,2,18,2,8,1,1,C03,7,9,1,10,2,14,,59,59,1,12,4,120.733367,24.160958,2
6818,66000,387130000C,(04)23274275,(04)23288582,2025,10,18,10,20,臺中市,北區,0,0,0,7,,,50,,,,,,,,,,,,,,17,,,,,B12,,,1,,1,,,8,8,1,13,4,120.68398,24.161033,3
6819,66000,387130000C,(04)23274275,(04)23288582,2025,10,18,10,21,臺中市,沙鹿區,0,1,0,7,2,6,50,13,8,1,5,4,6,6,4,4,8,3,4,1,17,3,10,5,4,B03,7,13,1,8,2,4,,76,76,1,13,4,120.568436,24.24436,2
6820,66000,387130000C,(04)23274275,(04)23288582,2025,10,18,10,23,臺中市,大里區,0,0,0,7,,,70,,,,,,,,,,,,,,,,,,,B03,,,3,,2,,,59,59,1,12,4,120.66447,24.092889,3
6821,66000,387130000C,(04)23274275,(04)23288582,2025,10,18,10,25,臺中市,龍井區,0,1,0,7,2,6,50,3,1,1,5,4,6,6,4,4,10,5,5,2,13,3,10,1,1,C03,7,9,1,10,2,11,,7,7,1,6,4,120.586217,24.181517,2
6822,66000,387130000C,(04)23274275,(04)23288582,2025,10,18,10,25,臺中市,神岡區,0,1,0,7,2,6,30,3,2,1,5,4,6,6,4,4,10,5,5,2,16,3,10,5,4,C03,7,6,1,10,2,12,,14,14,1,12,4,120.701727,24.253855,2
6823,66000,387130000C,(04)23274275,(04)23288582,2025,10,18,10,26,臺中市,南屯區,0,0,0,7,,,50,,,,,,,,,,,,,,,,,,,B02,,,1,,2,,,51,51,1,13,4,120.645346,24.148518,3
6824,66000,387130000C,(04)23274275,(04)23288582,2025,10,18,10,28,臺中市,太平區,0,1,0,7,2,6,50,4,1,1,5,4,6,6,4,4,10,5,5,2,17,2,8,5,4,C03,7,9,1,10,2,11,,58,58,1,6,4,120.716598,24.132315,2
6825,66000,387130000C,(04)23274275,(04)23288582,2025,10,18,10,28,臺中市,豐原區,0,0,0,7,,,60,,,,,,,,,,,,,,17,,,,,B03,,,1,,9,,,8,8,1,13,4,120.710609,24.23783,3
6826,66000,387130000C,(04)23274275,(04)23288582,2025,10,18,10,30,臺中市,后里區,0,2,0,7,1,6,50,13,7,1,5,4,6,6,4,4,5,4,4,1,12,2,9,1,1,C03,7,9,1,10,2,11,,85,85,1,12,4,120.656767,24.328307,2
6827,66000,387130000C,(04)23274275,(04)23288582,2025,10,18,10,33,臺中市,新社區,0,1,0,7,2,6,50,11,9,1,5,4,6,6,4,4,5,5,5,1,18,2,9,5,4,C03,7,9,1,10,2,14,,85,85,1,13,4,120.890015,24.102855,2
6828,66000,387130000C,(04)23274275,(04)23288582,2025,10,18,10,34,臺中市,太平區,0,0,0,7,2,6,40,,,,,,,,,,,,,,,,,,,C03,,,1,,2,11,,59,59,1,12,4,120.717643,24.148593,3
6829,66000,387130000C,(04)23274275,(04)23288582,2025,10,18,10,38,臺中市,烏日區,0,0,0,7,,,60,,,,,,,,,,,,,,13,,,,,C03,,,1,,1,,,7,7,1,6,4,120.635938,24.107262,3
6830,66000,387130000C,(04)23274275,(04)23288582,2025,10,18,10,40,臺中市,大里區,0,1,0,7,3,6,40,13,7,1,5,4,6,6,4,4,5,4,4,1,12,2,8,1,1,C03,7,7,1,10,2,11,,84,84,1,12,4,120.683379,24.110161,2