序號,縣市別代碼,機關代碼,市話,傳真,年,月,日,時,分,縣市,區,死亡數量,受傷數量,2-30,天候,道路照明設備,道路類別,道路速限,道路型態,事故位置,路面鋪裝,路面狀態,路面缺陷,障礙物,視距,號誌種類,號誌動作,分向設施,快車道或一般車道間,快慢車道間,路面邊線,事故類型及型態,受傷程度,主要傷處,保護裝備,行動電話或功能裝置,當事者區分(類別),車輛用途,當事者行動狀態,駕照狀態,駕照種類,飲酒情形,車輛撞擊部位最初,車輛撞擊部位其他,肇事因素個別,肇事因素主要,肇事逃逸,職業,共享經濟或外送平台,GPS座標X,GPS座標Y,事故類別
6831,66000,387130000C,(04)23274275,(04)23288582,2025,10,18,10,40,臺中市,太平區,0,2,0,7,2,6,30,4,1,1,5,4,6,6,4,4,10,5,5,2,17,2,9,5,4,C03,7,9,1,10,2,11,,15,15,1,6,4,120.72567,24.142799,2
6832,66000,387130000C,(04)23274275,(04)23288582,2025,10,18,10,44,臺中市,北屯區,0,0,0,7,,3,40,,,,,,,,,,,,,,13,,,,,A11,,,1,,1,,,59,59,1,12,4,120.679748,24.20087,3
6833,66000,387130000C,(04)23274275,(04)23288582,2025,10,18,10,44,臺中市,豐原區,0,1,0,7,2,6,50,13,8,1,5,4,6,6,4,4,10,5,5,2,17,3,10,3,1,B03,7,1,1,8,2,4,,51,51,1,13,4,120.738422,24.261944,2
6834,66000,387130000C,(04)23274275,(04)23288582,2025,10,18,10,49,臺中市,龍井區,0,0,0,7,,,50,,,,,,,,,,,,,,13,,,,,B12,,,1,,1,,,7,7,1,6,4,120.574821,24.18146,3
6835,66000,387130000C,(04)23274275,(04)23288582,2025,10,18,10,51,臺中市,南屯區,0,1,0,7,2,6,50,3,1,1,5,4,6,6,1,1,10,5,5,2,17,3,10,3,1,B03,7,6,1,7,2,4,,48,48,1,12,4,120.635434,24.150018,2
6836,66000,387130000C,(04)23274275,(04)23288582,2025,10,18,10,52,臺中市,南屯區,0,1,0,7,3,6,50,4,1,1,5,4,6,6,4,4,10,5,5,2,15,2,9,2,1,C03,7,9,1,10,2,12,,12,12,1,13,4,120.65398,24.141846,2
6837,66000,387130000C,(04)23274275,(04)23288582,2025,10,18,10,52,臺中市,太平區,0,0,0,7,2,6,50,,,,,,,,,,,,,,,,,,,B03,,,1,,2,2,,50,50,1,12,4,120.732835,24.141496,3
6838,66000,387130000C,(04)23274275,(04)23288582,2025,10,18,10,55,臺中市,大里區,0,0,0,7,,,50,,,,,,,,,,,,,,14,,,,,B03,,,1,,2,,,49,49,1,12,4,120.703019,24.085781,3
6839,66000,387130000C,(04)23274275,(04)23288582,2025,10,18,10,56,臺中市,太平區,0,0,0,7,,3,40,,,,,,,,,,,,,,,,,,,B03,,,1,,2,,,84,84,1,6,4,120.714883,24.150647,3
6840,66000,387130000C,(04)23274275,(04)23288582,2025,10,18,10,58,臺中市,西區,0,3,0,7,1,6,50,3,1,1,5,4,6,6,1,1,1,4,4,2,16,3,10,3,1,B03,7,6,1,8,2,2,,11,11,1,13,4,120.657681,24.154151,2
6841,66000,387130000C,(04)23274275,(04)23288582,2025,10,18,11,6,臺中市,南屯區,0,0,0,7,,,50,,,,,,,,,,,,,,17,,,,,B03,,,1,,2,,,8,8,1,12,4,120.609814,24.139007,3
6842,66000,387130000C,(04)23274275,(04)23288582,2025,10,18,11,8,臺中市,清水區,0,1,0,7,2,6,50,4,2,1,5,4,6,6,3,1,8,3,4,1,17,3,10,3,1,B03,7,5,1,8,2,2,,20,20,1,12,4,120.569795,24.269213,2
6843,66000,387130000C,(04)23274275,(04)23288582,2025,10,18,11,10,臺中市,西區,0,1,0,7,3,6,50,5,1,1,5,4,6,6,1,1,10,5,5,2,16,3,10,3,1,B03,7,5,1,8,2,5,,84,84,1,12,4,120.67244,24.131834,2
6844,66000,387130000C,(04)23274275,(04)23288582,2025,10,18,11,15,臺中市,西屯區,0,0,0,7,,,50,,,,,,,,,,,,,,17,,,,,B03,,,1,,1,,,51,51,1,13,4,120.610145,24.187037,3
6845,66000,387130000C,(04)23274275,(04)23288582,2025,10,18,11,18,臺中市,烏日區,0,1,0,7,3,6,30,3,1,1,5,4,6,6,4,4,10,5,5,1,11,3,10,3,1,A12,7,9,1,6,2,4,,41,41,1,6,4,120.646681,24.066971,2
6846,66000,387130000C,(04)23274275,(04)23288582,2025,10,18,11,20,臺中市,南屯區,0,0,0,7,,,50,,,,,,,,,,,,,,,,,,,C03,,,1,,2,,,84,84,1,13,4,120.633031,24.149817,3
6847,66000,387130000C,(04)23274275,(04)23288582,2025,10,18,11,21,臺中市,東區,0,1,0,7,2,6,50,13,9,1,5,4,6,6,4,4,5,4,5,2,17,2,9,2,1,C03,7,9,1,10,1,14,,82,82,1,13,4,120.687684,24.138096,2
6848,66000,387130000C,(04)23274275,(04)23288582,2025,10,18,11,21,臺中市,東區,0,3,0,7,3,6,50,13,9,1,5,4,6,6,2,1,5,5,5,2,17,2,9,5,4,C03,7,9,1,10,2,11,,7,7,1,6,4,120.690009,24.137917,2
6849,66000,387130000C,(04)23274275,(04)23288582,2025,10,18,11,27,臺中市,大里區,0,1,0,7,3,6,50,13,9,1,5,4,6,6,4,4,3,4,5,1,12,3,10,5,4,B12,7,9,1,8,2,15,,8,8,1,13,4,120.697234,24.082536,2
6850,66000,387130000C,(04)23274275,(04)23288582,2025,10,18,11,28,臺中市,南屯區,0,0,0,7,,,50,,,,,,,,,,,,,,,,,,,B03,,,1,,2,,,59,59,1,12,4,120.646209,24.131788,3
6851,66000,387130000C,(04)23274275,(04)23288582,2025,10,18,11,29,臺中市,北區,0,1,0,7,2,6,50,5,2,1,5,4,6,6,1,1,1,2,5,2,17,3,10,5,4,B03,7,5,1,7,1,8,,22,22,2,12,4,120.676203,24.158234,2
6852,66000,387130000C,(04)23274275,(04)23288582,2025,10,18,11,30,臺中市,東區,0,2,0,7,2,6,40,13,8,1,5,4,6,6,4,4,3,4,4,2,28,2,9,2,1,C03,7,9,1,10,2,11,,87,87,1,12,4,120.694607,24.151283,2
6853,66000,387130000C,(04)23274275,(04)23288582,2025,10,18,11,30,臺中市,后里區,0,0,0,7,,,50,,,,,,,,,,,,,,13,,,,,C03,,,1,,2,,,7,7,1,12,4,120.719329,24.307014,3
6854,66000,387130000C,(04)23274275,(04)23288582,2025,10,18,11,33,臺中市,北屯區,0,0,0,7,,,50,,,,,,,,,,,,,,13,,,,,C03,,,1,,1,,,59,59,1,12,4,120.686187,24.188021,3
6855,66000,387130000C,(04)23274275,(04)23288582,2025,10,18,11,33,臺中市,西屯區,0,0,0,7,,,50,,,,,,,,,,,,,,17,,,,,B03,,,1,,1,,,59,59,1,12,4,120.654254,24.170286,3
6856,66000,387130000C,(04)23274275,(04)23288582,2025,10,18,11,35,臺中市,太平區,0,0,0,7,,,30,,,,,,,,,,,,,,17,,,,,B12,,,1,,1,,,76,76,1,6,4,120.730397,24.154596,3
6857,66000,387130000C,(04)23274275,(04)23288582,2025,10,18,11,41,臺中市,太平區,0,1,0,7,2,6,50,3,1,1,5,4,6,6,4,4,1,4,1,2,16,2,9,1,1,C03,7,4,1,10,2,14,12,1,1,1,12,4,120.713722,24.148133,2
6858,66000,387130000C,(04)23274275,(04)23288582,2025,10,18,11,43,臺中市,后里區,0,1,0,7,2,6,50,3,1,1,5,4,6,6,4,4,10,5,5,2,15,3,10,1,1,C03,7,9,1,10,2,12,,12,12,1,12,4,120.727565,24.309443,2
6859,66000,387130000C,(04)23274275,(04)23288582,2025,10,18,11,44,臺中市,太平區,0,1,0,7,2,6,50,4,1,1,5,4,6,6,1,1,10,5,5,2,12,3,10,5,4,B03,7,9,1,8,2,2,,8,8,1,6,4,120.712516,24.145264,2
6860,66000,387130000C,(04)23274275,(04)23288582,2025,10,18,11,46,臺中市,北屯區,0,0,0,7,,,50,,,,,,,,,,,,,,16,,,,,B03,,,1,,1,,,47,47,1,12,4,120.687611,24.183647,4
6861,66000,387130000C,(04)23274275,(04)23288582,2025,10,18,11,48,臺中市,后里區,0,1,0,7,2,6,40,13,9,1,5,4,6,6,4,4,9,4,5,1,16,2,9,1,1,C03,7,1,5,19,2,14,,51,51,1,12,4,120.67455,24.316882,2
6862,66000,387130000C,(04)23274275,(04)23288582,2025,10,18,11,52,臺中市,北區,0,0,0,7,,,30,,,,,,,,,,,,,,13,,,,,B03,,,1,,1,,,84,84,1,12,4,120.672071,24.166571,3
6863,66000,387130000C,(04)23274275,(04)23288582,2025,10,18,11,52,臺中市,北區,0,3,0,7,2,6,50,4,1,1,5,4,6,6,4,4,10,5,5,2,15,2,9,1,1,C03,7,9,1,10,2,14,,12,12,1,13,4,120.683303,24.163933,2
6864,66000,387130000C,(04)23274275,(04)23288582,2025,10,18,11,52,臺中市,西屯區,0,4,0,7,2,6,50,4,1,1,5,4,6,6,1,1,5,5,4,2,15,2,8,5,4,F02,7,9,7,21,2,11,,21,21,1,13,4,120.6524,24.163366,2
6865,66000,387130000C,(04)23274275,(04)23288582,2025,10,18,11,54,臺中市,大里區,0,0,0,7,,,50,,,,,,,,,,,,,,,,,,,C03,,,1,,2,,,8,8,1,12,4,120.689926,24.110239,3
6866,66000,387130000C,(04)23274275,(04)23288582,2025,10,18,12,0,臺中市,南屯區,0,0,0,7,,,50,,,,,,,,,,,,,,13,,,,,B03,,,1,,1,,,7,7,1,13,4,120.620785,24.13991,3
6867,66000,387130000C,(04)23274275,(04)23288582,2025,10,18,12,3,臺中市,霧峰區,0,2,0,7,3,6,40,3,2,1,5,4,6,6,3,1,10,5,5,1,16,2,9,1,1,C03,7,8,1,10,2,14,,84,84,1,12,4,120.664117,24.077726,2
6868,66000,387130000C,(04)23274275,(04)23288582,2025,10,18,12,3,臺中市,霧峰區,0,1,0,7,3,6,40,4,1,1,5,4,6,6,1,1,1,5,5,2,16,3,10,5,4,B03,7,5,1,8,2,5,,47,47,1,13,4,120.66268,24.072542,2
6869,66000,387130000C,(04)23274275,(04)23288582,2025,10,18,12,4,臺中市,大肚區,0,1,0,7,2,6,30,13,9,1,5,4,6,6,4,4,10,5,5,2,25,2,9,1,1,C03,7,9,3,19,2,11,,59,59,1,6,4,120.578532,24.170668,2
6870,66000,387130000C,(04)23274275,(04)23288582,2025,10,18,12,5,臺中市,大雅區,0,0,0,7,,,50,,,,,,,,,,,,,,,,,,,C03,,,1,,2,,,82,82,1,12,4,120.650335,24.225571,3
6871,66000,387130000C,(04)23274275,(04)23288582,2025,10,18,12,5,臺中市,大肚區,0,0,0,7,,,50,,,,,,,,,,,,,,,,,,,B03,,,1,,2,,,8,8,1,6,4,120.544109,24.153135,4
6872,66000,387130000C,(04)23274275,(04)23288582,2025,10,18,12,6,臺中市,大里區,0,2,0,7,3,6,50,3,9,1,5,4,6,6,1,1,5,4,5,1,13,2,9,1,1,C03,7,9,1,10,2,11,,84,84,1,12,4,120.686947,24.09731,2
6873,66000,387130000C,(04)23274275,(04)23288582,2025,10,18,12,9,臺中市,大里區,0,0,0,7,,,30,,,,,,,,,,,,,,,,,,,B12,,,1,,2,,,49,49,1,12,4,120.669807,24.10689,3
6874,66000,387130000C,(04)23274275,(04)23288582,2025,10,18,12,11,臺中市,清水區,0,1,0,7,3,6,50,4,1,1,5,4,6,6,4,4,10,5,5,1,15,3,10,3,1,B03,7,9,1,8,2,5,,15,15,1,12,4,120.554699,24.291906,2
6875,66000,387130000C,(04)23274275,(04)23288582,2025,10,18,12,12,臺中市,西屯區,0,0,0,7,,,50,,,,,,,,,,,,,,13,,,,,B02,,,5,,1,,,59,59,1,12,4,120.661397,24.171793,3
6876,66000,387130000C,(04)23274275,(04)23288582,2025,10,18,12,15,臺中市,北區,0,1,0,7,2,6,50,3,1,1,5,4,6,6,4,4,10,5,5,2,13,2,9,5,4,C03,7,9,1,10,2,11,,84,84,1,12,4,120.68988,24.155486,2
6877,66000,387130000C,(04)23274275,(04)23288582,2025,10,18,12,16,臺中市,豐原區,0,1,0,7,2,6,50,4,1,1,5,4,6,6,4,4,5,4,4,2,17,3,10,5,4,B03,7,9,1,8,2,1,,12,12,1,12,4,120.715881,24.262022,2
6878,66000,387130000C,(04)23274275,(04)23288582,2025,10,18,12,20,臺中市,西屯區,0,0,0,7,,,0,,,,,,,,,,,,,,16,,,,,B03,,,1,,1,,,51,51,1,13,4,120.645906,24.156748,3
6879,66000,387130000C,(04)23274275,(04)23288582,2025,10,18,12,20,臺中市,大肚區,0,1,0,7,2,6,40,13,8,1,5,4,6,6,4,4,1,4,4,1,13,2,9,1,1,C03,7,9,1,10,2,11,,7,7,1,6,4,120.553907,24.133306,2
6880,66000,387130000C,(04)23274275,(04)23288582,2025,10,18,12,21,臺中市,烏日區,0,0,0,7,,,50,,,,,,,,,,,,,,,,,,,B01,,,1,,1,,,7,7,1,6,4,120.613065,24.115741,3
6881,66000,387130000C,(04)23274275,(04)23288582,2025,10,18,12,21,臺中市,后里區,0,1,0,7,2,6,50,13,9,1,5,4,6,6,4,4,10,5,5,2,18,2,9,1,1,C03,7,9,1,10,2,14,,59,59,1,12,4,120.709565,24.286387,2
6882,66000,387130000C,(04)23274275,(04)23288582,2025,10,18,12,21,臺中市,豐原區,0,1,0,7,2,6,50,5,1,1,5,4,6,5,1,1,5,5,4,2,16,2,7,1,1,C03,7,6,1,10,2,12,,11,11,1,13,4,120.720922,24.253673,2
6883,66000,387130000C,(04)23274275,(04)23288582,2025,10,18,12,27,臺中市,西區,0,0,0,7,,,50,,,,,,,,,,,,,,17,,,,,B03,,,1,,1,,,40,40,1,12,4,120.679982,24.141697,3
6884,66000,387130000C,(04)23274275,(04)23288582,2025,10,18,12,28,臺中市,北區,0,1,0,7,2,6,50,4,1,1,5,4,6,6,1,1,10,5,5,2,16,2,9,5,4,C03,7,9,1,10,2,12,,21,21,1,13,4,120.677154,24.150953,2
6885,66000,387130000C,(04)23274275,(04)23288582,2025,10,18,12,29,臺中市,西屯區,0,0,0,7,,,50,,,,,,,,,,,,,,13,,,,,B03,,,1,,1,,,84,84,1,13,4,120.641982,24.157922,3
6886,66000,387130000C,(04)23274275,(04)23288582,2025,10,18,12,30,臺中市,大雅區,0,1,0,7,2,6,50,4,1,1,5,4,6,6,1,1,10,4,5,1,17,2,9,1,2,C03,7,9,3,19,2,12,,21,21,1,12,4,120.641082,24.219279,2
6887,66000,387130000C,(04)23274275,(04)23288582,2025,10,18,12,30,臺中市,北區,0,0,0,7,,,,,,,,,,,,,,,,,17,,,,,,,,,,,,,119,119,1,,,120.672946,24.144037,3
6888,66000,387130000C,(04)23274275,(04)23288582,2025,10,18,12,35,臺中市,南屯區,0,2,0,7,3,6,50,4,1,1,5,4,6,6,1,1,10,5,5,2,16,2,9,2,1,C03,7,6,1,10,2,14,,48,48,1,12,4,120.650615,24.15089,2
6889,66000,387130000C,(04)23274275,(04)23288582,2025,10,18,12,35,臺中市,西屯區,0,0,0,7,,,40,,,,,,,,,,,,,,16,,,,,B03,,,1,,1,,,47,47,1,12,4,120.602868,24.182968,3
6890,66000,387130000C,(04)23274275,(04)23288582,2025,10,18,12,37,臺中市,南區,0,0,0,7,,,50,,,,,,,,,,,,,,17,,,,,B03,,,1,,2,,,8,8,1,6,4,120.679487,24.13365,3
6891,66000,387130000C,(04)23274275,(04)23288582,2025,10,18,12,40,臺中市,太平區,0,0,0,7,,,40,,,,,,,,,,,,,,13,,,,,B03,,,1,,1,,,58,58,1,6,4,120.716773,24.154431,3
6892,66000,387130000C,(04)23274275,(04)23288582,2025,10,18,12,43,臺中市,新社區,0,1,0,7,3,6,50,13,9,1,5,4,6,6,4,4,9,5,5,2,10,2,9,2,1,C03,7,9,1,9,2,11,,1,1,1,6,4,120.78781,24.207713,2
6893,66000,387130000C,(04)23274275,(04)23288582,2025,10,18,12,46,臺中市,南屯區,0,0,0,7,,,50,,,,,,,,,,,,,,13,,,,,B01,,,1,,1,,,59,59,1,13,4,120.646541,24.132061,3
6894,66000,387130000C,(04)23274275,(04)23288582,2025,10,18,12,46,臺中市,北屯區,0,1,0,7,2,6,50,13,7,1,5,4,6,6,4,4,9,5,4,2,11,3,10,1,1,C03,7,9,1,10,1,14,,4,4,1,6,4,120.68406,24.171053,2
6895,66000,387130000C,(04)23274275,(04)23288582,2025,10,18,12,46,臺中市,太平區,0,1,0,7,2,6,50,4,1,1,5,4,6,6,2,1,10,5,5,2,16,3,10,5,4,B03,7,5,1,8,1,2,,47,47,1,12,4,120.71908,24.14902,2
6896,66000,387130000C,(04)23274275,(04)23288582,2025,10,18,12,46,臺中市,后里區,0,1,0,7,2,6,50,13,11,1,5,4,6,6,4,4,1,4,4,1,13,3,10,1,1,C03,7,9,1,10,2,11,,7,7,1,12,4,120.721594,24.305669,2
6897,66000,387130000C,(04)23274275,(04)23288582,2025,10,18,12,49,臺中市,西屯區,0,2,0,6,2,6,30,13,9,2,5,4,6,6,4,4,5,5,5,2,17,2,9,5,4,C03,7,9,1,10,2,12,,84,84,1,12,4,120.655275,24.190139,2
6898,66000,387130000C,(04)23274275,(04)23288582,2025,10,18,12,50,臺中市,大雅區,0,0,0,7,,,30,,,,,,,,,,,,,,,,,,,B03,,,1,,2,,,14,14,1,12,4,120.620518,24.223226,3
6899,66000,387130000C,(04)23274275,(04)23288582,2025,10,18,12,50,臺中市,南屯區,0,0,0,7,,,50,,,,,,,,,,,,,,,,,,,B03,,,1,,2,,,84,84,1,12,4,120.633331,24.141277,3
6900,66000,387130000C,(04)23274275,(04)23288582,2025,10,18,12,50,臺中市,北屯區,0,1,0,7,3,6,50,4,1,1,5,4,6,6,1,1,10,5,5,2,15,2,7,1,1,C03,7,9,3,19,2,11,,21,21,1,12,4,120.689894,24.2013,2
6901,66000,387130000C,(04)23274275,(04)23288582,2025,10,18,12,54,臺中市,北屯區,0,0,0,7,,,50,,,,,,,,,,,,,,13,,,,,B12,,,1,,1,,,7,7,1,6,4,120.686633,24.198323,3
6902,66000,387130000C,(04)23274275,(04)23288582,2025,10,18,12,59,臺中市,北區,0,1,0,7,2,6,50,3,8,1,5,4,6,6,4,4,5,5,4,2,9,3,10,3,1,B03,7,7,1,8,2,2,,84,84,1,13,4,120.674406,24.169423,2
6903,66000,387130000C,(04)23274275,(04)23288582,2025,10,18,13,0,臺中市,西屯區,0,0,0,7,2,3,80,13,9,1,5,4,6,6,4,4,1,4,5,2,13,,,,,A12,,,1,,1,,,7,7,1,13,4,120.630075,24.165607,3
6904,66000,387130000C,(04)23274275,(04)23288582,2025,10,18,13,2,臺中市,烏日區,0,1,0,7,2,6,50,5,1,1,5,4,6,6,4,4,10,5,5,2,17,3,10,3,1,B03,7,5,1,8,2,2,,84,84,1,9,4,120.63174,24.105238,2
6905,66000,387130000C,(04)23274275,(04)23288582,2025,10,18,13,9,臺中市,大甲區,0,0,0,7,,,50,,,,,,,,,,,,,,,,,,,B03,,,1,,2,,,45,45,1,6,4,120.61392,24.350114,3
6906,66000,387130000C,(04)23274275,(04)23288582,2025,10,18,13,13,臺中市,南屯區,0,1,0,7,3,6,40,13,8,1,5,4,6,6,4,4,5,5,4,2,17,3,10,3,1,B03,7,13,1,8,2,4,,76,76,1,13,4,120.650457,24.132195,2
6907,66000,387130000C,(04)23274275,(04)23288582,2025,10,18,13,26,臺中市,烏日區,0,0,0,7,,,30,,,,,,,,,,,,,,,,,,,B03,,,1,,2,,,84,84,1,6,4,120.640386,24.102926,3
6908,66000,387130000C,(04)23274275,(04)23288582,2025,10,18,13,26,臺中市,大安區,0,1,0,7,2,6,50,11,9,1,5,4,6,6,4,4,5,5,5,1,11,3,10,3,1,B03,7,6,1,8,2,8,,39,39,1,6,4,120.596542,24.352791,2
6909,66000,387130000C,(04)23274275,(04)23288582,2025,10,18,13,27,臺中市,清水區,0,2,0,7,3,6,50,13,7,1,5,4,6,6,4,4,5,5,5,2,17,2,9,2,1,C04,7,15,1,8,2,13,,84,84,1,12,4,120.576386,24.267715,2
6910,66000,387130000C,(04)23274275,(04)23288582,2025,10,18,13,37,臺中市,清水區,0,0,0,7,,,40,,,,,,,,,,,,,,,,,,,B03,,,1,,2,,,21,21,1,12,4,120.567947,24.271609,3
6911,66000,387130000C,(04)23274275,(04)23288582,2025,10,18,13,39,臺中市,霧峰區,0,1,0,7,3,6,50,3,1,1,5,4,6,6,4,4,10,5,5,2,16,3,10,3,1,B03,7,5,1,8,2,8,,12,12,1,5,4,120.70071,24.066482,2
6912,66000,387130000C,(04)23274275,(04)23288582,2025,10,18,13,40,臺中市,西屯區,0,0,0,7,,,50,,,,,,,,,,,,,,12,,,,,B03,,,1,,2,,,59,59,1,12,4,120.645144,24.162828,3
6913,66000,387130000C,(04)23274275,(04)23288582,2025,10,18,13,41,臺中市,梧棲區,0,0,0,7,,,70,,,,,,,,,,,,,,,,,,,B03,,,1,,2,,,59,59,1,6,4,120.547054,24.233378,3
6914,66000,387130000C,(04)23274275,(04)23288582,2025,10,18,13,43,臺中市,南區,0,1,0,7,3,6,30,13,9,1,5,4,6,6,4,4,10,5,5,2,14,3,10,3,1,B03,7,2,1,8,2,7,,49,49,1,13,4,120.674851,24.125746,2
6915,66000,387130000C,(04)23274275,(04)23288582,2025,10,18,13,43,臺中市,東區,0,2,0,7,3,6,50,13,8,1,5,4,6,6,4,4,5,4,4,2,17,2,9,5,4,C03,7,9,1,10,2,11,,84,84,1,6,4,120.700821,24.135181,2
6916,66000,387130000C,(04)23274275,(04)23288582,2025,10,18,13,43,臺中市,大里區,0,0,0,7,,,60,,,,,,,,,,,,,,,,,,,B03,,,1,,2,,,47,47,1,12,4,120.676126,24.085828,3
6917,66000,387130000C,(04)23274275,(04)23288582,2025,10,18,13,48,臺中市,南屯區,0,0,0,7,,,50,,,,,,,,,,,,,,14,,,,,B03,,,1,,1,,,49,49,1,6,4,120.643965,24.137836,3
6918,66000,387130000C,(04)23274275,(04)23288582,2025,10,18,13,48,臺中市,沙鹿區,0,1,0,7,2,6,30,4,1,1,5,4,6,6,4,4,10,5,5,2,15,3,10,3,1,B03,7,9,1,8,2,2,,15,15,1,13,4,120.564262,24.251036,2
6919,66000,387130000C,(04)23274275,(04)23288582,2025,10,18,13,50,臺中市,南屯區,0,0,0,7,,,50,,,,,,,,,,,,,,,,,,,C03,,,1,,1,,,51,51,1,12,4,120.637906,24.142053,3
6920,66000,387130000C,(04)23274275,(04)23288582,2025,10,18,13,52,臺中市,中區,0,0,0,7,3,6,50,13,9,1,5,4,6,6,4,4,8,1,5,2,12,,,,,B03,,,1,,1,,,50,50,1,13,4,120.67728,24.142355,3
6921,66000,387130000C,(04)23274275,(04)23288582,2025,10,18,13,54,臺中市,北區,0,1,0,7,2,6,50,4,1,1,5,4,6,6,1,1,10,5,5,2,13,2,9,5,4,C03,7,9,1,10,2,11,,84,84,1,12,4,120.664089,24.162142,2
6922,66000,387130000C,(04)23274275,(04)23288582,2025,10,18,13,54,臺中市,后里區,0,0,0,7,2,6,50,13,7,1,5,4,6,6,1,1,5,3,4,2,13,3,10,3,1,B03,7,9,1,8,1,1,,7,7,1,12,4,120.712472,24.30404,3
6923,66000,387130000C,(04)23274275,(04)23288582,2025,10,18,13,55,臺中市,北屯區,0,0,0,7,,,50,,,,,,,,,,,,,,13,,,,,C03,,,1,,1,,,7,7,1,6,4,120.685966,24.175485,3
6924,66000,387130000C,(04)23274275,(04)23288582,2025,10,18,14,2,臺中市,西屯區,0,1,0,7,2,6,50,13,9,1,5,4,6,6,4,4,1,4,5,2,16,3,10,5,4,C03,7,7,1,10,2,13,,40,40,1,13,4,120.645906,24.156748,2
6925,66000,387130000C,(04)23274275,(04)23288582,2025,10,18,14,4,臺中市,西屯區,0,0,0,7,,,0,,,,,,,,,,,,,,18,,,,,C01,,,1,,2,,,84,84,1,12,4,120.613724,24.17573,3
6926,66000,387130000C,(04)23274275,(04)23288582,2025,10,18,14,5,臺中市,大甲區,0,0,0,7,,,50,,,,,,,,,,,,,,12,,,,,C03,,,7,,10,,,49,49,1,6,5,120.626528,24.345582,3
6927,66000,387130000C,(04)23274275,(04)23288582,2025,10,18,14,5,臺中市,大甲區,0,0,0,7,,,30,,,,,,,,,,,,,,,,,,,B03,,,1,,1,,,50,50,1,12,4,120.619946,24.344519,3
6928,66000,387130000C,(04)23274275,(04)23288582,2025,10,18,14,9,臺中市,東區,0,0,0,7,,3,80,,,,,,,,,,,,,,,,,,,A41,,,1,,9,,,84,84,1,6,4,120.708594,24.134654,3
6929,66000,387130000C,(04)23274275,(04)23288582,2025,10,18,14,13,臺中市,中區,0,1,0,7,2,6,50,4,1,1,5,4,6,6,1,1,10,5,5,2,16,3,10,1,1,C03,7,6,1,10,2,14,,39,39,1,13,4,120.678757,24.141681,2
6930,66000,387130000C,(04)23274275,(04)23288582,2025,10,18,14,13,臺中市,北屯區,0,0,0,7,,,50,,,,,,,,,,,,,,12,,,,,C03,,,1,,9,,,8,8,1,6,4,120.71901,24.163058,3
6931,66000,387130000C,(04)23274275,(04)23288582,2025,10,18,14,13,臺中市,北屯區,0,0,0,7,,,50,,,,,,,,,,,,,,17,,,,,B03,,,1,8,1,,,51,51,1,12,4,120.693837,24.163623,3
6932,66000,387130000C,(04)23274275,(04)23288582,2025,10,18,14,16,臺中市,霧峰區,0,1,0,7,2,6,30,13,8,1,5,4,6,6,4,4,5,4,4,1,14,3,10,5,4,B12,7,2,1,8,2,7,,49,49,1,12,4,120.698886,24.065687,2
6933,66000,387130000C,(04)23274275,(04)23288582,2025,10,18,14,18,臺中市,大里區,0,1,0,7,3,6,50,13,9,1,5,4,6,6,4,4,9,4,5,1,16,3,10,5,4,B03,7,11,1,8,2,4,,45,45,1,13,4,120.695608,24.095982,2
6934,66000,387130000C,(04)23274275,(04)23288582,2025,10,18,14,21,臺中市,東區,0,0,0,7,,,40,,,,,,,,,,,,,,16,,,,,C03,,,3,,1,,,84,84,1,6,4,120.700038,24.138808,3
6935,66000,387130000C,(04)23274275,(04)23288582,2025,10,18,14,24,臺中市,北屯區,0,0,0,7,,,50,,,,,,,,,,,,,,,,,,,C02,,,1,,1,,,11,11,1,13,4,120.660546,24.188796,4
6936,66000,387130000C,(04)23274275,(04)23288582,2025,10,18,14,27,臺中市,西屯區,0,0,0,7,,,30,,,,,,,,,,,,,,13,,,,,C03,,,1,,1,,,7,7,1,12,4,120.64821,24.181938,4
6937,66000,387130000C,(04)23274275,(04)23288582,2025,10,18,14,35,臺中市,南區,0,1,0,7,2,6,50,4,1,1,5,4,6,6,2,1,10,5,5,2,17,2,3,3,1,B03,7,6,1,8,2,1,,84,84,1,12,4,120.670047,24.126452,2
6938,66000,387130000C,(04)23274275,(04)23288582,2025,10,18,14,46,臺中市,北屯區,0,1,0,7,3,6,50,4,1,1,5,4,6,6,1,1,10,5,5,2,16,3,10,3,1,B12,7,6,1,8,2,2,,11,11,1,12,4,120.658758,24.178091,2
6939,66000,387130000C,(04)23274275,(04)23288582,2025,10,18,14,49,臺中市,南屯區,0,1,0,7,2,6,50,4,1,1,5,4,6,6,2,1,5,5,5,2,16,3,10,3,1,B01,7,6,1,4,2,2,,11,11,1,6,4,120.641384,24.132039,2
6940,66000,387130000C,(04)23274275,(04)23288582,2025,10,18,14,51,臺中市,太平區,0,0,0,7,,,,,,,,,,,,,,,,,,,,,,,,,,,,,,86,86,1,,,120.71697,24.139983,3
6941,66000,387130000C,(04)23274275,(04)23288582,2025,10,18,14,52,臺中市,西區,0,1,0,7,1,6,50,4,1,1,5,4,6,6,1,1,5,4,4,2,12,3,10,3,1,B03,7,5,1,8,2,6,,11,11,1,13,4,120.657184,24.146648,2