序號,縣市別代碼,機關代碼,市話,傳真,年,月,日,時,分,縣市,區,死亡數量,受傷數量,2-30,天候,道路照明設備,道路類別,道路速限,道路型態,事故位置,路面鋪裝,路面狀態,路面缺陷,障礙物,視距,號誌種類,號誌動作,分向設施,快車道或一般車道間,快慢車道間,路面邊線,事故類型及型態,受傷程度,主要傷處,保護裝備,行動電話或功能裝置,當事者區分(類別),車輛用途,當事者行動狀態,駕照狀態,駕照種類,飲酒情形,車輛撞擊部位最初,車輛撞擊部位其他,肇事因素個別,肇事因素主要,肇事逃逸,職業,共享經濟或外送平台,GPS座標X,GPS座標Y,事故類別
6942,66000,387130000C,(04)23274275,(04)23288582,2025,10,18,14,55,臺中市,南區,0,1,0,7,2,6,50,13,9,1,5,4,6,6,4,4,9,4,4,2,17,3,10,3,1,B03,7,9,1,8,2,1,,7,7,1,6,4,120.664416,24.113804,2
6943,66000,387130000C,(04)23274275,(04)23288582,2025,10,18,14,55,臺中市,外埔區,0,1,0,7,2,6,50,12,9,1,5,4,6,6,4,4,10,5,5,2,18,2,9,1,1,F01,7,12,7,21,2,11,14,59,59,1,12,4,120.636102,24.320708,2
6944,66000,387130000C,(04)23274275,(04)23288582,2025,10,18,14,57,臺中市,西屯區,0,0,0,7,,,50,,,,,,,,,,,,,,12,,,,,B03,,,1,,1,,,40,40,1,12,4,120.638543,24.187678,3
6945,66000,387130000C,(04)23274275,(04)23288582,2025,10,18,14,59,臺中市,北區,0,0,0,7,2,6,50,13,9,1,5,4,6,,4,4,5,4,5,2,12,3,10,3,1,B03,7,7,1,8,1,2,,40,40,1,12,4,120.670041,24.155748,3
6946,66000,387130000C,(04)23274275,(04)23288582,2025,10,18,15,5,臺中市,西區,0,0,0,7,,,50,,,,,,,,,,,,,,12,,,,,B03,,,1,,1,,,7,7,1,13,4,120.667301,24.150833,3
6947,66000,387130000C,(04)23274275,(04)23288582,2025,10,18,15,5,臺中市,南區,0,1,0,7,2,6,50,4,1,1,5,4,6,6,4,4,10,5,5,2,16,3,10,3,1,B12,7,6,1,8,2,6,,48,48,1,12,4,120.684146,24.121672,2
6948,66000,387130000C,(04)23274275,(04)23288582,2025,10,18,15,6,臺中市,石岡區,0,4,0,7,2,6,20,11,13,1,5,4,6,6,4,4,5,5,5,1,11,2,9,5,4,F02,7,9,7,21,2,14,,85,85,1,13,4,120.777262,24.276709,2
6949,66000,387130000C,(04)23274275,(04)23288582,2025,10,18,15,16,臺中市,西屯區,0,3,0,7,2,6,40,13,7,1,5,4,6,6,4,4,5,4,4,2,12,2,9,2,1,C03,7,1,1,10,2,13,,51,51,1,5,4,120.651071,24.208698,2
6950,66000,387130000C,(04)23274275,(04)23288582,2025,10,18,15,18,臺中市,東區,0,1,0,7,3,6,30,4,1,1,5,4,6,6,4,4,10,5,5,2,15,3,10,5,4,B03,7,9,1,8,2,5,,13,13,1,12,4,120.687291,24.141065,2
6951,66000,387130000C,(04)23274275,(04)23288582,2025,10,18,15,18,臺中市,南屯區,0,0,0,7,,,50,,,,,,,,,,,,,,13,,,,,B02,,,1,,1,,,7,7,1,6,4,120.635776,24.147306,3
6952,66000,387130000C,(04)23274275,(04)23288582,2025,10,18,15,20,臺中市,東區,0,1,0,7,2,6,50,13,9,1,5,4,6,6,2,1,3,4,5,2,12,2,9,2,1,C03,7,9,1,10,1,11,14,84,84,1,13,4,120.685121,24.135486,2
6953,66000,387130000C,(04)23274275,(04)23288582,2025,10,18,15,20,臺中市,石岡區,0,0,0,7,,,50,,,,,,,,,,,,,,13,,,,,B12,,,1,,1,,,7,7,1,13,4,120.762838,24.277214,3
6954,66000,387130000C,(04)23274275,(04)23288582,2025,10,18,15,23,臺中市,南區,0,0,0,7,,,50,,,,,,,,,,,,,,,,,,,,,,,,,,,87,87,1,,,120.675324,24.125308,3
6955,66000,387130000C,(04)23274275,(04)23288582,2025,10,18,15,25,臺中市,北屯區,0,1,0,7,2,6,50,4,1,1,5,4,6,6,2,1,10,5,5,1,16,3,10,3,1,B03,7,5,1,8,2,2,,47,47,1,6,4,120.682123,24.139775,2
6956,66000,387130000C,(04)23274275,(04)23288582,2025,10,18,15,28,臺中市,南屯區,0,0,0,7,,,50,,,,,,,,,,,,,,,,,,,B12,,,1,,2,,,59,59,1,12,4,120.628932,24.154613,3
6957,66000,387130000C,(04)23274275,(04)23288582,2025,10,18,15,28,臺中市,沙鹿區,0,1,0,7,3,6,50,13,9,1,5,4,6,6,4,4,1,4,4,2,23,2,8,5,4,B03,7,9,1,6,8,1,,53,53,1,13,4,120.562486,24.246093,2
6958,66000,387130000C,(04)23274275,(04)23288582,2025,10,18,15,29,臺中市,北區,0,1,0,7,2,6,50,4,1,1,5,4,6,6,1,1,10,5,5,2,16,3,10,3,1,B03,7,5,3,19,9,6,,11,11,1,12,4,120.678313,24.163112,2
6959,66000,387130000C,(04)23274275,(04)23288582,2025,10,18,15,30,臺中市,豐原區,0,0,0,7,,,40,,,,,,,,,,,,,,10,,,,,A04,,,1,,2,,,59,59,1,13,4,120.739534,24.26248,3
6960,66000,387130000C,(04)23274275,(04)23288582,2025,10,18,15,32,臺中市,東勢區,0,3,0,7,2,6,20,13,13,1,5,4,6,6,4,4,9,5,5,1,11,2,9,5,4,F02,7,9,7,21,2,11,,84,84,1,13,4,120.824048,24.274492,2
6961,66000,387130000C,(04)23274275,(04)23288582,2025,10,18,15,34,臺中市,北屯區,0,0,0,7,,,50,,,,,,,,,,,,,,13,,,,,B13,,,1,,2,,,59,59,1,6,4,120.707623,24.18192,3
6962,66000,387130000C,(04)23274275,(04)23288582,2025,10,18,15,34,臺中市,豐原區,0,0,0,7,,,30,,,,,,,,,,,,,,14,,,,,B03,,,1,,9,,,49,49,1,12,4,120.720024,24.250256,3
6963,66000,387130000C,(04)23274275,(04)23288582,2025,10,18,15,35,臺中市,北區,0,0,0,7,2,6,50,13,9,1,5,4,6,6,4,4,5,5,5,2,35,3,10,3,1,B03,7,3,1,8,2,6,,85,85,1,12,4,120.680601,24.150437,3
6964,66000,387130000C,(04)23274275,(04)23288582,2025,10,18,15,35,臺中市,北屯區,0,0,0,7,,,50,,,,,,,,,,,,,,,,,,,B03,,,1,,1,,,58,58,1,6,4,120.719524,24.163933,3
6965,66000,387130000C,(04)23274275,(04)23288582,2025,10,18,15,35,臺中市,太平區,0,0,0,7,,3,40,,,,,,,,,,,,,,12,,,,,A41,,,1,,2,,,20,20,1,6,4,120.714097,24.14843,3
6966,66000,387130000C,(04)23274275,(04)23288582,2025,10,18,15,45,臺中市,清水區,0,0,0,7,,,30,,,,,,,,,,,,,,,,,,,B03,,,1,,1,,,8,8,1,12,4,120.559466,24.258111,3
6967,66000,387130000C,(04)23274275,(04)23288582,2025,10,18,15,49,臺中市,北屯區,0,0,0,7,,,40,,,,,,,,,,,,,,30,,,,,B03,,,1,,1,,,59,59,1,8,4,120.711101,24.178304,3
6968,66000,387130000C,(04)23274275,(04)23288582,2025,10,18,15,49,臺中市,西屯區,0,2,0,7,2,6,40,13,8,1,5,4,6,6,4,4,3,4,4,2,12,2,9,5,1,C03,7,9,1,10,2,11,,7,7,1,12,4,120.652744,24.20548,2
6969,66000,387130000C,(04)23274275,(04)23288582,2025,10,18,15,50,臺中市,潭子區,0,1,0,7,3,6,50,4,1,1,5,4,6,6,4,4,10,5,5,2,15,2,9,2,1,C03,7,9,1,10,2,12,,20,20,1,12,4,120.677866,24.208213,2
6970,66000,387130000C,(04)23274275,(04)23288582,2025,10,18,15,55,臺中市,霧峰區,0,1,0,7,2,6,30,13,9,1,5,4,6,6,4,4,10,5,5,1,10,3,10,3,1,B03,7,1,1,8,2,8,,51,51,1,12,4,120.685193,24.023397,2
6971,66000,387130000C,(04)23274275,(04)23288582,2025,10,18,15,57,臺中市,西屯區,0,1,0,7,2,6,50,13,9,1,5,4,6,6,4,4,9,5,5,2,13,2,9,1,1,C03,7,9,1,10,2,11,,7,7,1,12,4,120.653717,24.159018,2
6972,66000,387130000C,(04)23274275,(04)23288582,2025,10,18,16,0,臺中市,西區,0,0,0,7,,,50,,,,,,,,,,,,,,13,,,,,B03,,,1,,1,,,84,84,1,12,4,120.656751,24.146718,3
6973,66000,387130000C,(04)23274275,(04)23288582,2025,10,18,16,0,臺中市,南區,0,1,0,7,2,6,30,4,1,1,5,4,6,6,3,1,10,5,5,2,15,3,10,3,1,B03,7,9,1,8,2,1,,24,24,1,12,4,120.667278,24.125659,2
6974,66000,387130000C,(04)23274275,(04)23288582,2025,10,18,16,0,臺中市,龍井區,0,0,0,7,,,50,,,,,,,,,,,,,,,,,,,B03,,,1,,1,,,49,49,1,6,4,120.545867,24.190221,3
6975,66000,387130000C,(04)23274275,(04)23288582,2025,10,18,16,3,臺中市,南區,0,2,0,7,3,6,50,4,1,1,5,4,6,6,1,1,10,5,5,2,17,2,9,5,4,C03,7,15,3,19,2,12,,84,84,1,12,4,120.663897,24.124894,2
6976,66000,387130000C,(04)23274275,(04)23288582,2025,10,18,16,5,臺中市,西屯區,0,0,0,7,,,50,,,,,,,,,,,,,,15,,,,,C03,,,1,,2,,,24,24,1,12,4,120.639251,24.186555,3
6977,66000,387130000C,(04)23274275,(04)23288582,2025,10,18,16,10,臺中市,大甲區,0,0,0,7,,,50,,,,,,,,,,,,,,,,,,,F03,,,7,,1,,,59,59,1,6,4,120.614342,24.351631,3
6978,66000,387130000C,(04)23274275,(04)23288582,2025,10,18,16,11,臺中市,大里區,0,0,0,7,,,50,,,,,,,,,,,,,,,,,,,B03,,,,,,,,23,23,1,13,4,120.705983,24.087533,3
6979,66000,387130000C,(04)23274275,(04)23288582,2025,10,18,16,14,臺中市,西區,0,0,0,7,3,6,50,13,9,1,5,4,6,6,4,4,8,3,5,2,12,,,,,C03,,,1,,2,,,51,51,1,13,4,120.655532,24.151028,3
6980,66000,387130000C,(04)23274275,(04)23288582,2025,10,18,16,14,臺中市,北屯區,0,0,0,7,,,50,,,,,,,,,,,,,,,,,,,B03,,,1,,1,,,84,84,1,13,4,120.686119,24.183464,3
6981,66000,387130000C,(04)23274275,(04)23288582,2025,10,18,16,14,臺中市,西屯區,0,0,0,7,,,60,,,,,,,,,,,,,,13,,,,,B03,,,1,,1,,,7,7,1,12,4,120.648176,24.163931,3
6982,66000,387130000C,(04)23274275,(04)23288582,2025,10,18,16,15,臺中市,太平區,0,1,0,7,2,6,50,4,1,1,5,4,6,6,2,1,10,5,5,2,17,2,8,1,1,C03,7,15,1,10,2,16,,84,84,1,12,2,120.7179,24.12868,2
6983,66000,387130000C,(04)23274275,(04)23288582,2025,10,18,16,20,臺中市,西區,0,1,0,7,2,6,50,4,4,1,5,4,6,6,1,1,1,4,5,2,13,2,9,1,1,C03,7,9,1,10,1,11,,84,84,1,13,4,120.657737,24.154201,2
6984,66000,387130000C,(04)23274275,(04)23288582,2025,10,18,16,21,臺中市,龍井區,0,0,0,7,,,30,,,,,,,,,,,,,,,,,,,B03,,,1,,2,,,49,49,1,12,4,120.560205,24.184175,3
6985,66000,387130000C,(04)23274275,(04)23288582,2025,10,18,16,30,臺中市,南屯區,0,0,0,7,,,50,,,,,,,,,,,,,,,,,,,B03,,,1,,1,,,59,59,1,6,4,120.646267,24.136534,3
6986,66000,387130000C,(04)23274275,(04)23288582,2025,10,18,16,30,臺中市,后里區,0,0,0,7,,,50,,,,,,,,,,,,,,21,,,,,B03,,,1,,9,,,59,59,1,12,4,120.73136,24.339292,3
6987,66000,387130000C,(04)23274275,(04)23288582,2025,10,18,16,31,臺中市,西屯區,0,0,0,7,,,50,,,,,,,,,,,,,,13,,,,,B03,,,1,,1,,,61,61,1,6,4,120.608815,24.183831,3
6988,66000,387130000C,(04)23274275,(04)23288582,2025,10,18,16,31,臺中市,清水區,0,0,0,7,,,40,,,,,,,,,,,,,,,,,,,B03,,,1,,11,,,77,77,1,12,4,120.558424,24.273528,3
6989,66000,387130000C,(04)23274275,(04)23288582,2025,10,18,16,32,臺中市,南屯區,0,0,0,7,,,40,,,,,,,,,,,,,,17,,,,,B03,,,1,,1,,,51,51,1,6,4,120.635488,24.14548,3
6990,66000,387130000C,(04)23274275,(04)23288582,2025,10,18,16,32,臺中市,烏日區,0,2,0,7,3,6,30,4,1,1,5,4,6,6,4,4,10,5,5,2,16,2,9,1,1,C03,7,9,1,10,2,12,11,15,15,1,6,4,120.639792,24.111362,2
6991,66000,387130000C,(04)23274275,(04)23288582,2025,10,18,16,34,臺中市,北屯區,0,1,0,7,1,6,50,13,8,1,5,4,6,6,4,4,3,4,4,2,12,3,10,3,1,B03,7,7,1,8,2,3,,40,40,1,13,4,120.678213,24.184803,2
6992,66000,387130000C,(04)23274275,(04)23288582,2025,10,18,16,36,臺中市,龍井區,0,2,0,7,2,6,50,13,9,1,5,4,6,6,4,4,5,5,5,1,17,2,9,5,4,C03,7,6,1,10,2,12,,39,39,1,12,4,120.582736,24.178168,2
6993,66000,387130000C,(04)23274275,(04)23288582,2025,10,18,16,37,臺中市,北屯區,0,2,0,7,2,6,30,11,9,1,5,4,6,6,4,4,10,5,5,2,20,2,9,5,4,C03,7,9,3,19,7,11,,53,53,1,6,4,120.714406,24.18658,2
6994,66000,387130000C,(04)23274275,(04)23288582,2025,10,18,16,37,臺中市,霧峰區,0,0,0,7,,,60,,,,,,,,,,,,,,12,,,,,B03,,,1,,2,,,2,2,1,12,4,120.696023,24.053832,3
6995,66000,387130000C,(04)23274275,(04)23288582,2025,10,18,16,38,臺中市,東區,0,0,0,7,,,50,,,,,,,,,,,,,,12,,,,,,,,,,,,,40,40,1,,,120.686877,24.136117,4
6996,66000,387130000C,(04)23274275,(04)23288582,2025,10,18,16,40,臺中市,龍井區,0,0,0,7,,,50,,,,,,,,,,,,,,,,,,,B03,,,1,,1,,,7,7,1,12,4,120.5054,24.210287,3
6997,66000,387130000C,(04)23274275,(04)23288582,2025,10,18,16,53,臺中市,東區,0,2,0,7,2,6,50,3,1,1,5,4,6,6,1,1,3,4,5,2,12,2,9,2,1,C03,7,9,1,10,2,12,,85,85,1,13,4,120.690815,24.138702,2
6998,66000,387130000C,(04)23274275,(04)23288582,2025,10,18,16,55,臺中市,豐原區,0,1,0,7,1,6,50,3,1,1,5,4,6,6,4,4,5,4,4,2,3,4,11,1,1,C03,7,9,1,10,2,11,,10,10,1,6,4,120.712945,24.250181,2
6999,66000,387130000C,(04)23274275,(04)23288582,2025,10,18,16,56,臺中市,太平區,0,1,0,7,2,6,30,3,1,1,5,4,6,6,4,4,10,5,5,2,17,2,8,2,1,C03,7,1,1,10,2,14,,51,51,1,6,4,120.717603,24.146769,2
7000,66000,387130000C,(04)23274275,(04)23288582,2025,10,18,16,59,臺中市,北屯區,0,1,0,7,3,6,50,13,9,1,5,4,6,6,4,4,1,4,5,2,12,3,10,3,1,B03,7,7,1,8,2,2,,84,84,1,6,4,120.685442,24.17663,2
7001,66000,387130000C,(04)23274275,(04)23288582,2025,10,18,17,0,臺中市,南屯區,0,0,0,7,,,50,,,,,,,,,,,,,,14,,,,,B03,,,1,,2,,,50,50,1,12,4,120.650555,24.130815,3
7002,66000,387130000C,(04)23274275,(04)23288582,2025,10,18,17,0,臺中市,北屯區,0,0,0,7,,,50,,,,,,,,,,,,,,17,,,,,B03,,,5,,9,,,84,84,1,12,4,120.678425,24.200101,3
7003,66000,387130000C,(04)23274275,(04)23288582,2025,10,18,17,4,臺中市,北區,0,1,0,7,2,6,50,3,1,1,5,4,6,6,1,1,10,5,5,2,16,3,10,1,1,C03,7,6,1,10,2,13,,48,48,1,13,4,120.689134,24.153572,2
7004,66000,387130000C,(04)23274275,(04)23288582,2025,10,18,17,5,臺中市,豐原區,0,0,0,7,2,6,50,3,9,1,5,4,6,6,2,1,1,4,4,2,12,3,10,3,1,B03,7,9,1,8,2,1,,7,7,1,12,4,120.708932,24.252081,3
7005,66000,387130000C,(04)23274275,(04)23288582,2025,10,18,17,7,臺中市,北區,0,1,0,7,2,6,50,4,3,1,5,4,6,6,1,1,10,5,5,2,14,3,10,5,4,B01,7,2,1,4,2,7,,49,49,1,13,4,120.687652,24.155699,2
7006,66000,387130000C,(04)23274275,(04)23288582,2025,10,18,17,8,臺中市,中區,0,0,0,7,,,50,,,,,,,,,,,,,,12,,,,,C03,,,1,,2,,,84,84,1,13,4,120.677862,24.140851,3
7007,66000,387130000C,(04)23274275,(04)23288582,2025,10,18,17,9,臺中市,后里區,0,0,0,7,,,50,,,,,,,,,,,,,,27,,,,,B02,,,1,,1,,,50,50,1,12,1,120.709313,24.312303,3
7008,66000,387130000C,(04)23274275,(04)23288582,2025,10,18,17,10,臺中市,南屯區,0,1,0,7,1,6,50,4,1,1,5,4,6,6,2,1,1,4,4,2,16,3,10,3,1,B03,7,6,1,8,2,2,,11,11,1,12,4,120.64257,24.151035,2
7009,66000,387130000C,(04)23274275,(04)23288582,2025,10,18,17,11,臺中市,北屯區,0,0,0,7,,,50,,,,,,,,,,,,,,,,,,,B03,,,1,,1,,,58,58,1,6,4,120.735452,24.159926,3
7010,66000,387130000C,(04)23274275,(04)23288582,2025,10,18,17,11,臺中市,霧峰區,0,1,0,7,1,6,40,13,9,1,5,4,6,6,4,4,5,4,4,2,17,3,10,3,1,B03,7,3,1,8,2,2,,50,50,1,13,4,120.687829,24.045977,2
7011,66000,387130000C,(04)23274275,(04)23288582,2025,10,18,17,12,臺中市,西屯區,0,0,0,7,,,50,,,,,,,,,,,,,,14,,,,,B12,,,1,,1,,,49,49,1,12,4,120.643128,24.162367,3
7012,66000,387130000C,(04)23274275,(04)23288582,2025,10,18,17,13,臺中市,西屯區,0,0,0,7,,,50,,,,,,,,,,,,,,13,,,,,B03,,,1,,1,,,7,7,1,12,4,120.623958,24.185497,3
7013,66000,387130000C,(04)23274275,(04)23288582,2025,10,18,17,13,臺中市,豐原區,0,1,0,7,2,6,50,13,9,1,5,4,6,6,4,4,5,2,5,1,17,3,10,5,4,C03,7,11,1,10,2,13,,39,39,1,13,4,120.721293,24.23933,2
7014,66000,387130000C,(04)23274275,(04)23288582,2025,10,18,17,18,臺中市,西屯區,0,2,0,7,2,6,50,4,1,1,5,4,6,6,2,1,10,5,5,2,12,2,8,1,1,C03,7,15,1,10,2,14,12,35,35,1,12,4,120.637413,24.17897,2
7015,66000,387130000C,(04)23274275,(04)23288582,2025,10,18,17,20,臺中市,太平區,0,0,0,7,,,50,,,,,,,,,,,,,,13,,,,,B12,,,1,,1,,,84,84,1,12,4,120.732509,24.135277,3
7016,66000,387130000C,(04)23274275,(04)23288582,2025,10,18,17,22,臺中市,西屯區,0,1,0,7,1,6,50,3,1,1,5,4,6,6,4,4,10,5,5,2,16,3,10,5,4,B03,7,6,1,8,2,4,,14,14,1,12,4,120.636655,24.165731,2
7017,66000,387130000C,(04)23274275,(04)23288582,2025,10,18,17,25,臺中市,大雅區,0,0,0,7,,,40,,,,,,,,,,,,,,,,,,,C03,,,1,,2,,,7,7,1,13,4,120.664412,24.218354,4
7018,66000,387130000C,(04)23274275,(04)23288582,2025,10,18,17,26,臺中市,大雅區,0,0,0,7,,,50,,,,,,,,,,,,,,,,,,,B03,,,1,,2,,,59,59,1,12,4,120.654613,24.20969,3
7019,66000,387130000C,(04)23274275,(04)23288582,2025,10,18,17,28,臺中市,龍井區,0,0,0,7,,,30,,,,,,,,,,,,,,,,,,,B03,,,1,,1,,,43,43,1,12,4,120.541339,24.19943,3
7020,66000,387130000C,(04)23274275,(04)23288582,2025,10,18,17,30,臺中市,沙鹿區,0,1,0,7,1,6,40,13,8,1,5,4,6,6,4,4,1,4,4,2,16,3,10,3,1,B03,7,1,1,8,2,8,,51,51,1,12,4,120.560274,24.239594,2
7021,66000,387130000C,(04)23274275,(04)23288582,2025,10,18,17,32,臺中市,西屯區,0,0,0,7,,,40,,,,,,,,,,,,,,14,,,,,B03,,,1,,1,,,49,49,1,12,4,120.65033,24.164722,3
7022,66000,387130000C,(04)23274275,(04)23288582,2025,10,18,17,33,臺中市,北屯區,0,0,0,7,,,50,,,,,,,,,,,,,,13,,,,,C04,,,1,,1,,,7,7,1,12,4,120.66775,24.17963,3
7023,66000,387130000C,(04)23274275,(04)23288582,2025,10,18,17,34,臺中市,大雅區,0,1,0,7,3,6,50,13,7,1,5,4,6,6,4,4,5,5,4,1,17,3,10,3,1,B03,7,11,1,8,2,4,,45,45,1,12,4,120.632271,24.212377,2
7024,66000,387130000C,(04)23274275,(04)23288582,2025,10,18,17,39,臺中市,北屯區,0,0,0,7,,,50,,,,,,,,,,,,,,12,,,,,B03,,,1,,1,,,59,59,1,6,4,120.679494,24.170588,3
7025,66000,387130000C,(04)23274275,(04)23288582,2025,10,18,17,40,臺中市,西屯區,0,0,0,7,,,50,,,,,,,,,,,,,,16,,,,,B03,,,1,,2,,,11,11,1,12,4,120.666298,24.169792,3
7026,66000,387130000C,(04)23274275,(04)23288582,2025,10,18,17,41,臺中市,龍井區,0,0,0,7,,,50,,,,,,,,,,,,,,,,,,,B02,,,1,,1,,,84,84,1,12,4,120.534706,24.193839,3
7027,66000,387130000C,(04)23274275,(04)23288582,2025,10,18,17,42,臺中市,霧峰區,0,0,0,7,,,30,,,,,,,,,,,,,,11,,,,,B12,,,1,,2,,,84,84,1,12,4,120.66482,24.064485,3
7028,66000,387130000C,(04)23274275,(04)23288582,2025,10,18,17,42,臺中市,沙鹿區,0,1,0,7,3,6,50,13,9,1,5,4,6,6,4,4,5,4,5,1,18,,,,,,,,,,,,,119,119,1,,,120.561848,24.242398,2
7029,66000,387130000C,(04)23274275,(04)23288582,2025,10,18,17,48,臺中市,南屯區,0,0,0,6,,,50,,,,,,,,,,,,,,,,,,,B03,,,1,,1,,,7,7,1,6,4,120.646473,24.129528,3
7030,66000,387130000C,(04)23274275,(04)23288582,2025,10,18,17,50,臺中市,大里區,0,1,0,7,1,6,50,3,1,1,5,4,6,6,4,4,10,5,5,2,16,2,9,1,1,C03,7,9,1,10,2,14,,84,84,1,5,4,120.695763,24.111216,2
7031,66000,387130000C,(04)23274275,(04)23288582,2025,10,18,17,56,臺中市,大里區,0,1,0,7,2,6,50,4,2,1,5,4,6,6,1,1,5,5,5,2,12,2,9,2,1,C03,7,9,1,10,2,11,,21,21,1,13,4,120.709058,24.08233,2
7032,66000,387130000C,(04)23274275,(04)23288582,2025,10,18,18,0,臺中市,太平區,0,0,0,7,,,50,,,,,,,,,,,,,,12,,,,,B03,,,1,,1,,,40,40,1,7,4,120.723182,24.148861,3
7033,66000,387130000C,(04)23274275,(04)23288582,2025,10,18,18,0,臺中市,龍井區,0,0,0,7,,,60,,,,,,,,,,,,,,,,,,,B03,,,1,,1,,,40,40,1,12,4,120.57985,24.192852,3
7034,66000,387130000C,(04)23274275,(04)23288582,2025,10,18,18,1,臺中市,沙鹿區,0,1,0,7,2,6,50,4,1,1,5,4,6,6,1,1,5,4,4,2,18,2,9,1,1,C03,7,6,1,10,2,12,,85,85,1,13,2,120.580544,24.209606,2
7035,66000,387130000C,(04)23274275,(04)23288582,2025,10,18,18,3,臺中市,西屯區,0,2,0,7,1,6,40,4,1,1,5,4,6,6,1,1,1,4,5,2,16,2,8,2,1,C03,7,9,1,10,2,14,,7,7,1,12,4,120.63674,24.171185,2
7036,66000,387130000C,(04)23274275,(04)23288582,2025,10,18,18,4,臺中市,南屯區,0,0,0,7,,,50,,,,,,,,,,,,,,,,,,,B03,,,1,,1,,,40,40,1,13,4,120.622258,24.150337,3
7037,66000,387130000C,(04)23274275,(04)23288582,2025,10,18,18,5,臺中市,北區,0,1,0,7,1,6,40,13,8,1,5,4,6,6,4,4,1,4,4,2,13,2,9,1,1,C03,7,9,1,10,2,11,,59,59,1,12,2,120.694445,24.156285,2
7038,66000,387130000C,(04)23274275,(04)23288582,2025,10,18,18,10,臺中市,大里區,0,0,0,7,,,60,,,,,,,,,,,,,,12,,,,,C03,,,1,,2,,,42,42,1,12,4,120.689031,24.078142,3
7039,66000,387130000C,(04)23274275,(04)23288582,2025,10,18,18,10,臺中市,豐原區,0,0,0,7,,,50,,,,,,,,,,,,,,18,,,,,B02,,,1,,2,,,84,84,1,6,4,120.700854,24.245528,3
7040,66000,387130000C,(04)23274275,(04)23288582,2025,10,18,18,11,臺中市,西區,0,1,0,7,1,6,40,4,2,1,5,4,6,6,4,4,1,4,1,2,16,3,10,3,1,B03,7,5,1,8,2,5,,85,85,1,12,4,120.659145,24.157051,2
7041,66000,387130000C,(04)23274275,(04)23288582,2025,10,18,18,12,臺中市,潭子區,0,1,0,7,1,6,50,3,1,1,5,4,6,6,3,1,10,5,5,1,16,3,10,3,1,B03,7,5,1,8,2,2,,20,20,1,12,4,120.695506,24.194059,2
7042,66000,387130000C,(04)23274275,(04)23288582,2025,10,18,18,13,臺中市,南區,0,0,0,7,,,50,,,,,,,,,,,,,,,,,,,B03,,,2,,2,,,84,84,1,12,4,120.67359,24.126363,3
7043,66000,387130000C,(04)23274275,(04)23288582,2025,10,18,18,15,臺中市,南屯區,0,0,0,7,,,50,,,,,,,,,,,,,,,,,,,B03,,,1,,1,,,59,59,1,12,4,120.640839,24.141282,3
7044,66000,387130000C,(04)23274275,(04)23288582,2025,10,18,18,22,臺中市,西屯區,0,1,0,7,1,6,30,11,9,1,5,4,6,6,4,4,10,5,5,2,11,3,10,3,1,B03,7,6,1,8,2,4,,41,41,1,12,4,120.641624,24.194365,2
7045,66000,387130000C,(04)23274275,(04)23288582,2025,10,18,18,22,臺中市,西屯區,0,0,0,7,,,40,,,,,,,,,,,,,,13,,,,,B03,,,1,,1,,,7,7,1,12,4,120.641053,24.167045,3
7046,66000,387130000C,(04)23274275,(04)23288582,2025,10,18,18,26,臺中市,清水區,0,0,0,7,,,50,,,,,,,,,,,,,,,,,,,B03,,,1,,2,,,7,7,1,12,4,120.540419,24.269201,3
7047,66000,387130000C,(04)23274275,(04)23288582,2025,10,18,18,28,臺中市,清水區,0,1,0,7,1,6,50,13,9,1,5,4,6,6,4,4,5,5,5,2,17,3,10,3,1,B03,7,9,1,8,11,16,,85,85,1,12,4,120.585171,24.269407,2
7048,66000,387130000C,(04)23274275,(04)23288582,2025,10,18,18,29,臺中市,南屯區,0,0,0,7,,,50,,,,,,,,,,,,,,16,,,,,C03,,,1,,2,,,48,48,1,12,4,120.649974,24.136715,3
7049,66000,387130000C,(04)23274275,(04)23288582,2025,10,18,18,30,臺中市,東區,0,0,0,7,,,50,,,,,,,,,,,,,,,,,,,C03,,,1,,2,,,7,7,1,6,4,120.69096,24.140038,3
7050,66000,387130000C,(04)23274275,(04)23288582,2025,10,18,18,30,臺中市,沙鹿區,0,1,0,6,1,6,50,13,7,1,5,4,6,6,4,4,5,4,4,2,12,2,7,1,1,F01,7,9,7,21,2,12,,8,8,1,12,4,120.562114,24.217119,2
7051,66000,387130000C,(04)23274275,(04)23288582,2025,10,18,18,34,臺中市,豐原區,0,1,0,7,1,6,50,13,9,1,5,4,6,6,1,1,5,5,5,1,13,3,10,1,1,C01,7,9,1,9,2,11,,7,7,1,12,4,120.720217,24.264003,2
7052,66000,387130000C,(04)23274275,(04)23288582,2025,10,18,18,35,臺中市,東區,0,0,0,7,,,50,,,,,,,,,,,,,,13,,,,,B03,,,1,,1,,,7,7,1,12,4,120.699614,24.139,3
7053,66000,387130000C,(04)23274275,(04)23288582,2025,10,18,18,35,臺中市,北屯區,0,0,0,7,,,50,,,,,,,,,,,,,,,,,,,B03,,,1,,1,,,8,8,1,13,4,120.694165,24.1649,3