序號,縣市別代碼,機關代碼,市話,傳真,年,月,日,時,分,縣市,區,死亡數量,受傷數量,2-30,天候,道路照明設備,道路類別,道路速限,道路型態,事故位置,路面鋪裝,路面狀態,路面缺陷,障礙物,視距,號誌種類,號誌動作,分向設施,快車道或一般車道間,快慢車道間,路面邊線,事故類型及型態,受傷程度,主要傷處,保護裝備,行動電話或功能裝置,當事者區分(類別),車輛用途,當事者行動狀態,駕照狀態,駕照種類,飲酒情形,車輛撞擊部位最初,車輛撞擊部位其他,肇事因素個別,肇事因素主要,肇事逃逸,職業,共享經濟或外送平台,GPS座標X,GPS座標Y,事故類別
7054,66000,387130000C,(04)23274275,(04)23288582,2025,10,18,18,37,臺中市,東勢區,0,0,0,7,,,50,,,,,,,,,,,,,,11,,,,,B12,,,,,,,,34,34,1,,,120.842804,24.168465,3
7055,66000,387130000C,(04)23274275,(04)23288582,2025,10,18,18,38,臺中市,大里區,0,0,0,7,1,6,0,13,21,4,5,4,6,6,4,4,1,4,5,1,30,,,,,B03,,,1,,1,,,50,50,1,13,4,120.67917,24.116185,3
7056,66000,387130000C,(04)23274275,(04)23288582,2025,10,18,18,41,臺中市,西屯區,0,1,0,7,1,6,30,13,9,1,5,4,6,6,4,4,10,5,5,2,17,3,10,5,4,B12,7,9,3,19,2,16,,8,8,1,12,4,120.644777,24.179957,2
7057,66000,387130000C,(04)23274275,(04)23288582,2025,10,18,18,42,臺中市,北屯區,0,0,0,7,,,50,,,,,,,,,,,,,,,,,,,B03,,,1,,1,,,84,84,1,13,4,120.705912,24.165103,3
7058,66000,387130000C,(04)23274275,(04)23288582,2025,10,18,18,42,臺中市,清水區,0,0,0,7,,,50,,,,,,,,,,,,,,,,,,,B03,,,1,,2,,,8,8,1,12,4,120.567544,24.277672,3
7059,66000,387130000C,(04)23274275,(04)23288582,2025,10,18,18,43,臺中市,梧棲區,0,0,0,7,1,6,50,4,2,1,5,4,6,6,1,1,10,5,5,2,13,3,10,3,1,B03,7,9,1,8,8,8,,59,59,1,6,4,120.530663,24.259189,3
7060,66000,387130000C,(04)23274275,(04)23288582,2025,10,18,18,46,臺中市,潭子區,0,0,0,7,,,50,,,,,,,,,,,,,,,,,,,B03,,,3,,2,,,7,7,1,13,4,120.724105,24.221732,3
7061,66000,387130000C,(04)23274275,(04)23288582,2025,10,18,18,46,臺中市,西屯區,0,0,0,7,,,70,,,,,,,,,,,,,,14,,,,,B03,,,1,,1,,,49,49,1,12,4,120.622021,24.18011,3
7062,66000,387130000C,(04)23274275,(04)23288582,2025,10,18,18,49,臺中市,西區,0,1,0,7,1,6,50,3,1,1,5,4,6,6,2,1,1,4,4,1,12,3,10,3,1,B03,7,5,1,8,2,2,,47,47,1,13,4,120.658502,24.155427,2
7063,66000,387130000C,(04)23274275,(04)23288582,2025,10,18,18,52,臺中市,西區,0,0,0,7,,,50,,,,,,,,,,,,,,17,,,,,B03,,,1,,1,,,51,51,1,12,4,120.653228,24.151251,3
7064,66000,387130000C,(04)23274275,(04)23288582,2025,10,18,18,55,臺中市,太平區,0,1,0,7,1,6,50,3,2,1,5,4,6,6,2,1,1,4,5,2,16,2,8,2,1,C03,7,9,1,10,2,14,,7,7,1,12,4,120.722879,24.149783,2
7065,66000,387130000C,(04)23274275,(04)23288582,2025,10,18,19,2,臺中市,大里區,0,0,0,7,,,50,,,,,,,,,,,,,,,,,,,C03,,,1,,2,,,50,50,1,13,4,120.702973,24.08816,3
7066,66000,387130000C,(04)23274275,(04)23288582,2025,10,18,19,2,臺中市,烏日區,0,0,0,7,,,50,,,,,,,,,,,,,,,,,,,B03,,,1,,2,,,51,51,1,13,4,120.642561,24.109314,3
7067,66000,387130000C,(04)23274275,(04)23288582,2025,10,18,19,3,臺中市,潭子區,0,0,0,7,,,40,,,,,,,,,,,,,,,,,,,C03,,,1,,2,,,11,11,1,13,4,120.707263,24.21121,3
7068,66000,387130000C,(04)23274275,(04)23288582,2025,10,18,19,7,臺中市,西屯區,0,0,0,7,,,60,,,,,,,,,,,,,,13,,,,,B03,,,1,,1,,,7,7,1,12,4,120.656418,24.15896,3
7069,66000,387130000C,(04)23274275,(04)23288582,2025,10,18,19,7,臺中市,西屯區,0,1,0,7,1,6,50,4,1,1,5,4,6,6,1,1,1,4,5,2,16,3,10,3,1,B03,7,5,1,8,2,2,,20,20,1,12,4,120.655633,24.199961,2
7070,66000,387130000C,(04)23274275,(04)23288582,2025,10,18,19,14,臺中市,潭子區,0,1,0,7,1,6,50,5,9,1,5,4,6,6,3,1,10,5,5,2,3,3,10,6,5,H01,8,16,7,21,10,17,,109,109,1,12,5,120.706203,24.215289,2
7071,66000,387130000C,(04)23274275,(04)23288582,2025,10,18,19,16,臺中市,烏日區,0,0,0,7,,,50,,,,,,,,,,,,,,,,,,,A05,,,1,,1,,,7,7,1,12,4,120.618287,24.102693,3
7072,66000,387130000C,(04)23274275,(04)23288582,2025,10,18,19,18,臺中市,豐原區,0,0,0,7,,,50,,,,,,,,,,,,,,17,,,,,B03,,,1,,2,,,51,51,1,13,4,120.730975,24.2425,3
7073,66000,387130000C,(04)23274275,(04)23288582,2025,10,18,19,19,臺中市,清水區,0,1,0,7,1,6,50,4,1,1,5,4,6,6,2,1,1,3,4,2,28,2,9,1,1,C03,7,9,1,10,2,11,,59,59,1,12,4,120.573574,24.264264,2
7074,66000,387130000C,(04)23274275,(04)23288582,2025,10,18,19,20,臺中市,南屯區,0,0,0,7,,,50,,,,,,,,,,,,,,,,,,,B03,,,1,,1,,,59,59,1,6,4,120.633385,24.151082,3
7075,66000,387130000C,(04)23274275,(04)23288582,2025,10,18,19,23,臺中市,南區,0,0,0,7,,,50,,,,,,,,,,,,,,14,,,,,B03,,,1,,1,,,49,49,1,12,4,120.677709,24.125668,3
7076,66000,387130000C,(04)23274275,(04)23288582,2025,10,18,19,31,臺中市,大里區,0,0,0,7,,,50,,,,,,,,,,,,,,13,,,,,C03,,,1,,2,,,7,7,1,12,4,120.699272,24.089355,3
7077,66000,387130000C,(04)23274275,(04)23288582,2025,10,18,19,33,臺中市,太平區,0,1,0,7,1,6,50,3,2,1,5,4,6,6,4,4,5,5,5,1,16,3,10,1,1,C03,7,6,5,8,2,12,,11,11,1,12,4,120.725966,24.134768,2
7078,66000,387130000C,(04)23274275,(04)23288582,2025,10,18,19,35,臺中市,中區,0,0,0,7,,,50,,,,,,,,,,,,,,,,,,,B03,,,1,,1,,,8,8,1,12,4,120.683184,24.141249,3
7079,66000,387130000C,(04)23274275,(04)23288582,2025,10,18,19,42,臺中市,西區,0,0,0,7,,,50,,,,,,,,,,,,,,12,,,,,B03,,,1,,1,,,8,8,1,13,4,120.659762,24.157468,4
7080,66000,387130000C,(04)23274275,(04)23288582,2025,10,18,19,50,臺中市,南區,0,0,0,7,,,50,,,,,,,,,,,,,,12,,,,,C03,,,1,,1,,,84,84,1,13,4,120.660199,24.122048,3
7081,66000,387130000C,(04)23274275,(04)23288582,2025,10,18,19,54,臺中市,潭子區,0,0,0,7,,,50,,,,,,,,,,,,,,,,,,,B03,,,1,,11,,,51,51,1,13,4,120.710296,24.210257,3
7082,66000,387130000C,(04)23274275,(04)23288582,2025,10,18,19,58,臺中市,大雅區,0,1,0,7,1,6,50,4,2,1,5,4,6,6,1,1,1,4,5,1,17,3,10,3,1,A12,7,9,1,3,2,8,,7,7,1,12,4,120.613645,24.229805,2
7083,66000,387130000C,(04)23274275,(04)23288582,2025,10,18,19,58,臺中市,西區,0,0,0,7,,,30,,,,,,,,,,,,,,17,,,,,B03,,,1,,1,,,84,84,1,12,4,120.658198,24.139623,3
7084,66000,387130000C,(04)23274275,(04)23288582,2025,10,18,19,58,臺中市,北區,0,0,0,7,,,50,,,,,,,,,,,,,,,,,,,C03,,,1,,1,,,7,7,1,13,4,120.683056,24.15332,3
7085,66000,387130000C,(04)23274275,(04)23288582,2025,10,18,19,58,臺中市,西屯區,0,0,0,7,,,40,,,,,,,,,,,,,,13,,,,,C03,,,1,,1,,,7,7,1,12,4,120.638898,24.15938,3
7086,66000,387130000C,(04)23274275,(04)23288582,2025,10,18,19,59,臺中市,烏日區,0,2,0,7,1,6,50,3,19,1,5,4,6,6,4,4,10,5,5,2,3,2,7,5,4,C03,7,9,1,10,2,11,,84,84,1,6,4,120.639779,24.105036,2
7087,66000,387130000C,(04)23274275,(04)23288582,2025,10,18,20,3,臺中市,東勢區,0,0,0,7,,,60,,,,,,,,,,,,,,13,,,,,B03,,,1,,2,,,7,7,1,13,4,120.826502,24.252819,3
7088,66000,387130000C,(04)23274275,(04)23288582,2025,10,18,20,15,臺中市,沙鹿區,0,0,0,6,,,50,,,,,,,,,,,,,,14,,,,,B02,,,1,,2,,,49,49,1,12,4,120.563332,24.249698,3
7089,66000,387130000C,(04)23274275,(04)23288582,2025,10,18,20,20,臺中市,北區,0,0,0,7,,,50,,,,,,,,,,,,,,,,,,,B03,,,1,,1,,,84,84,1,12,4,120.668171,24.159214,4
7090,66000,387130000C,(04)23274275,(04)23288582,2025,10,18,20,24,臺中市,清水區,0,1,0,7,3,6,50,4,1,1,5,4,6,6,4,4,9,4,5,1,15,2,9,1,1,C03,7,9,1,10,2,11,,20,20,1,12,4,120.566317,24.27622,2
7091,66000,387130000C,(04)23274275,(04)23288582,2025,10,18,20,33,臺中市,西屯區,0,0,0,7,,,50,,,,,,,,,,,,,,12,,,,,C03,,,1,,2,,,7,7,1,12,4,120.659801,24.171094,3
7092,66000,387130000C,(04)23274275,(04)23288582,2025,10,18,20,34,臺中市,北屯區,0,0,0,7,,,50,,,,,,,,,,,,,,13,,,,,B03,,,1,,2,,,7,7,1,6,4,120.661215,24.190697,3
7093,66000,387130000C,(04)23274275,(04)23288582,2025,10,18,20,42,臺中市,太平區,0,2,0,7,1,6,40,13,7,1,5,4,6,6,4,4,9,5,4,1,16,2,8,2,1,C03,7,11,1,10,2,14,,45,45,1,12,4,120.716391,24.150714,2
7094,66000,387130000C,(04)23274275,(04)23288582,2025,10,18,20,44,臺中市,霧峰區,0,2,0,7,1,6,60,3,8,1,5,4,6,6,1,1,3,4,4,1,13,2,9,2,1,C03,7,9,1,10,2,11,,7,7,1,13,4,120.696947,24.028895,2
7095,66000,387130000C,(04)23274275,(04)23288582,2025,10,18,20,45,臺中市,大雅區,0,0,0,7,,,50,,,,,,,,,,,,,,,,,,,C03,,,1,,2,,,7,7,1,13,4,120.653382,24.218355,3
7096,66000,387130000C,(04)23274275,(04)23288582,2025,10,18,20,45,臺中市,北區,0,0,0,7,,,50,,,,,,,,,,,,,,17,,,,,B03,,,7,,10,,,87,87,1,13,4,120.670634,24.158073,3
7097,66000,387130000C,(04)23274275,(04)23288582,2025,10,18,20,51,臺中市,太平區,0,0,0,7,,,30,,,,,,,,,,,,,,,,,,,B03,,,1,,2,,,49,49,1,12,4,120.734317,24.147793,3
7098,66000,387130000C,(04)23274275,(04)23288582,2025,10,18,20,58,臺中市,大雅區,0,0,0,7,,,60,,,,,,,,,,,,,,,,,,,B03,,,1,,1,,,7,7,1,12,4,120.651048,24.209064,3
7099,66000,387130000C,(04)23274275,(04)23288582,2025,10,18,21,0,臺中市,南區,0,0,0,7,,,50,,,,,,,,,,,,,,,,,,,B03,,,1,,2,,,45,45,1,13,4,120.666862,24.119515,3
7100,66000,387130000C,(04)23274275,(04)23288582,2025,10,18,21,0,臺中市,北屯區,0,0,0,7,,,40,,,,,,,,,,,,,,,,,,,B03,,,1,,2,,,49,49,1,6,4,120.725096,24.166863,3
7101,66000,387130000C,(04)23274275,(04)23288582,2025,10,18,21,2,臺中市,南區,0,3,0,7,1,6,50,4,1,1,5,4,6,6,1,1,10,5,5,2,9,3,10,5,4,B03,7,5,1,8,2,1,,10,10,1,12,4,120.656414,24.126979,2
7102,66000,387130000C,(04)23274275,(04)23288582,2025,10,18,21,2,臺中市,后里區,0,0,0,7,1,6,50,11,7,1,5,,6,6,4,4,3,2,4,1,12,,,,,B03,,,4,,1,,,8,8,1,6,4,120.724186,24.325912,3
7103,66000,387130000C,(04)23274275,(04)23288582,2025,10,18,21,16,臺中市,豐原區,0,1,0,7,1,6,50,13,7,1,5,4,6,6,4,4,9,5,4,2,13,4,11,1,1,C03,7,9,1,10,2,11,,7,7,1,12,4,120.714426,24.250173,2
7104,66000,387130000C,(04)23274275,(04)23288582,2025,10,18,21,20,臺中市,北屯區,0,0,0,7,,,50,,,,,,,,,,,,,,14,,,,,B03,,,1,,2,,,49,49,1,12,4,120.686271,24.191851,3
7105,66000,387130000C,(04)23274275,(04)23288582,2025,10,18,21,23,臺中市,北屯區,0,0,0,7,,,50,,,,,,,,,,,,,,16,,,,,B03,,,1,,1,,,40,40,1,6,4,120.694789,24.185397,3
7106,66000,387130000C,(04)23274275,(04)23288582,2025,10,18,21,25,臺中市,南區,0,0,0,7,,,50,,,,,,,,,,,,,,35,,,,,,,,,,,,,119,119,1,,,120.661476,24.121735,3
7107,66000,387130000C,(04)23274275,(04)23288582,2025,10,18,21,34,臺中市,北區,0,1,0,7,1,6,50,4,1,1,5,4,6,6,1,1,1,4,5,2,16,3,10,3,1,B01,7,6,1,4,2,5,,11,11,1,12,4,120.692395,24.161393,2
7108,66000,387130000C,(04)23274275,(04)23288582,2025,10,18,21,34,臺中市,北屯區,0,1,0,7,1,6,50,5,1,1,5,4,6,6,1,1,10,5,5,2,18,2,9,1,1,C03,7,9,1,10,2,14,,59,59,1,6,4,120.686134,24.188386,2
7109,66000,387130000C,(04)23274275,(04)23288582,2025,10,18,21,34,臺中市,大里區,0,0,0,7,,,40,,,,,,,,,,,,,,17,,,,,B03,,,1,,1,,,84,84,1,12,4,120.700116,24.107468,3
7110,66000,387130000C,(04)23274275,(04)23288582,2025,10,18,21,35,臺中市,北屯區,0,0,0,7,,,60,,,,,,,,,,,,,,13,,,,,C03,,,1,,2,,,7,7,1,6,4,120.723091,24.162035,3
7111,66000,387130000C,(04)23274275,(04)23288582,2025,10,18,21,40,臺中市,豐原區,0,0,0,7,,,50,,,,,,,,,,,,,,18,,,,,,,,,,,,,119,119,1,6,,120.721697,24.274828,3
7112,66000,387130000C,(04)23274275,(04)23288582,2025,10,18,21,45,臺中市,北區,0,0,0,7,,,50,,,,,,,,,,,,,,,,,,,B03,,,1,,1,,,7,7,1,13,4,120.687741,24.154435,3
7113,66000,387130000C,(04)23274275,(04)23288582,2025,10,18,21,46,臺中市,北屯區,0,0,0,7,,,50,,,,,,,,,,,,,,,,,,,B03,,,1,,1,,,20,20,1,6,4,120.690477,24.173859,3
7114,66000,387130000C,(04)23274275,(04)23288582,2025,10,18,21,48,臺中市,南區,0,2,0,7,1,6,40,4,1,1,5,4,6,6,1,1,10,5,5,2,13,2,9,5,4,C03,7,9,1,10,2,11,,84,84,1,12,4,120.677918,24.129093,2
7115,66000,387130000C,(04)23274275,(04)23288582,2025,10,18,21,48,臺中市,西屯區,0,1,0,7,1,6,50,4,8,1,5,4,6,6,1,1,9,4,4,2,13,2,9,2,1,C03,7,9,1,10,2,11,,7,7,1,12,4,120.662324,24.165438,2
7116,66000,387130000C,(04)23274275,(04)23288582,2025,10,18,21,50,臺中市,南屯區,0,0,0,6,,,50,,,,,,,,,,,,,,,,,,,B03,,,1,,1,,,49,49,1,12,4,120.643921,24.13821,3
7117,66000,387130000C,(04)23274275,(04)23288582,2025,10,18,21,53,臺中市,北區,0,0,0,7,,,50,,,,,,,,,,,,,,,,,,,B03,,,1,,2,,,84,84,1,12,4,120.698888,24.155282,3
7118,66000,387130000C,(04)23274275,(04)23288582,2025,10,18,21,57,臺中市,北屯區,0,0,0,7,,,50,,,,,,,,,,,,,,12,,,,,B03,,,1,,9,,,2,2,1,12,4,120.720156,24.162863,3
7119,66000,387130000C,(04)23274275,(04)23288582,2025,10,18,22,0,臺中市,北屯區,0,1,0,7,1,6,30,13,9,1,5,4,6,6,4,4,10,5,5,2,17,2,9,1,1,C03,7,9,1,10,2,11,12,84,84,1,6,4,120.663546,24.188001,2
7120,66000,387130000C,(04)23274275,(04)23288582,2025,10,18,22,7,臺中市,北區,0,0,0,7,,,30,,,,,,,,,,,,,,14,,,,,B03,,,1,,1,,,49,49,1,13,4,120.679629,24.157645,3
7121,66000,387130000C,(04)23274275,(04)23288582,2025,10,18,22,17,臺中市,北屯區,0,1,0,7,1,6,50,13,9,1,5,4,6,6,4,4,1,4,5,1,12,2,9,1,1,C03,7,9,1,10,2,12,,84,84,1,6,4,120.683512,24.172112,2
7122,66000,387130000C,(04)23274275,(04)23288582,2025,10,18,22,23,臺中市,沙鹿區,0,0,0,7,,,50,,,,,,,,,,,,,,,,,,,B03,,,1,,2,,,84,84,1,12,4,120.57547,24.22627,3
7123,66000,387130000C,(04)23274275,(04)23288582,2025,10,18,22,40,臺中市,神岡區,0,1,0,7,1,6,50,11,9,1,5,4,6,6,4,4,5,5,5,1,19,2,9,1,1,C03,7,9,3,19,8,12,11,53,53,1,12,4,120.654459,24.270227,2
7124,66000,387130000C,(04)23274275,(04)23288582,2025,10,18,22,42,臺中市,大雅區,0,0,0,7,,,30,,,,,,,,,,,,,,,,,,,B03,,,1,,2,,,84,84,1,12,4,120.654028,24.245509,3
7125,66000,387130000C,(04)23274275,(04)23288582,2025,10,18,22,55,臺中市,中區,0,0,0,6,,,50,,,,,,,,,,,,,,,,,,,B03,,,1,,1,,,40,40,1,13,4,120.682581,24.140286,3
7126,66000,387130000C,(04)23274275,(04)23288582,2025,10,18,22,56,臺中市,西屯區,0,1,0,7,1,6,50,13,9,1,5,4,6,6,2,1,1,4,5,2,14,3,10,3,1,B03,7,2,1,8,2,3,,82,82,1,12,4,120.640762,24.1673,2
7127,66000,387130000C,(04)23274275,(04)23288582,2025,10,18,22,59,臺中市,北屯區,0,1,0,7,1,6,50,4,2,1,5,4,6,6,2,1,5,4,4,2,13,2,9,3,1,B03,7,15,1,8,2,1,,84,84,1,6,4,120.692835,24.168127,2
7128,66000,387130000C,(04)23274275,(04)23288582,2025,10,18,23,5,臺中市,烏日區,0,0,0,7,1,6,50,13,7,1,5,4,1,6,4,4,1,4,4,2,24,3,10,3,1,B01,7,9,1,8,2,8,,84,84,1,6,4,120.634346,24.110996,3
7129,66000,387130000C,(04)23274275,(04)23288582,2025,10,18,23,8,臺中市,霧峰區,0,2,0,6,1,6,50,13,7,1,5,4,6,6,1,1,3,4,5,1,17,2,9,1,1,C03,7,9,1,10,2,11,,7,7,1,13,4,120.698813,24.078434,2
7130,66000,387130000C,(04)23274275,(04)23288582,2025,10,18,23,14,臺中市,烏日區,0,1,0,7,1,6,60,4,1,1,5,4,6,6,1,1,1,4,4,2,12,3,10,3,1,B01,7,15,1,4,2,5,,65,65,1,6,4,120.614085,24.106776,2
7131,66000,387130000C,(04)23274275,(04)23288582,2025,10,18,23,28,臺中市,大里區,0,1,0,6,1,6,50,4,1,1,5,4,6,6,1,1,10,5,5,1,17,3,10,3,1,B03,7,6,3,19,2,5,,48,48,1,13,4,120.696017,24.096523,2
7132,66000,387130000C,(04)23274275,(04)23288582,2025,10,18,23,37,臺中市,北屯區,0,1,0,7,1,6,50,4,1,1,5,4,6,6,1,1,10,5,5,2,16,3,10,1,1,C03,7,6,1,10,2,12,,11,11,1,5,4,120.677523,24.186474,2
7133,66000,387130000C,(04)23274275,(04)23288582,2025,10,18,23,57,臺中市,西屯區,0,1,0,7,1,6,50,3,2,1,5,4,6,6,4,4,10,5,5,2,13,2,9,1,1,C04,7,9,1,10,2,11,14,7,7,1,12,1,120.653565,24.167142,2
7134,66000,387130000C,(04)23274275,(04)23288582,2025,10,19,0,10,臺中市,北屯區,0,2,0,7,1,6,50,3,2,1,5,4,6,6,2,1,1,4,5,2,13,2,9,4,4,B03,7,9,1,8,2,1,,84,84,1,6,4,120.668598,24.200767,2
7135,66000,387130000C,(04)23274275,(04)23288582,2025,10,19,0,23,臺中市,后里區,0,0,0,7,1,6,50,13,2,1,5,4,6,6,1,1,,4,4,1,13,,,,,B03,,,1,,2,,,59,59,1,6,4,120.717104,24.309859,3
7136,66000,387130000C,(04)23274275,(04)23288582,2025,10,19,0,32,臺中市,大里區,0,1,0,6,1,6,40,13,9,1,5,4,6,6,4,4,10,5,5,1,18,2,9,1,1,C03,7,9,1,10,2,12,,84,84,1,13,4,120.694533,24.091198,2
7137,66000,387130000C,(04)23274275,(04)23288582,2025,10,19,1,10,臺中市,沙鹿區,0,1,0,6,1,6,40,3,8,1,5,4,6,6,4,4,1,4,4,1,12,3,10,1,1,C03,7,7,1,10,2,12,13,40,40,1,12,4,120.574834,24.228484,2
7138,66000,387130000C,(04)23274275,(04)23288582,2025,10,19,1,38,臺中市,沙鹿區,0,1,0,7,1,6,50,3,4,1,5,4,6,6,2,1,10,5,5,2,13,3,10,5,4,B03,7,9,1,8,2,5,,59,59,1,12,4,120.55739,24.224356,2
7139,66000,387130000C,(04)23274275,(04)23288582,2025,10,19,2,50,臺中市,大甲區,0,0,0,7,,,40,,,,,,,,,,,,,,,,,,,B03,,,1,,2,,,84,84,1,12,4,120.632888,24.353827,3
7140,66000,387130000C,(04)23274275,(04)23288582,2025,10,19,3,41,臺中市,大肚區,0,1,0,7,1,6,50,13,9,1,5,4,6,6,4,4,5,5,5,1,17,2,9,1,1,C03,7,9,1,10,2,11,,55,55,1,6,4,120.539653,24.158382,2
7141,66000,387130000C,(04)23274275,(04)23288582,2025,10,19,3,50,臺中市,北區,0,1,0,7,1,6,50,13,9,1,5,4,6,6,4,4,8,3,5,2,12,3,10,3,1,B03,7,1,1,8,2,4,,51,51,1,13,4,120.676886,24.156426,2
7142,66000,387130000C,(04)23274275,(04)23288582,2025,10,19,3,58,臺中市,南屯區,0,0,0,7,,,40,,,,,,,,,,,,,,23,,,,,B03,,,1,,2,,,59,59,1,12,4,120.583924,24.168022,3
7143,66000,387130000C,(04)23274275,(04)23288582,2025,10,19,4,0,臺中市,東區,0,1,0,7,1,6,50,13,7,1,5,4,6,6,2,1,5,5,4,2,13,3,10,3,1,B03,7,9,1,8,2,6,,84,84,1,12,4,120.695061,24.136935,2
7144,66000,387130000C,(04)23274275,(04)23288582,2025,10,19,4,13,臺中市,北屯區,0,1,0,7,1,6,50,13,24,1,5,4,6,6,4,4,5,5,4,2,19,2,9,1,1,C03,7,15,1,10,2,11,,43,43,1,6,4,120.706414,24.168443,2
7145,66000,387130000C,(04)23274275,(04)23288582,2025,10,19,5,44,臺中市,潭子區,0,2,0,6,1,6,60,3,1,1,5,4,6,6,1,1,1,4,4,1,13,2,1,1,1,F01,7,9,7,21,2,11,,84,84,1,13,4,120.689879,24.222985,2
7146,66000,387130000C,(04)23274275,(04)23288582,2025,10,19,6,4,臺中市,后里區,0,0,0,7,2,6,50,13,9,1,5,4,6,6,4,4,9,4,5,1,12,,,,,B12,,,1,,2,,,59,59,1,6,4,120.694861,24.317721,3
7147,66000,387130000C,(04)23274275,(04)23288582,2025,10,19,6,29,臺中市,西屯區,0,0,0,7,,,50,,,,,,,,,,,,,,15,,,,,B03,,,1,,2,,,12,12,1,12,4,120.647493,24.171241,3
7148,66000,387130000C,(04)23274275,(04)23288582,2025,10,19,6,34,臺中市,西屯區,0,1,0,7,2,6,40,4,2,1,5,4,6,6,2,1,5,5,4,2,12,2,9,1,1,C03,7,9,1,10,2,12,14,84,84,1,12,4,120.661751,24.165043,2
7149,66000,387130000C,(04)23274275,(04)23288582,2025,10,19,6,50,臺中市,南屯區,0,2,0,7,2,6,50,13,9,1,5,4,6,6,4,4,5,4,4,2,17,2,9,2,1,C03,7,1,1,10,2,14,,51,51,1,12,4,120.643921,24.13821,2
7150,66000,387130000C,(04)23274275,(04)23288582,2025,10,19,7,2,臺中市,北區,0,1,0,7,2,6,50,4,1,1,5,4,6,6,4,4,10,5,5,2,17,3,10,3,1,B03,7,6,1,8,2,4,,14,14,1,13,4,120.682378,24.163945,2
7151,66000,387130000C,(04)23274275,(04)23288582,2025,10,19,7,17,臺中市,北屯區,0,1,0,7,2,6,50,3,1,1,5,4,6,6,4,4,10,5,5,2,16,2,8,1,1,C03,7,6,1,10,2,13,,14,14,1,12,4,120.704854,24.169226,2
7152,66000,387130000C,(04)23274275,(04)23288582,2025,10,19,7,20,臺中市,大肚區,0,0,0,7,,,30,,,,,,,,,,,,,,11,,,,,C03,,,1,,2,,,14,14,1,6,4,120.546483,24.132587,3
7153,66000,387130000C,(04)23274275,(04)23288582,2025,10,19,7,22,臺中市,南屯區,0,1,0,7,2,6,50,3,1,1,5,4,6,6,2,1,5,5,5,2,16,3,10,3,1,B03,7,11,1,8,2,4,,45,45,1,12,4,120.653193,24.129531,2
7154,66000,387130000C,(04)23274275,(04)23288582,2025,10,19,7,23,臺中市,北屯區,0,0,0,7,,,50,,,,,,,,,,,,,,17,,,,,C03,,,1,,2,,,84,,1,12,4,120.704854,24.169226,3
7155,66000,387130000C,(04)23274275,(04)23288582,2025,10,19,7,53,臺中市,烏日區,0,2,0,7,3,6,50,4,1,1,5,4,6,6,2,1,5,5,4,1,16,2,9,1,1,C03,7,6,1,10,2,11,14,48,48,1,6,4,120.622068,24.10642,2
7156,66000,387130000C,(04)23274275,(04)23288582,2025,10,19,8,7,臺中市,霧峰區,0,1,0,7,2,6,50,5,1,1,5,4,6,6,2,1,10,5,5,2,18,2,9,5,4,F03,7,15,7,21,2,12,,85,85,1,13,4,120.696278,24.054009,2
7157,66000,387130000C,(04)23274275,(04)23288582,2025,10,19,8,8,臺中市,大里區,0,2,0,7,2,6,50,4,2,1,5,4,6,6,1,1,4,3,4,1,17,2,9,1,1,C03,7,9,1,10,2,11,,84,84,1,6,4,120.729316,24.093311,2
7158,66000,387130000C,(04)23274275,(04)23288582,2025,10,19,8,9,臺中市,東區,0,1,0,7,2,6,50,4,1,1,5,4,6,6,1,1,9,5,4,2,17,3,10,1,1,C04,7,15,1,10,2,11,,4,4,1,12,4,120.690727,24.139876,2
7159,66000,387130000C,(04)23274275,(04)23288582,2025,10,19,8,17,臺中市,東區,0,3,0,7,2,6,50,13,7,1,5,4,6,6,4,4,5,5,4,2,17,2,9,2,1,C03,7,1,1,11,2,11,,51,51,1,13,4,120.693752,24.140803,2
7160,66000,387130000C,(04)23274275,(04)23288582,2025,10,19,8,19,臺中市,西區,0,0,0,7,,,50,,,,,,,,,,,,,,,,,,,C04,,,1,,1,,,84,84,1,12,4,120.66774,24.13095,3
7161,66000,387130000C,(04)23274275,(04)23288582,2025,10,19,8,21,臺中市,東區,0,1,0,7,2,6,50,3,1,1,5,4,6,6,2,1,10,5,5,2,16,3,10,3,1,B03,7,5,1,8,2,6,,11,11,1,12,4,120.710931,24.142654,2
7162,66000,387130000C,(04)23274275,(04)23288582,2025,10,19,8,30,臺中市,西屯區,0,0,0,7,,,30,,,,,,,,,,,,,,14,,,,,B03,,,1,,1,,,49,49,1,13,4,120.647268,24.175743,3
7163,66000,387130000C,(04)23274275,(04)23288582,2025,10,19,8,35,臺中市,西區,0,1,0,7,2,6,50,13,9,1,5,4,6,6,4,4,5,4,5,2,3,2,9,6,5,H01,8,16,7,21,10,17,,109,109,1,13,5,120.670321,24.149106,2
7164,66000,387130000C,(04)23274275,(04)23288582,2025,10,19,8,46,臺中市,南區,0,1,0,7,2,6,50,5,1,1,5,4,6,6,1,1,10,5,5,2,16,3,10,3,1,B03,7,6,1,8,2,1,,11,11,1,12,4,120.663286,24.125319,2
7165,66000,387130000C,(04)23274275,(04)23288582,2025,10,19,8,47,臺中市,太平區,0,0,0,7,,,50,,,,,,,,,,,,,,,,,,,B03,,,1,,2,,,12,12,1,12,4,120.712282,24.157656,3