序號,縣市別代碼,機關代碼,市話,傳真,年,月,日,時,分,縣市,區,死亡數量,受傷數量,2-30,天候,道路照明設備,道路類別,道路速限,道路型態,事故位置,路面鋪裝,路面狀態,路面缺陷,障礙物,視距,號誌種類,號誌動作,分向設施,快車道或一般車道間,快慢車道間,路面邊線,事故類型及型態,受傷程度,主要傷處,保護裝備,行動電話或功能裝置,當事者區分(類別),車輛用途,當事者行動狀態,駕照狀態,駕照種類,飲酒情形,車輛撞擊部位最初,車輛撞擊部位其他,肇事因素個別,肇事因素主要,肇事逃逸,職業,共享經濟或外送平台,GPS座標X,GPS座標Y,事故類別
7722,66000,387130000C,(04)23274275,(04)23288582,2025,10,20,17,30,臺中市,西屯區,0,1,0,5,1,6,50,4,1,1,4,4,6,6,1,1,10,5,5,2,16,3,10,5,4,B03,7,6,1,8,2,2,,11,11,1,13,4,120.621085,24.175519,2
7723,66000,387130000C,(04)23274275,(04)23288582,2025,10,20,17,30,臺中市,豐原區,0,1,0,5,1,6,50,3,2,1,4,4,6,6,4,4,5,5,5,2,3,3,10,1,1,C03,7,9,1,10,2,11,,59,59,1,6,4,120.720875,24.251244,2
7724,66000,387130000C,(04)23274275,(04)23288582,2025,10,20,17,30,臺中市,豐原區,0,1,0,5,1,6,50,3,7,1,4,4,6,6,1,1,5,4,4,1,17,2,9,2,1,C03,7,11,1,10,2,12,,45,45,1,12,4,120.720172,24.263211,2
7725,66000,387130000C,(04)23274275,(04)23288582,2025,10,20,17,31,臺中市,東區,0,1,0,5,1,6,50,13,9,1,4,4,6,6,4,4,9,4,5,2,18,2,9,1,1,C03,7,9,1,10,2,14,,84,84,1,12,4,120.69212,24.151671,2
7726,66000,387130000C,(04)23274275,(04)23288582,2025,10,20,17,31,臺中市,大肚區,0,0,0,5,,,50,,,,,,,,,,,,,,12,,,,,A41,,,1,,2,,,40,40,1,6,4,120.544142,24.162139,3
7727,66000,387130000C,(04)23274275,(04)23288582,2025,10,20,17,32,臺中市,西區,0,1,0,5,1,6,50,4,1,1,4,4,6,6,1,1,10,5,5,2,16,3,10,3,1,B03,7,5,1,8,2,5,,47,47,1,6,4,120.672721,24.1359,2
7728,66000,387130000C,(04)23274275,(04)23288582,2025,10,20,17,32,臺中市,南區,0,0,0,5,,,50,,,,,,,,,,,,,,,,,,,B03,,,1,,1,,,7,7,1,12,4,120.675143,24.126381,3
7729,66000,387130000C,(04)23274275,(04)23288582,2025,10,20,17,32,臺中市,西屯區,0,0,0,6,,,50,,,,,,,,,,,,,,13,,,,,C03,,,1,,1,,,7,7,1,13,4,120.649155,24.167641,3
7730,66000,387130000C,(04)23274275,(04)23288582,2025,10,20,17,32,臺中市,西屯區,0,1,0,7,1,6,50,3,1,1,5,4,6,6,4,4,10,5,5,2,17,3,10,3,1,B03,7,14,1,8,2,4,,76,76,1,13,4,120.640548,24.175758,2
7731,66000,387130000C,(04)23274275,(04)23288582,2025,10,20,17,33,臺中市,豐原區,0,1,0,5,1,6,50,4,9,1,4,4,6,6,2,1,1,2,5,1,12,2,9,1,1,C03,7,15,1,10,2,11,,84,84,1,12,4,120.744315,24.264567,2
7732,66000,387130000C,(04)23274275,(04)23288582,2025,10,20,17,34,臺中市,西區,0,0,0,5,,,40,,,,,,,,,,,,,,12,,,,,C03,,,1,,1,,,7,7,1,13,4,120.662915,24.155538,3
7733,66000,387130000C,(04)23274275,(04)23288582,2025,10,20,17,35,臺中市,北區,0,0,0,7,,,50,,,,,,,,,,,,,,17,,,,,B03,,,1,,1,,,42,42,1,13,4,120.684664,24.164805,3
7734,66000,387130000C,(04)23274275,(04)23288582,2025,10,20,17,35,臺中市,龍井區,0,0,0,5,,,40,,,,,,,,,,,,,,,,,,,C03,,,1,,1,,,7,7,1,6,4,120.538845,24.192567,3
7735,66000,387130000C,(04)23274275,(04)23288582,2025,10,20,17,36,臺中市,龍井區,0,2,0,5,1,6,50,4,1,1,4,4,6,6,4,4,10,5,5,1,11,2,9,2,1,C03,7,9,1,10,2,12,,6,6,1,12,4,120.533205,24.179604,2
7736,66000,387130000C,(04)23274275,(04)23288582,2025,10,20,17,38,臺中市,大雅區,0,1,0,5,1,6,50,13,9,1,4,4,6,5,4,4,5,5,5,1,28,2,8,2,1,C03,7,9,1,10,2,11,,84,84,1,11,4,120.651955,24.245949,2
7737,66000,387130000C,(04)23274275,(04)23288582,2025,10,20,17,38,臺中市,梧棲區,0,0,0,5,2,6,30,13,9,1,4,4,6,6,4,4,,5,5,2,9,3,10,3,1,B03,7,9,5,1,8,5,,59,59,1,6,4,120.54107,24.254451,3
7738,66000,387130000C,(04)23274275,(04)23288582,2025,10,20,17,38,臺中市,大安區,0,0,0,5,,,50,,,,,,,,,,,,,,,,,,,C03,,,1,,2,,,59,59,1,5,4,120.592871,24.369793,3
7739,66000,387130000C,(04)23274275,(04)23288582,2025,10,20,17,40,臺中市,潭子區,0,1,0,5,1,6,50,4,1,1,4,4,6,6,3,1,1,4,5,1,16,2,9,2,1,C03,7,6,1,10,2,12,,20,20,1,13,4,120.706176,24.215554,2
7740,66000,387130000C,(04)23274275,(04)23288582,2025,10,20,17,40,臺中市,沙鹿區,0,0,0,5,,,50,,,,,,,,,,,,,,16,,,,,B03,,,1,,2,,,11,11,1,6,4,120.558902,24.234691,3
7741,66000,387130000C,(04)23274275,(04)23288582,2025,10,20,17,40,臺中市,外埔區,0,0,0,5,,,50,,,,,,,,,,,,,,15,,,,,B03,,,1,,2,,,43,43,1,12,4,120.647472,24.340044,3
7742,66000,387130000C,(04)23274275,(04)23288582,2025,10,20,17,40,臺中市,大甲區,0,1,0,5,1,6,50,4,1,1,4,4,6,6,4,4,10,5,5,2,17,2,9,5,4,C03,7,9,1,10,2,16,,6,6,1,6,4,120.62388,24.345332,2
7743,66000,387130000C,(04)23274275,(04)23288582,2025,10,20,17,43,臺中市,大雅區,0,0,0,5,,,30,,,,,,,,,,,,,,,,,,,C03,,,1,,1,,,68,68,1,13,4,120.648894,24.218271,3
7744,66000,387130000C,(04)23274275,(04)23288582,2025,10,20,17,43,臺中市,西屯區,0,0,0,5,,,50,,,,,,,,,,,,,,17,,,,,C03,,,1,,1,,,84,84,1,12,4,120.603528,24.185604,3
7745,66000,387130000C,(04)23274275,(04)23288582,2025,10,20,17,44,臺中市,北區,0,0,0,7,1,6,50,13,9,1,5,4,6,6,4,4,2,4,5,2,17,3,10,3,1,B03,7,15,1,8,2,5,,43,43,1,12,4,120.68485,24.15139,4
7746,66000,387130000C,(04)23274275,(04)23288582,2025,10,20,17,44,臺中市,北區,0,0,0,7,,,50,,,,,,,,,,,,,,21,,,,,A12,,,1,,2,,,71,71,1,13,4,120.668023,24.154048,3
7747,66000,387130000C,(04)23274275,(04)23288582,2025,10,20,17,45,臺中市,北屯區,0,0,0,7,,,50,,,,,,,,,,,,,,,,,,,B03,,,1,,1,,,7,7,1,6,4,120.711834,24.182109,3
7748,66000,387130000C,(04)23274275,(04)23288582,2025,10,20,17,46,臺中市,北屯區,0,0,0,7,,,50,,,,,,,,,,,,,,12,,,,,B03,,,1,,1,,,8,8,1,12,4,120.670944,24.174327,3
7749,66000,387130000C,(04)23274275,(04)23288582,2025,10,20,17,46,臺中市,北屯區,0,1,0,5,1,6,30,4,1,1,4,4,6,6,4,4,10,5,5,2,17,3,10,3,1,B03,7,1,1,8,2,8,,84,84,1,6,4,120.661704,24.19159,2
7750,66000,387130000C,(04)23274275,(04)23288582,2025,10,20,17,47,臺中市,烏日區,0,2,0,5,1,6,50,13,19,1,4,4,6,6,4,4,5,2,5,2,3,2,9,1,1,C03,7,9,1,10,2,11,,10,10,1,6,4,120.597462,24.109043,2
7751,66000,387130000C,(04)23274275,(04)23288582,2025,10,20,17,47,臺中市,新社區,0,1,0,5,1,6,50,13,9,1,4,4,6,6,4,4,5,5,5,1,17,3,10,3,1,B12,7,11,1,8,2,4,,34,34,1,6,4,120.80741,24.239503,2
7752,66000,387130000C,(04)23274275,(04)23288582,2025,10,20,17,48,臺中市,大雅區,0,1,0,5,1,6,70,4,2,1,4,4,6,6,1,1,1,4,5,1,13,3,10,3,1,B03,7,9,1,8,2,5,,7,7,1,12,4,120.630309,24.241024,2
7753,66000,387130000C,(04)23274275,(04)23288582,2025,10,20,17,48,臺中市,南屯區,0,1,0,7,2,6,50,13,9,1,5,4,6,6,4,4,9,4,5,2,18,2,9,1,1,F01,7,9,7,21,6,12,,53,53,1,12,4,120.649986,24.149479,2
7754,66000,387130000C,(04)23274275,(04)23288582,2025,10,20,17,49,臺中市,西區,0,1,0,5,2,6,40,3,1,1,4,4,6,6,1,1,10,5,5,2,17,3,10,3,1,B01,7,1,1,4,2,8,,51,51,1,12,4,120.67133,24.142609,2
7755,66000,387130000C,(04)23274275,(04)23288582,2025,10,20,17,49,臺中市,南屯區,0,1,0,7,1,6,0,3,1,1,4,4,6,6,4,4,10,5,5,2,14,3,10,5,4,B03,7,2,1,8,2,3,,49,49,1,6,4,120.638188,24.140972,2
7756,66000,387130000C,(04)23274275,(04)23288582,2025,10,20,17,50,臺中市,北屯區,0,0,0,7,,3,50,,,,,,,,,,,,,,13,,,,,B03,,,1,,1,,,84,84,1,6,4,120.722475,24.187905,3
7757,66000,387130000C,(04)23274275,(04)23288582,2025,10,20,17,50,臺中市,沙鹿區,0,0,0,6,,,60,,,,,,,,,,,,,,12,,,,,B03,,,1,,2,,,40,40,1,12,4,120.569596,24.20145,3
7758,66000,387130000C,(04)23274275,(04)23288582,2025,10,20,17,50,臺中市,豐原區,0,1,0,7,1,6,50,3,7,1,4,4,6,6,4,4,1,4,4,1,18,2,9,2,4,C03,7,12,3,19,2,16,,84,84,1,12,4,120.711648,24.240211,2
7759,66000,387130000C,(04)23274275,(04)23288582,2025,10,20,17,52,臺中市,北區,0,0,0,7,,,50,,,,,,,,,,,,,,17,,,,,B03,,,1,,2,,,85,85,1,13,4,120.690005,24.155022,3
7760,66000,387130000C,(04)23274275,(04)23288582,2025,10,20,17,52,臺中市,南屯區,0,2,0,5,1,6,40,4,1,1,4,4,6,6,4,4,8,3,5,1,15,2,9,1,1,C03,7,9,1,10,2,12,,12,12,1,12,4,120.652161,24.141837,2
7761,66000,387130000C,(04)23274275,(04)23288582,2025,10,20,17,54,臺中市,西屯區,0,2,0,6,1,6,50,4,1,1,5,4,6,6,2,1,10,5,5,2,13,2,9,1,1,C03,7,9,1,10,2,11,,7,7,1,13,4,120.655771,24.19961,2
7762,66000,387130000C,(04)23274275,(04)23288582,2025,10,20,17,55,臺中市,北屯區,0,0,0,5,,,50,,,,,,,,,,,,,,12,,,,,B03,,,1,,2,,,84,84,1,6,4,120.686228,24.179908,3
7763,66000,387130000C,(04)23274275,(04)23288582,2025,10,20,17,59,臺中市,西區,0,1,0,5,1,6,50,5,1,1,4,4,6,6,3,1,10,5,5,2,18,2,9,2,1,C03,7,9,1,10,2,14,,85,85,1,12,4,120.66229,24.161954,2
7764,66000,387130000C,(04)23274275,(04)23288582,2025,10,20,17,59,臺中市,西區,0,1,0,7,1,6,50,4,1,1,5,4,6,6,2,1,8,3,5,2,18,2,9,2,1,C03,7,9,1,10,2,11,14,6,6,1,13,4,120.663057,24.146658,2
7765,66000,387130000C,(04)23274275,(04)23288582,2025,10,20,17,59,臺中市,北屯區,0,0,0,5,,,50,,,,,,,,,,,,,,18,,,,,B03,,,1,,2,,,50,50,1,6,4,120.698418,24.174092,3
7766,66000,387130000C,(04)23274275,(04)23288582,2025,10,20,18,2,臺中市,西屯區,0,1,0,5,1,6,50,4,1,1,4,4,6,6,2,1,10,5,5,2,16,3,10,5,4,B03,7,6,1,1,2,6,,11,11,1,13,4,120.613673,24.173159,2
7767,66000,387130000C,(04)23274275,(04)23288582,2025,10,20,18,5,臺中市,大里區,0,1,0,7,1,6,50,13,9,1,4,4,6,6,4,4,5,4,5,1,18,2,9,1,1,C03,7,9,1,10,2,11,,84,84,1,12,4,120.68974,24.114736,2
7768,66000,387130000C,(04)23274275,(04)23288582,2025,10,20,18,6,臺中市,沙鹿區,0,1,0,5,2,6,50,4,1,1,4,4,6,6,1,1,3,4,4,2,17,3,10,3,1,B03,7,5,1,8,2,2,,11,11,1,13,4,120.570443,24.213473,2
7769,66000,387130000C,(04)23274275,(04)23288582,2025,10,20,18,6,臺中市,沙鹿區,0,1,0,1,1,6,30,13,9,2,5,4,6,6,4,4,10,5,5,2,18,2,9,2,1,C03,7,9,1,10,2,12,,82,82,1,6,4,120.585957,24.199353,2
7770,66000,387130000C,(04)23274275,(04)23288582,2025,10,20,18,7,臺中市,南屯區,0,1,0,5,1,6,50,13,8,1,4,4,6,6,4,4,1,2,1,2,17,2,9,1,1,C03,7,9,1,10,2,12,,7,7,1,12,4,120.623142,24.149983,2
7771,66000,387130000C,(04)23274275,(04)23288582,2025,10,20,18,8,臺中市,南屯區,0,1,0,6,1,6,50,3,4,1,5,4,6,6,1,1,5,5,5,2,18,2,9,2,4,C03,7,9,1,10,2,12,,59,59,1,6,4,120.609886,24.140569,2
7772,66000,387130000C,(04)23274275,(04)23288582,2025,10,20,18,8,臺中市,霧峰區,0,0,0,5,,,50,,,,,,,,,,,,,,17,,,,,C03,,,1,,2,,,84,84,1,6,4,120.69706,24.064046,3
7773,66000,387130000C,(04)23274275,(04)23288582,2025,10,20,18,9,臺中市,梧棲區,0,1,0,5,1,6,40,13,8,1,4,4,6,6,4,4,1,4,1,1,13,2,9,1,1,C03,7,9,1,10,2,11,,59,59,1,6,4,120.537792,24.249092,2
7774,66000,387130000C,(04)23274275,(04)23288582,2025,10,20,18,10,臺中市,大雅區,0,1,0,5,1,6,50,13,9,1,4,4,6,6,4,4,9,5,5,2,17,2,8,2,1,C03,7,9,1,10,2,11,,84,84,1,12,4,120.66915,24.222159,2
7775,66000,387130000C,(04)23274275,(04)23288582,2025,10,20,18,13,臺中市,沙鹿區,0,1,0,7,1,6,50,13,7,1,4,4,6,6,4,4,5,5,4,2,16,3,10,3,1,B03,7,11,1,8,2,8,,34,34,1,6,4,120.565226,24.237187,2
7776,66000,387130000C,(04)23274275,(04)23288582,2025,10,20,18,14,臺中市,北區,0,2,0,7,2,6,50,4,1,1,5,4,6,6,2,1,3,4,5,2,13,2,9,1,1,C03,7,9,1,10,2,11,,7,7,1,12,4,120.683432,24.153565,2
7777,66000,387130000C,(04)23274275,(04)23288582,2025,10,20,18,14,臺中市,南區,0,0,0,5,,,50,,,,,,,,,,,,,,16,,,,,B03,,,1,,2,,,11,11,1,12,4,120.660395,24.123758,3
7778,66000,387130000C,(04)23274275,(04)23288582,2025,10,20,18,14,臺中市,南區,0,1,0,5,1,6,50,4,1,1,4,4,6,6,4,4,10,5,5,2,15,3,10,3,1,B03,7,9,1,8,2,5,,15,15,1,12,4,120.655709,24.126102,2
7779,66000,387130000C,(04)23274275,(04)23288582,2025,10,20,18,14,臺中市,南屯區,0,0,0,5,,,50,,,,,,,,,,,,,,,,,,,C03,,,1,,1,,,7,7,1,12,4,120.6148,24.145995,3
7780,66000,387130000C,(04)23274275,(04)23288582,2025,10,20,18,15,臺中市,沙鹿區,0,0,0,5,,,40,,,,,,,,,,,,,,13,,,,,C03,,,1,,2,,,84,84,1,12,4,120.575738,24.227118,3
7781,66000,387130000C,(04)23274275,(04)23288582,2025,10,20,18,15,臺中市,清水區,0,1,0,5,3,6,50,4,1,1,4,4,6,6,1,1,1,4,4,2,17,3,10,3,1,B03,7,6,1,8,2,8,,11,11,1,12,4,120.576097,24.270855,2
7782,66000,387130000C,(04)23274275,(04)23288582,2025,10,20,18,16,臺中市,西屯區,0,0,0,7,,,30,,,,,,,,,,,,,,17,,,,,B03,,,1,,2,,,66,66,1,13,4,120.666527,24.177085,3
7783,66000,387130000C,(04)23274275,(04)23288582,2025,10,20,18,20,臺中市,潭子區,0,0,0,6,,3,80,,,,,,,,,,,,,,,,,,,B03,,,1,,2,,,8,8,1,13,4,120.709739,24.200514,3
7784,66000,387130000C,(04)23274275,(04)23288582,2025,10,20,18,21,臺中市,西屯區,0,0,0,5,,,40,,,,,,,,,,,,,,12,,,,,B03,,,1,,1,,,20,20,1,13,4,120.642775,24.158481,4
7785,66000,387130000C,(04)23274275,(04)23288582,2025,10,20,18,22,臺中市,北屯區,0,0,0,7,,,60,,,,,,,,,,,,,,17,,,,,B03,,,1,,9,,,82,82,1,12,4,120.718185,24.163288,3
7786,66000,387130000C,(04)23274275,(04)23288582,2025,10,20,18,22,臺中市,龍井區,0,1,0,5,1,6,50,3,1,1,4,1,6,6,3,1,5,5,5,1,17,3,10,3,1,B03,7,6,1,8,2,16,,84,84,1,6,4,120.548234,24.196331,2
7787,66000,387130000C,(04)23274275,(04)23288582,2025,10,20,18,23,臺中市,大雅區,0,0,0,5,,,0,,,,,,,,,,,,,,,,,,,B03,,,1,,2,,,50,50,1,13,4,120.636211,24.234864,3
7788,66000,387130000C,(04)23274275,(04)23288582,2025,10,20,18,23,臺中市,北區,0,0,0,7,,,50,,,,,,,,,,,,,,12,,,,,B03,,,1,,1,,,20,20,1,13,4,120.672182,24.167016,3
7789,66000,387130000C,(04)23274275,(04)23288582,2025,10,20,18,23,臺中市,南屯區,0,1,0,5,1,6,50,4,2,1,4,4,6,6,2,1,1,3,5,1,30,,,,,,,,,,,,,119,119,1,,,120.646656,24.127522,2
7790,66000,387130000C,(04)23274275,(04)23288582,2025,10,20,18,30,臺中市,豐原區,0,1,0,5,1,6,50,4,9,1,4,4,6,6,2,1,5,5,4,2,12,2,9,1,1,C03,7,1,3,19,2,12,,51,51,1,12,4,120.71573,24.25469,2
7791,66000,387130000C,(04)23274275,(04)23288582,2025,10,20,18,31,臺中市,大雅區,0,0,0,5,,,50,,,,,,,,,,,,,,14,,,,,B03,,,1,,2,,,49,49,1,12,4,120.649399,24.226973,3
7792,66000,387130000C,(04)23274275,(04)23288582,2025,10,20,18,31,臺中市,大里區,0,1,0,5,1,6,50,4,1,1,4,4,6,6,4,4,10,5,5,2,18,2,9,1,1,C03,7,9,1,10,2,12,,7,7,1,12,4,120.708552,24.086799,2
7793,66000,387130000C,(04)23274275,(04)23288582,2025,10,20,18,33,臺中市,南屯區,0,0,0,5,1,6,50,13,9,1,5,4,6,6,4,4,5,5,4,2,12,,,,,B03,,,1,,2,,,84,84,1,12,4,120.616524,24.15317,3
7794,66000,387130000C,(04)23274275,(04)23288582,2025,10,20,18,35,臺中市,西區,0,0,0,5,,,50,,,,,,,,,,,,,,12,,,,,C03,,,1,,1,,,7,7,1,13,2,120.664665,24.150916,3
7795,66000,387130000C,(04)23274275,(04)23288582,2025,10,20,18,35,臺中市,西屯區,0,0,0,7,,3,80,,,,,,,,,,,,,,13,,,,,B03,,,1,,1,,,7,7,1,12,4,120.637413,24.186224,3
7796,66000,387130000C,(04)23274275,(04)23288582,2025,10,20,18,36,臺中市,北屯區,0,0,0,7,,,50,,,,,,,,,,,,,,13,,,,,B03,,,1,,2,,,7,7,1,6,4,120.72907,24.176649,3
7797,66000,387130000C,(04)23274275,(04)23288582,2025,10,20,18,38,臺中市,大里區,0,2,0,7,1,6,50,4,1,1,5,4,6,6,1,1,10,5,5,2,15,2,9,1,1,C03,7,9,1,10,2,14,,21,21,1,12,4,120.676194,24.101691,2
7798,66000,387130000C,(04)23274275,(04)23288582,2025,10,20,18,39,臺中市,大雅區,0,0,0,5,,,70,,,,,,,,,,,,,,,,,,,B03,,,1,,1,,,40,40,1,12,4,120.640832,24.230677,3
7799,66000,387130000C,(04)23274275,(04)23288582,2025,10,20,18,39,臺中市,西屯區,0,1,0,5,1,6,50,4,1,1,4,4,6,6,1,1,5,4,5,2,17,3,10,3,1,B03,7,1,1,8,1,8,,51,51,1,12,4,120.645032,24.180449,2
7800,66000,387130000C,(04)23274275,(04)23288582,2025,10,20,18,39,臺中市,神岡區,0,0,0,5,,,60,,,,,,,,,,,,,,12,,,,,B03,,,1,,2,,,20,20,1,12,4,120.68352,24.246683,3
7801,66000,387130000C,(04)23274275,(04)23288582,2025,10,20,18,41,臺中市,南屯區,0,1,0,6,1,6,50,4,1,1,5,4,6,6,2,1,10,5,5,2,16,3,10,5,4,B03,7,5,1,8,2,5,,84,84,1,6,4,120.640516,24.142705,2
7802,66000,387130000C,(04)23274275,(04)23288582,2025,10,20,18,43,臺中市,西屯區,0,1,0,6,1,6,50,13,9,1,5,4,6,6,4,4,1,4,5,1,18,2,9,5,4,C03,7,9,1,10,2,14,,59,59,1,13,4,120.657797,24.195789,2
7803,66000,387130000C,(04)23274275,(04)23288582,2025,10,20,18,43,臺中市,梧棲區,0,0,0,5,,,50,,,,,,,,,,,,,,17,,,,,B03,,,1,,1,,,51,51,1,6,4,120.531322,24.25719,3
7804,66000,387130000C,(04)23274275,(04)23288582,2025,10,20,18,44,臺中市,神岡區,0,1,0,5,1,6,50,4,2,1,4,4,6,6,3,1,5,5,5,1,9,4,11,5,4,C03,7,9,1,10,2,11,,59,59,1,12,4,120.653046,24.280713,2
7805,66000,387130000C,(04)23274275,(04)23288582,2025,10,20,18,45,臺中市,西屯區,0,0,0,5,,,30,,,,,,,,,,,,,,13,,,,,B03,,,1,,1,,,58,58,1,13,4,120.651152,24.198167,3
7806,66000,387130000C,(04)23274275,(04)23288582,2025,10,20,18,45,臺中市,沙鹿區,0,0,0,5,,,50,,,,,,,,,,,,,,,,,,,B03,,,1,,1,,,11,11,1,13,4,120.562045,24.245333,3
7807,66000,387130000C,(04)23274275,(04)23288582,2025,10,20,18,50,臺中市,大雅區,0,0,0,5,,,40,,,,,,,,,,,,,,,,,,,B03,,,1,,1,,,39,39,1,13,4,120.649929,24.213123,3
7808,66000,387130000C,(04)23274275,(04)23288582,2025,10,20,18,50,臺中市,北屯區,0,3,0,7,3,6,50,4,1,1,5,4,6,6,4,4,10,5,5,2,17,3,10,3,1,B03,7,6,1,8,2,1,,48,48,1,6,4,120.668713,24.185975,2
7809,66000,387130000C,(04)23274275,(04)23288582,2025,10,20,18,56,臺中市,大里區,0,2,0,7,2,6,50,3,2,1,5,4,6,6,4,4,10,5,5,1,16,2,9,1,1,C03,7,6,1,10,2,12,,14,14,1,5,4,120.695685,24.090948,2
7810,66000,387130000C,(04)23274275,(04)23288582,2025,10,20,18,58,臺中市,太平區,0,1,0,7,1,6,50,4,1,1,5,4,6,6,3,1,5,5,5,2,15,3,10,3,1,B03,7,9,1,8,2,3,,24,24,1,6,4,120.715619,24.145184,2
7811,66000,387130000C,(04)23274275,(04)23288582,2025,10,20,19,0,臺中市,大肚區,0,0,0,5,,,30,,,,,,,,,,,,,,,,,,,C03,,,1,,2,,,83,83,1,6,1,120.531838,24.150975,3
7812,66000,387130000C,(04)23274275,(04)23288582,2025,10,20,19,6,臺中市,大里區,0,0,0,7,,,50,,,,,,,,,,,,,,17,,,,,B01,,,1,,2,,,8,8,1,13,4,120.689347,24.115436,3
7813,66000,387130000C,(04)23274275,(04)23288582,2025,10,20,19,9,臺中市,大里區,0,1,0,7,1,6,50,4,2,1,5,4,6,6,1,1,5,4,4,2,13,2,9,2,1,C03,7,9,1,10,2,11,,84,84,1,12,4,120.694597,24.111591,2
7814,66000,387130000C,(04)23274275,(04)23288582,2025,10,20,19,12,臺中市,烏日區,0,0,0,7,,,30,,,,,,,,,,,,,,17,,,,,B03,,,1,,1,,,8,8,1,6,4,120.640301,24.102954,3
7815,66000,387130000C,(04)23274275,(04)23288582,2025,10,20,19,27,臺中市,西屯區,0,3,0,7,2,6,50,4,1,1,5,4,6,6,3,1,1,5,5,2,15,2,9,5,4,C03,7,9,1,10,2,12,,20,20,1,13,4,120.643661,24.192041,2
7816,66000,387130000C,(04)23274275,(04)23288582,2025,10,20,19,28,臺中市,南屯區,0,2,0,5,1,6,50,4,2,1,4,4,6,6,2,1,5,4,5,2,13,2,9,2,1,C03,7,9,1,10,2,11,,7,7,1,12,4,120.653087,24.142421,2
7817,66000,387130000C,(04)23274275,(04)23288582,2025,10,20,19,30,臺中市,沙鹿區,0,1,0,5,1,6,30,11,9,1,4,4,6,6,4,4,10,5,5,2,13,2,9,2,1,C03,7,9,1,10,2,11,,84,84,1,6,4,120.594513,24.218457,2
7818,66000,387130000C,(04)23274275,(04)23288582,2025,10,20,19,31,臺中市,大甲區,0,0,0,7,,,50,,,,,,,,,,,,,,,,,,,B03,,,1,,2,,,49,49,1,6,4,120.640839,24.402378,3
7819,66000,387130000C,(04)23274275,(04)23288582,2025,10,20,19,34,臺中市,大雅區,0,0,0,5,,,30,,,,,,,,,,,,,,14,,,,,B03,,,1,,1,,,49,49,1,12,4,120.652662,24.219321,3
7820,66000,387130000C,(04)23274275,(04)23288582,2025,10,20,19,39,臺中市,北區,0,0,0,5,1,6,50,3,2,1,4,4,6,6,4,4,5,5,5,2,13,3,10,3,1,B03,7,5,1,8,1,1,,59,59,1,12,4,120.686908,24.146225,3
7821,66000,387130000C,(04)23274275,(04)23288582,2025,10,20,19,40,臺中市,南屯區,0,2,0,5,1,6,50,3,2,1,4,4,6,6,2,1,5,5,4,2,13,2,9,1,1,C03,7,9,3,19,2,11,,7,7,1,6,4,120.635373,24.150229,2
7822,66000,387130000C,(04)23274275,(04)23288582,2025,10,20,19,40,臺中市,豐原區,0,0,0,7,,,50,,,,,,,,,,,,,,17,,,,,B03,,,1,,2,,,20,20,1,6,4,120.718838,24.250573,3
7823,66000,387130000C,(04)23274275,(04)23288582,2025,10,20,19,44,臺中市,西屯區,0,0,0,7,,,40,,,,,,,,,,,,,,16,,,,,B03,,,1,,1,,,8,8,1,12,4,120.658432,24.163411,3
7824,66000,387130000C,(04)23274275,(04)23288582,2025,10,20,19,45,臺中市,清水區,0,0,0,5,,,50,,,,,,,,,,,,,,,,,,,B03,,,1,,2,,,8,8,1,12,4,120.554056,24.275525,3
7825,66000,387130000C,(04)23274275,(04)23288582,2025,10,20,20,12,臺中市,沙鹿區,0,1,0,5,1,6,30,13,9,1,4,4,6,6,4,4,10,5,5,2,18,2,9,2,1,C03,7,9,1,10,2,12,,59,59,1,6,4,120.552731,24.217443,2
7826,66000,387130000C,(04)23274275,(04)23288582,2025,10,20,20,12,臺中市,豐原區,0,0,0,7,,,50,,,,,,,,,,,,,,14,,,,,B03,,,1,,2,,,49,49,1,12,4,120.71289,24.262037,3
7827,66000,387130000C,(04)23274275,(04)23288582,2025,10,20,20,13,臺中市,太平區,0,1,0,7,1,6,50,5,1,1,5,4,6,6,2,1,10,5,5,2,15,3,10,3,1,B03,7,9,1,8,2,5,,84,84,1,12,4,120.710795,24.151088,2
7828,66000,387130000C,(04)23274275,(04)23288582,2025,10,20,20,14,臺中市,大里區,0,0,0,7,,,30,,,,,,,,,,,,,,17,,,,,B03,,,1,,2,,,49,49,1,6,4,120.707563,24.08253,3
7829,66000,387130000C,(04)23274275,(04)23288582,2025,10,20,20,17,臺中市,沙鹿區,0,0,0,1,,,50,,,,,,,,,,,,,,30,,,,,B03,,,1,,2,,,50,50,1,8,4,120.562914,24.217143,3
7830,66000,387130000C,(04)23274275,(04)23288582,2025,10,20,20,20,臺中市,南屯區,0,2,0,5,1,6,50,13,9,1,4,4,6,6,1,1,5,2,5,2,13,2,9,1,1,C03,7,9,1,10,1,11,,7,7,1,12,4,120.638624,24.147165,2
7831,66000,387130000C,(04)23274275,(04)23288582,2025,10,20,20,22,臺中市,南區,0,2,0,7,1,6,50,3,9,1,5,4,6,6,4,4,1,5,5,2,17,3,10,3,1,B03,7,1,1,8,2,5,,51,51,1,6,4,120.669981,24.118245,2