序號,縣市別代碼,機關代碼,市話,傳真,年,月,日,時,分,縣市,區,死亡數量,受傷數量,2-30,天候,道路照明設備,道路類別,道路速限,道路型態,事故位置,路面鋪裝,路面狀態,路面缺陷,障礙物,視距,號誌種類,號誌動作,分向設施,快車道或一般車道間,快慢車道間,路面邊線,事故類型及型態,受傷程度,主要傷處,保護裝備,行動電話或功能裝置,當事者區分(類別),車輛用途,當事者行動狀態,駕照狀態,駕照種類,飲酒情形,車輛撞擊部位最初,車輛撞擊部位其他,肇事因素個別,肇事因素主要,肇事逃逸,職業,共享經濟或外送平台,GPS座標X,GPS座標Y,事故類別
7943,66000,387130000C,(04)23274275,(04)23288582,2025,10,21,8,51,臺中市,北屯區,0,0,0,7,,,50,,,,,,,,,,,,,,12,,,,,C03,,,1,,1,,,59,59,1,12,4,120.667931,24.174384,3
7944,66000,387130000C,(04)23274275,(04)23288582,2025,10,21,8,51,臺中市,北屯區,0,0,0,7,,,30,,,,,,,,,,,,,,11,,,,,B03,,,1,,9,,,85,85,1,13,4,120.685707,24.19365,3
7945,66000,387130000C,(04)23274275,(04)23288582,2025,10,21,8,52,臺中市,北屯區,0,2,0,7,3,6,40,3,2,1,5,4,6,6,4,4,5,5,4,2,13,2,8,1,1,C03,7,9,1,10,2,11,13,7,7,1,12,4,120.672481,24.180679,2
7946,66000,387130000C,(04)23274275,(04)23288582,2025,10,21,8,55,臺中市,大雅區,0,0,0,7,,,30,,,,,,,,,,,,,,,,,,,B02,,,1,,1,,,48,48,1,13,4,120.637284,24.206308,3
7947,66000,387130000C,(04)23274275,(04)23288582,2025,10,21,8,56,臺中市,清水區,0,0,0,1,2,6,50,4,2,1,5,4,6,6,4,4,8,4,5,2,30,,,,,,,,,,,,,82,82,1,,,120.540723,24.267571,3
7948,66000,387130000C,(04)23274275,(04)23288582,2025,10,21,9,0,臺中市,大里區,0,1,0,7,3,6,40,4,1,1,5,4,6,6,1,1,10,5,5,2,16,3,10,3,1,B11,7,5,1,4,2,2,,11,11,1,6,4,120.671464,24.107904,2
7949,66000,387130000C,(04)23274275,(04)23288582,2025,10,21,9,0,臺中市,沙鹿區,0,0,0,7,,,50,,,,,,,,,,,,,,12,,,,,B03,,,1,,2,,,40,40,1,12,4,120.6145,24.240731,4
7950,66000,387130000C,(04)23274275,(04)23288582,2025,10,21,9,6,臺中市,大雅區,0,0,0,7,,,50,,,,,,,,,,,,,,,,,,,B03,,,1,,1,,,7,7,1,12,4,120.654985,24.228541,3
7951,66000,387130000C,(04)23274275,(04)23288582,2025,10,21,9,19,臺中市,南區,0,2,0,7,2,6,50,3,1,1,5,4,6,6,1,1,10,5,5,2,17,2,9,2,1,C03,7,15,1,10,2,15,,85,85,1,12,4,120.679388,24.122239,2
7952,66000,387130000C,(04)23274275,(04)23288582,2025,10,21,9,23,臺中市,烏日區,0,0,0,7,,,50,,,,,,,,,,,,,,13,,,,,A12,,,1,,2,,,7,7,1,13,4,120.614156,24.116799,3
7953,66000,387130000C,(04)23274275,(04)23288582,2025,10,21,9,29,臺中市,東區,0,1,0,7,3,6,50,4,1,1,5,4,6,6,3,1,10,5,5,2,17,3,10,3,1,B02,7,9,5,19,2,5,,24,24,1,12,4,120.69886,24.127981,2
7954,66000,387130000C,(04)23274275,(04)23288582,2025,10,21,9,32,臺中市,潭子區,0,0,0,7,,3,40,,,,,,,,,,,,,,,,,,,B03,,,1,,2,,,84,84,1,13,4,120.699248,24.201047,3
7955,66000,387130000C,(04)23274275,(04)23288582,2025,10,21,9,33,臺中市,北屯區,0,0,0,7,,,50,,,,,,,,,,,,,,21,,,,,,,,,,,,,115,115,1,,,120.661156,24.191116,3
7956,66000,387130000C,(04)23274275,(04)23288582,2025,10,21,9,36,臺中市,太平區,0,0,0,7,,,50,,,,,,,,,,,,,,,,,,,C03,,,5,,2,,,7,7,1,12,4,120.714752,24.110391,3
7957,66000,387130000C,(04)23274275,(04)23288582,2025,10,21,9,40,臺中市,北屯區,0,0,0,7,,,30,,,,,,,,,,,,,,14,,,,,A12,,,1,,2,,,49,49,1,12,4,120.689421,24.17616,3
7958,66000,387130000C,(04)23274275,(04)23288582,2025,10,21,9,45,臺中市,清水區,0,0,0,7,,,70,,,,,,,,,,,,,,17,,,,,B03,,,1,,2,,,84,84,1,12,4,120.585594,24.287694,3
7959,66000,387130000C,(04)23274275,(04)23288582,2025,10,21,9,48,臺中市,清水區,0,2,0,7,2,6,50,3,1,1,5,4,6,6,4,4,8,3,4,2,16,3,10,3,1,B03,7,6,1,6,2,8,,20,20,1,12,4,120.551868,24.263606,2
7960,66000,387130000C,(04)23274275,(04)23288582,2025,10,21,9,49,臺中市,西屯區,0,2,0,7,2,6,50,4,1,1,5,4,6,6,2,1,10,5,5,2,13,3,10,5,4,B02,7,9,1,8,2,5,,7,7,1,13,4,120.656887,24.165341,2
7961,66000,387130000C,(04)23274275,(04)23288582,2025,10,21,9,50,臺中市,北區,0,2,0,7,2,6,50,4,1,1,5,4,6,6,1,1,10,5,5,2,13,2,9,5,4,C03,7,9,1,10,2,11,,7,7,1,12,4,120.672284,24.170095,2
7962,66000,387130000C,(04)23274275,(04)23288582,2025,10,21,9,51,臺中市,大里區,0,2,0,7,2,6,50,3,2,1,5,4,6,6,4,4,9,4,5,1,17,2,9,2,1,C03,7,9,3,19,2,11,,13,13,1,12,4,120.689382,24.105852,2
7963,66000,387130000C,(04)23274275,(04)23288582,2025,10,21,9,53,臺中市,南屯區,0,0,0,7,,,50,,,,,,,,,,,,,,,,,,,C03,,,1,,2,,,84,84,1,12,4,120.646656,24.15381,3
7964,66000,387130000C,(04)23274275,(04)23288582,2025,10,21,9,57,臺中市,北區,0,1,0,7,3,6,50,13,9,1,5,4,6,6,4,4,7,5,5,2,17,2,8,1,1,C03,7,3,1,10,2,12,,50,50,1,12,4,120.683357,24.152041,2
7965,66000,387130000C,(04)23274275,(04)23288582,2025,10,21,10,1,臺中市,潭子區,0,0,0,7,,3,80,,,,,,,,,,,,,,13,,,,,B03,,,1,,9,,,57,57,1,13,4,120.714969,24.199722,3
7966,66000,387130000C,(04)23274275,(04)23288582,2025,10,21,10,6,臺中市,西區,0,0,0,7,,,50,,,,,,,,,,,,,,13,,,,,B02,,,1,,1,,,84,84,1,12,4,120.65777,24.15806,3
7967,66000,387130000C,(04)23274275,(04)23288582,2025,10,21,10,6,臺中市,豐原區,0,1,0,7,2,6,50,4,1,1,5,4,6,6,2,1,5,5,4,2,16,4,11,1,1,C03,7,6,1,10,2,14,,36,36,1,13,4,120.718956,24.25172,2
7968,66000,387130000C,(04)23274275,(04)23288582,2025,10,21,10,13,臺中市,太平區,0,1,0,7,2,6,50,3,2,1,5,4,6,6,4,4,5,2,4,2,9,2,8,2,1,C03,7,9,1,10,2,16,12,84,84,1,12,4,120.733493,24.152923,2
7969,66000,387130000C,(04)23274275,(04)23288582,2025,10,21,10,15,臺中市,北屯區,0,1,0,7,2,6,50,13,9,1,5,4,6,6,4,4,10,5,5,2,12,3,10,3,1,B03,7,9,1,8,2,2,,1,1,1,12,4,120.69917,24.169579,2
7970,66000,387130000C,(04)23274275,(04)23288582,2025,10,21,10,16,臺中市,北屯區,0,0,0,7,,,50,,,,,,,,,,,,,,11,,,,,A04,,,1,,1,,,84,84,1,12,4,120.747654,24.178475,3
7971,66000,387130000C,(04)23274275,(04)23288582,2025,10,21,10,18,臺中市,大里區,0,0,0,7,2,6,50,4,2,1,5,4,6,6,1,1,5,5,4,1,14,,,,,B12,,,1,,2,,,49,49,1,13,4,120.689252,24.106332,3
7972,66000,387130000C,(04)23274275,(04)23288582,2025,10,21,10,26,臺中市,大里區,0,0,0,7,,,50,,,,,,,,,,,,,,13,,,,,A41,,,1,,2,,,84,84,1,6,4,120.68874,24.093902,3
7973,66000,387130000C,(04)23274275,(04)23288582,2025,10,21,10,28,臺中市,北屯區,0,1,0,7,2,6,50,13,7,1,5,4,6,6,4,4,5,5,4,2,13,3,10,1,1,C03,7,9,5,19,2,11,,7,7,1,13,4,120.679791,24.176598,2
7974,66000,387130000C,(04)23274275,(04)23288582,2025,10,21,10,30,臺中市,西屯區,0,2,0,7,2,6,40,13,8,1,5,4,6,6,4,4,1,5,1,2,13,2,9,2,1,C03,7,9,1,10,2,11,,7,7,1,12,4,120.642221,24.166729,2
7975,66000,387130000C,(04)23274275,(04)23288582,2025,10,21,10,30,臺中市,大安區,0,0,0,7,,,30,,,,,,,,,,,,,,,,,,,B03,,,1,,1,,,49,49,1,6,4,120.603474,24.361544,3
7976,66000,387130000C,(04)23274275,(04)23288582,2025,10,21,10,34,臺中市,南屯區,0,1,0,7,2,6,40,13,7,1,5,4,6,6,4,4,9,4,4,2,12,3,10,3,1,B03,7,1,1,8,2,3,,51,51,1,12,4,120.642674,24.153675,2
7977,66000,387130000C,(04)23274275,(04)23288582,2025,10,21,10,35,臺中市,北區,0,1,0,7,2,6,50,4,1,1,5,4,6,6,4,4,10,5,5,2,17,3,10,3,1,B12,7,5,1,8,2,1,,84,84,1,12,4,120.684039,24.152332,2
7978,66000,387130000C,(04)23274275,(04)23288582,2025,10,21,10,36,臺中市,西區,0,1,0,7,3,6,40,13,8,1,5,4,6,6,4,4,1,4,1,2,12,2,8,6,1,F01,7,9,7,21,1,14,,4,4,1,12,4,120.669096,24.152104,2
7979,66000,387130000C,(04)23274275,(04)23288582,2025,10,21,10,42,臺中市,南區,0,0,0,7,,,50,,,,,,,,,,,,,,17,,,,,B03,,,1,,1,,,7,7,1,13,4,120.669194,24.12752,3
7980,66000,387130000C,(04)23274275,(04)23288582,2025,10,21,10,45,臺中市,北區,0,0,0,7,,,50,,,,,,,,,,,,,,13,,,,,C03,,,1,,1,,,59,59,1,12,4,120.675052,24.163227,3
7981,66000,387130000C,(04)23274275,(04)23288582,2025,10,21,10,46,臺中市,豐原區,0,1,0,7,2,6,50,5,1,1,5,4,6,6,1,1,10,5,5,2,17,2,7,1,1,C04,7,6,5,19,2,14,,20,20,1,13,4,120.719133,24.248088,2
7982,66000,387130000C,(04)23274275,(04)23288582,2025,10,21,10,48,臺中市,南區,0,2,0,7,2,6,40,3,1,1,5,4,6,6,1,1,10,5,5,2,16,2,9,2,1,C04,7,6,1,8,1,14,,48,48,1,13,4,120.662178,24.11688,2
7983,66000,387130000C,(04)23274275,(04)23288582,2025,10,21,10,48,臺中市,北屯區,0,0,0,7,,,50,,,,,,,,,,,,,,14,,,,,B03,,,1,,2,,,49,49,1,13,4,120.725419,24.173906,3
7984,66000,387130000C,(04)23274275,(04)23288582,2025,10,21,10,50,臺中市,大里區,0,0,0,7,,,50,,,,,,,,,,,,,,,,,,,B12,,,1,,2,,,7,7,1,12,4,120.662464,24.108884,3
7985,66000,387130000C,(04)23274275,(04)23288582,2025,10,21,10,55,臺中市,南屯區,0,0,0,7,,,40,,,,,,,,,,,,,,9,,,,,C03,,,1,,2,,,87,87,1,12,4,120.639763,24.14522,3
7986,66000,387130000C,(04)23274275,(04)23288582,2025,10,21,11,0,臺中市,梧棲區,0,1,0,7,2,6,60,4,1,1,5,4,6,6,1,1,10,5,5,2,16,3,10,3,1,B03,7,5,1,8,2,5,,38,38,1,6,4,120.551556,24.244181,2
7987,66000,387130000C,(04)23274275,(04)23288582,2025,10,21,11,2,臺中市,梧棲區,0,1,1,6,3,6,40,4,1,1,5,4,6,6,4,4,10,5,5,2,16,2,9,1,1,C03,7,9,1,10,2,11,,6,6,1,6,4,120.558051,24.242148,2
7988,66000,387130000C,(04)23274275,(04)23288582,2025,10,21,11,2,臺中市,豐原區,0,1,0,7,2,6,50,3,1,1,5,4,6,6,2,1,1,2,4,1,12,3,10,3,1,B03,7,9,1,8,2,1,,21,21,1,12,4,120.736583,24.25933,2
7989,66000,387130000C,(04)23274275,(04)23288582,2025,10,21,11,5,臺中市,東區,0,1,0,7,1,6,50,4,1,1,5,4,6,6,1,1,10,5,5,2,30,2,9,1,1,C03,7,9,1,10,2,14,,84,84,1,12,4,120.696864,24.144694,2
7990,66000,387130000C,(04)23274275,(04)23288582,2025,10,21,11,12,臺中市,西屯區,0,1,0,7,2,6,50,4,1,1,5,4,6,6,4,4,10,5,5,2,17,2,9,2,4,C03,7,9,1,10,2,16,,59,59,1,12,4,120.61217,24.185229,2
7991,66000,387130000C,(04)23274275,(04)23288582,2025,10,21,11,15,臺中市,烏日區,0,0,0,7,,,50,,,,,,,,,,,,,,17,,,,,B01,,,1,,1,,,2,2,1,13,4,120.607697,24.112044,3
7992,66000,387130000C,(04)23274275,(04)23288582,2025,10,21,11,18,臺中市,潭子區,0,2,0,7,3,6,50,3,1,1,5,4,6,6,4,4,1,5,5,1,17,2,9,2,1,C03,7,9,1,10,2,11,,7,7,1,13,4,120.673806,24.205413,2
7993,66000,387130000C,(04)23274275,(04)23288582,2025,10,21,11,19,臺中市,北屯區,0,1,0,7,2,6,50,13,8,1,5,4,6,6,4,4,10,5,5,2,13,2,9,5,4,C03,7,9,3,19,2,11,,7,7,1,12,4,120.665977,24.182697,2
7994,66000,387130000C,(04)23274275,(04)23288582,2025,10,21,11,20,臺中市,西屯區,0,1,0,7,1,6,50,3,2,1,5,4,6,6,1,1,5,4,5,2,12,3,10,3,1,B03,7,7,1,8,2,6,,8,8,1,13,4,120.660044,24.201191,2
7995,66000,387130000C,(04)23274275,(04)23288582,2025,10,21,11,21,臺中市,南屯區,0,0,0,7,,3,80,,,,,,,,,,,,,,17,,,,,B12,,,1,,9,,,68,68,1,12,4,120.621618,24.134699,3
7996,66000,387130000C,(04)23274275,(04)23288582,2025,10,21,11,24,臺中市,大甲區,0,0,0,7,,,60,,,,,,,,,,,,,,17,,,,,B12,,,1,,2,,,8,8,1,6,4,120.617937,24.341975,3
7997,66000,387130000C,(04)23274275,(04)23288582,2025,10,21,11,25,臺中市,清水區,0,0,0,7,,,40,,,,,,,,,,,,,,17,,,,,B03,,,1,,2,,,51,51,1,12,4,120.574842,24.267802,3
7998,66000,387130000C,(04)23274275,(04)23288582,2025,10,21,11,26,臺中市,沙鹿區,0,0,0,7,,,50,,,,,,,,,,,,,,,,,,,B03,,,1,,1,,,8,8,1,13,4,120.569399,24.230718,3
7999,66000,387130000C,(04)23274275,(04)23288582,2025,10,21,11,27,臺中市,北屯區,0,0,0,7,,,50,,,,,,,,,,,,,,13,,,,,B03,,,1,,1,,,59,59,1,12,4,120.704522,24.170007,3
8000,66000,387130000C,(04)23274275,(04)23288582,2025,10,21,11,27,臺中市,西屯區,0,0,0,7,,,30,,,,,,,,,,,,,,17,,,,,B03,,,1,,2,,,59,59,1,12,4,120.667019,24.174274,3
8001,66000,387130000C,(04)23274275,(04)23288582,2025,10,21,11,30,臺中市,太平區,0,2,0,7,2,6,50,13,9,1,5,4,6,6,4,4,5,5,5,1,12,2,7,2,1,C03,7,4,1,10,2,12,,8,8,1,12,4,120.732639,24.137551,2
8002,66000,387130000C,(04)23274275,(04)23288582,2025,10,21,11,31,臺中市,神岡區,0,0,0,7,,,30,,,,,,,,,,,,,,1,,,,,B03,,,1,,2,,,43,43,1,12,4,120.65018,24.274946,3
8003,66000,387130000C,(04)23274275,(04)23288582,2025,10,21,11,34,臺中市,北區,0,1,0,7,2,6,50,4,1,1,5,4,6,6,1,1,10,5,5,2,13,3,10,5,4,B03,7,9,1,8,2,1,,59,59,1,12,4,120.674576,24.146779,2
8004,66000,387130000C,(04)23274275,(04)23288582,2025,10,21,11,35,臺中市,霧峰區,0,0,0,7,,,50,,,,,,,,,,,,,,,,,,,C03,,,1,,2,,,11,11,1,12,4,120.701893,24.068024,3
8005,66000,387130000C,(04)23274275,(04)23288582,2025,10,21,11,36,臺中市,太平區,0,1,0,7,3,6,30,11,9,1,5,4,6,6,4,4,10,5,5,2,2,3,10,3,1,A11,7,9,1,3,2,6,,84,84,1,12,4,120.711163,24.13051,2
8006,66000,387130000C,(04)23274275,(04)23288582,2025,10,21,11,43,臺中市,石岡區,0,0,0,7,,,50,,,,,,,,,,,,,,,,,,,B12,,,1,,1,,,7,7,1,12,4,120.776474,24.276447,3
8007,66000,387130000C,(04)23274275,(04)23288582,2025,10,21,11,45,臺中市,北屯區,0,1,0,7,2,6,50,13,9,1,5,4,6,6,4,4,9,5,5,1,13,3,10,1,1,C03,7,9,1,10,2,11,,7,7,1,13,4,120.694098,24.203421,2
8008,66000,387130000C,(04)23274275,(04)23288582,2025,10,21,11,51,臺中市,北屯區,0,0,0,7,,,50,,,,,,,,,,,,,,13,,,,,B03,,,1,,1,,,84,84,1,12,4,120.701831,24.182039,3
8009,66000,387130000C,(04)23274275,(04)23288582,2025,10,21,11,52,臺中市,龍井區,0,2,0,7,3,6,50,13,9,1,5,4,6,6,4,4,5,5,5,1,12,2,9,1,1,C03,7,9,3,19,2,11,,84,84,1,12,4,120.526808,24.217774,2
8010,66000,387130000C,(04)23274275,(04)23288582,2025,10,21,11,53,臺中市,南屯區,0,0,0,7,,,50,,,,,,,,,,,,,,,,,,,B03,,,1,,1,,,84,84,1,12,4,120.649274,24.140157,3
8011,66000,387130000C,(04)23274275,(04)23288582,2025,10,21,11,54,臺中市,北屯區,0,0,0,7,,,50,,,,,,,,,,,,,,12,,,,,B03,,,1,,1,,,1,1,1,12,4,120.716899,24.175301,3
8012,66000,387130000C,(04)23274275,(04)23288582,2025,10,21,11,55,臺中市,烏日區,0,0,0,7,2,6,60,13,9,1,5,4,6,6,4,4,1,4,5,1,12,3,10,3,1,A12,7,1,1,2,1,3,,84,84,1,6,4,120.617884,24.105543,3
8013,66000,387130000C,(04)23274275,(04)23288582,2025,10,21,11,56,臺中市,北屯區,0,0,0,7,,,50,,,,,,,,,,,,,,12,,,,,B03,,,1,,1,,,8,8,1,13,4,120.663525,24.186422,3
8014,66000,387130000C,(04)23274275,(04)23288582,2025,10,21,12,2,臺中市,北屯區,0,1,0,7,2,6,50,13,12,1,5,4,6,6,4,4,10,5,5,2,13,2,9,5,4,F03,7,9,7,21,2,11,,7,7,1,12,4,120.715533,24.163955,2
8015,66000,387130000C,(04)23274275,(04)23288582,2025,10,21,12,2,臺中市,豐原區,0,0,0,7,,,50,,,,,,,,,,,,,,17,,,,,B03,,,1,,1,,,84,84,1,12,4,120.700212,24.246035,4
8016,66000,387130000C,(04)23274275,(04)23288582,2025,10,21,12,8,臺中市,南屯區,0,0,0,7,,,40,,,,,,,,,,,,,,14,,,,,B03,,,1,,1,,,49,49,1,12,4,120.617552,24.15872,3
8017,66000,387130000C,(04)23274275,(04)23288582,2025,10,21,12,11,臺中市,北區,0,3,0,7,3,6,50,13,9,1,5,4,6,6,4,4,5,4,5,2,17,2,9,1,1,C03,7,9,1,10,2,11,,7,7,1,12,4,120.68864,24.152319,2
8018,66000,387130000C,(04)23274275,(04)23288582,2025,10,21,12,12,臺中市,南屯區,0,0,0,7,,,50,,,,,,,,,,,,,,,,,,,B03,,,1,,1,,,49,49,1,12,4,120.652336,24.148859,3
8019,66000,387130000C,(04)23274275,(04)23288582,2025,10,21,12,13,臺中市,霧峰區,0,1,0,7,2,6,30,11,9,1,5,4,6,6,4,4,10,5,5,1,30,2,4,3,1,B03,7,9,1,8,2,1,,7,7,1,13,4,120.664909,24.052722,2
8020,66000,387130000C,(04)23274275,(04)23288582,2025,10,21,12,14,臺中市,西屯區,0,1,0,7,2,6,50,5,1,1,5,4,6,6,1,1,10,5,5,2,13,2,7,2,4,C03,7,6,1,10,2,11,,7,7,1,13,4,120.632917,24.172175,2
8021,66000,387130000C,(04)23274275,(04)23288582,2025,10,21,12,15,臺中市,北區,0,0,0,7,,,60,,,,,,,,,,,,,,13,,,,,B12,,,1,,1,,,84,84,1,13,4,120.665215,24.154372,3
8022,66000,387130000C,(04)23274275,(04)23288582,2025,10,21,12,19,臺中市,霧峰區,0,1,0,7,2,6,50,4,1,1,5,4,6,6,3,1,10,5,5,2,15,3,10,1,1,C03,7,9,1,10,2,11,,24,24,1,12,4,120.697964,24.066374,2
8023,66000,387130000C,(04)23274275,(04)23288582,2025,10,21,12,20,臺中市,南屯區,0,0,0,7,,,50,,,,,,,,,,,,,,13,,,,,B12,,,1,,2,,,7,7,1,12,4,120.631116,24.133313,3
8024,66000,387130000C,(04)23274275,(04)23288582,2025,10,21,12,20,臺中市,霧峰區,0,0,0,7,,,40,,,,,,,,,,,,,,,,,,,C03,,,1,,2,,,7,7,1,12,4,120.715285,24.073149,3
8025,66000,387130000C,(04)23274275,(04)23288582,2025,10,21,12,22,臺中市,北區,0,1,0,7,3,6,50,13,9,1,5,4,6,6,4,4,9,5,5,2,13,3,10,1,1,C03,7,9,1,10,2,11,,59,59,1,12,4,120.675474,24.155287,2
8026,66000,387130000C,(04)23274275,(04)23288582,2025,10,21,12,24,臺中市,清水區,0,1,0,7,2,6,50,4,1,1,5,4,6,6,4,4,8,3,4,2,15,3,10,3,1,B03,7,9,1,8,2,1,,12,12,1,12,4,120.577959,24.269467,2
8027,66000,387130000C,(04)23274275,(04)23288582,2025,10,21,12,25,臺中市,西屯區,0,2,0,7,2,6,40,4,1,1,5,4,6,6,4,4,10,4,4,2,15,2,9,2,1,C03,7,9,3,19,2,11,12,12,12,1,12,4,120.644966,24.17547,2
8028,66000,387130000C,(04)23274275,(04)23288582,2025,10,21,12,26,臺中市,北區,0,3,0,7,2,6,50,4,1,1,5,4,6,6,1,1,10,5,5,2,17,2,8,5,4,C03,7,1,1,10,2,14,,51,51,1,13,4,120.665379,24.160573,2
8029,66000,387130000C,(04)23274275,(04)23288582,2025,10,21,12,28,臺中市,潭子區,0,1,0,7,3,6,50,4,1,1,5,4,6,6,4,4,9,5,5,2,15,2,9,2,1,C03,7,9,1,10,2,11,,15,15,1,13,4,120.702737,24.226718,2
8030,66000,387130000C,(04)23274275,(04)23288582,2025,10,21,12,29,臺中市,南區,0,0,0,7,,,50,,,,,,,,,,,,,,13,,,,,B11,,,1,,1,,,84,84,1,12,4,120.650046,24.120598,3
8031,66000,387130000C,(04)23274275,(04)23288582,2025,10,21,12,34,臺中市,南屯區,0,1,0,7,2,6,50,3,1,1,5,4,6,6,4,4,9,4,4,2,12,3,10,3,1,B03,7,5,1,8,2,2,,85,85,1,12,4,120.622723,24.147069,2
8032,66000,387130000C,(04)23274275,(04)23288582,2025,10,21,12,35,臺中市,烏日區,0,0,0,7,,,50,,,,,,,,,,,,,,13,,,,,B03,,,1,,2,,,7,7,1,13,4,120.64648,24.110251,3
8033,66000,387130000C,(04)23274275,(04)23288582,2025,10,21,12,37,臺中市,西屯區,0,0,0,7,,,40,,,,,,,,,,,,,,12,,,,,C03,,,1,,1,,,8,8,1,12,4,120.60295,24.183005,3
8034,66000,387130000C,(04)23274275,(04)23288582,2025,10,21,12,37,臺中市,太平區,0,1,0,7,2,6,50,3,2,1,5,4,6,6,4,4,5,2,5,2,11,2,9,2,1,C03,7,9,1,10,2,14,,7,7,1,12,4,120.715089,24.155771,2
8035,66000,387130000C,(04)23274275,(04)23288582,2025,10,21,12,39,臺中市,北區,0,1,0,7,3,6,30,13,9,1,5,4,6,6,4,4,10,5,5,2,13,2,9,1,1,C03,7,9,1,10,2,11,,7,7,1,12,4,120.681605,24.146612,2
8036,66000,387130000C,(04)23274275,(04)23288582,2025,10,21,12,43,臺中市,西區,0,0,0,7,,,50,,,,,,,,,,,,,,,,,,,B03,,,1,,1,,,7,7,1,12,4,120.673552,24.133067,3
8037,66000,387130000C,(04)23274275,(04)23288582,2025,10,21,12,47,臺中市,南屯區,0,1,0,7,2,6,30,4,1,1,5,4,6,6,4,4,1,5,5,2,15,2,8,2,1,C03,7,9,1,10,2,11,,12,12,1,12,4,120.647251,24.130825,2
8038,66000,387130000C,(04)23274275,(04)23288582,2025,10,21,12,50,臺中市,南屯區,0,0,0,7,,,50,,,,,,,,,,,,,,13,,,,,C03,,,1,,1,,,7,7,1,12,4,120.623871,24.153635,4
8039,66000,387130000C,(04)23274275,(04)23288582,2025,10,21,12,53,臺中市,大里區,0,2,0,7,2,6,50,13,9,1,5,4,6,6,3,1,1,4,5,1,16,2,9,1,1,C03,7,1,1,8,2,14,,51,51,1,13,4,120.680409,24.107194,2
8040,66000,387130000C,(04)23274275,(04)23288582,2025,10,21,12,54,臺中市,大里區,0,1,0,7,3,6,50,13,9,1,5,4,6,6,4,4,1,4,5,1,18,2,9,1,1,C03,7,9,1,10,2,14,,84,84,1,13,4,120.693523,24.105479,2
8041,66000,387130000C,(04)23274275,(04)23288582,2025,10,21,13,1,臺中市,烏日區,0,0,0,7,2,6,60,10,7,1,5,4,6,6,4,4,1,4,5,1,23,3,10,3,1,B03,7,9,1,8,1,4,,8,8,1,6,4,120.652234,24.100853,3
8042,66000,387130000C,(04)23274275,(04)23288582,2025,10,21,13,14,臺中市,西區,0,1,0,7,2,6,50,4,1,1,5,4,6,6,1,1,10,5,5,2,17,3,10,3,1,B03,7,9,1,8,3,1,,85,85,1,12,4,120.665831,24.137131,2
8043,66000,387130000C,(04)23274275,(04)23288582,2025,10,21,13,16,臺中市,大里區,0,1,0,7,2,6,30,3,1,1,5,4,6,6,4,4,10,5,5,2,15,3,10,3,1,B03,7,9,1,8,2,5,,20,20,1,13,4,120.702432,24.094221,2
8044,66000,387130000C,(04)23274275,(04)23288582,2025,10,21,13,19,臺中市,中區,0,2,0,7,2,6,50,4,1,1,5,4,6,6,4,4,5,3,4,2,15,2,9,2,1,C03,7,9,1,10,2,14,,12,12,1,13,4,120.677111,24.144534,2
8045,66000,387130000C,(04)23274275,(04)23288582,2025,10,21,13,31,臺中市,西區,0,1,0,7,3,6,50,13,7,1,5,4,6,6,4,4,5,5,4,2,12,3,10,3,1,B12,7,1,1,8,2,4,,51,51,1,6,4,120.663148,24.156891,2
8046,66000,387130000C,(04)23274275,(04)23288582,2025,10,21,13,32,臺中市,西區,0,0,0,7,,,50,,,,,,,,,,,,,,,,,,,B03,,,1,,1,,,85,85,1,6,4,120.656918,24.15007,3
8047,66000,387130000C,(04)23274275,(04)23288582,2025,10,21,13,33,臺中市,東區,0,1,0,7,3,6,50,4,1,1,5,4,6,6,1,1,10,5,5,2,16,3,10,3,1,B03,7,6,1,8,2,1,,11,11,1,12,4,120.690147,24.131651,2
8048,66000,387130000C,(04)23274275,(04)23288582,2025,10,21,13,35,臺中市,南區,0,2,0,7,2,6,50,4,1,1,5,4,6,6,1,1,9,4,5,2,17,2,9,1,1,C03,7,9,3,19,8,11,,7,7,1,12,4,120.650576,24.120293,2
8049,66000,387130000C,(04)23274275,(04)23288582,2025,10,21,13,39,臺中市,梧棲區,0,0,0,7,,,30,,,,,,,,,,,,,,27,,,,,B02,,,1,,1,,,84,84,1,12,4,120.549679,24.260285,3
8050,66000,387130000C,(04)23274275,(04)23288582,2025,10,21,13,43,臺中市,大里區,0,0,0,7,,,50,,,,,,,,,,,,,,,,,,,B12,,,1,,1,,,49,49,1,12,4,120.688761,24.106315,3
8051,66000,387130000C,(04)23274275,(04)23288582,2025,10,21,13,46,臺中市,東區,0,1,0,7,2,6,50,3,2,1,5,4,6,6,1,1,1,4,5,2,13,3,10,3,1,B03,7,9,1,8,2,5,,7,7,1,12,4,120.691133,24.13882,2
8052,66000,387130000C,(04)23274275,(04)23288582,2025,10,21,13,46,臺中市,太平區,0,0,0,7,,,50,,,,,,,,,,,,,,17,,,,,B03,,,1,,1,,,51,51,1,12,4,120.715818,24.147922,3
8053,66000,387130000C,(04)23274275,(04)23288582,2025,10,21,13,50,臺中市,南區,0,0,0,7,,,30,,,,,,,,,,,,,,12,,,,,B12,,,1,,1,,,84,84,1,12,4,120.650085,24.113688,3