序號,縣市別代碼,機關代碼,市話,傳真,年,月,日,時,分,縣市,區,死亡數量,受傷數量,2-30,天候,道路照明設備,道路類別,道路速限,道路型態,事故位置,路面鋪裝,路面狀態,路面缺陷,障礙物,視距,號誌種類,號誌動作,分向設施,快車道或一般車道間,快慢車道間,路面邊線,事故類型及型態,受傷程度,主要傷處,保護裝備,行動電話或功能裝置,當事者區分(類別),車輛用途,當事者行動狀態,駕照狀態,駕照種類,飲酒情形,車輛撞擊部位最初,車輛撞擊部位其他,肇事因素個別,肇事因素主要,肇事逃逸,職業,共享經濟或外送平台,GPS座標X,GPS座標Y,事故類別
8165,66000,387130000C,(04)23274275,(04)23288582,2025,10,21,17,29,臺中市,大里區,0,0,0,7,,,50,,,,,,,,,,,,,,17,,,,,B03,,,1,8,2,,,84,84,1,13,4,120.687554,24.086311,3
8166,66000,387130000C,(04)23274275,(04)23288582,2025,10,21,17,30,臺中市,北區,0,0,0,7,,,50,,,,,,,,,,,,,,17,,,,,C03,,,1,,1,,,42,42,1,13,4,120.671295,24.173719,3
8167,66000,387130000C,(04)23274275,(04)23288582,2025,10,21,17,30,臺中市,南區,0,0,0,7,,,50,,,,,,,,,,,,,,13,,,,,B12,,,1,,1,,,84,84,1,12,4,120.684765,24.121902,3
8168,66000,387130000C,(04)23274275,(04)23288582,2025,10,21,17,34,臺中市,大里區,0,1,0,7,1,6,50,4,2,1,5,4,6,6,1,1,5,5,4,2,17,3,10,3,1,B03,7,5,1,8,2,8,,84,84,1,12,4,120.687415,24.104861,2
8169,66000,387130000C,(04)23274275,(04)23288582,2025,10,21,17,35,臺中市,南屯區,0,0,0,7,,,40,,,,,,,,,,,,,,13,,,,,C03,,,1,,1,,,7,7,1,12,4,120.638185,24.139825,3
8170,66000,387130000C,(04)23274275,(04)23288582,2025,10,21,17,35,臺中市,沙鹿區,0,1,0,6,1,6,50,5,1,1,5,4,6,6,1,1,10,5,5,2,13,3,10,2,1,C02,7,9,1,9,2,11,,7,7,1,6,4,120.570029,24.237081,2
8171,66000,387130000C,(04)23274275,(04)23288582,2025,10,21,17,36,臺中市,豐原區,0,0,0,7,,,60,,,,,,,,,,,,,,13,,,,,B03,,,1,,1,,,7,7,1,12,4,120.728994,24.277478,3
8172,66000,387130000C,(04)23274275,(04)23288582,2025,10,21,17,39,臺中市,太平區,0,1,0,7,3,6,50,13,9,1,5,4,6,6,4,4,1,5,5,2,17,2,9,1,1,C03,7,9,1,10,2,11,,84,84,1,12,4,120.724174,24.132612,2
8173,66000,387130000C,(04)23274275,(04)23288582,2025,10,21,17,40,臺中市,大雅區,0,0,0,7,,,50,,,,,,,,,,,,,,13,,,,,C03,,,1,,9,,,7,7,1,13,4,120.651844,24.227919,3
8174,66000,387130000C,(04)23274275,(04)23288582,2025,10,21,17,41,臺中市,西區,0,2,0,7,1,6,50,3,1,1,5,4,6,6,2,1,1,4,4,1,17,2,9,2,1,C03,7,9,1,10,2,12,,8,8,1,13,4,120.66557,24.140145,2
8175,66000,387130000C,(04)23274275,(04)23288582,2025,10,21,17,42,臺中市,北區,0,0,0,7,,,50,,,,,,,,,,,,,,14,,,,,B03,,,1,,1,,,49,49,1,13,4,120.67473,24.159369,3
8176,66000,387130000C,(04)23274275,(04)23288582,2025,10,21,17,45,臺中市,西屯區,0,1,0,7,1,6,50,13,7,1,5,4,6,6,4,4,1,4,4,2,13,3,10,5,4,B03,7,9,1,8,2,1,,7,7,1,13,4,120.644444,24.161352,2
8177,66000,387130000C,(04)23274275,(04)23288582,2025,10,21,17,46,臺中市,沙鹿區,0,0,0,7,,,50,,,,,,,,,,,,,,17,,,,,B03,,,1,,2,,,50,50,1,6,4,120.57919,24.214933,3
8178,66000,387130000C,(04)23274275,(04)23288582,2025,10,21,17,48,臺中市,西區,0,1,0,7,1,6,50,4,1,1,5,4,6,6,4,4,8,4,5,2,18,2,9,2,1,C03,7,9,1,10,2,12,,43,43,1,13,4,120.658813,24.141573,2
8179,66000,387130000C,(04)23274275,(04)23288582,2025,10,21,17,48,臺中市,北屯區,0,0,0,7,,,50,,,,,,,,,,,,,,23,,,,,B12,,,1,,2,,,59,59,1,6,4,120.686424,24.190484,3
8180,66000,387130000C,(04)23274275,(04)23288582,2025,10,21,17,48,臺中市,西屯區,0,0,0,7,,,50,,,,,,,,,,,,,,17,,,,,B03,,,1,,1,,,40,40,1,13,4,120.660568,24.172484,3
8181,66000,387130000C,(04)23274275,(04)23288582,2025,10,21,17,49,臺中市,大雅區,0,2,0,6,1,6,60,13,9,1,5,4,6,6,4,4,9,4,5,2,13,2,9,2,1,C03,7,9,1,10,2,11,,7,7,1,13,4,120.650173,24.211471,2
8182,66000,387130000C,(04)23274275,(04)23288582,2025,10,21,17,49,臺中市,梧棲區,0,0,0,7,,,60,,,,,,,,,,,,,,13,,,,,B03,,,1,,2,,,7,7,1,12,4,120.557943,24.241982,3
8183,66000,387130000C,(04)23274275,(04)23288582,2025,10,21,17,49,臺中市,豐原區,0,0,0,7,,,50,,,,,,,,,,,,,,13,,,,,B03,,,5,,2,,,59,59,1,12,4,120.718508,24.238036,3
8184,66000,387130000C,(04)23274275,(04)23288582,2025,10,21,17,50,臺中市,西屯區,0,0,0,7,,,50,,,,,,,,,,,,,,13,,,,,B03,,,1,,1,,,58,58,1,13,4,120.664726,24.178119,3
8185,66000,387130000C,(04)23274275,(04)23288582,2025,10,21,17,51,臺中市,西區,0,1,0,7,1,6,50,3,19,1,5,4,6,6,4,4,10,5,5,2,3,2,9,5,1,B03,7,9,1,8,2,8,,10,10,1,6,4,120.664161,24.135824,2
8186,66000,387130000C,(04)23274275,(04)23288582,2025,10,21,17,51,臺中市,西區,0,2,0,1,1,6,40,5,1,1,5,4,6,6,2,1,1,5,1,2,12,3,10,3,1,B03,7,5,1,8,2,2,,14,14,1,13,4,120.663665,24.15474,2
8187,66000,387130000C,(04)23274275,(04)23288582,2025,10,21,17,52,臺中市,西屯區,0,0,0,7,,,,,,,,,,,,,,,,,30,,,,,,,,,,,,,87,87,1,,,120.597419,24.16549,3
8188,66000,387130000C,(04)23274275,(04)23288582,2025,10,21,17,55,臺中市,太平區,0,2,0,7,1,6,50,4,2,1,5,4,6,6,2,1,5,2,5,2,12,2,8,2,1,C03,7,9,1,10,2,12,,84,84,1,12,4,120.710782,24.134145,2
8189,66000,387130000C,(04)23274275,(04)23288582,2025,10,21,17,56,臺中市,潭子區,0,0,0,6,,,40,,,,,,,,,,,,,,,,,,,C03,,,1,,2,,,50,50,1,13,4,120.704117,24.211755,3
8190,66000,387130000C,(04)23274275,(04)23288582,2025,10,21,17,58,臺中市,西屯區,0,2,0,7,1,6,40,4,1,1,5,4,6,6,1,1,10,5,5,2,12,2,7,1,4,C03,7,5,1,10,2,12,,47,47,1,13,4,120.668446,24.177988,2
8191,66000,387130000C,(04)23274275,(04)23288582,2025,10,21,17,59,臺中市,大里區,0,0,0,7,,,50,,,,,,,,,,,,,,17,,,,,B03,,,1,,1,,,59,59,1,6,4,120.694277,24.096105,3
8192,66000,387130000C,(04)23274275,(04)23288582,2025,10,21,18,0,臺中市,北屯區,0,0,0,7,,,50,,,,,,,,,,,,,,13,,,,,B12,,,1,,1,,,7,7,1,6,4,120.716055,24.182306,3
8193,66000,387130000C,(04)23274275,(04)23288582,2025,10,21,18,1,臺中市,烏日區,0,0,0,7,1,6,50,13,9,1,5,4,6,6,4,4,5,4,5,2,16,3,10,3,1,B03,7,6,1,8,1,5,,39,39,1,6,4,120.610171,24.105776,3
8194,66000,387130000C,(04)23274275,(04)23288582,2025,10,21,18,2,臺中市,南屯區,0,0,0,7,,,40,,,,,,,,,,,,,,17,,,,,B03,,,1,,1,,,84,84,1,6,4,120.623548,24.144379,3
8195,66000,387130000C,(04)23274275,(04)23288582,2025,10,21,18,3,臺中市,南屯區,0,0,0,7,,,50,,,,,,,,,,,,,,,,,,,B03,,,1,,1,,,40,40,1,12,4,120.635711,24.143383,3
8196,66000,387130000C,(04)23274275,(04)23288582,2025,10,21,18,4,臺中市,大肚區,0,1,0,1,1,6,30,13,9,1,5,4,6,6,4,4,10,5,5,2,18,2,9,2,1,C03,7,9,1,10,2,12,,87,87,1,6,4,120.557646,24.115675,2
8197,66000,387130000C,(04)23274275,(04)23288582,2025,10,21,18,5,臺中市,烏日區,0,3,0,2,1,6,50,13,9,1,5,4,6,6,4,4,1,4,5,1,13,2,9,5,4,C03,7,9,3,19,6,11,,59,59,1,12,4,120.64352,24.109555,2
8198,66000,387130000C,(04)23274275,(04)23288582,2025,10,21,18,6,臺中市,西屯區,0,0,0,7,,,50,,,,,,,,,,,,,,12,,,,,B03,,,1,,2,,,40,40,1,13,4,120.657983,24.195658,3
8199,66000,387130000C,(04)23274275,(04)23288582,2025,10,21,18,7,臺中市,北區,0,1,0,7,2,6,50,4,1,1,5,4,6,6,1,1,5,5,5,2,17,2,8,1,1,C03,7,4,1,10,2,15,,85,85,1,12,4,120.679919,24.158168,2
8200,66000,387130000C,(04)23274275,(04)23288582,2025,10,21,18,10,臺中市,北屯區,0,0,0,7,,,50,,,,,,,,,,,,,,13,,,,,B03,,,1,,2,,,7,7,1,6,4,120.699447,24.182714,3
8201,66000,387130000C,(04)23274275,(04)23288582,2025,10,21,18,10,臺中市,后里區,0,1,0,7,1,6,50,4,1,1,5,4,6,6,1,1,10,5,5,2,15,3,10,3,1,B03,7,9,1,8,2,2,,21,21,1,6,4,120.722305,24.308898,2
8202,66000,387130000C,(04)23274275,(04)23288582,2025,10,21,18,11,臺中市,北屯區,0,0,0,7,,,50,,,,,,,,,,,,,,12,,,,,B03,,,1,,2,,,59,59,1,6,4,120.682442,24.181765,3
8203,66000,387130000C,(04)23274275,(04)23288582,2025,10,21,18,11,臺中市,太平區,0,0,0,7,,,50,,,,,,,,,,,,,,,,,,,C03,,,1,,2,,,7,7,1,12,4,120.7178,24.152868,3
8204,66000,387130000C,(04)23274275,(04)23288582,2025,10,21,18,12,臺中市,烏日區,0,2,0,7,1,6,30,3,1,1,5,4,6,6,4,4,10,5,5,1,12,2,8,3,1,B03,7,6,1,8,2,8,4,20,20,1,6,4,120.643359,24.061729,2
8205,66000,387130000C,(04)23274275,(04)23288582,2025,10,21,18,13,臺中市,大里區,0,0,0,7,,,50,,,,,,,,,,,,,,13,,,,,C03,,,1,,1,,,58,58,1,12,4,120.703368,24.091485,3
8206,66000,387130000C,(04)23274275,(04)23288582,2025,10,21,18,16,臺中市,神岡區,0,1,0,6,1,6,50,13,9,1,5,4,6,6,4,4,9,4,4,2,13,3,10,5,4,B03,7,9,1,8,2,1,,7,7,1,12,4,120.676655,24.235022,2
8207,66000,387130000C,(04)23274275,(04)23288582,2025,10,21,18,17,臺中市,南屯區,0,1,0,7,1,6,50,3,8,1,5,4,6,6,4,4,8,3,4,1,17,3,10,5,1,B03,7,13,1,8,1,4,,76,76,1,12,4,120.637343,24.150162,2
8208,66000,387130000C,(04)23274275,(04)23288582,2025,10,21,18,19,臺中市,南屯區,0,1,0,7,3,6,50,13,7,1,5,4,6,6,4,4,1,4,1,2,13,3,10,3,1,B03,7,9,1,10,2,1,,59,59,1,13,4,120.623186,24.145878,2
8209,66000,387130000C,(04)23274275,(04)23288582,2025,10,21,18,20,臺中市,太平區,0,3,0,7,1,6,50,4,1,1,5,4,6,6,4,4,10,5,5,2,15,2,9,1,1,C03,7,9,1,10,2,11,,84,84,1,12,4,120.726098,24.125257,2
8210,66000,387130000C,(04)23274275,(04)23288582,2025,10,21,18,21,臺中市,清水區,0,1,0,7,3,6,50,4,1,1,5,4,6,6,1,1,1,3,5,1,16,3,10,3,1,B03,7,5,1,8,2,5,,20,20,1,12,4,120.549048,24.281446,2
8211,66000,387130000C,(04)23274275,(04)23288582,2025,10,21,18,22,臺中市,沙鹿區,0,1,0,7,3,6,50,13,9,1,5,4,6,6,4,4,5,5,5,1,12,2,8,1,1,C03,7,5,1,10,2,12,,4,4,1,12,4,120.55917,24.238659,2
8212,66000,387130000C,(04)23274275,(04)23288582,2025,10,21,18,24,臺中市,南屯區,0,0,0,7,1,6,30,13,9,1,5,4,6,6,4,4,10,5,5,2,14,,,,,B03,,,1,,1,,,49,49,1,12,4,120.628932,24.154613,3
8213,66000,387130000C,(04)23274275,(04)23288582,2025,10,21,18,27,臺中市,龍井區,0,0,0,1,,,50,,,,,,,,,,,,,,,,,,,B03,,,1,,1,,,40,40,1,6,4,120.545991,24.191565,3
8214,66000,387130000C,(04)23274275,(04)23288582,2025,10,21,18,29,臺中市,北屯區,0,2,0,7,1,6,50,13,9,1,5,4,6,6,4,4,1,4,5,2,13,2,9,1,1,C03,7,9,1,10,2,11,,7,7,1,6,4,120.695925,24.167753,2
8215,66000,387130000C,(04)23274275,(04)23288582,2025,10,21,18,33,臺中市,西屯區,0,0,0,7,,,50,,,,,,,,,,,,,,13,,,,,C03,,,1,,1,,,7,7,1,12,4,120.615598,24.189646,3
8216,66000,387130000C,(04)23274275,(04)23288582,2025,10,21,18,34,臺中市,西區,0,0,0,6,,,50,,,,,,,,,,,,,,,,,,,B03,,,1,,1,,,7,7,1,12,4,120.668384,24.151779,3
8217,66000,387130000C,(04)23274275,(04)23288582,2025,10,21,18,34,臺中市,南屯區,0,0,0,7,,,50,,,,,,,,,,,,,,16,,,,,C03,,,1,,1,,,11,11,1,6,4,120.637278,24.14699,3
8218,66000,387130000C,(04)23274275,(04)23288582,2025,10,21,18,44,臺中市,豐原區,0,1,0,7,1,6,50,3,1,1,5,4,6,6,3,1,5,4,5,2,16,2,9,3,1,B03,7,5,1,8,2,5,,84,84,1,12,4,120.719497,24.260101,2
8219,66000,387130000C,(04)23274275,(04)23288582,2025,10,21,18,47,臺中市,沙鹿區,0,0,0,7,,,50,,,,,,,,,,,,,,,,,,,B03,,,1,,1,,,84,84,1,6,4,120.569061,24.238739,3
8220,66000,387130000C,(04)23274275,(04)23288582,2025,10,21,18,49,臺中市,太平區,0,2,0,7,1,6,50,3,1,1,5,4,6,6,4,4,5,5,4,2,17,2,9,1,1,C03,7,9,1,10,2,11,,7,7,1,12,4,120.72678,24.150003,2
8221,66000,387130000C,(04)23274275,(04)23288582,2025,10,21,18,50,臺中市,沙鹿區,0,0,0,7,,,40,,,,,,,,,,,,,,,,,,,B03,,,1,,1,,,82,82,1,13,4,120.563795,24.239502,3
8222,66000,387130000C,(04)23274275,(04)23288582,2025,10,21,18,50,臺中市,清水區,0,1,0,1,3,6,30,3,2,1,5,4,6,6,4,4,10,5,5,2,18,2,7,1,1,C03,7,9,1,10,2,14,,87,87,1,12,4,120.564036,24.262332,2
8223,66000,387130000C,(04)23274275,(04)23288582,2025,10,21,18,50,臺中市,大甲區,0,0,0,7,,,30,,,,,,,,,,,,,,17,,,,,B03,,,1,,9,,,84,84,1,6,4,120.618138,24.346757,3
8224,66000,387130000C,(04)23274275,(04)23288582,2025,10,21,18,54,臺中市,北區,0,0,0,7,,,50,,,,,,,,,,,,,,17,,,,,C02,,,1,,2,,,84,84,1,13,4,120.689184,24.158451,3
8225,66000,387130000C,(04)23274275,(04)23288582,2025,10,21,18,57,臺中市,北屯區,0,0,0,7,,,50,,,,,,,,,,,,,,13,,,,,C03,,,1,10,2,,,7,7,1,6,4,120.696524,24.180336,3
8226,66000,387130000C,(04)23274275,(04)23288582,2025,10,21,19,0,臺中市,北區,0,0,0,7,,,50,,,,,,,,,,,,,,17,,,,,B03,,,1,,1,,,40,40,1,13,4,120.682485,24.15904,4
8227,66000,387130000C,(04)23274275,(04)23288582,2025,10,21,19,0,臺中市,南屯區,0,0,0,7,,,50,,,,,,,,,,,,,,17,,,,,B03,,,1,,10,,,87,87,1,12,4,120.650393,24.14327,3
8228,66000,387130000C,(04)23274275,(04)23288582,2025,10,21,19,0,臺中市,大里區,0,1,0,7,2,6,50,4,1,1,5,4,6,6,1,1,10,5,5,2,3,4,11,5,4,B03,7,6,1,8,11,1,,85,85,2,13,4,120.701123,24.096099,2
8229,66000,387130000C,(04)23274275,(04)23288582,2025,10,21,19,5,臺中市,西屯區,0,2,0,7,1,6,50,13,9,1,5,4,6,6,4,4,4,4,5,2,16,2,9,5,4,C03,7,11,1,10,2,14,,45,45,1,13,4,120.654478,24.164808,2
8230,66000,387130000C,(04)23274275,(04)23288582,2025,10,21,19,6,臺中市,大里區,0,1,0,7,1,6,50,4,1,1,5,4,6,6,1,1,10,5,5,2,17,2,9,1,1,C03,7,6,1,10,2,13,,48,48,1,12,4,120.674698,24.103473,2
8231,66000,387130000C,(04)23274275,(04)23288582,2025,10,21,19,12,臺中市,大雅區,0,0,0,7,,,60,,,,,,,,,,,,,,13,,,,,B03,,,1,,1,,,7,7,1,13,4,120.647414,24.221177,3
8232,66000,387130000C,(04)23274275,(04)23288582,2025,10,21,19,14,臺中市,大里區,0,1,0,7,1,6,50,3,1,1,5,4,6,6,1,1,10,5,5,2,16,3,10,3,1,B03,7,6,1,8,2,1,,11,11,1,12,4,120.710385,24.107956,2
8233,66000,387130000C,(04)23274275,(04)23288582,2025,10,21,19,19,臺中市,北屯區,0,1,0,7,1,6,50,13,9,1,5,4,6,6,4,4,9,4,5,2,9,3,10,3,1,B03,7,9,1,8,2,2,,59,59,1,6,4,120.678877,24.175397,2
8234,66000,387130000C,(04)23274275,(04)23288582,2025,10,21,19,21,臺中市,西區,0,1,0,1,1,6,50,13,7,1,5,4,6,6,4,4,5,4,4,2,18,2,9,1,1,C03,7,9,1,10,2,12,,84,84,1,13,4,120.6651,24.149952,2
8235,66000,387130000C,(04)23274275,(04)23288582,2025,10,21,19,21,臺中市,霧峰區,0,2,0,7,1,6,50,4,2,1,5,4,6,6,4,4,4,3,4,1,17,2,9,1,1,C03,7,6,1,10,2,14,,14,14,1,6,4,120.661823,24.059563,2
8236,66000,387130000C,(04)23274275,(04)23288582,2025,10,21,19,25,臺中市,霧峰區,0,0,0,7,,,30,,,,,,,,,,,,,,17,,,,,B03,,,1,,2,,,50,50,1,12,4,120.69685,24.065634,3
8237,66000,387130000C,(04)23274275,(04)23288582,2025,10,21,19,27,臺中市,南屯區,0,0,0,7,,,50,,,,,,,,,,,,,,17,,,,,B02,,,1,,2,,,59,59,1,13,4,120.652821,24.149967,3
8238,66000,387130000C,(04)23274275,(04)23288582,2025,10,21,19,27,臺中市,大里區,0,2,0,7,2,6,50,3,2,1,5,4,6,6,4,4,9,5,5,1,3,2,9,5,4,C03,7,9,1,10,2,11,,84,84,1,13,4,120.707193,24.087142,2
8239,66000,387130000C,(04)23274275,(04)23288582,2025,10,21,19,28,臺中市,龍井區,0,2,0,6,1,6,50,4,1,1,5,4,6,6,4,4,9,5,5,2,13,2,8,1,1,C03,7,9,1,10,2,11,,7,7,1,6,4,120.58359,24.181108,2
8240,66000,387130000C,(04)23274275,(04)23288582,2025,10,21,19,29,臺中市,西區,0,1,0,7,1,6,60,3,1,1,5,4,6,6,4,4,1,4,1,1,17,3,10,3,1,B01,7,5,1,4,2,5,,13,13,1,12,4,120.660833,24.156289,2
8241,66000,387130000C,(04)23274275,(04)23288582,2025,10,21,19,35,臺中市,西區,0,0,0,6,,,40,,,,,,,,,,,,,,,,,,,C03,,,1,,2,,,59,59,1,12,4,120.660647,24.156723,3
8242,66000,387130000C,(04)23274275,(04)23288582,2025,10,21,19,35,臺中市,龍井區,0,1,0,1,1,6,40,13,8,1,5,4,5,2,4,4,10,4,3,1,26,2,9,1,1,C03,7,9,1,10,2,11,,59,59,1,6,4,120.580365,24.193596,2
8243,66000,387130000C,(04)23274275,(04)23288582,2025,10,21,19,35,臺中市,大甲區,0,1,0,6,3,6,50,4,1,1,4,4,6,6,1,1,10,5,5,2,17,3,10,3,1,B03,7,2,1,8,2,3,,49,49,1,6,4,120.6414,24.403068,2
8244,66000,387130000C,(04)23274275,(04)23288582,2025,10,21,19,55,臺中市,北區,0,0,0,7,,,50,,,,,,,,,,,,,,17,,,,,B01,,,6,,1,,,85,85,1,13,4,120.675172,24.161917,4
8245,66000,387130000C,(04)23274275,(04)23288582,2025,10,21,20,0,臺中市,豐原區,0,0,0,7,,,50,,,,,,,,,,,,,,13,,,,,B03,,,1,,1,,,59,59,1,12,4,120.703301,24.242789,3
8246,66000,387130000C,(04)23274275,(04)23288582,2025,10,21,20,10,臺中市,大雅區,0,0,0,7,,,50,,,,,,,,,,,,,,16,,,,,C03,,,1,,2,,,11,11,1,13,4,120.656418,24.220738,3
8247,66000,387130000C,(04)23274275,(04)23288582,2025,10,21,20,13,臺中市,東區,0,0,0,7,,,30,,,,,,,,,,,,,,,,,,,B03,,,1,,2,,,49,49,1,13,4,120.692703,24.138315,3
8248,66000,387130000C,(04)23274275,(04)23288582,2025,10,21,20,17,臺中市,西區,0,2,0,7,1,6,50,4,2,1,5,4,6,6,2,1,1,3,4,2,9,2,9,2,1,C01,7,14,1,9,2,14,,84,84,1,13,4,120.659547,24.15682,2
8249,66000,387130000C,(04)23274275,(04)23288582,2025,10,21,20,17,臺中市,南屯區,0,1,0,7,1,6,50,3,2,1,5,4,6,6,4,4,8,3,5,1,12,3,10,1,1,C03,7,9,1,10,2,12,,43,43,1,12,4,120.599696,24.150888,2
8250,66000,387130000C,(04)23274275,(04)23288582,2025,10,21,20,18,臺中市,西區,0,0,0,7,,,50,,,,,,,,,,,,,,,,,,,B03,,,1,,1,,,7,7,1,6,4,120.672971,24.136162,3
8251,66000,387130000C,(04)23274275,(04)23288582,2025,10,21,20,29,臺中市,大里區,0,0,0,7,,,60,,,,,,,,,,,,,,17,,,,,B03,,,1,,2,,,40,40,1,12,4,120.691103,24.10069,3
8252,66000,387130000C,(04)23274275,(04)23288582,2025,10,21,20,40,臺中市,大肚區,0,0,0,6,,,30,,,,,,,,,,,,,,14,,,,,B03,,,1,,2,,,50,50,1,6,4,120.571607,24.157349,3
8253,66000,387130000C,(04)23274275,(04)23288582,2025,10,21,20,46,臺中市,南屯區,0,0,0,7,1,6,40,13,9,1,5,4,6,6,4,1,5,5,4,2,11,,,,,B03,,,1,,2,,,84,84,1,12,4,120.615808,24.151252,3
8254,66000,387130000C,(04)23274275,(04)23288582,2025,10,21,20,47,臺中市,龍井區,0,0,0,7,,,50,,,,,,,,,,,,,,,,,,,B03,,,1,,2,,,49,49,1,12,4,120.524408,24.210544,3
8255,66000,387130000C,(04)23274275,(04)23288582,2025,10,21,20,53,臺中市,北區,0,0,0,7,1,6,50,4,2,1,5,4,6,6,2,1,10,5,5,2,13,3,10,3,1,B12,7,5,1,8,8,1,,7,7,1,13,4,120.67902,24.171306,3
8256,66000,387130000C,(04)23274275,(04)23288582,2025,10,21,20,58,臺中市,南屯區,0,0,0,7,,,50,,,,,,,,,,,,,,17,,,,,B03,,,1,,1,,,8,8,1,6,4,120.645256,24.140213,3
8257,66000,387130000C,(04)23274275,(04)23288582,2025,10,21,21,0,臺中市,大里區,0,2,0,7,1,6,50,13,9,1,5,4,6,6,4,4,10,5,5,2,9,2,9,6,5,H03,8,17,7,21,10,17,,108,108,1,12,5,120.705677,24.108209,2
8258,66000,387130000C,(04)23274275,(04)23288582,2025,10,21,21,3,臺中市,梧棲區,0,0,0,7,,,50,,,,,,,,,,,,,,14,,,,,B03,,,1,,1,,,49,49,1,12,4,120.53464,24.253138,3
8259,66000,387130000C,(04)23274275,(04)23288582,2025,10,21,21,4,臺中市,大甲區,0,1,0,7,3,6,50,3,1,1,5,4,6,6,4,4,10,5,5,2,17,2,9,1,1,F01,7,6,7,21,2,14,,14,14,1,2,4,120.624383,24.350736,2
8260,66000,387130000C,(04)23274275,(04)23288582,2025,10,21,21,5,臺中市,西屯區,0,0,0,7,,,40,,,,,,,,,,,,,,14,,,,,B03,,,3,,11,,,49,49,1,13,4,120.617688,24.185943,3
8261,66000,387130000C,(04)23274275,(04)23288582,2025,10,21,21,13,臺中市,后里區,0,0,0,7,1,6,50,13,7,1,5,4,6,6,4,4,1,4,4,1,13,3,10,3,1,B03,7,9,1,8,1,1,,84,84,1,6,4,120.723708,24.297472,3
8262,66000,387130000C,(04)23274275,(04)23288582,2025,10,21,21,25,臺中市,潭子區,0,2,0,7,1,6,40,3,2,1,5,4,6,6,4,4,1,4,4,1,12,2,9,2,1,C03,7,9,1,10,2,12,,85,85,1,12,4,120.704753,24.205872,2
8263,66000,387130000C,(04)23274275,(04)23288582,2025,10,21,21,30,臺中市,沙鹿區,0,1,0,7,2,6,30,4,1,1,5,4,6,6,4,4,10,5,5,2,15,2,8,1,1,C03,7,9,1,10,2,11,12,12,12,1,6,4,120.567797,24.230805,2
8264,66000,387130000C,(04)23274275,(04)23288582,2025,10,21,21,36,臺中市,西屯區,0,2,0,7,1,6,50,13,9,1,5,4,6,6,4,4,5,4,4,2,16,2,9,1,1,C03,7,6,1,10,2,14,,39,39,1,12,4,120.644615,24.184598,2
8265,66000,387130000C,(04)23274275,(04)23288582,2025,10,21,21,48,臺中市,東區,0,0,0,7,,3,80,,,,,,,,,,,,,,12,,,,,B03,,,1,,1,,,40,40,1,12,4,120.707005,24.131507,3
8266,66000,387130000C,(04)23274275,(04)23288582,2025,10,21,22,7,臺中市,大里區,0,0,0,7,,,50,,,,,,,,,,,,,,17,,,,,B03,,,3,,2,,,49,49,1,12,4,120.703593,24.109581,3
8267,66000,387130000C,(04)23274275,(04)23288582,2025,10,21,22,10,臺中市,北區,0,0,0,7,3,6,50,18,24,1,5,4,6,6,4,4,10,5,5,2,17,,,,,B03,,,1,,1,,,59,59,1,13,4,120.686321,24.154482,3
8268,66000,387130000C,(04)23274275,(04)23288582,2025,10,21,22,12,臺中市,西屯區,0,2,0,7,2,6,50,13,9,1,5,4,6,6,4,4,1,4,5,2,17,2,8,5,4,C03,7,9,1,10,2,11,,59,59,1,12,4,120.653273,24.167109,2
8269,66000,387130000C,(04)23274275,(04)23288582,2025,10,21,22,17,臺中市,東區,0,1,0,7,1,6,50,13,9,1,5,4,6,6,4,4,5,4,5,2,17,2,9,1,1,C03,7,9,1,10,1,13,,1,1,1,12,4,120.705888,24.129705,2
8270,66000,387130000C,(04)23274275,(04)23288582,2025,10,21,22,25,臺中市,西屯區,0,0,0,7,,,30,,,,,,,,,,,,,,17,,,,,B03,,,1,,11,,,8,8,1,13,4,120.646784,24.182758,3
8271,66000,387130000C,(04)23274275,(04)23288582,2025,10,21,22,31,臺中市,太平區,0,1,0,7,1,6,50,4,1,1,5,4,6,6,2,1,10,5,5,2,16,3,10,3,1,B03,7,6,3,19,2,6,,11,11,1,12,4,120.711492,24.149869,2
8272,66000,387130000C,(04)23274275,(04)23288582,2025,10,21,23,11,臺中市,西區,0,2,0,7,1,6,50,4,1,1,5,4,6,6,2,1,10,5,5,2,16,2,9,2,1,C03,7,6,1,10,2,14,,48,48,1,13,4,120.67364,24.143206,2
8273,66000,387130000C,(04)23274275,(04)23288582,2025,10,21,23,12,臺中市,北區,0,1,0,7,2,6,50,13,9,1,5,4,6,6,4,4,9,5,5,2,17,3,10,5,1,B12,7,9,1,8,2,5,,42,42,1,13,4,120.687809,24.151813,2
8274,66000,387130000C,(04)23274275,(04)23288582,2025,10,21,23,57,臺中市,北屯區,0,2,0,7,1,6,50,4,1,1,5,4,6,6,2,1,10,5,5,2,16,2,9,3,1,B03,7,6,1,8,2,2,,48,48,1,12,4,120.713537,24.160767,2
8275,66000,387130000C,(04)23274275,(04)23288582,2025,10,22,0,3,臺中市,中區,0,0,0,7,,,50,,,,,,,,,,,,,,,,,,,B03,,,1,,2,,,84,84,1,12,4,120.685893,24.138463,3