序號,縣市別代碼,機關代碼,市話,傳真,年,月,日,時,分,縣市,區,死亡數量,受傷數量,2-30,天候,道路照明設備,道路類別,道路速限,道路型態,事故位置,路面鋪裝,路面狀態,路面缺陷,障礙物,視距,號誌種類,號誌動作,分向設施,快車道或一般車道間,快慢車道間,路面邊線,事故類型及型態,受傷程度,主要傷處,保護裝備,行動電話或功能裝置,當事者區分(類別),車輛用途,當事者行動狀態,駕照狀態,駕照種類,飲酒情形,車輛撞擊部位最初,車輛撞擊部位其他,肇事因素個別,肇事因素主要,肇事逃逸,職業,共享經濟或外送平台,GPS座標X,GPS座標Y,事故類別
8387,66000,387130000C,(04)23274275,(04)23288582,2025,10,22,9,10,臺中市,大里區,0,0,0,6,,,30,,,,,,,,,,,,,,17,,,,,B12,,,1,,2,,,84,84,1,13,4,120.703105,24.100368,3
8388,66000,387130000C,(04)23274275,(04)23288582,2025,10,22,9,10,臺中市,霧峰區,0,0,0,7,,,50,,,,,,,,,,,,,,11,,,,,B03,,,1,,2,,,7,7,1,12,4,120.700461,24.064011,3
8389,66000,387130000C,(04)23274275,(04)23288582,2025,10,22,9,12,臺中市,西屯區,0,1,0,7,2,6,40,13,8,1,5,4,6,6,4,4,1,4,1,2,18,2,9,2,1,C04,7,9,1,10,2,15,,87,87,1,13,1,120.606422,24.183492,2
8390,66000,387130000C,(04)23274275,(04)23288582,2025,10,22,9,13,臺中市,北屯區,0,1,0,7,2,6,50,13,9,1,5,4,6,6,4,4,1,3,5,2,12,3,10,3,1,B03,7,9,1,8,2,5,,8,8,1,13,4,120.668852,24.173673,2
8391,66000,387130000C,(04)23274275,(04)23288582,2025,10,22,9,14,臺中市,烏日區,0,1,0,7,2,6,50,3,1,1,5,4,6,6,1,1,1,4,4,2,16,3,10,1,1,C03,7,5,1,10,2,13,,11,11,1,6,4,120.641611,24.115441,2
8392,66000,387130000C,(04)23274275,(04)23288582,2025,10,22,9,15,臺中市,南屯區,0,0,0,7,3,6,50,13,9,1,5,4,6,6,1,1,3,4,5,2,13,,,,,B02,,,1,,1,,,7,7,1,12,4,120.638086,24.142354,3
8393,66000,387130000C,(04)23274275,(04)23288582,2025,10,22,9,16,臺中市,神岡區,0,1,0,7,3,6,50,3,1,1,5,4,6,6,4,4,5,5,5,2,16,3,10,3,1,B12,7,5,1,8,2,2,,84,84,1,13,4,120.678737,24.238781,2
8394,66000,387130000C,(04)23274275,(04)23288582,2025,10,22,9,19,臺中市,太平區,0,2,0,7,2,6,50,5,19,1,5,4,6,6,1,1,1,4,5,2,3,2,9,2,1,C03,7,6,1,10,2,11,,10,10,1,13,4,120.713128,24.143407,2
8395,66000,387130000C,(04)23274275,(04)23288582,2025,10,22,9,20,臺中市,沙鹿區,0,0,0,6,,,50,,,,,,,,,,,,,,17,,,,,B12,,,1,,1,,,78,78,1,12,4,120.552695,24.232738,3
8396,66000,387130000C,(04)23274275,(04)23288582,2025,10,22,9,21,臺中市,北屯區,0,0,0,7,,,50,,,,,,,,,,,,,,9,,,,,C03,,,1,10,2,,,84,84,1,12,4,120.700426,24.167743,3
8397,66000,387130000C,(04)23274275,(04)23288582,2025,10,22,9,23,臺中市,西屯區,0,1,0,7,3,6,30,11,9,1,5,4,6,6,4,4,10,5,5,2,17,2,9,5,4,C03,7,1,1,10,2,11,,51,51,1,13,4,120.644846,24.174274,2
8398,66000,387130000C,(04)23274275,(04)23288582,2025,10,22,9,25,臺中市,烏日區,0,0,0,7,,,30,,,,,,,,,,,,,,13,,,,,A12,,,1,,2,,,7,7,1,6,4,120.633642,24.094772,3
8399,66000,387130000C,(04)23274275,(04)23288582,2025,10,22,9,26,臺中市,北區,0,0,0,7,,,50,,,,,,,,,,,,,,17,,,,,G03,,,1,,1,17,,75,75,1,12,4,120.675394,24.151183,3
8400,66000,387130000C,(04)23274275,(04)23288582,2025,10,22,9,27,臺中市,北區,0,1,0,7,2,6,50,5,1,1,5,4,6,6,2,1,10,5,4,2,12,3,10,3,1,B01,7,5,1,4,2,5,,47,47,1,13,4,120.688894,24.152943,2
8401,66000,387130000C,(04)23274275,(04)23288582,2025,10,22,9,27,臺中市,北屯區,0,1,0,7,3,6,50,13,9,1,5,4,6,6,4,4,5,5,5,2,17,3,10,3,1,B03,7,6,1,8,2,16,,34,34,1,12,4,120.687888,24.173393,2
8402,66000,387130000C,(04)23274275,(04)23288582,2025,10,22,9,28,臺中市,大雅區,0,1,0,6,3,6,50,13,9,1,5,4,6,6,4,4,9,4,5,1,12,2,8,2,1,C03,7,9,1,10,2,11,,7,7,1,13,4,120.646727,24.229227,2
8403,66000,387130000C,(04)23274275,(04)23288582,2025,10,22,9,29,臺中市,北屯區,0,0,0,7,,,50,,,,,,,,,,,,,,,,,,,B03,,,1,,2,,,84,84,1,13,4,120.712925,24.168695,3
8404,66000,387130000C,(04)23274275,(04)23288582,2025,10,22,9,34,臺中市,南區,0,0,0,7,,,50,,,,,,,,,,,,,,13,,,,,C03,,,1,,2,,,84,84,1,12,4,120.670085,24.125645,3
8405,66000,387130000C,(04)23274275,(04)23288582,2025,10,22,9,35,臺中市,北區,0,2,0,7,2,6,50,3,1,1,5,4,6,6,4,4,9,5,5,2,16,2,9,1,1,C03,7,1,1,10,2,14,12,51,51,1,13,4,120.679152,24.156431,2
8406,66000,387130000C,(04)23274275,(04)23288582,2025,10,22,9,35,臺中市,太平區,0,1,0,7,2,6,50,4,2,1,5,4,6,6,4,4,5,5,5,1,9,3,10,3,1,B03,7,9,1,8,2,2,,84,84,1,12,4,120.72407,24.136467,2
8407,66000,387130000C,(04)23274275,(04)23288582,2025,10,22,9,37,臺中市,西區,0,1,0,7,2,6,50,13,9,1,5,4,6,6,4,4,9,5,5,2,17,3,10,3,1,B03,7,1,1,8,2,1,,51,51,1,12,4,120.663204,24.146164,2
8408,66000,387130000C,(04)23274275,(04)23288582,2025,10,22,9,39,臺中市,大甲區,0,1,0,7,1,6,50,13,9,1,5,4,6,6,4,4,5,5,5,1,12,2,9,1,1,C03,7,9,1,10,2,11,,85,85,1,12,4,120.627708,24.347041,2
8409,66000,387130000C,(04)23274275,(04)23288582,2025,10,22,9,42,臺中市,梧棲區,0,1,0,7,3,6,40,3,8,1,5,4,6,6,1,1,1,4,1,1,30,,,,,,,,,,,,,115,115,1,,,120.547476,24.245692,2
8410,66000,387130000C,(04)23274275,(04)23288582,2025,10,22,9,48,臺中市,北屯區,0,1,0,7,3,6,50,13,7,1,5,4,6,6,4,4,3,4,4,2,17,3,10,1,1,C03,7,9,1,10,2,11,,7,7,1,12,4,120.690025,24.162796,2
8411,66000,387130000C,(04)23274275,(04)23288582,2025,10,22,9,48,臺中市,大里區,0,0,0,7,2,6,50,13,7,1,5,4,6,6,1,1,5,5,4,2,13,,,,,B03,,,1,,2,,,84,84,1,13,4,120.694536,24.100047,3
8412,66000,387130000C,(04)23274275,(04)23288582,2025,10,22,9,49,臺中市,西區,0,2,0,7,2,6,50,4,2,1,5,4,6,6,1,1,9,4,4,2,13,2,9,1,1,C03,7,9,1,10,2,11,,7,7,1,12,4,120.672721,24.1359,2
8413,66000,387130000C,(04)23274275,(04)23288582,2025,10,22,9,49,臺中市,南區,0,1,0,7,2,6,50,3,1,1,5,4,6,6,1,1,3,5,5,2,17,2,9,2,1,C03,7,10,1,10,2,11,,7,7,1,12,4,120.645502,24.111993,2
8414,66000,387130000C,(04)23274275,(04)23288582,2025,10,22,9,55,臺中市,西屯區,0,2,0,7,2,6,50,4,2,1,5,4,6,6,4,4,4,5,5,1,12,2,9,1,4,C03,7,11,1,10,2,12,,34,34,1,12,4,120.655492,24.164849,2
8415,66000,387130000C,(04)23274275,(04)23288582,2025,10,22,9,57,臺中市,北區,0,2,0,7,3,6,30,4,1,1,5,4,6,6,4,4,7,5,5,2,17,2,7,1,1,C03,7,9,1,10,2,11,,20,20,1,12,4,120.688899,24.160203,2
8416,66000,387130000C,(04)23274275,(04)23288582,2025,10,22,10,0,臺中市,南區,0,1,0,7,2,6,50,13,9,1,5,4,6,6,4,4,5,4,5,2,12,3,10,1,1,C03,7,9,1,10,2,12,,84,84,1,5,4,120.654881,24.120786,2
8417,66000,387130000C,(04)23274275,(04)23288582,2025,10,22,10,1,臺中市,西區,0,1,0,7,3,6,50,4,1,1,5,4,6,6,4,4,10,5,5,2,16,2,9,1,1,C03,7,5,1,10,2,14,,14,14,1,6,4,120.65625,24.135165,2
8418,66000,387130000C,(04)23274275,(04)23288582,2025,10,22,10,2,臺中市,龍井區,0,0,0,1,,,60,,,,,,,,,,,,,,13,,,,,B03,,,1,,1,,,59,59,1,5,4,120.579928,24.192512,3
8419,66000,387130000C,(04)23274275,(04)23288582,2025,10,22,10,12,臺中市,南屯區,0,1,0,7,2,6,50,4,4,1,5,4,6,6,2,1,5,4,5,2,13,3,10,2,1,C03,7,9,3,19,2,11,,84,84,1,12,4,120.633012,24.13733,2
8420,66000,387130000C,(04)23274275,(04)23288582,2025,10,22,10,13,臺中市,北屯區,0,1,0,7,3,6,50,4,1,1,5,4,1,6,1,1,10,5,5,2,9,3,10,3,1,B03,7,9,1,8,2,5,,56,56,2,6,4,120.690746,24.163,2
8421,66000,387130000C,(04)23274275,(04)23288582,2025,10,22,10,17,臺中市,西區,0,1,0,7,2,6,50,4,1,1,5,4,6,6,1,1,10,5,5,2,17,3,10,3,1,B03,7,9,1,8,2,1,,84,84,1,12,4,120.661674,24.136559,2
8422,66000,387130000C,(04)23274275,(04)23288582,2025,10,22,10,21,臺中市,西屯區,0,1,0,6,2,6,50,3,1,1,5,4,6,6,4,4,10,5,5,2,16,2,9,2,4,C03,7,6,1,10,2,11,,14,14,1,13,4,120.642757,24.196371,2
8423,66000,387130000C,(04)23274275,(04)23288582,2025,10,22,10,30,臺中市,烏日區,0,1,0,1,3,6,30,11,9,1,5,4,6,6,4,4,10,5,5,2,18,2,9,1,1,C03,7,9,1,10,2,16,,84,84,1,6,4,120.58458,24.113215,2
8424,66000,387130000C,(04)23274275,(04)23288582,2025,10,22,10,36,臺中市,南屯區,0,0,0,7,,,50,,,,,,,,,,,,,,2,,,,,C03,,,1,,9,,,59,59,1,12,4,120.646561,24.144793,3
8425,66000,387130000C,(04)23274275,(04)23288582,2025,10,22,10,39,臺中市,南屯區,0,0,0,7,,,50,,,,,,,,,,,,,,,,,,,C03,,,1,,9,,,87,87,1,6,4,120.635182,24.146363,3
8426,66000,387130000C,(04)23274275,(04)23288582,2025,10,22,10,43,臺中市,北區,0,0,0,7,,,50,,,,,,,,,,,,,,17,,,,,B03,,,1,,9,,,84,84,1,13,4,120.677376,24.153925,3
8427,66000,387130000C,(04)23274275,(04)23288582,2025,10,22,10,45,臺中市,神岡區,0,1,0,7,3,6,50,3,1,1,5,4,6,6,1,1,5,5,5,1,12,3,10,3,1,B03,7,9,1,8,2,5,,8,8,1,13,4,120.695795,24.249886,2
8428,66000,387130000C,(04)23274275,(04)23288582,2025,10,22,10,48,臺中市,北屯區,0,1,0,7,2,6,50,13,9,1,5,4,6,6,4,4,1,4,5,2,17,3,10,3,1,A04,7,9,1,2,2,5,,84,84,1,12,4,120.692014,24.171602,2
8429,66000,387130000C,(04)23274275,(04)23288582,2025,10,22,10,48,臺中市,梧棲區,0,0,0,7,,,50,,,,,,,,,,,,,,13,,,,,B03,,,1,,1,,,7,7,1,6,4,120.54738,24.233252,3
8430,66000,387130000C,(04)23274275,(04)23288582,2025,10,22,10,51,臺中市,大甲區,0,0,0,7,,,50,,,,,,,,,,,,,,,,,,,C03,,,1,,2,,,39,39,1,6,4,120.620894,24.346435,3
8431,66000,387130000C,(04)23274275,(04)23288582,2025,10,22,10,51,臺中市,石岡區,0,0,0,7,,,70,,,,,,,,,,,,,,,,,,,A12,,,1,,1,,,84,84,1,12,4,120.776905,24.274285,3
8432,66000,387130000C,(04)23274275,(04)23288582,2025,10,22,10,52,臺中市,東區,0,0,0,7,,,50,,,,,,,,,,,,,,,,,,,B03,,,1,,2,,,84,84,1,12,4,120.696679,24.150861,3
8433,66000,387130000C,(04)23274275,(04)23288582,2025,10,22,10,57,臺中市,北屯區,0,0,0,7,,,50,,,,,,,,,,,,,,16,,,,,B03,,,1,,2,,,11,11,1,12,4,120.686251,24.188697,3
8434,66000,387130000C,(04)23274275,(04)23288582,2025,10,22,11,4,臺中市,西區,0,1,0,7,2,6,50,4,2,1,4,4,6,6,1,1,9,4,4,2,12,3,10,3,1,B03,7,5,1,8,2,2,,47,47,1,12,4,120.661687,24.139281,2
8435,66000,387130000C,(04)23274275,(04)23288582,2025,10,22,11,6,臺中市,南屯區,0,0,0,7,,,50,,,,,,,,,,,,,,12,,,,,B12,,,1,,2,,,8,8,1,12,4,120.611771,24.13942,3
8436,66000,387130000C,(04)23274275,(04)23288582,2025,10,22,11,9,臺中市,烏日區,0,0,0,7,2,6,50,3,1,1,5,4,6,6,1,1,1,4,5,2,12,3,10,3,1,B03,7,9,1,8,2,5,,84,84,1,6,4,120.616844,24.116186,3
8437,66000,387130000C,(04)23274275,(04)23288582,2025,10,22,11,17,臺中市,豐原區,0,0,0,7,,,50,,,,,,,,,,,,,,12,,,,,B12,,,1,,1,,,8,8,1,12,4,120.749411,24.267975,3
8438,66000,387130000C,(04)23274275,(04)23288582,2025,10,22,11,17,臺中市,豐原區,0,0,0,7,,,40,,,,,,,,,,,,,,17,,,,,B03,,,1,,2,,,40,40,1,12,4,120.749411,24.267975,3
8439,66000,387130000C,(04)23274275,(04)23288582,2025,10,22,11,19,臺中市,西屯區,0,0,0,7,,,40,,,,,,,,,,,,,,13,,,,,C03,,,1,,2,,,7,7,1,13,4,120.633824,24.162339,3
8440,66000,387130000C,(04)23274275,(04)23288582,2025,10,22,11,20,臺中市,霧峰區,0,0,0,7,,,50,,,,,,,,,,,,,,17,,,,,B12,,,1,,2,,,49,49,1,13,4,120.696549,24.024809,3
8441,66000,387130000C,(04)23274275,(04)23288582,2025,10,22,11,21,臺中市,大里區,0,2,0,7,3,6,30,4,1,1,5,4,6,6,4,4,10,5,5,1,16,2,9,1,1,C03,7,6,1,10,2,11,,14,14,1,12,4,120.701291,24.088723,2
8442,66000,387130000C,(04)23274275,(04)23288582,2025,10,22,11,23,臺中市,西屯區,0,1,0,7,2,6,50,3,1,1,5,4,6,6,4,4,10,5,5,2,16,3,10,5,4,B01,7,11,1,4,2,2,,45,45,1,12,4,120.624446,24.194991,2
8443,66000,387130000C,(04)23274275,(04)23288582,2025,10,22,11,25,臺中市,南屯區,0,1,0,7,3,6,50,13,9,1,5,4,6,6,4,4,10,5,5,2,12,3,10,3,1,B01,7,6,1,4,2,2,,7,7,1,12,4,120.639828,24.142912,2
8444,66000,387130000C,(04)23274275,(04)23288582,2025,10,22,11,28,臺中市,東區,0,2,0,7,2,6,50,3,2,1,5,4,6,6,1,1,10,5,5,2,18,2,9,2,1,C03,7,6,1,10,2,14,,84,84,1,12,4,120.692422,24.149763,2
8445,66000,387130000C,(04)23274275,(04)23288582,2025,10,22,11,29,臺中市,西區,0,0,0,7,,,50,,,,,,,,,,,,,,,,,,,C03,,,1,,1,,,84,84,1,13,4,120.67947,24.137219,3
8446,66000,387130000C,(04)23274275,(04)23288582,2025,10,22,11,30,臺中市,霧峰區,0,0,0,7,,,40,,,,,,,,,,,,,,,,,,,B12,,,1,,2,,,35,35,1,12,4,120.662846,24.062162,3
8447,66000,387130000C,(04)23274275,(04)23288582,2025,10,22,11,32,臺中市,南屯區,0,1,0,7,2,6,50,4,1,1,5,4,6,6,2,1,5,4,4,2,16,3,10,3,1,B03,7,6,1,10,2,5,,11,11,1,12,4,120.633548,24.141417,2
8448,66000,387130000C,(04)23274275,(04)23288582,2025,10,22,11,35,臺中市,西屯區,0,0,0,7,,,40,,,,,,,,,,,,,,14,,,,,B01,,,1,,1,,,49,49,1,13,4,120.584375,24.173109,3
8449,66000,387130000C,(04)23274275,(04)23288582,2025,10,22,11,38,臺中市,沙鹿區,0,1,0,7,3,6,50,4,1,1,5,4,6,6,4,4,10,5,5,2,18,2,9,2,1,C03,7,9,1,10,2,14,,6,6,1,12,4,120.557367,24.231959,2
8450,66000,387130000C,(04)23274275,(04)23288582,2025,10,22,11,44,臺中市,大里區,0,0,0,7,,,30,,,,,,,,,,,,,,14,,,,,B13,,,1,,2,,,49,49,1,6,4,120.694467,24.11983,3
8451,66000,387130000C,(04)23274275,(04)23288582,2025,10,22,11,51,臺中市,北區,0,0,0,7,,,50,,,,,,,,,,,,,,17,,,,,B03,,,1,,1,,,8,8,1,13,4,120.688621,24.154039,3
8452,66000,387130000C,(04)23274275,(04)23288582,2025,10,22,11,55,臺中市,南區,0,0,0,7,,,50,,,,,,,,,,,,,,13,,,,,B03,,,1,,1,,,84,84,1,12,4,120.671811,24.119156,3
8453,66000,387130000C,(04)23274275,(04)23288582,2025,10,22,11,55,臺中市,北屯區,0,0,0,7,,,50,,,,,,,,,,,,,,17,,,,,B03,,,1,,1,,,87,87,1,6,4,120.688097,24.182695,3
8454,66000,387130000C,(04)23274275,(04)23288582,2025,10,22,11,55,臺中市,大甲區,0,0,0,7,,,50,,,,,,,,,,,,,,17,,,,,B03,,,1,,2,,,54,54,1,6,4,120.659935,24.377132,3
8455,66000,387130000C,(04)23274275,(04)23288582,2025,10,22,11,56,臺中市,豐原區,0,1,0,7,2,6,50,3,9,1,5,4,6,6,2,1,1,2,5,1,12,2,8,1,1,C03,7,12,1,10,2,14,,7,7,1,12,4,120.71922,24.257959,2
8456,66000,387130000C,(04)23274275,(04)23288582,2025,10,22,11,57,臺中市,西屯區,0,0,0,7,,,40,,,,,,,,,,,,,,14,,,,,B03,,,1,,2,,,49,49,1,12,4,120.64515,24.167537,3
8457,66000,387130000C,(04)23274275,(04)23288582,2025,10,22,12,0,臺中市,西區,0,0,0,7,,,30,,,,,,,,,,,,,,,,,,,B03,,,1,,1,,,8,8,1,13,4,120.657321,24.156804,3
8458,66000,387130000C,(04)23274275,(04)23288582,2025,10,22,12,0,臺中市,梧棲區,0,0,0,7,,,50,,,,,,,,,,,,,,17,,,,,B03,,,1,,1,,,8,8,1,12,4,120.52241,24.230927,3
8459,66000,387130000C,(04)23274275,(04)23288582,2025,10,22,12,6,臺中市,北區,0,0,0,7,,,50,,,,,,,,,,,,,,17,,,,,B12,,,1,,2,,,58,58,1,13,4,120.674939,24.16232,3
8460,66000,387130000C,(04)23274275,(04)23288582,2025,10,22,12,6,臺中市,南屯區,0,0,0,7,,,30,,,,,,,,,,,,,,17,,,,,B03,,,1,,1,,,8,8,1,12,4,120.652781,24.137289,3
8461,66000,387130000C,(04)23274275,(04)23288582,2025,10,22,12,7,臺中市,大里區,0,0,0,7,,,50,,,,,,,,,,,,,,17,,,,,B03,,,1,,2,,,84,84,1,13,4,120.70772,24.08705,3
8462,66000,387130000C,(04)23274275,(04)23288582,2025,10,22,12,9,臺中市,中區,0,4,0,7,3,6,40,3,1,1,5,4,6,6,1,1,10,5,5,2,16,2,9,1,1,C03,7,6,1,10,2,14,,48,48,1,6,4,120.679556,24.1479,2
8463,66000,387130000C,(04)23274275,(04)23288582,2025,10,22,12,10,臺中市,東區,0,2,0,7,2,6,30,4,1,1,5,4,6,6,4,4,10,5,5,2,15,2,8,1,1,C03,7,9,1,10,2,12,,12,12,1,12,4,120.697764,24.135166,2
8464,66000,387130000C,(04)23274275,(04)23288582,2025,10,22,12,14,臺中市,南屯區,0,0,0,7,,,50,,,,,,,,,,,,,,,,,,,C03,,,1,,1,,,84,84,1,13,4,120.634996,24.122472,3
8465,66000,387130000C,(04)23274275,(04)23288582,2025,10,22,12,15,臺中市,南屯區,0,0,0,7,3,6,50,13,9,1,5,4,6,6,4,4,3,4,5,2,13,,,,,B03,,,1,,1,,,7,7,1,12,4,120.585384,24.167007,3
8466,66000,387130000C,(04)23274275,(04)23288582,2025,10,22,12,17,臺中市,南屯區,0,2,0,7,2,6,50,13,8,1,5,4,6,6,4,4,5,4,4,2,13,2,9,1,1,C03,7,9,1,10,2,11,,7,7,1,6,4,120.63476,24.154992,2
8467,66000,387130000C,(04)23274275,(04)23288582,2025,10,22,12,20,臺中市,清水區,0,0,0,7,,,30,,,,,,,,,,,,,,17,,,,,B02,,,1,,2,,,50,50,1,12,4,120.559339,24.270769,3
8468,66000,387130000C,(04)23274275,(04)23288582,2025,10,22,12,20,臺中市,豐原區,0,0,0,7,,,50,,,,,,,,,,,,,,17,,,,,B03,,,1,,2,,,51,51,1,12,4,120.706608,24.238067,3
8469,66000,387130000C,(04)23274275,(04)23288582,2025,10,22,12,21,臺中市,東區,0,0,0,7,,,50,,,,,,,,,,,,,,,,,,,C03,,,1,,2,,,84,84,1,12,4,120.692472,24.143471,3
8470,66000,387130000C,(04)23274275,(04)23288582,2025,10,22,12,24,臺中市,南區,0,1,0,7,2,6,50,4,1,1,5,4,6,6,1,1,10,5,5,2,16,3,10,3,1,B12,7,6,1,8,2,5,,11,11,1,12,4,120.665668,24.113963,2
8471,66000,387130000C,(04)23274275,(04)23288582,2025,10,22,12,24,臺中市,烏日區,0,0,0,7,,,50,,,,,,,,,,,,,,17,,,,,B12,,,1,,1,,,40,40,1,6,4,120.634445,24.106556,3
8472,66000,387130000C,(04)23274275,(04)23288582,2025,10,22,12,29,臺中市,太平區,0,0,0,7,,,50,,,,,,,,,,,,,,17,,,,,B03,,,1,,2,,,50,50,1,13,4,120.720833,24.14925,3
8473,66000,387130000C,(04)23274275,(04)23288582,2025,10,22,12,30,臺中市,大里區,0,0,0,7,,,40,,,,,,,,,,,,,,17,,,,,B11,,,1,,1,,,78,78,1,13,4,120.706795,24.087057,3
8474,66000,387130000C,(04)23274275,(04)23288582,2025,10,22,12,30,臺中市,烏日區,0,1,0,7,3,6,50,13,9,1,5,4,6,6,4,4,5,4,5,1,17,3,10,3,1,B03,7,8,1,8,2,4,,40,40,1,6,4,120.643783,24.082465,2
8475,66000,387130000C,(04)23274275,(04)23288582,2025,10,22,12,35,臺中市,北區,0,0,0,7,,,50,,,,,,,,,,,,,,17,,,,,B11,,,1,,1,6,,58,58,1,12,4,120.685689,24.148235,3
8476,66000,387130000C,(04)23274275,(04)23288582,2025,10,22,12,35,臺中市,西屯區,0,0,0,7,,,50,,,,,,,,,,,,,,12,,,,,B03,,,1,,2,,,8,8,1,13,4,120.627198,24.156243,3
8477,66000,387130000C,(04)23274275,(04)23288582,2025,10,22,12,36,臺中市,大雅區,0,0,0,6,,,50,,,,,,,,,,,,,,12,,,,,B03,,,1,,2,,,84,84,1,12,4,120.650309,24.219999,3
8478,66000,387130000C,(04)23274275,(04)23288582,2025,10,22,12,37,臺中市,霧峰區,0,2,0,7,3,6,50,4,1,1,5,4,6,6,4,4,10,5,5,1,13,2,7,1,1,C03,7,9,1,10,2,11,,7,7,1,5,4,120.697971,24.064642,2
8479,66000,387130000C,(04)23274275,(04)23288582,2025,10,22,12,40,臺中市,南屯區,0,0,0,7,,,50,,,,,,,,,,,,,,14,,,,,B03,,,1,,2,,,49,49,1,12,4,120.630719,24.152051,3
8480,66000,387130000C,(04)23274275,(04)23288582,2025,10,22,12,41,臺中市,北屯區,0,1,0,7,2,6,50,4,1,1,5,4,6,6,2,1,4,3,5,2,16,2,8,2,1,C03,7,6,1,10,2,14,,11,11,1,13,4,120.687222,24.169309,2
8481,66000,387130000C,(04)23274275,(04)23288582,2025,10,22,12,46,臺中市,北區,0,0,0,7,,,50,,,,,,,,,,,,,,13,,,,,B03,,,1,,1,,,59,59,1,13,4,120.680207,24.159229,3
8482,66000,387130000C,(04)23274275,(04)23288582,2025,10,22,12,48,臺中市,東區,0,2,0,7,3,6,50,4,1,1,5,4,6,6,1,1,10,5,5,2,16,2,9,2,1,C03,7,9,3,19,2,11,,84,84,1,12,4,120.703788,24.138597,2
8483,66000,387130000C,(04)23274275,(04)23288582,2025,10,22,12,48,臺中市,南屯區,0,0,0,7,,,30,,,,,,,,,,,,,,12,,,,,A12,,,1,,9,,,8,8,1,12,4,120.610112,24.154312,3
8484,66000,387130000C,(04)23274275,(04)23288582,2025,10,22,12,49,臺中市,太平區,0,1,0,7,3,6,50,4,1,1,5,4,6,6,2,1,10,5,5,2,16,3,10,3,1,B03,7,5,1,8,2,2,,47,47,1,12,4,120.711261,24.149681,2
8485,66000,387130000C,(04)23274275,(04)23288582,2025,10,22,12,50,臺中市,南屯區,0,0,0,7,,,50,,,,,,,,,,,,,,14,,,,,B03,,,1,,2,,,51,51,1,12,4,120.648363,24.136962,3
8486,66000,387130000C,(04)23274275,(04)23288582,2025,10,22,12,53,臺中市,西區,0,2,0,7,2,6,40,4,1,1,5,4,6,6,1,1,10,5,5,2,17,2,9,1,1,C03,7,9,1,10,2,11,,7,7,1,13,4,120.661768,24.15529,2
8487,66000,387130000C,(04)23274275,(04)23288582,2025,10,22,12,56,臺中市,中區,0,1,0,7,2,6,50,4,2,1,5,4,6,6,4,4,8,3,5,2,16,2,9,2,1,C03,7,6,5,10,2,12,,12,12,1,13,4,120.676768,24.146151,2
8488,66000,387130000C,(04)23274275,(04)23288582,2025,10,22,13,0,臺中市,南屯區,0,1,0,7,2,6,50,4,2,1,5,4,6,6,1,1,9,5,5,2,17,3,10,2,1,C03,7,4,1,10,2,12,,1,1,1,13,4,120.653,24.148822,2
8489,66000,387130000C,(04)23274275,(04)23288582,2025,10,22,13,2,臺中市,外埔區,0,0,0,6,3,6,50,13,7,1,5,4,6,6,4,4,4,4,4,1,13,3,10,3,1,B03,7,9,1,8,2,8,1,7,7,1,12,4,120.638123,24.342367,3
8490,66000,387130000C,(04)23274275,(04)23288582,2025,10,22,13,9,臺中市,西屯區,0,0,0,6,,,50,,,,,,,,,,,,,,12,,,,,A04,,,1,,1,,,8,8,1,13,4,120.65591,24.193849,3
8491,66000,387130000C,(04)23274275,(04)23288582,2025,10,22,13,10,臺中市,霧峰區,0,0,0,7,,,50,,,,,,,,,,,,,,,,,,,C03,,,1,,2,,,14,14,1,12,4,120.727405,24.06041,3
8492,66000,387130000C,(04)23274275,(04)23288582,2025,10,22,13,12,臺中市,北屯區,0,0,0,7,,,50,,,,,,,,,,,,,,14,,,,,B03,,,1,8,2,,,78,78,1,12,4,120.721696,24.160092,3
8493,66000,387130000C,(04)23274275,(04)23288582,2025,10,22,13,14,臺中市,西屯區,0,1,0,7,2,6,30,3,1,1,5,4,6,6,4,4,10,5,5,2,13,2,8,2,1,C03,7,9,1,10,2,11,,59,59,1,5,4,120.645765,24.181866,2
8494,66000,387130000C,(04)23274275,(04)23288582,2025,10,22,13,14,臺中市,烏日區,0,0,0,7,,,50,,,,,,,,,,,,,,11,,,,,B12,,,1,,2,,,8,8,1,6,4,120.618582,24.10329,3
8495,66000,387130000C,(04)23274275,(04)23288582,2025,10,22,13,15,臺中市,東區,0,1,0,7,2,6,40,4,2,1,5,4,6,6,1,1,1,4,4,2,13,2,8,1,1,C03,7,9,1,10,2,11,,84,84,1,12,4,120.694201,24.146266,2
8496,66000,387130000C,(04)23274275,(04)23288582,2025,10,22,13,15,臺中市,南屯區,0,0,0,7,,,50,,,,,,,,,,,,,,17,,,,,B12,,,1,,1,,,76,76,1,13,4,120.650568,24.152826,3
8497,66000,387130000C,(04)23274275,(04)23288582,2025,10,22,13,16,臺中市,西屯區,0,1,0,7,2,6,40,4,1,1,5,4,6,6,2,1,10,5,5,2,13,2,9,1,1,C03,7,9,1,10,2,11,,7,7,1,5,4,120.62421,24.178419,2