序號,縣市別代碼,機關代碼,市話,傳真,年,月,日,時,分,縣市,區,死亡數量,受傷數量,2-30,天候,道路照明設備,道路類別,道路速限,道路型態,事故位置,路面鋪裝,路面狀態,路面缺陷,障礙物,視距,號誌種類,號誌動作,分向設施,快車道或一般車道間,快慢車道間,路面邊線,事故類型及型態,受傷程度,主要傷處,保護裝備,行動電話或功能裝置,當事者區分(類別),車輛用途,當事者行動狀態,駕照狀態,駕照種類,飲酒情形,車輛撞擊部位最初,車輛撞擊部位其他,肇事因素個別,肇事因素主要,肇事逃逸,職業,共享經濟或外送平台,GPS座標X,GPS座標Y,事故類別
8610,66000,387130000C,(04)23274275,(04)23288582,2025,10,22,17,40,臺中市,梧棲區,0,1,0,7,1,6,50,13,9,1,5,4,6,6,4,4,9,5,5,2,11,2,8,1,1,C03,7,5,3,19,8,11,,39,39,1,12,4,120.537999,24.258617,2
8611,66000,387130000C,(04)23274275,(04)23288582,2025,10,22,17,41,臺中市,大甲區,0,2,0,6,2,6,50,4,1,1,5,4,6,6,4,4,10,5,5,2,15,2,9,2,1,C03,7,9,1,10,2,12,,15,15,1,6,4,120.62388,24.345332,2
8612,66000,387130000C,(04)23274275,(04)23288582,2025,10,22,17,41,臺中市,豐原區,0,1,0,7,1,6,50,13,8,1,5,4,6,6,4,4,1,4,4,2,14,3,10,3,1,B03,7,2,1,8,2,7,,49,49,1,12,4,120.711849,24.255545,2
8613,66000,387130000C,(04)23274275,(04)23288582,2025,10,22,17,45,臺中市,大肚區,0,0,0,6,,,50,,,,,,,,,,,,,,12,,,,,C03,,,1,,2,,,85,85,1,6,4,120.579149,24.168756,3
8614,66000,387130000C,(04)23274275,(04)23288582,2025,10,22,17,47,臺中市,北屯區,0,1,0,7,1,6,50,4,1,1,5,4,6,6,2,1,10,5,5,1,12,3,10,3,1,B03,7,4,1,8,2,4,,84,84,1,6,4,120.680175,24.189007,2
8615,66000,387130000C,(04)23274275,(04)23288582,2025,10,22,17,51,臺中市,北區,0,0,0,7,,,40,,,,,,,,,,,,,,14,,,,,B03,,,1,,2,,,49,49,1,12,4,120.676943,24.156214,4
8616,66000,387130000C,(04)23274275,(04)23288582,2025,10,22,17,52,臺中市,南屯區,0,0,0,7,,,50,,,,,,,,,,,,,,17,,,,,B03,,,1,,1,,,40,40,1,12,4,120.631302,24.144594,3
8617,66000,387130000C,(04)23274275,(04)23288582,2025,10,22,17,53,臺中市,潭子區,0,2,0,7,1,6,50,4,1,1,5,4,6,6,1,1,10,5,5,2,16,2,9,2,1,F01,7,6,7,21,2,12,,11,11,1,12,4,120.714896,24.229388,2
8618,66000,387130000C,(04)23274275,(04)23288582,2025,10,22,17,54,臺中市,潭子區,0,0,0,6,,,50,,,,,,,,,,,,,,,,,,,C03,,,1,,2,,,84,84,1,13,4,120.706977,24.208033,3
8619,66000,387130000C,(04)23274275,(04)23288582,2025,10,22,17,55,臺中市,北區,0,1,0,7,1,6,50,4,2,1,5,4,1,4,1,1,1,4,4,2,17,3,10,3,1,B03,7,5,1,8,2,2,,47,47,1,12,4,120.671662,24.171504,2
8620,66000,387130000C,(04)23274275,(04)23288582,2025,10,22,17,55,臺中市,梧棲區,0,0,0,7,,,60,,,,,,,,,,,,,,13,,,,,B03,,,1,,1,,,7,7,1,6,4,120.548668,24.245413,3
8621,66000,387130000C,(04)23274275,(04)23288582,2025,10,22,17,56,臺中市,西屯區,0,0,0,7,,,50,,,,,,,,,,,,,,13,,,,,C03,,,1,,1,,,7,7,1,12,4,120.644468,24.174032,3
8622,66000,387130000C,(04)23274275,(04)23288582,2025,10,22,17,58,臺中市,西屯區,0,0,0,7,,3,80,,,,,,,,,,,,,,,,,,,B03,,,1,,1,,,7,7,1,12,4,120.647234,24.196042,3
8623,66000,387130000C,(04)23274275,(04)23288582,2025,10,22,18,0,臺中市,大雅區,0,0,0,6,,,30,,,,,,,,,,,,,,17,,,,,B03,,,1,,2,,,14,14,1,13,4,120.620853,24.234343,3
8624,66000,387130000C,(04)23274275,(04)23288582,2025,10,22,18,0,臺中市,西區,0,1,0,7,1,6,50,13,7,1,5,4,6,6,2,1,4,4,4,2,13,2,9,1,1,C03,7,9,1,10,2,11,,84,84,1,12,4,120.661542,24.142373,2
8625,66000,387130000C,(04)23274275,(04)23288582,2025,10,22,18,2,臺中市,清水區,0,1,0,7,3,6,50,5,1,1,5,4,6,6,4,4,9,4,5,1,17,3,10,3,1,B03,7,6,1,8,2,1,,20,20,1,12,4,120.551868,24.263606,2
8626,66000,387130000C,(04)23274275,(04)23288582,2025,10,22,18,4,臺中市,西屯區,0,1,0,7,1,6,40,4,2,1,5,4,6,6,2,1,4,4,4,2,13,2,8,5,4,C03,7,9,1,10,2,11,,7,7,1,13,4,120.633935,24.159498,2
8627,66000,387130000C,(04)23274275,(04)23288582,2025,10,22,18,4,臺中市,后里區,0,0,0,7,,,50,,,,,,,,,,,,,,13,,,,,B03,,,1,,1,,,7,7,1,6,4,120.700448,24.312339,3
8628,66000,387130000C,(04)23274275,(04)23288582,2025,10,22,18,5,臺中市,大里區,0,2,0,7,1,6,50,13,12,1,5,4,6,6,4,4,1,4,4,1,17,2,9,2,1,C03,7,7,1,10,2,11,,40,40,1,12,4,120.695163,24.088899,2
8629,66000,387130000C,(04)23274275,(04)23288582,2025,10,22,18,5,臺中市,烏日區,0,0,0,7,,,50,,,,,,,,,,,,,,14,,,,,B03,,,1,,1,,,49,49,1,6,4,120.641092,24.112314,3
8630,66000,387130000C,(04)23274275,(04)23288582,2025,10,22,18,6,臺中市,北屯區,0,0,0,7,,,50,,,,,,,,,,,,,,14,,,,,B11,,,1,,1,,,84,84,1,12,4,120.693649,24.163811,3
8631,66000,387130000C,(04)23274275,(04)23288582,2025,10,22,18,6,臺中市,太平區,0,0,0,7,,,50,,,,,,,,,,,,,,,,,,,C03,,,1,,2,,,7,7,1,12,4,120.733717,24.15755,3
8632,66000,387130000C,(04)23274275,(04)23288582,2025,10,22,18,9,臺中市,北屯區,0,0,0,7,,,50,,,,,,,,,,,,,,13,,,,,B03,,,1,,2,,,84,84,1,6,4,120.732217,24.159831,3
8633,66000,387130000C,(04)23274275,(04)23288582,2025,10,22,18,10,臺中市,大雅區,0,0,0,7,,,50,,,,,,,,,,,,,,,,,,,C03,,,1,,1,,,84,84,1,13,4,120.649788,24.223031,3
8634,66000,387130000C,(04)23274275,(04)23288582,2025,10,22,18,10,臺中市,沙鹿區,0,0,0,7,,,70,,,,,,,,,,,,,,17,,,,,,,,,,,,,119,119,1,,,120.584393,24.250091,3
8635,66000,387130000C,(04)23274275,(04)23288582,2025,10,22,18,12,臺中市,大雅區,0,1,0,6,1,6,40,3,1,1,5,4,6,6,1,1,10,5,5,2,14,3,10,3,1,B03,7,2,1,3,2,3,,49,49,1,12,4,120.633118,24.238051,2
8636,66000,387130000C,(04)23274275,(04)23288582,2025,10,22,18,13,臺中市,南屯區,0,2,0,7,2,6,50,4,1,1,5,4,6,6,1,1,9,4,5,2,12,2,9,1,1,C03,7,6,1,10,2,11,,11,11,1,12,4,120.611458,24.138434,2
8637,66000,387130000C,(04)23274275,(04)23288582,2025,10,22,18,13,臺中市,豐原區,0,1,0,7,1,6,50,4,1,1,5,4,6,6,1,1,5,4,4,2,13,3,10,3,1,B03,7,9,1,8,2,8,,59,59,1,12,4,120.715068,24.247217,2
8638,66000,387130000C,(04)23274275,(04)23288582,2025,10,22,18,14,臺中市,南屯區,0,1,0,7,3,6,50,13,9,1,5,4,6,6,1,1,5,5,4,2,16,3,10,3,1,B03,7,6,1,8,2,2,,48,48,1,12,4,120.64265,24.141838,2
8639,66000,387130000C,(04)23274275,(04)23288582,2025,10,22,18,14,臺中市,沙鹿區,0,0,0,7,,,50,,,,,,,,,,,,,,,,,,,B03,,,1,,2,,,49,49,1,6,4,120.567423,24.203882,4
8640,66000,387130000C,(04)23274275,(04)23288582,2025,10,22,18,15,臺中市,西屯區,0,0,0,7,,,40,,,,,,,,,,,,,,12,,,,,B03,,,1,,1,,,8,8,1,13,4,120.65864,24.163371,3
8641,66000,387130000C,(04)23274275,(04)23288582,2025,10,22,18,17,臺中市,北區,0,0,0,7,,,50,,,,,,,,,,,,,,12,,,,,B03,,,1,,1,,,40,40,1,13,4,120.684847,24.165803,3
8642,66000,387130000C,(04)23274275,(04)23288582,2025,10,22,18,19,臺中市,太平區,0,0,0,7,1,6,50,,,,,,,,,,,,,,,,,,,C03,,,1,,2,13,12,48,48,1,12,4,120.724723,24.141897,3
8643,66000,387130000C,(04)23274275,(04)23288582,2025,10,22,18,19,臺中市,大甲區,0,1,0,7,1,6,50,3,1,1,5,4,6,6,1,1,5,5,5,1,12,3,10,3,1,B03,7,6,1,8,2,4,,7,7,1,12,4,120.626538,24.344554,2
8644,66000,387130000C,(04)23274275,(04)23288582,2025,10,22,18,20,臺中市,梧棲區,0,2,0,7,1,6,50,5,2,1,5,4,6,6,4,4,9,5,5,2,16,2,7,1,1,C03,7,6,1,10,2,11,,14,14,1,12,4,120.539962,24.25337,2
8645,66000,387130000C,(04)23274275,(04)23288582,2025,10,22,18,20,臺中市,梧棲區,0,1,0,7,1,6,50,4,1,1,5,4,6,6,4,4,10,5,5,2,15,2,9,1,1,C03,7,9,1,10,2,11,,15,15,1,12,4,120.544514,24.242424,2
8646,66000,387130000C,(04)23274275,(04)23288582,2025,10,22,18,20,臺中市,后里區,0,0,0,6,,,50,,,,,,,,,,,,,,12,,,,,B03,,,1,,1,,,51,51,1,12,4,120.724958,24.308831,3
8647,66000,387130000C,(04)23274275,(04)23288582,2025,10,22,18,22,臺中市,西區,0,0,0,6,,,40,,,,,,,,,,,,,,,,,,,C03,,,1,,2,,,68,68,1,12,4,120.661587,24.155869,3
8648,66000,387130000C,(04)23274275,(04)23288582,2025,10,22,18,24,臺中市,北屯區,0,1,0,7,1,6,50,4,1,1,5,4,6,6,1,1,10,5,5,2,16,3,10,3,1,B03,7,5,1,8,2,2,,22,22,1,6,4,120.720829,24.176723,2
8649,66000,387130000C,(04)23274275,(04)23288582,2025,10,22,18,25,臺中市,南區,0,1,0,7,1,6,50,13,9,1,5,4,6,6,4,4,9,4,5,2,12,2,9,1,1,C03,7,9,1,10,2,11,,7,7,1,12,4,120.667801,24.121641,2
8650,66000,387130000C,(04)23274275,(04)23288582,2025,10,22,18,25,臺中市,大安區,0,1,0,7,3,6,50,13,9,1,5,4,6,6,4,4,9,4,5,2,18,2,9,1,1,C03,7,9,1,10,2,12,,7,7,1,6,4,120.60165,24.364909,2
8651,66000,387130000C,(04)23274275,(04)23288582,2025,10,22,18,27,臺中市,西區,0,1,0,7,1,6,60,4,2,1,5,4,6,6,2,1,1,4,5,1,13,2,9,2,1,C02,7,9,1,9,2,11,,7,7,1,13,4,120.663784,24.154648,2
8652,66000,387130000C,(04)23274275,(04)23288582,2025,10,22,18,28,臺中市,西區,0,1,0,6,1,6,50,4,1,1,5,4,6,6,4,4,10,5,5,2,17,3,10,1,1,C03,7,9,1,10,2,11,,15,15,1,13,4,120.659639,24.151599,2
8653,66000,387130000C,(04)23274275,(04)23288582,2025,10,22,18,29,臺中市,北屯區,0,1,0,6,1,6,50,13,9,1,5,4,6,6,4,4,9,5,5,2,16,2,9,2,1,C03,7,9,1,10,2,12,,84,84,1,6,4,120.703593,24.178757,2
8654,66000,387130000C,(04)23274275,(04)23288582,2025,10,22,18,30,臺中市,北屯區,0,1,0,7,3,6,50,4,1,1,5,4,6,6,1,1,10,5,5,2,12,3,10,3,1,B03,7,5,1,8,1,5,,47,47,1,6,4,120.690799,24.18242,2
8655,66000,387130000C,(04)23274275,(04)23288582,2025,10,22,18,30,臺中市,霧峰區,0,1,0,7,1,6,40,4,1,1,5,4,6,6,4,4,10,5,5,2,17,,,,,,,21,,,,,,86,86,2,,,120.66414,24.077628,2
8656,66000,387130000C,(04)23274275,(04)23288582,2025,10,22,18,35,臺中市,西區,0,0,0,6,,,50,,,,,,,,,,,,,,,,,,,B03,,,1,,1,,,7,7,1,13,4,120.665412,24.149926,3
8657,66000,387130000C,(04)23274275,(04)23288582,2025,10,22,18,36,臺中市,中區,0,1,0,7,1,6,50,3,2,1,5,4,6,6,4,4,8,3,5,2,18,2,9,2,1,C03,7,9,1,10,2,12,,84,84,1,13,4,120.677805,24.139727,2
8658,66000,387130000C,(04)23274275,(04)23288582,2025,10,22,18,36,臺中市,大里區,0,2,0,6,1,6,50,13,9,1,5,4,6,6,4,4,5,5,5,1,12,2,8,1,1,C03,7,9,1,10,2,11,,85,85,1,12,4,120.687683,24.120703,2
8659,66000,387130000C,(04)23274275,(04)23288582,2025,10,22,18,40,臺中市,南屯區,0,0,0,7,,,50,,,,,,,,,,,,,,,,,,,B03,,,1,,2,,,7,7,1,13,4,120.626061,24.148516,3
8660,66000,387130000C,(04)23274275,(04)23288582,2025,10,22,18,40,臺中市,大里區,0,0,0,6,,,50,,,,,,,,,,,,,,17,,,,,B03,,,1,,2,,,49,49,1,12,4,120.680894,24.103305,3
8661,66000,387130000C,(04)23274275,(04)23288582,2025,10,22,18,42,臺中市,西區,0,1,0,7,3,6,50,3,1,1,5,4,6,6,4,4,10,5,5,2,15,3,10,1,1,C03,7,1,1,10,2,14,,51,51,1,6,4,120.666989,24.129951,2
8662,66000,387130000C,(04)23274275,(04)23288582,2025,10,22,18,46,臺中市,東區,0,1,0,7,1,6,50,3,1,1,5,4,6,6,4,4,10,5,5,2,16,3,10,2,1,C03,7,8,1,10,2,13,,40,40,1,12,4,120.693202,24.133868,2
8663,66000,387130000C,(04)23274275,(04)23288582,2025,10,22,18,50,臺中市,西屯區,0,1,0,7,1,6,50,13,9,1,5,4,6,6,4,4,9,5,5,2,2,3,10,5,4,C03,7,9,1,10,2,12,,84,84,1,12,4,120.625039,24.183531,2
8664,66000,387130000C,(04)23274275,(04)23288582,2025,10,22,18,51,臺中市,霧峰區,0,1,0,7,1,6,40,3,1,1,5,4,6,6,4,4,10,5,4,1,17,2,9,5,4,C03,7,9,1,10,2,11,,59,59,1,13,4,120.7033,24.076065,2
8665,66000,387130000C,(04)23274275,(04)23288582,2025,10,22,18,55,臺中市,霧峰區,0,1,0,7,1,6,50,4,1,1,5,4,6,6,1,1,10,5,5,2,17,3,10,3,1,B03,7,6,1,8,2,8,,48,48,1,12,4,120.698523,24.063188,2
8666,66000,387130000C,(04)23274275,(04)23288582,2025,10,22,18,56,臺中市,潭子區,0,1,0,7,1,6,50,4,1,1,5,4,6,6,2,1,10,5,5,2,16,2,9,1,1,C03,7,6,3,19,2,12,,36,36,1,12,4,120.711306,24.206886,2
8667,66000,387130000C,(04)23274275,(04)23288582,2025,10,22,18,56,臺中市,北屯區,0,0,0,7,,3,40,,,,,,,,,,,,,,13,,,,,B03,,,1,,2,,,7,7,1,6,4,120.685688,24.164931,3
8668,66000,387130000C,(04)23274275,(04)23288582,2025,10,22,18,57,臺中市,神岡區,0,0,0,7,,,30,,,,,,,,,,,,,,14,,,,,B12,,,1,,2,,,49,49,1,13,4,120.668311,24.25667,3
8669,66000,387130000C,(04)23274275,(04)23288582,2025,10,22,18,59,臺中市,西屯區,0,0,0,7,,,0,,,,,,,,,,,,,,16,,,,,B03,,,1,,2,,,51,51,1,12,4,120.646996,24.171663,3
8670,66000,387130000C,(04)23274275,(04)23288582,2025,10,22,19,0,臺中市,西屯區,0,0,0,7,,,50,,,,,,,,,,,,,,12,,,,,C03,,,1,,1,,,40,40,1,12,4,120.655099,24.176111,3
8671,66000,387130000C,(04)23274275,(04)23288582,2025,10,22,19,1,臺中市,西屯區,0,0,0,7,,,50,,,,,,,,,,,,,,16,,,,,B03,,,1,,1,,,47,47,1,12,4,120.607174,24.187365,3
8672,66000,387130000C,(04)23274275,(04)23288582,2025,10,22,19,1,臺中市,太平區,0,0,0,7,,,50,,,,,,,,,,,,,,,,,,,B03,,,1,,2,,,54,54,1,12,4,120.733437,24.15439,3
8673,66000,387130000C,(04)23274275,(04)23288582,2025,10,22,19,1,臺中市,烏日區,0,0,0,7,1,6,60,13,14,1,5,4,6,6,4,4,1,4,5,1,12,3,10,3,1,B03,7,9,1,8,2,2,,8,8,1,6,4,120.622455,24.105108,3
8674,66000,387130000C,(04)23274275,(04)23288582,2025,10,22,19,5,臺中市,北屯區,0,1,0,7,1,6,50,13,8,1,5,4,6,6,4,4,5,5,5,1,28,2,7,1,1,C03,7,9,1,10,2,11,,87,87,1,6,4,120.70361,24.163706,2
8675,66000,387130000C,(04)23274275,(04)23288582,2025,10,22,19,5,臺中市,沙鹿區,0,1,0,7,2,6,40,5,8,1,5,4,6,6,1,1,1,5,5,2,17,2,8,1,1,C03,7,9,1,10,2,11,13,59,59,1,6,4,120.567951,24.238487,2
8676,66000,387130000C,(04)23274275,(04)23288582,2025,10,22,19,7,臺中市,北區,0,0,0,7,,,30,,,,,,,,,,,,,,14,,,,,B03,,,1,,2,,,49,49,1,13,4,120.683544,24.163736,3
8677,66000,387130000C,(04)23274275,(04)23288582,2025,10,22,19,10,臺中市,北屯區,0,0,0,7,,,50,,,,,,,,,,,,,,17,,,,,C03,,,1,,1,,,84,84,1,12,4,120.704524,24.174779,3
8678,66000,387130000C,(04)23274275,(04)23288582,2025,10,22,19,12,臺中市,豐原區,0,1,0,7,1,6,50,4,1,1,5,4,6,6,4,4,5,4,4,2,13,2,9,5,4,C03,7,9,1,10,2,11,,7,7,1,12,4,120.72508,24.246503,2
8679,66000,387130000C,(04)23274275,(04)23288582,2025,10,22,19,24,臺中市,北區,0,0,0,7,,,50,,,,,,,,,,,,,,17,,,,,C03,,,1,,1,,,48,48,1,12,4,120.688894,24.152943,3
8680,66000,387130000C,(04)23274275,(04)23288582,2025,10,22,19,27,臺中市,西區,0,0,0,6,,,50,,,,,,,,,,,,,,,,,,,B03,,,1,,2,,,11,11,1,12,4,120.656751,24.146718,3
8681,66000,387130000C,(04)23274275,(04)23288582,2025,10,22,19,27,臺中市,清水區,0,1,0,1,1,6,50,4,1,1,5,4,6,6,4,4,5,5,5,2,15,3,10,3,1,B03,7,9,1,8,2,8,,12,12,1,12,4,120.576936,24.26897,2
8682,66000,387130000C,(04)23274275,(04)23288582,2025,10,22,19,30,臺中市,北屯區,0,1,0,7,1,6,50,13,9,1,5,4,6,6,1,1,5,2,5,2,12,2,8,1,1,C03,7,8,1,10,1,14,,35,35,1,6,4,120.717548,24.175536,2
8683,66000,387130000C,(04)23274275,(04)23288582,2025,10,22,19,32,臺中市,中區,0,1,0,7,1,6,50,4,9,1,5,4,6,6,4,4,10,3,5,2,13,2,9,2,1,C03,7,9,1,10,1,11,,7,7,1,13,4,120.682306,24.143092,2
8684,66000,387130000C,(04)23274275,(04)23288582,2025,10,22,19,33,臺中市,北屯區,0,0,0,7,,,50,,,,,,,,,,,,,,12,,,,,B03,,,1,8,1,,,50,50,1,6,4,120.71252,24.17288,3
8685,66000,387130000C,(04)23274275,(04)23288582,2025,10,22,19,36,臺中市,北區,0,2,0,7,2,6,50,13,9,1,5,4,6,6,4,4,10,5,5,2,9,2,9,2,2,C03,7,9,1,10,2,11,,84,84,1,13,4,120.684891,24.146079,2
8686,66000,387130000C,(04)23274275,(04)23288582,2025,10,22,19,40,臺中市,西屯區,0,2,0,7,1,3,40,13,11,1,5,4,6,6,4,4,2,5,2,2,13,2,9,2,1,C03,7,9,1,10,2,11,,7,7,1,12,4,120.633495,24.173942,2
8687,66000,387130000C,(04)23274275,(04)23288582,2025,10,22,19,45,臺中市,南區,0,0,0,7,,,30,,,,,,,,,,,,,,,,,,,B03,,,1,,1,,,49,49,1,13,4,120.67101,24.12127,3
8688,66000,387130000C,(04)23274275,(04)23288582,2025,10,22,19,49,臺中市,西屯區,0,1,0,7,1,6,50,4,1,1,5,4,6,6,1,1,10,5,5,2,16,3,10,5,4,C03,7,5,1,10,2,12,,47,47,1,12,4,120.646679,24.155766,2
8689,66000,387130000C,(04)23274275,(04)23288582,2025,10,22,19,50,臺中市,西屯區,0,1,0,7,1,6,60,4,1,1,5,4,6,6,1,1,1,4,1,2,13,3,10,5,4,B03,7,9,1,8,2,1,,84,84,1,12,4,120.641018,24.167806,2
8690,66000,387130000C,(04)23274275,(04)23288582,2025,10,22,19,52,臺中市,霧峰區,0,2,0,7,1,6,50,13,7,1,5,4,6,6,4,4,5,5,4,1,17,2,8,2,1,C03,7,8,1,10,2,14,,40,40,1,5,4,120.699622,24.072574,2
8691,66000,387130000C,(04)23274275,(04)23288582,2025,10,22,19,54,臺中市,西屯區,0,0,0,7,,,50,,,,,,,,,,,,,,17,,,,,C03,,,3,,1,,,39,39,1,13,4,120.644837,24.172459,3
8692,66000,387130000C,(04)23274275,(04)23288582,2025,10,22,19,57,臺中市,太平區,0,2,0,7,1,6,50,4,1,1,5,4,6,6,2,1,10,5,5,2,16,2,9,1,1,F03,7,9,7,21,2,11,,21,21,1,12,4,120.730087,24.110061,2
8693,66000,387130000C,(04)23274275,(04)23288582,2025,10,22,20,1,臺中市,龍井區,0,1,0,7,1,6,60,11,8,1,5,4,6,6,4,4,5,5,4,2,18,2,9,2,1,C03,7,6,1,10,2,14,,6,6,1,12,4,120.555888,24.187895,2
8694,66000,387130000C,(04)23274275,(04)23288582,2025,10,22,20,10,臺中市,西區,0,1,0,7,1,6,50,4,1,1,5,4,6,6,1,1,10,5,5,2,12,2,8,2,1,C03,7,15,1,10,2,11,,84,84,1,6,4,120.663884,24.157614,2
8695,66000,387130000C,(04)23274275,(04)23288582,2025,10,22,20,20,臺中市,南區,0,0,0,7,,,50,,,,,,,,,,,,,,,,,,,B02,,,1,,2,,,84,84,1,12,4,120.669871,24.127005,3
8696,66000,387130000C,(04)23274275,(04)23288582,2025,10,22,20,20,臺中市,龍井區,0,0,1,1,1,6,30,13,9,1,5,4,6,6,4,4,9,5,5,2,20,5,9,1,1,C03,7,9,1,10,2,11,,87,87,1,12,4,120.529675,24.212275,2
8697,66000,387130000C,(04)23274275,(04)23288582,2025,10,22,20,31,臺中市,北區,0,2,0,7,1,6,50,13,9,1,5,4,6,6,4,4,5,4,5,2,4,2,9,6,5,H01,8,16,7,21,10,17,,98,98,1,12,5,120.686695,24.148338,2
8698,66000,387130000C,(04)23274275,(04)23288582,2025,10,22,20,31,臺中市,北區,0,3,0,7,2,6,50,5,2,1,5,4,6,6,2,1,10,5,5,2,12,2,9,2,1,C03,7,5,1,10,2,12,,84,84,1,13,4,120.674173,24.164632,2
8699,66000,387130000C,(04)23274275,(04)23288582,2025,10,22,20,33,臺中市,北區,0,0,0,7,,,50,,,,,,,,,,,,,,13,,,,,C03,,,1,,2,,,7,7,1,13,4,120.684169,24.163224,3
8700,66000,387130000C,(04)23274275,(04)23288582,2025,10,22,20,35,臺中市,后里區,0,1,0,7,1,6,50,4,1,1,5,4,6,6,4,4,10,5,5,2,15,2,9,1,1,F03,7,9,7,21,2,11,,20,20,1,6,4,120.712596,24.306645,2
8701,66000,387130000C,(04)23274275,(04)23288582,2025,10,22,20,37,臺中市,沙鹿區,0,0,0,7,,,60,,,,,,,,,,,,,,,,,,,B03,,,1,,1,,,84,84,1,6,4,120.596981,24.249997,3
8702,66000,387130000C,(04)23274275,(04)23288582,2025,10,22,20,38,臺中市,西屯區,0,2,0,7,1,6,30,18,19,1,5,4,6,6,2,1,10,5,5,2,6,2,9,6,5,H01,8,18,7,21,10,17,,96,96,1,12,5,120.641327,24.173489,2
8703,66000,387130000C,(04)23274275,(04)23288582,2025,10,22,20,46,臺中市,西屯區,0,1,0,7,1,6,30,13,9,1,5,4,6,6,4,4,10,5,5,2,17,2,9,1,1,C03,7,11,1,10,1,12,,45,45,1,12,4,120.640741,24.175321,2
8704,66000,387130000C,(04)23274275,(04)23288582,2025,10,22,20,47,臺中市,霧峰區,0,1,0,7,1,6,50,3,1,1,5,4,6,6,4,4,10,5,5,2,17,3,10,5,4,B03,7,9,1,8,2,1,,84,84,1,13,4,120.679227,24.064902,2
8705,66000,387130000C,(04)23274275,(04)23288582,2025,10,22,20,56,臺中市,潭子區,0,1,0,7,3,6,50,13,5,1,5,4,6,6,4,4,1,4,4,2,23,2,7,3,1,B03,7,9,1,10,2,1,,55,55,1,12,4,120.684596,24.216266,2
8706,66000,387130000C,(04)23274275,(04)23288582,2025,10,22,21,5,臺中市,西屯區,0,0,0,7,,,50,,,,,,,,,,,,,,,,,,,B03,,,1,,2,,,7,7,1,12,4,120.650961,24.164342,3
8707,66000,387130000C,(04)23274275,(04)23288582,2025,10,22,21,8,臺中市,東區,0,0,0,7,,,50,,,,,,,,,,,,,,,,,,,C03,,,1,,1,,,82,82,1,12,4,120.687507,24.134857,3
8708,66000,387130000C,(04)23274275,(04)23288582,2025,10,22,21,8,臺中市,梧棲區,0,1,0,7,1,6,70,13,7,1,5,4,6,6,4,4,1,4,1,1,23,2,9,3,1,A31,7,9,1,1,2,2,,59,59,1,12,4,120.516367,24.234693,2
8709,66000,387130000C,(04)23274275,(04)23288582,2025,10,22,21,10,臺中市,大里區,0,0,0,6,3,6,30,3,2,1,5,4,5,6,4,4,10,5,5,2,12,,,,,B03,,,1,,2,,,84,84,1,12,4,120.681354,24.107141,3
8710,66000,387130000C,(04)23274275,(04)23288582,2025,10,22,21,11,臺中市,北區,0,0,0,7,,,50,,,,,,,,,,,,,,17,,,,,C03,,,1,,1,,,8,8,1,12,4,120.680063,24.164999,3
8711,66000,387130000C,(04)23274275,(04)23288582,2025,10,22,21,15,臺中市,北屯區,0,2,0,7,3,6,50,4,1,1,5,4,6,6,1,1,10,5,5,2,17,2,9,1,1,C03,7,1,1,10,2,11,,51,51,1,6,4,120.71914,24.183728,2
8712,66000,387130000C,(04)23274275,(04)23288582,2025,10,22,21,15,臺中市,霧峰區,0,1,0,7,1,6,50,13,9,1,5,4,6,6,4,4,5,5,5,2,11,3,10,3,1,B03,7,9,1,8,2,4,,84,84,1,6,4,120.699998,24.066985,2
8713,66000,387130000C,(04)23274275,(04)23288582,2025,10,22,21,17,臺中市,西屯區,0,0,0,7,,,0,,,,,,,,,,,,,,14,,,,,B12,,,1,,1,,,49,49,1,12,4,120.65493,24.20005,3
8714,66000,387130000C,(04)23274275,(04)23288582,2025,10,22,21,20,臺中市,南區,0,0,0,7,,,50,,,,,,,,,,,,,,13,,,,,B03,,,1,,1,,,7,7,1,12,4,120.658956,24.118346,3
8715,66000,387130000C,(04)23274275,(04)23288582,2025,10,22,21,20,臺中市,沙鹿區,0,0,0,6,,,60,,,,,,,,,,,,,,,,,,,B03,,,1,,2,,,7,7,1,13,4,120.578491,24.223358,3
8716,66000,387130000C,(04)23274275,(04)23288582,2025,10,22,21,23,臺中市,西屯區,0,0,0,7,,,50,,,,,,,,,,,,,,16,,,,,C02,,,1,,1,,,84,84,1,12,4,120.621881,24.18639,3
8717,66000,387130000C,(04)23274275,(04)23288582,2025,10,22,21,49,臺中市,沙鹿區,0,0,0,7,,,50,,,,,,,,,,,,,,,,,,,B03,,,1,,2,,,49,49,1,6,4,120.574128,24.227187,3
8718,66000,387130000C,(04)23274275,(04)23288582,2025,10,22,21,54,臺中市,西屯區,0,1,0,7,1,6,50,13,7,1,5,4,6,6,4,4,1,4,4,2,17,3,10,1,4,C03,7,9,1,10,1,16,,75,75,1,13,4,120.629653,24.180431,2
8719,66000,387130000C,(04)23274275,(04)23288582,2025,10,22,22,0,臺中市,北區,0,0,0,7,,,50,,,,,,,,,,,,,,13,,,,,C03,,,1,,1,,,7,7,1,13,4,120.682699,24.147144,3