序號,縣市別代碼,機關代碼,市話,傳真,年,月,日,時,分,縣市,區,死亡數量,受傷數量,2-30,天候,道路照明設備,道路類別,道路速限,道路型態,事故位置,路面鋪裝,路面狀態,路面缺陷,障礙物,視距,號誌種類,號誌動作,分向設施,快車道或一般車道間,快慢車道間,路面邊線,事故類型及型態,受傷程度,主要傷處,保護裝備,行動電話或功能裝置,當事者區分(類別),車輛用途,當事者行動狀態,駕照狀態,駕照種類,飲酒情形,車輛撞擊部位最初,車輛撞擊部位其他,肇事因素個別,肇事因素主要,肇事逃逸,職業,共享經濟或外送平台,GPS座標X,GPS座標Y,事故類別
8720,66000,387130000C,(04)23274275,(04)23288582,2025,10,22,22,0,臺中市,龍井區,0,0,0,7,,,50,,,,,,,,,,,,,,14,,,,,B03,,,1,,2,,,50,50,1,6,4,120.583902,24.181881,3
8721,66000,387130000C,(04)23274275,(04)23288582,2025,10,22,22,5,臺中市,霧峰區,0,1,0,7,1,6,40,13,8,1,5,4,6,6,4,4,5,5,4,1,17,2,9,5,4,C03,7,9,1,10,2,11,,84,84,1,13,4,120.698169,24.060083,2
8722,66000,387130000C,(04)23274275,(04)23288582,2025,10,22,22,10,臺中市,西屯區,0,0,0,7,,,40,,,,,,,,,,,,,,13,,,,,B03,,,1,,1,,,82,82,1,13,4,120.644647,24.178982,3
8723,66000,387130000C,(04)23274275,(04)23288582,2025,10,22,22,12,臺中市,西屯區,0,0,0,7,,,0,,,,,,,,,,,,,,14,,,,,C03,,,1,,1,,,49,49,1,12,4,120.643432,24.177462,3
8724,66000,387130000C,(04)23274275,(04)23288582,2025,10,22,22,30,臺中市,北區,0,1,0,7,1,6,50,3,2,1,5,4,6,6,1,1,1,4,5,2,13,3,10,1,1,C03,7,14,1,10,2,13,,77,77,1,12,4,120.681217,24.163243,2
8725,66000,387130000C,(04)23274275,(04)23288582,2025,10,22,22,31,臺中市,西屯區,0,0,0,7,,,40,,,,,,,,,,,,,,13,,,,,C03,,,1,,2,,,7,7,1,12,4,120.646567,24.171319,3
8726,66000,387130000C,(04)23274275,(04)23288582,2025,10,22,22,44,臺中市,西屯區,0,1,0,7,1,6,50,13,7,1,5,4,6,6,4,4,3,4,4,2,18,2,9,2,1,C03,7,9,1,10,2,14,,87,87,1,12,4,120.626891,24.181376,2
8727,66000,387130000C,(04)23274275,(04)23288582,2025,10,22,23,25,臺中市,西屯區,0,0,0,7,,,50,,,,,,,,,,,,,,13,,,,,B02,,,1,,1,,,59,59,1,13,4,120.635192,24.182019,3
8728,66000,387130000C,(04)23274275,(04)23288582,2025,10,22,23,34,臺中市,西區,0,1,0,7,1,6,50,4,1,1,5,4,6,6,4,4,10,5,5,2,15,2,9,5,4,C03,7,9,1,10,2,11,,12,12,1,12,4,120.668198,24.149549,2
8729,66000,387130000C,(04)23274275,(04)23288582,2025,10,22,23,47,臺中市,南屯區,0,0,0,7,,,50,,,,,,,,,,,,,,14,,,,,B12,,,1,,1,,,49,49,1,13,4,120.620725,24.130988,3
8730,66000,387130000C,(04)23274275,(04)23288582,2025,10,23,1,38,臺中市,西屯區,0,0,0,6,,,40,,,,,,,,,,,,,,,,,,,C03,,,1,,1,,,7,7,1,13,4,120.647689,24.169897,3
8731,66000,387130000C,(04)23274275,(04)23288582,2025,10,23,1,39,臺中市,沙鹿區,0,1,0,6,3,6,30,11,9,1,5,4,6,6,4,4,10,5,5,1,18,2,9,5,4,C03,7,9,1,10,2,14,,84,84,1,13,4,120.601981,24.232294,2
8732,66000,387130000C,(04)23274275,(04)23288582,2025,10,23,2,48,臺中市,南區,0,1,0,7,1,6,50,4,1,1,5,2,6,6,2,1,10,5,5,2,18,2,9,5,4,C03,7,8,1,10,2,14,,84,84,1,13,2,120.650609,24.12035,2
8733,66000,387130000C,(04)23274275,(04)23288582,2025,10,23,5,13,臺中市,西區,0,0,0,7,,,30,,,,,,,,,,,,,,17,,,,,B12,,,1,,2,,,58,58,1,13,4,120.659729,24.147296,3
8734,66000,387130000C,(04)23274275,(04)23288582,2025,10,23,5,40,臺中市,烏日區,0,0,0,7,,,50,,,,,,,,,,,,,,13,,,,,B03,,,1,,1,,,84,84,1,6,4,120.625741,24.110485,3
8735,66000,387130000C,(04)23274275,(04)23288582,2025,10,23,6,23,臺中市,西屯區,0,0,0,7,,,50,,,,,,,,,,,,,,17,,,,,C03,,,1,,1,,,59,59,1,13,4,120.653188,24.16506,3
8736,66000,387130000C,(04)23274275,(04)23288582,2025,10,23,6,30,臺中市,神岡區,0,0,0,7,,,60,,,,,,,,,,,,,,12,,,,,B03,,,1,,3,,,55,55,1,12,4,120.693205,24.24859,3
8737,66000,387130000C,(04)23274275,(04)23288582,2025,10,23,6,40,臺中市,烏日區,0,1,0,7,2,6,40,3,2,1,5,4,6,6,4,4,1,5,4,1,17,2,9,1,1,C04,7,9,1,10,2,11,,7,7,1,6,4,120.598473,24.111196,2
8738,66000,387130000C,(04)23274275,(04)23288582,2025,10,23,6,56,臺中市,神岡區,0,1,0,7,1,6,50,4,2,1,5,4,6,6,1,1,5,5,5,1,17,2,9,1,1,C03,7,9,1,10,2,16,,43,43,1,12,4,120.674063,24.261463,2
8739,66000,387130000C,(04)23274275,(04)23288582,2025,10,23,6,58,臺中市,潭子區,0,1,0,7,3,6,50,3,1,1,5,4,6,6,4,4,5,5,5,1,17,2,7,2,1,C03,7,12,1,10,2,14,,84,84,1,13,4,120.673513,24.206038,2
8740,66000,387130000C,(04)23274275,(04)23288582,2025,10,23,7,0,臺中市,潭子區,0,3,0,6,2,6,50,4,1,1,5,4,6,6,1,1,10,5,5,2,11,2,7,2,1,C03,7,6,1,10,2,11,,11,11,1,13,4,120.692341,24.224979,2
8741,66000,387130000C,(04)23274275,(04)23288582,2025,10,23,7,1,臺中市,石岡區,0,0,0,7,,,70,,,,,,,,,,,,,,17,,,,,B03,,,1,,1,,,50,50,1,6,4,120.810221,24.264263,3
8742,66000,387130000C,(04)23274275,(04)23288582,2025,10,23,7,3,臺中市,豐原區,0,0,0,7,,,40,,,,,,,,,,,,,,,,,,,C03,,,1,,2,,,84,84,1,12,4,120.72468,24.246921,3
8743,66000,387130000C,(04)23274275,(04)23288582,2025,10,23,7,4,臺中市,西屯區,0,0,0,7,,,40,,,,,,,,,,,,,,13,,,,,B03,,,5,,1,,,84,84,1,13,4,120.650365,24.176382,3
8744,66000,387130000C,(04)23274275,(04)23288582,2025,10,23,7,5,臺中市,新社區,0,1,0,7,3,6,50,4,2,1,5,4,6,6,1,1,5,2,5,1,17,3,10,2,1,C03,7,11,1,10,2,12,,34,34,1,6,4,120.808904,24.248892,2
8745,66000,387130000C,(04)23274275,(04)23288582,2025,10,23,7,11,臺中市,外埔區,0,0,0,7,2,6,50,4,1,1,5,4,6,6,4,4,5,4,5,1,17,,,,,B03,,,1,,2,,,14,14,1,6,4,120.688579,24.331564,3
8746,66000,387130000C,(04)23274275,(04)23288582,2025,10,23,7,13,臺中市,大里區,0,0,0,7,,3,80,,,,,,,,,,,,,,16,,,,,B03,,,1,,2,,,40,40,1,13,4,120.699597,24.114435,3
8747,66000,387130000C,(04)23274275,(04)23288582,2025,10,23,7,13,臺中市,龍井區,0,0,0,6,,,40,,,,,,,,,,,,,,30,,,,,C03,,,1,,2,,,21,21,1,12,4,120.585871,24.18622,4
8748,66000,387130000C,(04)23274275,(04)23288582,2025,10,23,7,13,臺中市,清水區,0,0,0,6,,,50,,,,,,,,,,,,,,,,,,,B03,,,1,,1,,,41,41,1,12,4,120.571205,24.321811,3
8749,66000,387130000C,(04)23274275,(04)23288582,2025,10,23,7,15,臺中市,大里區,0,1,0,7,3,6,50,3,1,1,5,4,6,6,4,4,10,5,5,2,16,3,10,1,1,C03,7,5,1,10,2,13,,47,47,1,13,4,120.697819,24.093914,2
8750,66000,387130000C,(04)23274275,(04)23288582,2025,10,23,7,17,臺中市,南屯區,0,1,0,7,2,6,50,3,1,1,5,4,6,6,2,1,1,4,5,2,16,3,10,3,1,B03,7,6,1,8,2,2,,11,11,1,12,4,120.610064,24.155207,2
8751,66000,387130000C,(04)23274275,(04)23288582,2025,10,23,7,17,臺中市,太平區,0,2,0,7,2,6,30,13,9,1,5,4,6,6,4,4,10,5,5,1,11,3,10,1,4,C03,7,9,1,10,2,11,14,84,84,1,13,4,120.763004,24.112642,2
8752,66000,387130000C,(04)23274275,(04)23288582,2025,10,23,7,26,臺中市,北屯區,0,2,0,7,2,6,50,4,1,1,5,4,6,6,2,1,1,3,5,2,15,2,9,2,1,F03,7,9,7,21,2,12,,59,59,1,13,4,120.676187,24.173589,2
8753,66000,387130000C,(04)23274275,(04)23288582,2025,10,23,7,27,臺中市,新社區,0,0,0,7,,,50,,,,,,,,,,,,,,14,,,,,B12,,,1,,2,,,49,49,1,6,4,120.816536,24.17846,3
8754,66000,387130000C,(04)23274275,(04)23288582,2025,10,23,7,28,臺中市,太平區,0,2,0,7,3,6,30,4,1,1,5,4,6,6,4,4,5,5,5,2,15,2,9,2,1,C03,7,9,1,10,1,12,,15,15,1,12,4,120.719691,24.114646,2
8755,66000,387130000C,(04)23274275,(04)23288582,2025,10,23,7,28,臺中市,梧棲區,0,0,0,7,,,40,,,,,,,,,,,,,,17,,,,,C03,,,1,,1,,,8,8,1,6,4,120.551748,24.244418,3
8756,66000,387130000C,(04)23274275,(04)23288582,2025,10,23,7,29,臺中市,豐原區,0,1,0,6,2,6,30,4,1,1,5,4,6,6,4,4,10,5,5,2,16,2,9,5,4,C03,7,6,1,10,2,11,,12,12,1,13,4,120.719561,24.237712,2
8757,66000,387130000C,(04)23274275,(04)23288582,2025,10,23,7,30,臺中市,龍井區,0,0,0,7,,,50,,,,,,,,,,,,,,,,,,,B03,,,1,,1,,,59,59,1,6,4,120.551182,24.213161,3
8758,66000,387130000C,(04)23274275,(04)23288582,2025,10,23,7,30,臺中市,大甲區,0,1,0,7,3,6,50,4,1,1,5,4,6,6,4,4,10,5,5,2,15,3,10,3,1,B03,7,9,1,8,2,2,,15,15,1,6,4,120.621809,24.348442,2
8759,66000,387130000C,(04)23274275,(04)23288582,2025,10,23,7,31,臺中市,大雅區,0,1,0,6,1,6,30,3,1,1,5,4,6,6,4,4,10,5,5,1,17,3,10,3,1,B03,7,12,1,8,11,6,,84,84,2,12,4,120.620674,24.236177,2
8760,66000,387130000C,(04)23274275,(04)23288582,2025,10,23,7,31,臺中市,沙鹿區,0,1,0,6,2,6,40,13,8,1,5,4,6,6,4,4,5,4,4,2,17,2,9,1,1,C03,7,6,1,10,2,14,,42,42,1,13,4,120.566269,24.233304,2
8761,66000,387130000C,(04)23274275,(04)23288582,2025,10,23,7,31,臺中市,后里區,0,1,0,6,2,6,50,13,9,1,5,4,6,6,4,4,9,4,5,2,12,2,9,1,1,C03,7,9,1,10,2,14,12,59,59,1,6,4,120.71007,24.305236,2
8762,66000,387130000C,(04)23274275,(04)23288582,2025,10,23,7,32,臺中市,東區,0,1,0,7,2,6,40,4,1,1,5,4,6,6,1,1,5,5,4,2,11,3,10,2,1,C03,7,5,1,10,2,13,,11,11,1,13,4,120.699655,24.144697,2
8763,66000,387130000C,(04)23274275,(04)23288582,2025,10,23,7,33,臺中市,南屯區,0,0,0,7,,,50,,,,,,,,,,,,,,,,,,,B03,,,1,,2,,,40,40,1,6,4,120.635381,24.150835,3
8764,66000,387130000C,(04)23274275,(04)23288582,2025,10,23,7,34,臺中市,西屯區,0,0,0,7,,,50,,,,,,,,,,,,,,16,,,,,B03,,,1,,1,,,84,84,1,13,4,120.625907,24.18429,3
8765,66000,387130000C,(04)23274275,(04)23288582,2025,10,23,7,34,臺中市,烏日區,0,0,0,7,2,6,50,4,1,1,5,4,6,6,1,1,5,4,5,2,16,3,10,3,1,B03,7,12,1,8,2,6,,87,87,1,6,4,120.625741,24.110485,3
8766,66000,387130000C,(04)23274275,(04)23288582,2025,10,23,7,35,臺中市,潭子區,0,2,0,7,3,6,50,13,14,1,5,4,6,6,1,1,9,5,5,1,17,3,10,3,1,B03,7,15,1,8,2,6,,76,76,1,13,4,120.696532,24.196095,2
8767,66000,387130000C,(04)23274275,(04)23288582,2025,10,23,7,40,臺中市,西屯區,0,1,0,7,2,6,50,4,2,1,5,4,6,6,1,1,4,1,5,1,13,3,10,2,4,C03,7,9,1,10,2,11,,59,59,1,11,4,120.620683,24.18841,2
8768,66000,387130000C,(04)23274275,(04)23288582,2025,10,23,7,40,臺中市,烏日區,0,0,0,7,2,6,50,13,9,1,5,4,6,6,4,4,5,5,5,1,13,3,10,3,1,B12,7,9,1,8,2,1,,84,84,1,6,4,120.646444,24.085927,3
8769,66000,387130000C,(04)23274275,(04)23288582,2025,10,23,7,40,臺中市,烏日區,0,1,0,7,2,6,50,3,1,1,5,4,6,6,1,1,10,5,5,2,16,2,9,2,1,C03,7,6,1,10,2,14,,48,48,1,6,4,120.643285,24.078901,2
8770,66000,387130000C,(04)23274275,(04)23288582,2025,10,23,7,40,臺中市,清水區,0,1,0,6,3,6,50,3,2,1,5,4,6,6,4,4,9,5,5,2,30,,,,,,,,,,,,,116,116,1,,,120.563229,24.313642,2
8771,66000,387130000C,(04)23274275,(04)23288582,2025,10,23,7,43,臺中市,沙鹿區,0,1,0,6,2,6,40,13,8,1,5,4,6,6,4,4,5,4,4,2,18,2,9,1,1,C03,7,9,1,10,2,16,,59,59,1,12,4,120.582272,24.243708,2
8772,66000,387130000C,(04)23274275,(04)23288582,2025,10,23,7,44,臺中市,東區,0,2,0,7,1,6,50,3,1,1,5,4,6,6,1,1,10,5,5,2,17,2,9,5,4,C03,7,9,1,10,2,11,,84,84,1,12,4,120.684947,24.13522,2
8773,66000,387130000C,(04)23274275,(04)23288582,2025,10,23,7,45,臺中市,南區,0,0,0,7,,,50,,,,,,,,,,,,,,17,,,,,B03,,,1,,1,,,40,40,1,12,4,120.670128,24.112706,3
8774,66000,387130000C,(04)23274275,(04)23288582,2025,10,23,7,45,臺中市,西屯區,0,1,0,7,2,6,50,13,9,1,5,4,6,6,4,4,1,4,5,2,12,3,10,5,4,B03,7,7,1,8,2,6,,43,43,1,12,4,120.653096,24.167227,2
8775,66000,387130000C,(04)23274275,(04)23288582,2025,10,23,7,50,臺中市,北屯區,0,1,0,7,2,6,50,13,7,1,5,4,6,6,4,4,7,4,4,2,17,3,10,1,1,C03,7,1,1,10,2,11,,51,51,1,12,4,120.694364,24.164475,2
8776,66000,387130000C,(04)23274275,(04)23288582,2025,10,23,7,50,臺中市,北屯區,0,1,0,7,2,6,40,3,1,1,5,4,6,6,1,1,10,4,4,2,17,2,9,5,4,C03,7,11,1,10,2,14,,44,44,1,12,4,120.691747,24.186872,2
8777,66000,387130000C,(04)23274275,(04)23288582,2025,10,23,7,52,臺中市,東區,0,0,0,7,,,50,,,,,,,,,,,,,,13,,,,,C03,,,1,,1,,,84,84,1,13,4,120.699407,24.14478,3
8778,66000,387130000C,(04)23274275,(04)23288582,2025,10,23,7,52,臺中市,太平區,0,0,0,7,,,50,,,,,,,,,,,,,,14,,,,,B03,,,1,,2,,,49,49,1,13,4,120.721612,24.1308,3
8779,66000,387130000C,(04)23274275,(04)23288582,2025,10,23,7,53,臺中市,西屯區,0,0,0,7,,,50,,,,,,,,,,,,,,17,,,,,B11,,,1,,1,,,51,51,1,13,4,120.612576,24.171376,3
8780,66000,387130000C,(04)23274275,(04)23288582,2025,10,23,7,53,臺中市,西屯區,0,1,0,7,3,6,30,13,9,1,5,4,6,6,4,4,10,5,5,2,13,3,10,5,4,C03,7,14,1,10,9,13,,77,77,1,13,4,120.638731,24.178316,2
8781,66000,387130000C,(04)23274275,(04)23288582,2025,10,23,7,53,臺中市,西屯區,0,1,0,7,2,6,30,3,1,1,5,4,6,6,4,4,10,5,5,2,16,3,10,2,4,C03,7,6,1,10,2,11,,13,13,1,12,4,120.593606,24.180491,2
8782,66000,387130000C,(04)23274275,(04)23288582,2025,10,23,7,55,臺中市,東區,0,0,0,7,,,50,,,,,,,,,,,,,,15,,,,,,,,,,,,,86,86,1,,,120.710007,24.143313,3
8783,66000,387130000C,(04)23274275,(04)23288582,2025,10,23,7,56,臺中市,北區,0,3,0,7,2,6,50,4,2,1,5,4,5,6,1,1,5,4,5,2,30,2,8,1,1,C03,7,9,1,11,2,11,14,84,84,1,12,4,120.67044,24.157446,2
8784,66000,387130000C,(04)23274275,(04)23288582,2025,10,23,7,57,臺中市,南屯區,0,0,0,7,,3,50,,,,,,,,,,,,,,13,,,,,B03,,,1,,1,,,59,59,1,12,4,120.619803,24.122841,3
8785,66000,387130000C,(04)23274275,(04)23288582,2025,10,23,7,57,臺中市,霧峰區,0,2,0,6,2,6,40,13,9,1,5,4,6,6,4,4,5,4,5,1,17,2,9,1,1,C03,7,9,1,10,2,11,,7,7,1,13,4,120.714348,24.075514,2
8786,66000,387130000C,(04)23274275,(04)23288582,2025,10,23,7,57,臺中市,太平區,0,1,0,7,3,6,50,3,1,1,5,4,6,6,4,4,5,4,4,2,16,2,9,2,1,C03,7,6,1,10,2,11,,14,14,1,12,4,120.71167,24.141019,2
8787,66000,387130000C,(04)23274275,(04)23288582,2025,10,23,7,57,臺中市,神岡區,0,1,0,7,3,6,40,13,9,1,5,4,6,6,4,4,5,4,4,2,12,4,11,1,1,C03,7,9,1,10,2,11,,7,7,1,13,4,120.661697,24.25872,2
8788,66000,387130000C,(04)23274275,(04)23288582,2025,10,23,7,58,臺中市,西區,0,0,0,7,3,6,50,13,7,1,5,4,6,6,4,4,8,3,4,2,13,,,,,B03,,,1,,1,,,59,59,1,13,4,120.657061,24.153137,3
8789,66000,387130000C,(04)23274275,(04)23288582,2025,10,23,8,0,臺中市,大里區,0,0,0,7,2,6,40,4,1,1,5,4,6,6,1,1,1,2,5,1,13,,,,,C03,,,1,,2,,,6,6,1,12,4,120.666671,24.096845,3
8790,66000,387130000C,(04)23274275,(04)23288582,2025,10,23,8,5,臺中市,清水區,0,1,0,6,3,6,50,4,2,1,5,4,6,6,2,1,5,5,5,1,17,2,9,2,1,C03,7,9,1,10,2,11,,21,21,1,12,4,120.554583,24.265762,2
8791,66000,387130000C,(04)23274275,(04)23288582,2025,10,23,8,7,臺中市,北區,0,1,0,7,2,6,50,3,1,1,5,4,6,6,4,4,5,5,5,2,16,3,10,3,1,B03,7,6,1,8,2,5,,14,14,1,13,4,120.67473,24.159369,2
8792,66000,387130000C,(04)23274275,(04)23288582,2025,10,23,8,7,臺中市,太平區,0,1,0,7,2,6,50,4,1,1,5,4,6,6,1,1,10,4,5,1,16,3,10,3,4,B03,7,5,1,8,2,2,,84,84,1,13,4,120.712193,24.144456,2
8793,66000,387130000C,(04)23274275,(04)23288582,2025,10,23,8,8,臺中市,沙鹿區,0,0,0,7,,,70,,,,,,,,,,,,,,,,,,,A11,,,1,,1,,,7,7,1,12,4,120.617863,24.243103,3
8794,66000,387130000C,(04)23274275,(04)23288582,2025,10,23,8,9,臺中市,西區,0,1,0,7,2,6,50,4,1,1,5,4,6,6,1,1,10,5,5,2,17,3,10,3,1,B01,7,5,1,4,2,2,,47,47,1,13,4,120.655141,24.143227,2
8795,66000,387130000C,(04)23274275,(04)23288582,2025,10,23,8,9,臺中市,烏日區,0,0,0,7,,,30,,,,,,,,,,,,,,14,,,,,B03,,,1,,1,,,49,49,1,6,4,120.613662,24.117963,3
8796,66000,387130000C,(04)23274275,(04)23288582,2025,10,23,8,9,臺中市,豐原區,0,0,0,7,,,50,,,,,,,,,,,,,,13,,,,,B03,,,1,,2,,,7,7,1,12,4,120.708265,24.249984,3
8797,66000,387130000C,(04)23274275,(04)23288582,2025,10,23,8,10,臺中市,西區,0,2,0,7,2,6,50,13,9,1,5,4,6,6,4,4,5,5,5,2,17,3,10,2,1,C03,7,6,3,19,2,13,,48,48,1,12,4,120.674864,24.149431,2
8798,66000,387130000C,(04)23274275,(04)23288582,2025,10,23,8,13,臺中市,西區,0,0,0,7,,,50,,,,,,,,,,,,,,,,,,,C03,,,1,,2,,,7,7,1,12,4,120.653067,24.150822,3
8799,66000,387130000C,(04)23274275,(04)23288582,2025,10,23,8,13,臺中市,北屯區,0,0,0,7,,,50,,,,,,,,,,,,,,12,,,,,C03,,,1,,1,,,8,8,1,6,4,120.706388,24.182358,3
8800,66000,387130000C,(04)23274275,(04)23288582,2025,10,23,8,14,臺中市,太平區,0,2,0,7,3,6,50,4,1,1,5,4,6,6,4,4,5,5,5,2,15,2,7,2,1,C03,7,9,1,10,2,11,,15,15,1,12,4,120.718218,24.148103,2
8801,66000,387130000C,(04)23274275,(04)23288582,2025,10,23,8,15,臺中市,西區,0,0,0,7,,,50,,,,,,,,,,,,,,,,,,,B03,,,1,,2,,,8,8,1,12,4,120.674792,24.13839,3
8802,66000,387130000C,(04)23274275,(04)23288582,2025,10,23,8,15,臺中市,霧峰區,0,0,0,7,,,50,,,,,,,,,,,,,,13,,,,,B03,,,1,,2,,,84,84,1,12,4,120.69588,24.054329,3
8803,66000,387130000C,(04)23274275,(04)23288582,2025,10,23,8,16,臺中市,龍井區,0,2,0,6,2,6,30,4,1,1,5,4,6,6,4,4,10,5,5,1,15,2,9,2,1,C03,7,9,1,10,2,13,,15,15,1,6,4,120.534424,24.184169,2
8804,66000,387130000C,(04)23274275,(04)23288582,2025,10,23,8,17,臺中市,沙鹿區,0,0,0,7,,,50,,,,,,,,,,,,,,,,,,,B13,,,1,,1,,,8,8,1,12,4,120.60863,24.243445,3
8805,66000,387130000C,(04)23274275,(04)23288582,2025,10,23,8,19,臺中市,中區,0,3,0,7,2,6,50,13,9,1,5,4,6,6,4,4,5,4,5,2,2,2,7,2,1,C03,7,9,1,10,2,12,,84,84,1,12,4,120.67916,24.142296,2
8806,66000,387130000C,(04)23274275,(04)23288582,2025,10,23,8,20,臺中市,潭子區,0,2,0,7,3,6,40,3,1,1,5,4,6,6,4,4,10,5,5,1,11,2,9,2,1,C03,7,5,1,10,2,14,,41,41,1,13,4,120.696297,24.227721,2
8807,66000,387130000C,(04)23274275,(04)23288582,2025,10,23,8,20,臺中市,龍井區,0,1,0,6,2,6,60,4,1,1,5,4,6,6,1,1,10,5,5,2,15,3,10,3,1,B12,7,9,1,8,2,4,,21,21,1,6,4,120.539275,24.206315,2
8808,66000,387130000C,(04)23274275,(04)23288582,2025,10,23,8,21,臺中市,潭子區,0,0,0,7,,,60,,,,,,,,,,,,,,,,,,,C03,,,1,,2,,,7,7,1,13,4,120.705105,24.215969,3
8809,66000,387130000C,(04)23274275,(04)23288582,2025,10,23,8,21,臺中市,西區,0,2,0,7,2,6,50,4,1,1,5,4,6,6,3,1,10,5,5,2,17,2,9,1,1,C03,7,9,1,10,2,11,,84,84,1,12,4,120.669804,24.148412,2
8810,66000,387130000C,(04)23274275,(04)23288582,2025,10,23,8,21,臺中市,東區,0,1,0,7,1,6,50,13,9,1,5,4,3,3,4,4,5,4,5,2,13,2,9,5,4,C03,7,9,1,10,2,11,,7,7,1,12,4,120.707285,24.132228,2
8811,66000,387130000C,(04)23274275,(04)23288582,2025,10,23,8,22,臺中市,西屯區,0,1,0,7,2,6,50,4,1,1,5,4,6,6,1,1,8,4,5,1,17,3,10,5,4,B01,7,5,1,8,2,1,,7,7,1,13,4,120.636693,24.171236,2
8812,66000,387130000C,(04)23274275,(04)23288582,2025,10,23,8,22,臺中市,沙鹿區,0,0,0,7,,,60,,,,,,,,,,,,,,14,,,,,A04,,,1,,2,,,49,49,1,12,4,120.574128,24.229515,3
8813,66000,387130000C,(04)23274275,(04)23288582,2025,10,23,8,23,臺中市,沙鹿區,0,0,0,7,,,30,,,,,,,,,,,,,,,,,,,B03,,,1,,2,,,59,59,1,13,4,120.564083,24.237062,3
8814,66000,387130000C,(04)23274275,(04)23288582,2025,10,23,8,25,臺中市,南區,0,1,0,7,3,6,30,13,9,1,5,4,6,6,4,4,10,5,5,2,13,2,9,2,1,C03,7,9,1,10,2,11,,84,84,1,12,4,120.651892,24.114538,2
8815,66000,387130000C,(04)23274275,(04)23288582,2025,10,23,8,25,臺中市,東區,0,0,0,7,,,50,,,,,,,,,,,,,,13,,,,,B03,,,1,,1,,,84,84,1,12,4,120.702876,24.125403,3
8816,66000,387130000C,(04)23274275,(04)23288582,2025,10,23,8,25,臺中市,太平區,0,1,0,7,2,6,50,3,1,1,5,4,6,6,4,4,10,5,5,2,18,,,,,,,,,,,,,119,119,1,,,120.727106,24.127049,2
8817,66000,387130000C,(04)23274275,(04)23288582,2025,10,23,8,26,臺中市,北屯區,0,0,0,7,,3,80,,,,,,,,,,,,,,13,,,,,B03,,,1,,2,,,59,59,1,12,4,120.691166,24.168291,3
8818,66000,387130000C,(04)23274275,(04)23288582,2025,10,23,8,30,臺中市,大肚區,0,0,0,7,,,50,,,,,,,,,,,,,,,,,,,A11,,,1,,2,,,8,8,1,6,4,120.576466,24.118934,3
8819,66000,387130000C,(04)23274275,(04)23288582,2025,10,23,8,41,臺中市,龍井區,0,0,0,7,,,50,,,,,,,,,,,,,,,,,,,B12,,,1,,1,,,49,49,1,12,4,120.583352,24.179648,3
8820,66000,387130000C,(04)23274275,(04)23288582,2025,10,23,8,43,臺中市,南屯區,0,0,0,7,,,50,,,,,,,,,,,,,,,,,,,B03,,,1,,1,,,7,7,1,6,4,120.630817,24.150604,3
8821,66000,387130000C,(04)23274275,(04)23288582,2025,10,23,8,44,臺中市,東區,0,0,0,7,,,50,,,,,,,,,,,,,,,,,,,B12,,,1,,1,,,49,49,1,12,4,120.683543,24.133198,3
8822,66000,387130000C,(04)23274275,(04)23288582,2025,10,23,8,44,臺中市,烏日區,0,1,0,7,2,6,50,4,1,1,5,4,6,6,1,1,5,4,5,2,16,2,9,1,1,C03,7,6,1,10,2,14,,48,48,1,6,4,120.597272,24.108378,2
8823,66000,387130000C,(04)23274275,(04)23288582,2025,10,23,8,45,臺中市,北區,0,1,0,7,3,6,40,13,9,1,5,4,6,6,4,4,1,4,4,2,17,3,10,5,1,B03,7,15,1,8,2,4,,76,76,1,12,4,120.675645,24.159389,2
8824,66000,387130000C,(04)23274275,(04)23288582,2025,10,23,8,45,臺中市,西屯區,0,0,0,7,,,40,,,,,,,,,,,,,,17,,,,,B12,,,1,,1,,,8,8,1,12,4,120.646204,24.167813,3
8825,66000,387130000C,(04)23274275,(04)23288582,2025,10,23,8,47,臺中市,南屯區,0,1,0,7,2,6,50,13,9,1,5,4,6,6,4,4,9,4,5,2,13,2,9,1,1,C03,7,9,1,10,2,11,,59,59,1,12,4,120.621023,24.139626,2
8826,66000,387130000C,(04)23274275,(04)23288582,2025,10,23,8,51,臺中市,西屯區,0,1,0,7,2,6,30,3,1,1,5,4,6,6,4,4,10,5,5,2,11,2,9,2,1,C03,7,6,1,10,2,11,,12,12,1,12,4,120.608248,24.188992,2
8827,66000,387130000C,(04)23274275,(04)23288582,2025,10,23,8,52,臺中市,大里區,0,1,0,7,3,6,50,13,9,1,5,4,6,6,4,4,5,4,5,1,18,2,9,5,4,C03,7,9,1,10,2,14,,84,84,1,13,4,120.672029,24.105329,2
8828,66000,387130000C,(04)23274275,(04)23288582,2025,10,23,8,53,臺中市,南屯區,0,1,0,7,2,6,40,3,1,1,5,4,6,6,4,4,5,5,5,2,16,2,9,2,1,C03,7,9,1,10,2,12,,34,34,1,12,4,120.609795,24.149873,2
8829,66000,387130000C,(04)23274275,(04)23288582,2025,10,23,8,55,臺中市,南屯區,0,0,0,7,,,50,,,,,,,,,,,,,,,,,,,B03,,,1,,2,,,84,84,1,6,4,120.622344,24.150091,3
8830,66000,387130000C,(04)23274275,(04)23288582,2025,10,23,8,55,臺中市,大里區,0,2,0,7,3,6,50,13,9,1,5,4,6,6,4,4,9,5,4,1,16,2,8,1,1,C03,7,11,1,10,2,12,,45,45,1,13,4,120.706414,24.095617,2