序號,縣市別代碼,機關代碼,市話,傳真,年,月,日,時,分,縣市,區,死亡數量,受傷數量,2-30,天候,道路照明設備,道路類別,道路速限,道路型態,事故位置,路面鋪裝,路面狀態,路面缺陷,障礙物,視距,號誌種類,號誌動作,分向設施,快車道或一般車道間,快慢車道間,路面邊線,事故類型及型態,受傷程度,主要傷處,保護裝備,行動電話或功能裝置,當事者區分(類別),車輛用途,當事者行動狀態,駕照狀態,駕照種類,飲酒情形,車輛撞擊部位最初,車輛撞擊部位其他,肇事因素個別,肇事因素主要,肇事逃逸,職業,共享經濟或外送平台,GPS座標X,GPS座標Y,事故類別
8943,66000,387130000C,(04)23274275,(04)23288582,2025,10,23,14,17,臺中市,太平區,0,0,0,7,,3,80,,,,,,,,,,,,,,13,,,,,B12,,,1,,2,,,87,87,1,13,4,120.710215,24.134783,3
8944,66000,387130000C,(04)23274275,(04)23288582,2025,10,23,14,20,臺中市,潭子區,0,0,0,7,,,50,,,,,,,,,,,,,,30,,,,,,,,,,,,,86,86,1,,,120.727889,24.197023,3
8945,66000,387130000C,(04)23274275,(04)23288582,2025,10,23,14,20,臺中市,東區,0,1,0,7,2,6,50,13,9,1,5,4,6,6,4,4,5,5,5,2,17,3,10,3,1,B03,7,15,1,8,2,6,,84,84,1,12,4,120.700151,24.139222,2
8946,66000,387130000C,(04)23274275,(04)23288582,2025,10,23,14,23,臺中市,大里區,0,1,0,7,2,6,50,3,1,1,5,4,6,6,4,4,5,5,5,1,16,2,9,1,1,C03,7,11,1,10,2,12,,45,45,1,13,4,120.683518,24.091937,2
8947,66000,387130000C,(04)23274275,(04)23288582,2025,10,23,14,27,臺中市,南區,0,0,0,7,,,50,,,,,,,,,,,,,,17,,,,,B12,,,1,,1,,,78,78,1,12,4,120.684076,24.12461,3
8948,66000,387130000C,(04)23274275,(04)23288582,2025,10,23,14,29,臺中市,南區,0,1,0,7,2,6,50,3,1,1,5,4,6,6,1,1,5,5,5,2,3,3,10,3,1,B03,7,6,1,8,2,1,,10,10,1,13,4,120.665713,24.113921,2
8949,66000,387130000C,(04)23274275,(04)23288582,2025,10,23,14,30,臺中市,大安區,0,1,0,7,2,6,50,4,2,1,5,4,6,6,1,1,5,5,5,1,17,2,8,2,1,C03,7,1,1,10,2,14,,51,51,1,6,4,120.587103,24.345516,2
8950,66000,387130000C,(04)23274275,(04)23288582,2025,10,23,14,32,臺中市,北區,0,2,0,7,2,6,50,13,9,1,5,4,6,6,4,4,9,5,5,2,13,2,9,1,1,C03,7,9,1,10,2,13,,84,84,1,12,4,120.677309,24.158329,2
8951,66000,387130000C,(04)23274275,(04)23288582,2025,10,23,14,33,臺中市,霧峰區,0,0,0,7,,,50,,,,,,,,,,,,,,17,,,,,B03,,,1,,2,,,7,7,1,13,4,120.695525,24.01271,3
8952,66000,387130000C,(04)23274275,(04)23288582,2025,10,23,14,41,臺中市,豐原區,0,1,0,7,2,6,50,13,14,1,5,4,6,6,4,4,1,5,5,1,17,2,9,1,1,C03,7,9,1,10,2,11,,84,84,1,12,4,120.717694,24.243687,2
8953,66000,387130000C,(04)23274275,(04)23288582,2025,10,23,14,42,臺中市,西區,0,0,0,7,,,50,,,,,,,,,,,,,,,,,,,C03,,,1,,2,,,84,84,1,13,4,120.65709,24.150474,3
8954,66000,387130000C,(04)23274275,(04)23288582,2025,10,23,14,42,臺中市,北屯區,0,1,0,7,1,6,50,13,9,1,5,4,6,6,4,4,7,4,5,2,13,3,10,3,1,B03,7,9,1,8,2,1,,7,7,1,13,4,120.704079,24.164383,2
8955,66000,387130000C,(04)23274275,(04)23288582,2025,10,23,14,42,臺中市,北屯區,0,1,0,7,3,6,40,13,8,1,5,4,6,6,4,4,1,4,4,2,13,2,9,1,1,C03,7,9,1,10,2,11,,7,7,1,12,4,120.68661,24.184533,2
8956,66000,387130000C,(04)23274275,(04)23288582,2025,10,23,14,44,臺中市,南屯區,0,0,0,7,,,50,,,,,,,,,,,,,,11,,,,,B03,,,1,,1,,,59,59,1,12,4,120.624035,24.152106,3
8957,66000,387130000C,(04)23274275,(04)23288582,2025,10,23,14,46,臺中市,西屯區,0,0,0,7,,,50,,,,,,,,,,,,,,13,,,,,B03,,,1,,1,,,59,59,1,12,4,120.625002,24.182084,3
8958,66000,387130000C,(04)23274275,(04)23288582,2025,10,23,14,56,臺中市,西屯區,0,0,0,7,,,50,,,,,,,,,,,,,,13,,,,,C04,,,1,,1,,,59,59,1,12,4,120.645749,24.172298,3
8959,66000,387130000C,(04)23274275,(04)23288582,2025,10,23,15,0,臺中市,北屯區,0,0,0,7,,,50,,,,,,,,,,,,,,12,,,,,B03,,,3,19,2,,,8,8,1,6,4,120.698077,24.17044,3
8960,66000,387130000C,(04)23274275,(04)23288582,2025,10,23,15,0,臺中市,北屯區,0,0,0,7,,,50,,,,,,,,,,,,,,13,,,,,A12,,,1,,7,,,7,7,1,6,4,120.67126,24.179537,3
8961,66000,387130000C,(04)23274275,(04)23288582,2025,10,23,15,0,臺中市,北屯區,0,1,0,7,2,6,30,4,1,1,5,4,6,6,4,4,10,5,5,2,16,3,10,3,1,B12,7,9,1,8,2,2,,15,15,1,6,4,120.662488,24.192495,2
8962,66000,387130000C,(04)23274275,(04)23288582,2025,10,23,15,4,臺中市,西屯區,0,0,0,7,,,50,,,,,,,,,,,,,,13,,,,,B03,,,1,,1,,,7,7,1,12,4,120.656506,24.200465,3
8963,66000,387130000C,(04)23274275,(04)23288582,2025,10,23,15,5,臺中市,北區,0,0,0,7,,,30,,,,,,,,,,,,,,17,,,,,B03,,,1,,9,,,8,8,2,13,4,120.679282,24.157706,3
8964,66000,387130000C,(04)23274275,(04)23288582,2025,10,23,15,5,臺中市,西屯區,0,1,0,6,2,6,50,13,9,1,5,4,6,6,1,1,3,4,5,2,13,3,10,3,1,B03,7,9,1,8,2,5,,7,7,1,12,4,120.655025,24.200535,2
8965,66000,387130000C,(04)23274275,(04)23288582,2025,10,23,15,5,臺中市,西屯區,0,0,0,7,,,40,,,,,,,,,,,,,,17,,,,,B03,,,1,,1,,,51,51,1,13,4,120.614789,24.183484,3
8966,66000,387130000C,(04)23274275,(04)23288582,2025,10,23,15,7,臺中市,梧棲區,0,1,0,1,2,6,50,13,9,1,5,4,1,6,4,4,1,4,5,1,18,2,8,1,1,C03,7,9,1,10,2,14,,58,58,1,12,4,120.560389,24.256209,2
8967,66000,387130000C,(04)23274275,(04)23288582,2025,10,23,15,10,臺中市,南區,0,1,0,7,2,6,50,13,9,1,5,4,6,6,4,4,5,4,5,2,17,3,10,3,1,B03,7,7,1,8,2,6,,40,40,1,12,4,120.653502,24.122825,2
8968,66000,387130000C,(04)23274275,(04)23288582,2025,10,23,15,11,臺中市,南屯區,0,2,0,7,3,6,50,13,9,1,5,4,6,6,4,4,5,5,5,1,13,2,9,1,1,C02,7,9,1,9,2,11,,7,7,1,6,4,120.576126,24.146333,2
8969,66000,387130000C,(04)23274275,(04)23288582,2025,10,23,15,18,臺中市,太平區,0,0,0,7,,,30,,,,,,,,,,,,,,17,,,,,B03,,,1,,2,,,84,84,1,12,4,120.711637,24.125786,3
8970,66000,387130000C,(04)23274275,(04)23288582,2025,10,23,15,18,臺中市,東勢區,0,1,0,7,3,9,10,18,24,1,5,4,6,6,4,4,10,5,5,1,18,2,7,5,4,F01,7,9,7,21,1,12,,91,91,1,12,4,120.824811,24.273603,2
8971,66000,387130000C,(04)23274275,(04)23288582,2025,10,23,15,19,臺中市,烏日區,0,1,0,7,1,6,50,3,1,1,5,4,6,6,1,1,10,5,5,2,13,2,9,1,1,C03,7,5,1,10,2,11,,7,7,1,6,4,120.643246,24.079037,2
8972,66000,387130000C,(04)23274275,(04)23288582,2025,10,23,15,19,臺中市,大肚區,0,0,0,7,,,50,,,,,,,,,,,,,,11,,,,,B12,,,1,,1,,,87,87,1,6,4,120.579941,24.171162,3
8973,66000,387130000C,(04)23274275,(04)23288582,2025,10,23,15,20,臺中市,西區,0,0,0,7,,,50,,,,,,,,,,,,,,,,,,,C03,,,1,,1,,,7,7,1,12,4,120.680536,24.135323,3
8974,66000,387130000C,(04)23274275,(04)23288582,2025,10,23,15,22,臺中市,北區,0,2,0,7,2,6,50,4,1,1,5,4,6,6,4,4,10,5,5,2,15,2,9,5,4,C03,7,9,1,10,2,11,,15,15,1,13,4,120.678817,24.158193,2
8975,66000,387130000C,(04)23274275,(04)23288582,2025,10,23,15,23,臺中市,后里區,0,0,0,7,,,50,,,,,,,,,,,,,,12,,,,,B01,,,1,,2,,,50,50,1,6,4,120.724883,24.318627,4
8976,66000,387130000C,(04)23274275,(04)23288582,2025,10,23,15,29,臺中市,北屯區,0,0,0,7,,,50,,,,,,,,,,,,,,17,,,,,B03,,,1,,2,,,50,50,1,6,4,120.700368,24.182637,3
8977,66000,387130000C,(04)23274275,(04)23288582,2025,10,23,15,30,臺中市,大雅區,0,0,0,7,,,30,,,,,,,,,,,,,,9,,,,,B12,,,1,,2,,,78,78,1,13,4,120.619583,24.224381,3
8978,66000,387130000C,(04)23274275,(04)23288582,2025,10,23,15,35,臺中市,南區,0,0,0,7,,,50,,,,,,,,,,,,,,,,,,,C03,,,1,,1,,,7,7,1,12,4,120.65043,24.120959,3
8979,66000,387130000C,(04)23274275,(04)23288582,2025,10,23,15,36,臺中市,西屯區,0,0,0,7,,,40,,,,,,,,,,,,,,12,,,,,A12,,,1,,1,,,40,40,1,13,4,120.639069,24.168932,3
8980,66000,387130000C,(04)23274275,(04)23288582,2025,10,23,15,37,臺中市,西區,0,0,0,7,,,50,,,,,,,,,,,,,,,,,,,B12,,,1,,1,,,84,84,1,13,4,120.651753,24.146657,3
8981,66000,387130000C,(04)23274275,(04)23288582,2025,10,23,15,39,臺中市,西區,0,1,0,7,2,6,50,4,2,1,5,4,6,6,1,1,5,4,5,2,13,2,8,2,1,C03,7,9,1,10,1,11,,7,7,1,12,4,120.661688,24.140163,2
8982,66000,387130000C,(04)23274275,(04)23288582,2025,10,23,15,40,臺中市,大雅區,0,0,0,7,,,60,,,,,,,,,,,,,,,,,,,B03,,,1,,1,,,85,85,1,13,4,120.64899,24.217339,3
8983,66000,387130000C,(04)23274275,(04)23288582,2025,10,23,15,40,臺中市,北屯區,0,0,0,7,,,50,,,,,,,,,,,,,,13,,,,,B03,,,1,,1,,,84,84,1,6,4,120.715533,24.163955,3
8984,66000,387130000C,(04)23274275,(04)23288582,2025,10,23,15,40,臺中市,和平區,0,2,0,6,2,6,30,13,9,1,5,4,6,6,4,4,10,4,5,1,11,3,10,4,1,G01,7,9,3,19,2,17,,84,84,1,13,4,121.252283,24.253919,2
8985,66000,387130000C,(04)23274275,(04)23288582,2025,10,23,15,47,臺中市,西區,0,0,0,7,,,30,,,,,,,,,,,,,,,,,,,,,,,,,,,86,86,1,,,120.65835,24.1465,3
8986,66000,387130000C,(04)23274275,(04)23288582,2025,10,23,15,47,臺中市,北區,0,0,0,7,,,50,,,,,,,,,,,,,,13,,,,,B03,,,1,,1,,,7,7,1,13,4,120.684876,24.162392,3
8987,66000,387130000C,(04)23274275,(04)23288582,2025,10,23,15,49,臺中市,沙鹿區,0,0,0,7,,,50,,,,,,,,,,,,,,,,,,,B03,,,1,,1,,,7,7,1,13,4,120.580517,24.201034,3
8988,66000,387130000C,(04)23274275,(04)23288582,2025,10,23,15,53,臺中市,后里區,0,0,0,7,2,6,50,4,1,1,5,4,6,6,1,1,1,4,4,1,17,3,10,3,1,B03,7,6,1,8,2,16,,25,25,1,12,4,120.697856,24.315139,3
8989,66000,387130000C,(04)23274275,(04)23288582,2025,10,23,15,53,臺中市,神岡區,0,1,0,6,1,6,50,3,1,1,5,4,6,6,3,1,10,4,5,1,13,2,9,1,1,C01,7,9,1,10,2,11,,7,7,1,12,4,120.643905,24.25324,2
8990,66000,387130000C,(04)23274275,(04)23288582,2025,10,23,15,54,臺中市,沙鹿區,0,1,0,7,2,6,50,4,1,1,5,4,6,6,1,1,10,5,5,2,17,2,8,1,1,C03,7,9,1,10,2,11,12,8,8,1,6,4,120.558936,24.231177,2
8991,66000,387130000C,(04)23274275,(04)23288582,2025,10,23,15,55,臺中市,北屯區,0,1,0,7,2,6,50,11,9,1,5,4,6,6,4,4,5,2,5,2,17,2,9,1,1,C03,7,9,2,19,9,13,14,6,6,1,12,4,120.667679,24.179919,2
8992,66000,387130000C,(04)23274275,(04)23288582,2025,10,23,16,0,臺中市,龍井區,0,0,0,7,,,50,,,,,,,,,,,,,,,,,,,A42,,,1,,1,,,8,8,1,6,4,120.542484,24.170653,3
8993,66000,387130000C,(04)23274275,(04)23288582,2025,10,23,16,2,臺中市,南區,0,3,0,7,3,6,50,4,1,1,5,4,6,6,2,1,3,4,4,2,13,3,10,3,1,B03,7,9,1,8,8,8,,53,53,1,6,4,120.681121,24.127813,2
8994,66000,387130000C,(04)23274275,(04)23288582,2025,10,23,16,2,臺中市,東區,0,0,0,7,,3,80,,,,,,,,,,,,,,13,,,,,B03,,,1,,1,,,57,57,1,6,4,120.708739,24.134649,3
8995,66000,387130000C,(04)23274275,(04)23288582,2025,10,23,16,2,臺中市,清水區,0,1,0,6,3,6,50,13,9,1,5,4,6,6,4,4,5,5,5,1,12,3,10,3,1,B03,7,15,1,8,2,2,,39,39,1,12,4,120.544371,24.263247,2
8996,66000,387130000C,(04)23274275,(04)23288582,2025,10,23,16,3,臺中市,東區,0,0,0,7,,,50,,,,,,,,,,,,,,,,,,,B03,,,1,,9,,,7,7,1,12,4,120.690647,24.127269,3
8997,66000,387130000C,(04)23274275,(04)23288582,2025,10,23,16,14,臺中市,清水區,0,2,0,7,3,6,40,13,8,1,5,4,6,6,4,4,1,4,4,2,17,3,10,5,1,B03,7,15,1,8,11,4,,76,76,1,12,4,120.560337,24.268172,2
8998,66000,387130000C,(04)23274275,(04)23288582,2025,10,23,16,16,臺中市,西區,0,0,0,7,,,40,,,,,,,,,,,,,,,,,,,C03,,,1,,1,,,84,84,1,13,4,120.658019,24.158286,3
8999,66000,387130000C,(04)23274275,(04)23288582,2025,10,23,16,16,臺中市,太平區,0,1,0,7,2,6,50,4,1,1,5,4,6,6,1,1,10,5,5,2,16,3,10,2,1,C03,7,5,1,10,2,12,,47,47,1,13,4,120.724719,24.141939,2
9000,66000,387130000C,(04)23274275,(04)23288582,2025,10,23,16,20,臺中市,西區,0,1,0,7,2,6,50,13,9,1,5,4,6,6,4,4,5,5,5,2,14,3,10,3,1,B03,7,2,1,8,2,3,,49,49,1,12,4,120.668086,24.141301,2
9001,66000,387130000C,(04)23274275,(04)23288582,2025,10,23,16,20,臺中市,西區,0,0,0,7,,,50,,,,,,,,,,,,,,,,,,,B03,,,1,,1,,,7,7,1,12,4,120.659293,24.157571,3
9002,66000,387130000C,(04)23274275,(04)23288582,2025,10,23,16,21,臺中市,西區,0,1,0,6,2,6,50,3,1,1,5,4,6,6,4,4,10,5,5,2,17,3,10,3,1,B03,7,5,1,8,2,2,,14,14,1,12,4,120.658179,24.154958,2
9003,66000,387130000C,(04)23274275,(04)23288582,2025,10,23,16,21,臺中市,烏日區,0,0,0,7,2,6,70,13,7,1,5,4,6,6,1,1,1,4,4,1,13,3,10,3,1,B03,7,9,1,8,1,1,,84,84,1,6,4,120.599448,24.111111,3
9004,66000,387130000C,(04)23274275,(04)23288582,2025,10,23,16,23,臺中市,沙鹿區,0,1,0,7,3,6,50,13,9,1,5,4,6,6,4,4,1,4,4,1,17,3,10,3,1,B03,7,5,1,8,2,2,,20,20,1,13,4,120.575288,24.247375,2
9005,66000,387130000C,(04)23274275,(04)23288582,2025,10,23,16,25,臺中市,太平區,0,0,0,7,,,50,,,,,,,,,,,,,,,,,,,C03,,,1,,9,,,84,84,2,13,4,120.708617,24.128309,3
9006,66000,387130000C,(04)23274275,(04)23288582,2025,10,23,16,26,臺中市,大里區,0,1,0,7,2,6,60,4,1,1,5,4,6,6,1,1,9,4,4,1,17,2,9,2,1,C03,7,15,1,10,2,12,,8,8,1,13,4,120.688515,24.080589,2
9007,66000,387130000C,(04)23274275,(04)23288582,2025,10,23,16,27,臺中市,龍井區,0,0,0,6,,,30,,,,,,,,,,,,,,9,,,,,B03,,,1,,2,,,8,8,1,6,4,120.59303,24.188674,3
9008,66000,387130000C,(04)23274275,(04)23288582,2025,10,23,16,28,臺中市,沙鹿區,0,0,0,7,,,70,,,,,,,,,,,,,,,,,,,B03,,,1,,2,,,7,7,1,12,4,120.578772,24.218515,3
9009,66000,387130000C,(04)23274275,(04)23288582,2025,10,23,16,29,臺中市,北屯區,0,1,0,7,1,6,50,4,2,1,5,4,6,6,1,1,3,4,5,2,12,2,7,1,1,C03,7,5,1,10,2,14,,26,26,1,13,4,120.72766,24.160863,2
9010,66000,387130000C,(04)23274275,(04)23288582,2025,10,23,16,30,臺中市,北屯區,0,1,0,7,2,6,50,4,1,1,5,4,6,6,2,1,10,5,5,2,12,3,10,3,1,B03,7,5,1,8,2,5,,84,84,1,6,4,120.704454,24.164862,2
9011,66000,387130000C,(04)23274275,(04)23288582,2025,10,23,16,32,臺中市,南區,0,2,0,7,2,6,50,4,1,1,5,4,6,6,3,1,10,5,5,2,15,2,9,1,1,C03,7,9,1,10,2,14,,24,24,1,12,4,120.678263,24.130931,2
9012,66000,387130000C,(04)23274275,(04)23288582,2025,10,23,16,32,臺中市,北屯區,0,0,0,7,,,50,,,,,,,,,,,,,,12,,,,,B03,,,1,8,2,,,40,40,1,6,4,120.7155,24.17464,3
9013,66000,387130000C,(04)23274275,(04)23288582,2025,10,23,16,34,臺中市,北區,0,0,0,7,,,50,,,,,,,,,,,,,,12,,,,,B12,,,1,,2,,,8,8,1,13,4,120.67188,24.160272,3
9014,66000,387130000C,(04)23274275,(04)23288582,2025,10,23,16,39,臺中市,潭子區,0,0,0,7,,,50,,,,,,,,,,,,,,14,,,,,B03,,,1,,2,,,49,49,1,12,4,120.67443,24.204379,3
9015,66000,387130000C,(04)23274275,(04)23288582,2025,10,23,16,40,臺中市,神岡區,0,0,0,7,,,30,,,,,,,,,,,,,,16,,,,,C03,,,1,,2,,,59,59,1,12,4,120.686077,24.252109,3
9016,66000,387130000C,(04)23274275,(04)23288582,2025,10,23,16,41,臺中市,西區,0,2,0,6,2,6,50,4,1,1,5,4,6,6,4,4,10,5,5,2,17,2,9,1,1,C03,7,9,1,10,2,12,,15,15,1,12,4,120.669045,24.14063,2
9017,66000,387130000C,(04)23274275,(04)23288582,2025,10,23,16,41,臺中市,西屯區,0,1,0,7,2,6,40,13,8,1,5,4,6,6,4,4,3,4,3,2,12,3,10,5,1,C03,7,8,1,10,2,12,,40,40,1,12,4,120.64701,24.164398,2
9018,66000,387130000C,(04)23274275,(04)23288582,2025,10,23,16,45,臺中市,西屯區,0,0,0,7,,,30,,,,,,,,,,,,,,33,,,,,B03,,,1,,1,,,59,59,1,12,4,120.643934,24.17409,3
9019,66000,387130000C,(04)23274275,(04)23288582,2025,10,23,16,46,臺中市,沙鹿區,0,1,0,7,2,6,50,4,1,1,5,4,6,6,1,1,10,5,5,2,16,3,10,3,1,B03,7,5,1,10,2,5,,47,47,1,6,4,120.60637,24.247383,2
9020,66000,387130000C,(04)23274275,(04)23288582,2025,10,23,16,46,臺中市,梧棲區,0,1,0,7,3,6,50,4,9,1,5,4,6,6,1,1,5,5,5,1,13,2,8,1,1,C03,7,9,1,10,2,14,,7,7,1,6,4,120.528652,24.222296,2
9021,66000,387130000C,(04)23274275,(04)23288582,2025,10,23,16,51,臺中市,大里區,0,1,0,7,2,6,50,3,9,1,5,4,6,6,4,4,10,5,5,2,17,3,10,1,1,C03,7,5,1,10,2,12,,14,14,1,12,4,120.675665,24.110128,2
9022,66000,387130000C,(04)23274275,(04)23288582,2025,10,23,16,53,臺中市,梧棲區,0,1,0,7,2,6,30,4,1,1,5,4,6,6,4,4,10,5,5,2,15,3,10,3,1,B03,7,9,1,8,2,2,,15,15,1,12,4,120.549569,24.255255,2
9023,66000,387130000C,(04)23274275,(04)23288582,2025,10,23,16,57,臺中市,豐原區,0,0,0,7,,,50,,,,,,,,,,,,,,12,,,,,B03,,,1,,2,,,35,35,1,12,4,120.704997,24.24991,3
9024,66000,387130000C,(04)23274275,(04)23288582,2025,10,23,16,58,臺中市,太平區,0,0,0,7,,,40,,,,,,,,,,,,,,17,,,,,B12,,,1,,1,,,84,84,1,12,4,120.718716,24.154037,3
9025,66000,387130000C,(04)23274275,(04)23288582,2025,10,23,16,59,臺中市,大雅區,0,0,0,6,,,60,,,,,,,,,,,,,,17,,,,,B03,,,1,,2,,,40,40,1,13,4,120.647263,24.221424,3
9026,66000,387130000C,(04)23274275,(04)23288582,2025,10,23,17,0,臺中市,南區,0,1,0,7,2,6,50,4,1,1,5,4,6,6,4,4,10,5,5,2,17,3,10,1,1,F03,7,6,7,21,2,11,,20,20,1,4,4,120.667397,24.114242,2
9027,66000,387130000C,(04)23274275,(04)23288582,2025,10,23,17,1,臺中市,西屯區,0,1,0,7,2,6,50,4,1,1,5,4,6,6,2,1,10,5,5,2,16,2,8,1,1,C03,7,9,1,10,2,12,,27,27,1,13,4,120.645598,24.172294,2
9028,66000,387130000C,(04)23274275,(04)23288582,2025,10,23,17,1,臺中市,大肚區,0,0,0,7,,,50,,,,,,,,,,,,,,11,,,,,B03,,,1,,9,,,8,8,1,6,4,120.568245,24.124036,3
9029,66000,387130000C,(04)23274275,(04)23288582,2025,10,23,17,3,臺中市,北區,0,0,0,7,,,50,,,,,,,,,,,,,,9,,,,,,,,,,,,,119,119,1,,,120.673429,24.16551,3
9030,66000,387130000C,(04)23274275,(04)23288582,2025,10,23,17,11,臺中市,南屯區,0,2,0,7,3,6,40,13,8,1,5,4,6,6,4,4,1,4,4,2,13,2,9,3,1,B03,7,9,1,8,2,1,,84,84,1,13,4,120.640812,24.145995,2
9031,66000,387130000C,(04)23274275,(04)23288582,2025,10,23,17,11,臺中市,霧峰區,0,2,0,7,1,6,50,3,9,1,5,4,5,6,4,4,5,5,4,1,17,2,9,2,1,C03,7,11,3,19,2,12,,84,84,1,13,4,120.704377,24.076184,2
9032,66000,387130000C,(04)23274275,(04)23288582,2025,10,23,17,12,臺中市,太平區,0,1,0,7,2,6,50,4,1,1,5,4,6,6,1,1,10,5,5,2,16,3,10,3,1,B12,7,6,1,8,2,5,,11,11,1,13,4,120.722519,24.133816,2
9033,66000,387130000C,(04)23274275,(04)23288582,2025,10,23,17,13,臺中市,西區,0,1,0,7,1,6,50,4,1,1,5,4,6,6,4,4,8,3,5,2,12,3,10,3,1,B03,7,5,1,8,2,2,,47,47,1,13,4,120.678452,24.136303,2
9034,66000,387130000C,(04)23274275,(04)23288582,2025,10,23,17,14,臺中市,沙鹿區,0,0,0,7,,,60,,,,,,,,,,,,,,,,,,,B03,,,1,,2,,,82,82,1,13,4,120.597462,24.250008,3
9035,66000,387130000C,(04)23274275,(04)23288582,2025,10,23,17,15,臺中市,西區,0,1,0,7,2,6,50,4,1,1,5,4,6,6,4,4,10,5,5,2,16,2,9,1,1,C03,7,9,1,10,2,11,,15,15,1,12,4,120.668878,24.147949,2
9036,66000,387130000C,(04)23274275,(04)23288582,2025,10,23,17,15,臺中市,北屯區,0,1,0,7,3,6,50,4,1,1,5,4,6,6,4,4,10,5,5,2,15,2,9,1,1,C03,7,9,1,10,2,11,,12,12,1,6,4,120.701175,24.18522,2
9037,66000,387130000C,(04)23274275,(04)23288582,2025,10,23,17,17,臺中市,大雅區,0,0,0,7,,,60,,,,,,,,,,,,,,,,,,,B03,,,1,,1,,,7,7,1,12,4,120.646715,24.22272,3
9038,66000,387130000C,(04)23274275,(04)23288582,2025,10,23,17,20,臺中市,西屯區,0,0,0,7,,,40,,,,,,,,,,,,,,17,,,,,B12,,,1,,1,,,51,51,1,12,4,120.636594,24.159777,3
9039,66000,387130000C,(04)23274275,(04)23288582,2025,10,23,17,22,臺中市,北屯區,0,0,0,7,,,40,,,,,,,,,,,,,,12,,,,,F01,,,7,,1,,,84,84,1,12,4,120.665138,24.183921,3
9040,66000,387130000C,(04)23274275,(04)23288582,2025,10,23,17,23,臺中市,霧峰區,0,0,0,7,,,50,,,,,,,,,,,,,,13,,,,,B03,,,1,,2,,,7,7,1,6,4,120.708239,24.080678,3
9041,66000,387130000C,(04)23274275,(04)23288582,2025,10,23,17,24,臺中市,東區,0,0,0,7,,,50,,,,,,,,,,,,,,,,,,,B03,,,1,,2,,,49,49,1,12,4,120.701791,24.135694,3
9042,66000,387130000C,(04)23274275,(04)23288582,2025,10,23,17,25,臺中市,南屯區,0,0,0,7,,,50,,,,,,,,,,,,,,13,,,,,C03,,,1,,1,,,7,7,1,12,4,120.616286,24.146186,3
9043,66000,387130000C,(04)23274275,(04)23288582,2025,10,23,17,25,臺中市,西屯區,0,0,0,7,,,50,,,,,,,,,,,,,,12,,,,,B03,,,1,,2,,,87,87,1,12,4,120.613054,24.183787,3
9044,66000,387130000C,(04)23274275,(04)23288582,2025,10,23,17,27,臺中市,潭子區,0,0,0,7,,,50,,,,,,,,,,,,,,16,,,,,B03,,,1,,2,,,84,84,1,12,4,120.679864,24.206816,3
9045,66000,387130000C,(04)23274275,(04)23288582,2025,10,23,17,27,臺中市,南屯區,0,1,0,7,3,6,50,13,9,1,5,4,6,6,4,4,1,4,5,2,12,2,7,1,1,C03,7,8,1,10,2,14,,84,84,1,6,4,120.646652,24.150324,2
9046,66000,387130000C,(04)23274275,(04)23288582,2025,10,23,17,28,臺中市,東區,0,1,0,7,1,6,50,4,1,1,5,4,6,6,1,3,10,5,5,2,15,3,10,3,1,B03,7,9,5,19,2,7,,20,20,1,6,4,120.697204,24.140992,2
9047,66000,387130000C,(04)23274275,(04)23288582,2025,10,23,17,29,臺中市,沙鹿區,0,0,0,7,,,50,,,,,,,,,,,,,,,,,,,B03,,,1,,11,,,84,84,1,12,4,120.602208,24.258859,3
9048,66000,387130000C,(04)23274275,(04)23288582,2025,10,23,17,30,臺中市,大肚區,0,2,0,7,1,6,50,4,2,1,5,4,6,6,2,1,5,5,5,1,11,2,9,5,4,C03,7,9,1,10,2,15,,4,4,1,6,4,120.580413,24.168323,2
9049,66000,387130000C,(04)23274275,(04)23288582,2025,10,23,17,31,臺中市,梧棲區,0,0,0,7,,,70,,,,,,,,,,,,,,13,,,,,B03,,,1,,1,,,84,84,1,6,4,120.546781,24.246108,3
9050,66000,387130000C,(04)23274275,(04)23288582,2025,10,23,17,32,臺中市,烏日區,0,1,0,7,2,6,50,4,1,1,5,4,6,6,1,1,10,5,5,2,16,2,9,2,1,C03,7,9,3,19,2,12,,21,21,1,6,4,120.644304,24.05601,2
9051,66000,387130000C,(04)23274275,(04)23288582,2025,10,23,17,35,臺中市,南區,0,0,0,7,,,50,,,,,,,,,,,,,,14,,,,,B03,,,1,,1,,,49,49,1,12,4,120.666731,24.114148,3
9052,66000,387130000C,(04)23274275,(04)23288582,2025,10,23,17,35,臺中市,霧峰區,0,2,0,7,1,6,60,5,2,1,5,4,6,6,1,1,1,4,4,1,13,2,9,2,1,C03,7,9,1,10,2,11,,7,7,1,12,4,120.696129,24.053725,2
9053,66000,387130000C,(04)23274275,(04)23288582,2025,10,23,17,36,臺中市,南區,0,0,0,7,,,,,,,,,,,,,,,,,,,,,,,,,,,,,,85,85,1,,,120.676391,24.125092,4
9054,66000,387130000C,(04)23274275,(04)23288582,2025,10,23,17,40,臺中市,南區,0,0,0,7,,,50,,,,,,,,,,,,,,17,,,,,B03,,,1,,2,,,14,14,1,12,4,120.665713,24.113921,3