序號,縣市別代碼,機關代碼,市話,傳真,年,月,日,時,分,縣市,區,死亡數量,受傷數量,2-30,天候,道路照明設備,道路類別,道路速限,道路型態,事故位置,路面鋪裝,路面狀態,路面缺陷,障礙物,視距,號誌種類,號誌動作,分向設施,快車道或一般車道間,快慢車道間,路面邊線,事故類型及型態,受傷程度,主要傷處,保護裝備,行動電話或功能裝置,當事者區分(類別),車輛用途,當事者行動狀態,駕照狀態,駕照種類,飲酒情形,車輛撞擊部位最初,車輛撞擊部位其他,肇事因素個別,肇事因素主要,肇事逃逸,職業,共享經濟或外送平台,GPS座標X,GPS座標Y,事故類別
9388,66000,387130000C,(04)23274275,(04)23288582,2025,10,24,15,30,臺中市,梧棲區,0,0,0,6,,,40,,,,,,,,,,,,,,14,,,,,B03,,,1,,1,,,49,49,1,12,4,120.542745,24.247826,3
9389,66000,387130000C,(04)23274275,(04)23288582,2025,10,24,15,32,臺中市,西屯區,0,0,0,7,,,50,,,,,,,,,,,,,,13,,,,,C03,,,1,,1,,,7,7,1,12,4,120.622666,24.183095,3
9390,66000,387130000C,(04)23274275,(04)23288582,2025,10,24,15,34,臺中市,西區,0,0,0,7,,,50,,,,,,,,,,,,,,16,,,,,C03,,,1,,2,,,45,45,1,12,4,120.67486,24.1343,3
9391,66000,387130000C,(04)23274275,(04)23288582,2025,10,24,15,34,臺中市,南屯區,0,0,0,7,,,50,,,,,,,,,,,,,,,,,,,B03,,,1,,1,,,87,87,1,12,4,120.62851,24.149852,3
9392,66000,387130000C,(04)23274275,(04)23288582,2025,10,24,15,35,臺中市,東區,0,0,0,7,,,50,,,,,,,,,,,,,,17,,,,,C03,,,1,,1,,,85,85,1,12,4,120.688484,24.135263,4
9393,66000,387130000C,(04)23274275,(04)23288582,2025,10,24,15,37,臺中市,北屯區,0,1,0,6,2,6,30,13,9,1,5,4,6,6,4,4,5,5,5,2,17,3,10,4,1,B12,7,13,1,8,2,4,,76,76,1,6,4,120.683471,24.172553,2
9394,66000,387130000C,(04)23274275,(04)23288582,2025,10,24,15,40,臺中市,大里區,0,0,0,7,,,50,,,,,,,,,,,,,,13,,,,,B03,,,1,,2,,,7,7,1,6,4,120.687393,24.093968,3
9395,66000,387130000C,(04)23274275,(04)23288582,2025,10,24,15,41,臺中市,西區,0,1,0,7,1,6,50,4,2,1,5,4,6,6,1,1,5,5,5,1,9,3,10,3,1,B03,7,1,1,8,2,5,,84,84,1,12,4,120.671346,24.152187,2
9396,66000,387130000C,(04)23274275,(04)23288582,2025,10,24,15,47,臺中市,烏日區,0,0,0,7,,3,40,,,,,,,,,,,,,,,,,,,B12,,,5,,9,,,84,84,1,6,4,120.61251,24.102506,3
9397,66000,387130000C,(04)23274275,(04)23288582,2025,10,24,15,50,臺中市,東區,0,1,0,7,2,6,50,13,7,1,5,4,6,6,4,4,3,4,4,2,13,2,7,1,1,C03,7,9,1,10,2,11,,84,84,1,12,4,120.69083,24.147559,2
9398,66000,387130000C,(04)23274275,(04)23288582,2025,10,24,15,50,臺中市,大里區,0,0,0,7,2,6,50,4,2,1,5,4,6,6,1,1,5,4,5,2,12,,,,,C03,,,1,,2,,,8,8,1,13,4,120.698867,24.1099,3
9399,66000,387130000C,(04)23274275,(04)23288582,2025,10,24,15,52,臺中市,烏日區,0,2,0,7,2,6,40,3,1,1,5,4,6,6,4,4,10,5,5,2,12,2,9,5,4,C03,7,6,1,10,2,13,,48,48,1,13,4,120.6268,24.101856,2
9400,66000,387130000C,(04)23274275,(04)23288582,2025,10,24,15,55,臺中市,北區,0,0,0,7,,,50,,,,,,,,,,,,,,11,,,,,B12,,,1,,1,,,48,48,1,13,4,120.686596,24.156002,3
9401,66000,387130000C,(04)23274275,(04)23288582,2025,10,24,15,57,臺中市,北區,0,0,0,7,,,30,,,,,,,,,,,,,,17,,,,,B03,,,1,,9,,,8,8,1,13,4,120.695627,24.152769,3
9402,66000,387130000C,(04)23274275,(04)23288582,2025,10,24,15,57,臺中市,沙鹿區,0,1,0,7,3,6,50,3,1,1,5,4,6,6,3,1,10,5,5,2,17,3,10,3,1,B03,7,6,1,8,2,8,,85,85,1,12,4,120.578772,24.218515,2
9403,66000,387130000C,(04)23274275,(04)23288582,2025,10,24,15,59,臺中市,北屯區,0,1,0,6,3,6,50,13,9,1,5,4,6,6,4,4,9,5,5,2,13,3,10,2,1,C03,7,9,3,19,2,11,,84,84,1,6,4,120.732064,24.159773,2
9404,66000,387130000C,(04)23274275,(04)23288582,2025,10,24,16,3,臺中市,大雅區,0,2,0,6,3,6,50,3,2,1,5,4,6,6,4,4,5,2,5,1,9,2,9,1,1,C03,7,9,1,8,2,11,,6,6,1,12,4,120.657051,24.223156,2
9405,66000,387130000C,(04)23274275,(04)23288582,2025,10,24,16,8,臺中市,北屯區,0,1,0,7,3,6,30,4,1,1,5,4,6,6,1,1,10,5,5,2,12,2,9,1,1,C03,7,6,1,10,2,14,,48,48,1,6,4,120.679374,24.171214,2
9406,66000,387130000C,(04)23274275,(04)23288582,2025,10,24,16,10,臺中市,大雅區,0,0,0,7,,,30,,,,,,,,,,,,,,,,,,,B02,,,1,,2,,,50,50,1,13,4,120.625184,24.23271,3
9407,66000,387130000C,(04)23274275,(04)23288582,2025,10,24,16,10,臺中市,西屯區,0,0,0,7,,,40,,,,,,,,,,,,,,,,,,,C03,,,1,,1,,,7,7,1,12,4,120.638821,24.169601,3
9408,66000,387130000C,(04)23274275,(04)23288582,2025,10,24,16,11,臺中市,北區,0,2,0,7,2,6,30,4,1,1,5,4,6,6,4,4,10,5,5,2,3,2,9,6,5,H01,8,20,7,21,10,17,,98,98,1,2,5,120.679178,24.161739,2
9409,66000,387130000C,(04)23274275,(04)23288582,2025,10,24,16,13,臺中市,南區,0,1,0,7,3,6,50,3,1,1,5,4,6,6,4,4,5,4,4,2,12,2,9,2,1,C03,7,9,1,10,2,11,,7,7,1,5,4,120.684146,24.121672,2
9410,66000,387130000C,(04)23274275,(04)23288582,2025,10,24,16,15,臺中市,烏日區,0,0,0,7,,3,80,,,,,,,,,,,,,,13,,,,,B03,,,1,,1,,,7,7,1,6,4,120.610126,24.099015,3
9411,66000,387130000C,(04)23274275,(04)23288582,2025,10,24,16,22,臺中市,西屯區,0,0,0,7,,,50,,,,,,,,,,,,,,,,,,,B02,,,1,,1,,,7,7,1,12,4,120.657033,24.176066,3
9412,66000,387130000C,(04)23274275,(04)23288582,2025,10,24,16,25,臺中市,南屯區,0,0,0,7,,,50,,,,,,,,,,,,,,14,,,,,B03,,,1,,2,,,49,49,1,13,4,120.644576,24.151313,3
9413,66000,387130000C,(04)23274275,(04)23288582,2025,10,24,16,30,臺中市,北區,0,1,0,7,2,6,50,3,1,1,5,4,6,6,1,1,10,5,5,2,17,2,9,5,4,C03,7,6,1,10,2,14,,48,48,1,12,4,120.688411,24.151722,2
9414,66000,387130000C,(04)23274275,(04)23288582,2025,10,24,16,32,臺中市,西屯區,0,0,0,7,,,40,,,,,,,,,,,,,,16,,,,,C03,,,1,,1,,,7,7,1,12,4,120.636542,24.157592,3
9415,66000,387130000C,(04)23274275,(04)23288582,2025,10,24,16,38,臺中市,大里區,0,2,0,6,2,6,40,5,1,1,5,4,6,6,1,1,10,5,5,1,17,2,9,1,1,F01,7,6,7,21,1,12,,48,48,1,13,4,120.702533,24.087323,2
9416,66000,387130000C,(04)23274275,(04)23288582,2025,10,24,16,38,臺中市,烏日區,0,0,0,7,2,6,70,13,7,1,5,4,6,6,4,4,1,4,4,1,13,3,10,3,1,B03,7,9,1,8,1,1,,7,7,1,6,4,120.59535,24.112393,3
9417,66000,387130000C,(04)23274275,(04)23288582,2025,10,24,16,40,臺中市,西區,0,0,0,7,,,50,,,,,,,,,,,,,,,,,,,B03,,,1,,1,,,84,84,1,12,4,120.666927,24.153191,3
9418,66000,387130000C,(04)23274275,(04)23288582,2025,10,24,16,42,臺中市,大里區,0,2,0,7,3,6,50,4,1,1,5,4,6,6,2,1,10,5,5,2,16,2,1,3,1,B03,7,6,1,8,2,5,,11,11,1,12,4,120.676538,24.109392,2
9419,66000,387130000C,(04)23274275,(04)23288582,2025,10,24,16,44,臺中市,烏日區,0,0,0,7,,,50,,,,,,,,,,,,,,,,,,,B03,,,1,,1,,,85,85,1,13,4,120.599566,24.107748,3
9420,66000,387130000C,(04)23274275,(04)23288582,2025,10,24,16,47,臺中市,西區,0,0,0,7,,,50,,,,,,,,,,,,,,,,,,,B03,,,1,,1,,,84,84,1,12,4,120.665824,24.141294,3
9421,66000,387130000C,(04)23274275,(04)23288582,2025,10,24,16,47,臺中市,霧峰區,0,0,0,7,,,40,,,,,,,,,,,,,,17,,,,,B03,,,1,,2,,,39,39,1,13,4,120.662817,24.062103,3
9422,66000,387130000C,(04)23274275,(04)23288582,2025,10,24,16,50,臺中市,北區,0,0,0,7,,,40,,,,,,,,,,,,,,17,,,,,F01,,,7,,1,,,85,85,1,13,4,120.68879,24.159093,4
9423,66000,387130000C,(04)23274275,(04)23288582,2025,10,24,16,52,臺中市,大里區,0,0,0,7,3,6,50,4,1,1,5,4,6,,1,1,,5,5,1,9,,,,,C03,,,1,,9,,,8,8,1,12,4,120.703739,24.093053,3
9424,66000,387130000C,(04)23274275,(04)23288582,2025,10,24,16,52,臺中市,清水區,0,1,0,7,3,6,50,13,9,1,5,4,6,6,4,4,9,4,5,1,20,2,9,1,1,C03,7,9,1,10,2,11,,59,59,1,12,4,120.563027,24.281179,2
9425,66000,387130000C,(04)23274275,(04)23288582,2025,10,24,16,57,臺中市,沙鹿區,0,1,0,7,2,6,60,13,8,1,5,4,6,6,4,4,3,3,3,1,18,2,9,5,4,C03,7,9,1,10,2,12,,84,84,1,13,4,120.610374,24.245653,2
9426,66000,387130000C,(04)23274275,(04)23288582,2025,10,24,17,2,臺中市,烏日區,0,0,0,7,,,50,,,,,,,,,,,,,,30,,,,,C03,,,7,,9,,,85,85,1,13,4,120.624891,24.106776,3
9427,66000,387130000C,(04)23274275,(04)23288582,2025,10,24,17,4,臺中市,北屯區,0,2,0,7,1,6,50,13,9,1,5,4,6,6,1,1,10,5,5,2,17,2,9,6,1,F02,7,8,7,21,2,14,,84,84,1,6,4,120.733489,24.160577,2
9428,66000,387130000C,(04)23274275,(04)23288582,2025,10,24,17,4,臺中市,西屯區,0,0,0,7,,,50,,,,,,,,,,,,,,17,,,,,C03,,,1,,2,,,84,84,1,13,4,120.656376,24.199817,3
9429,66000,387130000C,(04)23274275,(04)23288582,2025,10,24,17,7,臺中市,北屯區,0,1,0,7,1,6,50,13,9,1,5,4,6,6,4,4,3,4,5,2,13,2,9,1,1,C03,7,9,1,10,2,11,,7,7,1,13,4,120.682299,24.172139,2
9430,66000,387130000C,(04)23274275,(04)23288582,2025,10,24,17,16,臺中市,豐原區,0,0,0,7,,,50,,,,,,,,,,,,,,17,,,,,B03,,,1,,2,,,50,50,1,13,4,120.732628,24.250682,3
9431,66000,387130000C,(04)23274275,(04)23288582,2025,10,24,17,20,臺中市,豐原區,0,1,0,7,1,6,50,3,1,1,5,4,6,6,2,1,1,4,4,1,17,3,10,5,4,B12,7,6,1,8,2,5,,11,11,1,12,4,120.751854,24.271232,2
9432,66000,387130000C,(04)23274275,(04)23288582,2025,10,24,17,22,臺中市,豐原區,0,0,0,7,,,50,,,,,,,,,,,,,,13,,,,,B03,,,1,,2,,,84,84,1,13,4,120.728571,24.276494,3
9433,66000,387130000C,(04)23274275,(04)23288582,2025,10,24,17,28,臺中市,北區,0,1,0,7,2,6,50,4,2,1,5,4,6,6,2,1,10,5,5,2,13,2,9,2,1,C03,7,9,1,10,2,11,,7,7,1,13,4,120.684779,24.165432,2
9434,66000,387130000C,(04)23274275,(04)23288582,2025,10,24,17,28,臺中市,東區,0,1,0,7,1,6,50,4,2,1,5,4,6,6,4,4,5,4,4,2,12,3,10,2,1,C03,7,9,1,10,2,14,,84,84,1,12,4,120.704253,24.132487,2
9435,66000,387130000C,(04)23274275,(04)23288582,2025,10,24,17,28,臺中市,大里區,0,1,0,7,1,6,30,3,9,1,5,4,6,6,4,4,10,5,5,2,16,2,8,1,1,C03,7,6,1,10,2,12,14,14,14,1,7,4,120.659664,24.09295,2
9436,66000,387130000C,(04)23274275,(04)23288582,2025,10,24,17,35,臺中市,西區,0,0,0,7,,,50,,,,,,,,,,,,,,13,,,,,B03,,,1,,1,,,7,7,1,12,4,120.657419,24.142244,3
9437,66000,387130000C,(04)23274275,(04)23288582,2025,10,24,17,36,臺中市,大里區,0,2,0,6,1,6,30,4,1,1,5,4,6,6,1,1,10,5,5,2,17,2,9,1,1,C03,7,9,1,10,2,11,,20,20,1,13,4,120.701038,24.087087,2
9438,66000,387130000C,(04)23274275,(04)23288582,2025,10,24,17,42,臺中市,西區,0,0,0,7,,,40,,,,,,,,,,,,,,12,,,,,B03,,,1,,1,,,40,40,1,12,4,120.658177,24.139861,3
9439,66000,387130000C,(04)23274275,(04)23288582,2025,10,24,17,44,臺中市,北區,0,3,0,7,1,6,50,4,1,1,5,4,6,6,1,1,5,4,5,2,16,2,9,1,1,C03,7,6,1,10,2,12,,11,11,1,12,4,120.686358,24.152435,2
9440,66000,387130000C,(04)23274275,(04)23288582,2025,10,24,17,48,臺中市,西屯區,0,0,0,7,,,50,,,,,,,,,,,,,,13,,,,,C03,,,1,,1,,,7,7,1,13,4,120.637029,24.166178,3
9441,66000,387130000C,(04)23274275,(04)23288582,2025,10,24,17,49,臺中市,西屯區,0,1,0,7,1,6,50,13,9,1,5,4,6,6,4,4,5,5,5,2,11,3,10,3,1,B03,7,6,1,8,2,8,,59,59,1,12,4,120.647191,24.170279,2
9442,66000,387130000C,(04)23274275,(04)23288582,2025,10,24,17,50,臺中市,西屯區,0,0,0,7,,,40,,,,,,,,,,,,,,14,,,,,B03,,,1,,1,,,50,50,1,12,4,120.657784,24.190316,3
9443,66000,387130000C,(04)23274275,(04)23288582,2025,10,24,17,51,臺中市,北屯區,0,1,0,6,1,6,40,13,8,1,5,4,6,6,4,4,1,4,4,2,17,3,10,1,1,C03,7,9,1,10,2,11,,58,58,1,5,4,120.677351,24.183363,2
9444,66000,387130000C,(04)23274275,(04)23288582,2025,10,24,17,52,臺中市,北屯區,0,0,0,7,,,50,,,,,,,,,,,,,,14,,,,,B12,,,1,,2,,,49,49,1,6,4,120.693703,24.18543,3
9445,66000,387130000C,(04)23274275,(04)23288582,2025,10,24,17,54,臺中市,太平區,0,0,0,7,,3,80,,,,,,,,,,,,,,13,,,,,B12,,,1,,1,,,7,7,1,12,4,120.714097,24.14843,3
9446,66000,387130000C,(04)23274275,(04)23288582,2025,10,24,17,56,臺中市,清水區,0,2,0,7,1,6,50,13,9,1,5,4,6,6,2,1,5,2,5,2,16,2,9,2,1,C03,7,6,2,19,2,11,,34,34,1,13,4,120.576273,24.271575,2
9447,66000,387130000C,(04)23274275,(04)23288582,2025,10,24,17,57,臺中市,神岡區,0,1,0,7,3,6,50,13,9,1,5,4,6,6,4,4,5,5,5,2,28,2,9,1,1,C03,7,9,1,8,2,11,,6,6,1,13,4,120.644715,24.29502,2
9448,66000,387130000C,(04)23274275,(04)23288582,2025,10,24,17,59,臺中市,西區,0,0,0,7,,,30,,,,,,,,,,,,,,14,,,,,B12,,,1,,2,,,49,49,1,12,4,120.660927,24.155827,3
9449,66000,387130000C,(04)23274275,(04)23288582,2025,10,24,18,3,臺中市,西屯區,0,2,0,7,1,6,50,13,8,1,5,4,6,6,4,4,5,4,4,2,12,3,10,5,4,B03,7,7,1,8,2,5,,40,40,1,12,4,120.663371,24.164113,2
9450,66000,387130000C,(04)23274275,(04)23288582,2025,10,24,18,4,臺中市,西區,0,0,0,6,,,50,,,,,,,,,,,,,,,,,,,C03,,,1,,2,,,7,7,1,12,4,120.673735,24.143079,3
9451,66000,387130000C,(04)23274275,(04)23288582,2025,10,24,18,8,臺中市,清水區,0,2,0,7,1,6,50,5,1,1,5,4,6,6,1,1,9,4,4,2,17,2,9,1,1,C03,7,6,1,10,2,11,,20,20,1,12,4,120.575202,24.278148,2
9452,66000,387130000C,(04)23274275,(04)23288582,2025,10,24,18,9,臺中市,北區,0,0,0,7,,,50,,,,,,,,,,,,,,13,,,,,C03,,,1,,1,,,7,7,1,12,4,120.685212,24.155767,3
9453,66000,387130000C,(04)23274275,(04)23288582,2025,10,24,18,9,臺中市,神岡區,0,0,0,6,,,30,,,,,,,,,,,,,,20,,,,,B03,,,1,,2,,,59,59,1,6,4,120.696731,24.23583,3
9454,66000,387130000C,(04)23274275,(04)23288582,2025,10,24,18,10,臺中市,龍井區,0,2,0,7,2,6,40,4,1,1,5,4,6,6,1,1,10,5,5,2,17,2,9,2,1,C03,7,9,1,10,2,12,,85,85,1,6,4,120.541823,24.216156,2
9455,66000,387130000C,(04)23274275,(04)23288582,2025,10,24,18,12,臺中市,北區,0,1,0,7,1,6,50,13,9,1,5,4,6,6,4,4,9,5,5,2,17,3,10,5,4,B03,7,6,1,8,2,5,,20,20,1,13,4,120.6864,24.148915,2
9456,66000,387130000C,(04)23274275,(04)23288582,2025,10,24,18,16,臺中市,潭子區,0,0,0,7,,,50,,,,,,,,,,,,,,,,,,,B01,,,1,,2,,,14,14,1,13,4,120.704717,24.209907,3
9457,66000,387130000C,(04)23274275,(04)23288582,2025,10,24,18,16,臺中市,西屯區,0,0,0,7,,,50,,,,,,,,,,,,,,,,,,,B03,,,1,,1,,,59,59,1,12,4,120.62685,24.184477,3
9458,66000,387130000C,(04)23274275,(04)23288582,2025,10,24,18,20,臺中市,北屯區,0,0,0,7,,3,80,,,,,,,,,,,,,,13,,,,,B03,,,1,,2,,,7,7,1,6,4,120.722215,24.186838,3
9459,66000,387130000C,(04)23274275,(04)23288582,2025,10,24,18,21,臺中市,南屯區,0,0,0,7,1,6,50,13,9,1,5,4,6,6,1,1,3,2,5,2,12,,,,,B03,,,1,,1,,,8,8,1,12,4,120.622643,24.150214,3
9460,66000,387130000C,(04)23274275,(04)23288582,2025,10,24,18,22,臺中市,南屯區,0,0,0,7,,,50,,,,,,,,,,,,,,,,,,,B03,,,1,,1,,,7,7,1,12,4,120.635711,24.143383,3
9461,66000,387130000C,(04)23274275,(04)23288582,2025,10,24,18,26,臺中市,西屯區,0,0,0,7,,,40,,,,,,,,,,,,,,16,,,,,B03,,,1,,1,,,20,20,1,12,4,120.644082,24.161948,3
9462,66000,387130000C,(04)23274275,(04)23288582,2025,10,24,18,27,臺中市,西區,0,1,0,7,1,6,30,4,1,1,5,4,6,6,4,4,9,4,5,2,15,3,10,3,1,B03,7,9,1,10,2,5,,13,13,1,12,4,120.659345,24.151091,2
9463,66000,387130000C,(04)23274275,(04)23288582,2025,10,24,18,31,臺中市,霧峰區,0,1,0,7,1,6,50,13,9,1,5,4,6,6,4,4,9,4,5,1,17,2,9,2,1,C03,7,9,2,19,2,11,,7,7,1,13,4,120.698762,24.054088,2
9464,66000,387130000C,(04)23274275,(04)23288582,2025,10,24,18,32,臺中市,南屯區,0,0,0,7,,,50,,,,,,,,,,,,,,17,,,,,B03,,,1,,1,,,50,50,1,6,4,120.631228,24.141203,4
9465,66000,387130000C,(04)23274275,(04)23288582,2025,10,24,18,33,臺中市,西區,0,0,0,7,,,50,,,,,,,,,,,,,,17,,,,,C03,,,3,,9,,,84,84,2,12,4,120.672917,24.148464,3
9466,66000,387130000C,(04)23274275,(04)23288582,2025,10,24,18,33,臺中市,東區,0,0,0,7,,,50,,,,,,,,,,,,,,,,,,,B03,,,1,,2,,,87,87,1,6,4,120.702063,24.142703,3
9467,66000,387130000C,(04)23274275,(04)23288582,2025,10,24,18,33,臺中市,西屯區,0,0,0,7,,,50,,,,,,,,,,,,,,17,,,,,B03,,,1,,1,,,59,59,1,13,4,120.659114,24.193534,3
9468,66000,387130000C,(04)23274275,(04)23288582,2025,10,24,18,42,臺中市,豐原區,0,0,0,7,,,50,,,,,,,,,,,,,,17,,,,,B03,,,2,,2,,,8,8,1,12,4,120.699478,24.247634,3
9469,66000,387130000C,(04)23274275,(04)23288582,2025,10,24,18,43,臺中市,沙鹿區,0,0,0,7,,,50,,,,,,,,,,,,,,,,,,,B03,,,1,,2,,,51,51,1,12,4,120.5706,24.237787,3
9470,66000,387130000C,(04)23274275,(04)23288582,2025,10,24,18,45,臺中市,南屯區,0,0,0,7,,,50,,,,,,,,,,,,,,,,,,,B02,,,1,,2,,,50,50,1,13,4,120.647924,24.127764,3
9471,66000,387130000C,(04)23274275,(04)23288582,2025,10,24,18,57,臺中市,西屯區,0,0,0,7,,3,80,,,,,,,,,,,,,,12,,,,,B03,,,1,,1,,,40,40,1,12,4,120.646285,24.19582,3
9472,66000,387130000C,(04)23274275,(04)23288582,2025,10,24,18,59,臺中市,北區,0,0,0,7,,,50,,,,,,,,,,,,,,12,,,,,B03,,,1,,1,,,84,84,1,13,4,120.683324,24.153707,3
9473,66000,387130000C,(04)23274275,(04)23288582,2025,10,24,19,7,臺中市,北屯區,0,0,0,7,,,30,,,,,,,,,,,,,,30,,,,,B03,,,1,,1,,,49,49,1,6,4,120.70094,24.17066,3
9474,66000,387130000C,(04)23274275,(04)23288582,2025,10,24,19,9,臺中市,梧棲區,0,1,0,6,1,6,40,4,1,1,5,4,6,6,3,1,10,5,5,2,16,3,10,3,1,B03,7,5,1,8,2,5,,11,11,1,12,4,120.534509,24.250402,2
9475,66000,387130000C,(04)23274275,(04)23288582,2025,10,24,19,10,臺中市,南區,0,0,0,7,,,50,,,,,,,,,,,,,,,,,,,C03,,,1,,1,,,49,49,1,12,4,120.668148,24.116686,3
9476,66000,387130000C,(04)23274275,(04)23288582,2025,10,24,19,10,臺中市,沙鹿區,0,1,0,7,1,6,50,3,9,1,5,4,6,6,4,4,4,4,5,2,12,2,9,2,1,C03,7,6,1,10,2,14,,48,48,1,12,4,120.618247,24.239871,2
9477,66000,387130000C,(04)23274275,(04)23288582,2025,10,24,19,15,臺中市,大安區,0,2,0,7,1,6,50,4,1,1,5,4,6,6,4,4,10,5,5,2,15,3,10,3,1,B03,7,9,1,8,2,5,,15,15,1,6,4,120.614998,24.377384,2
9478,66000,387130000C,(04)23274275,(04)23288582,2025,10,24,19,17,臺中市,北區,0,0,0,7,,,50,,,,,,,,,,,,,,13,,,,,B03,,,1,,1,,,84,84,1,12,4,120.681303,24.152705,3
9479,66000,387130000C,(04)23274275,(04)23288582,2025,10,24,19,21,臺中市,北屯區,0,0,0,7,,,50,,,,,,,,,,,,,,17,,,,,C03,,,1,,2,,,50,50,1,6,4,120.686007,24.19046,3
9480,66000,387130000C,(04)23274275,(04)23288582,2025,10,24,19,22,臺中市,北屯區,0,0,0,7,,,50,,,,,,,,,,,,,,16,,,,,F01,,,7,,1,,,51,51,1,13,4,120.69083,24.180345,4
9481,66000,387130000C,(04)23274275,(04)23288582,2025,10,24,19,25,臺中市,烏日區,0,1,0,7,1,6,70,13,8,1,5,4,6,3,4,4,1,4,4,1,11,2,8,4,1,F01,7,9,7,21,2,11,,4,4,1,13,4,120.60106,24.110422,2
9482,66000,387130000C,(04)23274275,(04)23288582,2025,10,24,19,26,臺中市,西區,0,2,0,6,1,6,50,4,1,1,5,4,6,6,1,1,10,5,5,2,17,2,9,1,1,C03,7,9,1,10,2,11,,7,7,1,13,4,120.679118,24.138594,2
9483,66000,387130000C,(04)23274275,(04)23288582,2025,10,24,19,30,臺中市,太平區,0,0,0,7,,,50,,,,,,,,,,,,,,15,,,,,B02,,,1,,2,,,23,23,1,12,4,120.710906,24.151039,3
9484,66000,387130000C,(04)23274275,(04)23288582,2025,10,24,19,31,臺中市,北屯區,0,0,0,7,,,40,,,,,,,,,,,,,,16,,,,,C03,,,1,10,9,,,84,84,1,6,4,120.690252,24.175418,3
9485,66000,387130000C,(04)23274275,(04)23288582,2025,10,24,19,31,臺中市,太平區,0,0,0,7,,,50,,,,,,,,,,,,,,14,,,,,B03,,,1,,2,,,49,49,1,12,4,120.711751,24.153286,3
9486,66000,387130000C,(04)23274275,(04)23288582,2025,10,24,19,39,臺中市,霧峰區,0,2,0,6,1,6,50,3,1,1,5,4,6,6,1,1,10,5,5,1,17,2,9,1,1,C03,7,9,1,10,2,11,,7,7,1,13,4,120.701152,24.075799,2
9487,66000,387130000C,(04)23274275,(04)23288582,2025,10,24,19,44,臺中市,南屯區,0,0,0,7,,,50,,,,,,,,,,,,,,14,,,,,B03,,,1,,1,,,49,49,1,13,4,120.633296,24.137305,3
9488,66000,387130000C,(04)23274275,(04)23288582,2025,10,24,19,47,臺中市,沙鹿區,0,1,0,6,1,6,50,3,2,1,5,4,6,6,4,4,8,3,5,1,17,2,9,5,4,C03,7,6,2,19,2,11,,14,14,1,13,4,120.55896,24.238317,2
9489,66000,387130000C,(04)23274275,(04)23288582,2025,10,24,19,48,臺中市,西屯區,0,1,0,6,1,6,50,13,9,1,5,4,6,6,1,1,5,4,5,2,17,2,9,2,1,C03,7,9,1,10,2,12,,59,59,1,12,2,120.623581,24.176904,2
9490,66000,387130000C,(04)23274275,(04)23288582,2025,10,24,19,49,臺中市,龍井區,0,1,0,7,1,6,50,4,1,1,5,4,6,6,2,1,5,5,5,2,16,2,8,2,1,C03,7,6,1,10,2,14,,8,8,1,6,2,120.58409,24.182019,2
9491,66000,387130000C,(04)23274275,(04)23288582,2025,10,24,19,51,臺中市,霧峰區,0,2,0,7,1,6,50,4,2,1,5,4,6,6,3,1,5,2,4,1,16,2,9,2,1,C03,7,6,1,10,2,14,,39,39,1,13,4,120.699951,24.074501,2
9492,66000,387130000C,(04)23274275,(04)23288582,2025,10,24,19,52,臺中市,北區,0,0,0,7,,,40,,,,,,,,,,,,,,17,,,,,B03,,,1,,2,,,51,51,1,13,4,120.687989,24.162841,3
9493,66000,387130000C,(04)23274275,(04)23288582,2025,10,24,19,57,臺中市,霧峰區,0,1,0,6,1,6,40,3,1,1,5,4,6,6,1,1,10,5,5,1,17,3,10,3,1,B03,7,9,1,8,2,5,,7,7,1,13,4,120.714306,24.075738,2
9494,66000,387130000C,(04)23274275,(04)23288582,2025,10,24,20,2,臺中市,西區,0,0,0,6,,,50,,,,,,,,,,,,,,,,,,,B03,,,1,,2,,,8,8,1,13,4,120.660486,24.151072,3
9495,66000,387130000C,(04)23274275,(04)23288582,2025,10,24,20,6,臺中市,大里區,0,0,0,6,1,6,50,4,2,1,5,4,6,6,1,1,10,5,5,2,12,,,,,B12,,,1,,2,,,48,48,1,12,4,120.691966,24.100847,3
9496,66000,387130000C,(04)23274275,(04)23288582,2025,10,24,20,7,臺中市,南屯區,0,1,0,7,1,6,50,4,1,1,5,4,6,6,1,1,10,5,5,2,16,3,10,3,1,B03,7,6,1,8,2,5,,11,11,1,13,4,120.613438,24.141586,2
9497,66000,387130000C,(04)23274275,(04)23288582,2025,10,24,20,8,臺中市,東區,0,0,0,7,,,50,,,,,,,,,,,,,,,,,,,C03,,,1,,2,,,7,7,1,6,4,120.694864,24.147887,3
9498,66000,387130000C,(04)23274275,(04)23288582,2025,10,24,20,13,臺中市,東區,0,2,0,7,2,6,0,4,1,1,5,4,6,6,2,1,10,5,5,2,17,3,10,2,1,C03,7,1,1,10,2,14,,51,51,1,12,4,120.689319,24.140108,2
9499,66000,387130000C,(04)23274275,(04)23288582,2025,10,24,20,19,臺中市,西區,0,0,0,7,,,50,,,,,,,,,,,,,,17,,,,,B03,,,1,,2,,,8,8,1,12,4,120.657044,24.151525,3
9500,66000,387130000C,(04)23274275,(04)23288582,2025,10,24,20,20,臺中市,北屯區,0,0,0,7,,,50,,,,,,,,,,,,,,14,,,,,B03,,,1,,2,,,49,49,1,6,4,120.737603,24.1595,3