序號,縣市別代碼,機關代碼,市話,傳真,年,月,日,時,分,縣市,區,死亡數量,受傷數量,2-30,天候,道路照明設備,道路類別,道路速限,道路型態,事故位置,路面鋪裝,路面狀態,路面缺陷,障礙物,視距,號誌種類,號誌動作,分向設施,快車道或一般車道間,快慢車道間,路面邊線,事故類型及型態,受傷程度,主要傷處,保護裝備,行動電話或功能裝置,當事者區分(類別),車輛用途,當事者行動狀態,駕照狀態,駕照種類,飲酒情形,車輛撞擊部位最初,車輛撞擊部位其他,肇事因素個別,肇事因素主要,肇事逃逸,職業,共享經濟或外送平台,GPS座標X,GPS座標Y,事故類別
9501,66000,387130000C,(04)23274275,(04)23288582,2025,10,24,20,20,臺中市,沙鹿區,0,0,0,7,,,30,,,,,,,,,,,,,,12,,,,,B03,,,1,,2,,,47,47,1,12,4,120.580141,24.213644,4
9502,66000,387130000C,(04)23274275,(04)23288582,2025,10,24,20,20,臺中市,神岡區,0,0,0,7,,,30,,,,,,,,,,,,,,11,,,,,B03,,,1,,2,,,8,8,1,13,4,120.650705,24.261725,3
9503,66000,387130000C,(04)23274275,(04)23288582,2025,10,24,20,22,臺中市,東區,0,0,0,7,,,50,,,,,,,,,,,,,,,,,,,B03,,,1,,2,,,49,49,1,6,4,120.703945,24.134139,3
9504,66000,387130000C,(04)23274275,(04)23288582,2025,10,24,20,22,臺中市,龍井區,0,1,0,7,1,6,60,4,1,1,5,4,6,6,2,1,3,5,5,2,16,3,10,3,1,B03,7,5,1,8,2,2,,38,38,1,6,4,120.575723,24.177681,2
9505,66000,387130000C,(04)23274275,(04)23288582,2025,10,24,20,30,臺中市,南區,0,1,0,7,1,6,50,13,8,1,5,4,6,6,4,4,9,5,4,2,17,3,10,3,1,B03,7,15,1,8,2,2,,42,42,1,12,4,120.65181,24.108673,2
9506,66000,387130000C,(04)23274275,(04)23288582,2025,10,24,20,31,臺中市,北區,0,0,0,7,,,50,,,,,,,,,,,,,,14,,,,,B02,,,1,,2,,,49,49,1,12,4,120.6732,24.145236,3
9507,66000,387130000C,(04)23274275,(04)23288582,2025,10,24,20,32,臺中市,北區,0,1,0,7,1,6,50,3,4,1,5,4,6,6,1,1,10,5,5,2,17,2,9,5,4,C03,7,15,1,10,2,14,,84,84,1,13,4,120.668532,24.166967,2
9508,66000,387130000C,(04)23274275,(04)23288582,2025,10,24,20,33,臺中市,北區,0,1,0,7,1,6,50,4,2,1,5,4,6,6,2,1,10,5,5,2,12,2,9,2,1,C03,7,6,1,10,2,13,,84,84,1,13,4,120.685441,24.152834,2
9509,66000,387130000C,(04)23274275,(04)23288582,2025,10,24,20,35,臺中市,南區,0,2,0,7,1,6,50,4,1,1,5,4,6,6,2,1,10,5,5,2,17,2,8,1,1,C03,7,9,1,10,2,12,,84,84,1,12,4,120.684108,24.122425,2
9510,66000,387130000C,(04)23274275,(04)23288582,2025,10,24,20,43,臺中市,北區,0,1,0,7,1,6,30,3,1,1,5,4,6,6,4,4,10,5,5,2,18,2,9,5,4,C04,7,1,1,11,2,12,,84,84,1,12,4,120.668949,24.154248,2
9511,66000,387130000C,(04)23274275,(04)23288582,2025,10,24,20,45,臺中市,大甲區,0,0,0,7,,,50,,,,,,,,,,,,,,,,,,,B03,,,3,,1,,,49,49,1,6,4,120.654044,24.381022,3
9512,66000,387130000C,(04)23274275,(04)23288582,2025,10,24,20,48,臺中市,大雅區,0,2,0,7,1,6,50,13,9,1,5,4,6,6,4,4,5,4,4,2,17,3,10,3,1,B03,7,9,1,8,9,1,,7,7,2,12,4,120.650421,24.216469,2
9513,66000,387130000C,(04)23274275,(04)23288582,2025,10,24,20,56,臺中市,西屯區,0,0,0,7,,,,,,,,,,,,,,,,,28,,,,,,,,,,,,,118,118,1,,,120.648494,24.171864,3
9514,66000,387130000C,(04)23274275,(04)23288582,2025,10,24,21,0,臺中市,南屯區,0,0,0,7,,,40,,,,,,,,,,,,,,13,,,,,B03,,,5,,2,,,59,59,1,12,4,120.622723,24.147069,3
9515,66000,387130000C,(04)23274275,(04)23288582,2025,10,24,21,8,臺中市,西屯區,0,1,0,7,1,6,50,5,1,1,5,4,6,6,1,1,1,2,5,2,16,3,10,3,1,B02,7,6,1,1,2,1,,25,25,1,12,4,120.656584,24.200299,2
9516,66000,387130000C,(04)23274275,(04)23288582,2025,10,24,21,10,臺中市,南屯區,0,0,0,7,,,50,,,,,,,,,,,,,,13,,,,,B03,,,1,,2,,,59,59,1,12,4,120.622673,24.145628,3
9517,66000,387130000C,(04)23274275,(04)23288582,2025,10,24,21,16,臺中市,大里區,0,0,0,7,,,30,,,,,,,,,,,,,,12,,,,,B03,,,1,,2,,,8,8,1,6,4,120.680193,24.115392,3
9518,66000,387130000C,(04)23274275,(04)23288582,2025,10,24,21,17,臺中市,豐原區,0,0,0,7,,,30,,,,,,,,,,,,,,17,,,,,B03,,,1,,2,,,55,55,2,13,4,120.721767,24.240756,3
9519,66000,387130000C,(04)23274275,(04)23288582,2025,10,24,21,22,臺中市,西屯區,0,3,0,7,1,6,30,4,1,1,5,4,6,5,4,4,10,5,5,2,15,2,9,1,1,C03,7,9,1,10,2,14,,6,6,1,13,4,120.638313,24.178937,2
9520,66000,387130000C,(04)23274275,(04)23288582,2025,10,24,21,30,臺中市,大雅區,0,0,0,7,,,30,,,,,,,,,,,,,,,,,,,C03,,,1,,2,,,84,84,1,13,4,120.648067,24.212147,3
9521,66000,387130000C,(04)23274275,(04)23288582,2025,10,24,21,30,臺中市,西屯區,0,1,0,7,3,6,40,13,8,1,5,4,6,6,4,4,1,4,1,2,12,3,10,5,4,B03,7,7,1,8,2,5,,40,40,1,12,4,120.648689,24.162909,2
9522,66000,387130000C,(04)23274275,(04)23288582,2025,10,24,21,45,臺中市,西屯區,0,0,0,7,,,30,,,,,,,,,,,,,,17,,,,,B01,,,1,,1,,,8,8,1,12,4,120.644797,24.180341,3
9523,66000,387130000C,(04)23274275,(04)23288582,2025,10,24,21,47,臺中市,梧棲區,0,0,0,7,,,70,,,,,,,,,,,,,,14,,,,,B03,,,1,,1,,,49,49,1,6,4,120.529131,24.252518,3
9524,66000,387130000C,(04)23274275,(04)23288582,2025,10,24,21,54,臺中市,東區,0,0,0,7,,,40,,,,,,,,,,,,,,,,,,,C03,,,1,,1,,,82,82,1,5,4,120.703592,24.13119,3
9525,66000,387130000C,(04)23274275,(04)23288582,2025,10,24,21,56,臺中市,烏日區,0,1,0,7,1,6,50,13,8,1,5,4,6,6,4,4,1,4,4,2,13,2,9,5,4,F03,7,9,7,21,2,11,,84,84,1,4,4,120.611051,24.113173,2
9526,66000,387130000C,(04)23274275,(04)23288582,2025,10,24,21,57,臺中市,西屯區,0,1,0,7,1,6,50,13,9,1,5,4,6,6,4,4,4,4,5,2,13,2,8,2,1,C03,7,8,1,10,1,11,,59,59,1,12,4,120.642664,24.1644,2
9527,66000,387130000C,(04)23274275,(04)23288582,2025,10,24,21,58,臺中市,北屯區,0,0,0,7,,,40,,,,,,,,,,,,,,17,,,,,B01,,,1,,9,,,51,51,1,6,4,120.681412,24.192333,3
9528,66000,387130000C,(04)23274275,(04)23288582,2025,10,24,22,0,臺中市,太平區,0,1,0,7,1,6,50,4,1,1,5,4,6,6,2,1,1,5,5,2,16,3,10,1,1,C03,7,5,1,10,2,12,,84,84,1,12,4,120.714866,24.149421,2
9529,66000,387130000C,(04)23274275,(04)23288582,2025,10,24,22,12,臺中市,豐原區,0,1,0,7,1,6,50,5,1,1,5,4,6,6,1,1,10,5,5,2,18,2,9,2,1,C03,7,9,1,10,2,14,,21,21,1,13,4,120.72352,24.252181,2
9530,66000,387130000C,(04)23274275,(04)23288582,2025,10,24,22,15,臺中市,西屯區,0,1,0,7,1,6,50,13,9,1,5,4,6,6,4,4,1,4,5,2,17,2,9,2,1,C03,7,9,1,10,2,11,,7,7,1,12,4,120.662001,24.172201,2
9531,66000,387130000C,(04)23274275,(04)23288582,2025,10,24,22,25,臺中市,西區,0,1,0,7,1,6,50,13,9,1,5,4,6,6,4,4,5,5,5,2,13,2,7,6,1,F02,7,9,7,21,2,11,,84,84,1,13,4,120.651286,24.14493,2
9532,66000,387130000C,(04)23274275,(04)23288582,2025,10,24,22,28,臺中市,西屯區,0,0,0,7,,,50,,,,,,,,,,,,,,,,,,,B03,,,1,,1,,,59,59,1,12,4,120.642238,24.182125,3
9533,66000,387130000C,(04)23274275,(04)23288582,2025,10,24,22,29,臺中市,中區,0,1,0,7,1,6,50,4,1,1,5,4,6,6,1,1,10,5,5,2,17,3,10,3,1,B03,7,11,1,8,2,7,,38,38,1,12,4,120.675053,24.143622,2
9534,66000,387130000C,(04)23274275,(04)23288582,2025,10,24,22,37,臺中市,北屯區,0,0,0,7,,,50,,,,,,,,,,,,,,,,,,,B03,,,1,,1,,,49,49,1,13,4,120.685532,24.169223,3
9535,66000,387130000C,(04)23274275,(04)23288582,2025,10,24,22,39,臺中市,霧峰區,0,1,0,7,1,6,30,3,1,1,5,4,6,6,4,4,10,5,5,2,2,3,10,3,1,B03,7,9,1,8,2,2,,7,7,1,13,4,120.700866,24.068522,2
9536,66000,387130000C,(04)23274275,(04)23288582,2025,10,24,22,49,臺中市,西屯區,0,1,0,7,1,6,50,13,9,1,5,4,6,6,4,4,5,5,5,2,12,2,9,5,1,C03,7,1,1,10,2,11,,51,51,1,12,4,120.645481,24.172693,2
9537,66000,387130000C,(04)23274275,(04)23288582,2025,10,24,22,50,臺中市,后里區,0,0,0,7,,,50,,,,,,,,,,,,,,11,,,,,B03,,,1,,2,,,8,8,1,12,4,120.718005,24.303011,3
9538,66000,387130000C,(04)23274275,(04)23288582,2025,10,24,23,14,臺中市,烏日區,0,0,0,7,,,60,,,,,,,,,,,,,,12,,,,,C03,,,1,,1,,,40,40,1,6,4,120.641465,24.108692,3
9539,66000,387130000C,(04)23274275,(04)23288582,2025,10,24,23,34,臺中市,西屯區,0,0,0,7,,,40,,,,,,,,,,,,,,12,,,,,B03,,,1,,1,,,45,45,1,12,4,120.653446,24.203274,3
9540,66000,387130000C,(04)23274275,(04)23288582,2025,10,24,23,39,臺中市,北屯區,0,0,0,7,,,50,,,,,,,,,,,,,,11,,,,,B12,,,3,,2,,,59,59,1,12,4,120.71163,24.180929,3
9541,66000,387130000C,(04)23274275,(04)23288582,2025,10,24,23,51,臺中市,西屯區,0,0,0,7,,,40,,,,,,,,,,,,,,12,,,,,C03,,,1,,2,,,8,8,1,12,4,120.643399,24.165733,3
9542,66000,387130000C,(04)23274275,(04)23288582,2025,10,25,0,0,臺中市,南屯區,0,1,0,7,1,6,50,4,1,1,5,4,6,6,1,1,10,5,5,2,16,3,10,3,1,B03,7,5,1,8,2,6,,84,84,1,13,4,120.653258,24.128767,2
9543,66000,387130000C,(04)23274275,(04)23288582,2025,10,25,0,22,臺中市,清水區,0,0,0,7,,,50,,,,,,,,,,,,,,,,,,,B03,,,1,,2,,,20,20,1,12,4,120.55453,24.265737,3
9544,66000,387130000C,(04)23274275,(04)23288582,2025,10,25,0,44,臺中市,東區,0,2,0,7,1,6,30,3,1,1,5,4,6,6,4,4,10,5,5,2,16,2,9,2,1,C03,7,5,1,10,2,14,,12,12,1,12,4,120.69917,24.142762,2
9545,66000,387130000C,(04)23274275,(04)23288582,2025,10,25,0,50,臺中市,南屯區,0,1,0,7,3,6,50,4,1,1,5,4,6,6,1,1,10,5,5,2,17,2,9,2,1,C02,7,9,1,9,2,14,13,84,84,1,12,4,120.649932,24.140172,2
9546,66000,387130000C,(04)23274275,(04)23288582,2025,10,25,1,0,臺中市,梧棲區,0,0,0,7,,,40,,,,,,,,,,,,,,17,,,,,B03,,,1,,1,,,50,50,1,6,4,120.545093,24.255369,3
9547,66000,387130000C,(04)23274275,(04)23288582,2025,10,25,1,31,臺中市,中區,0,1,0,7,1,6,50,13,7,1,5,4,6,6,4,4,1,2,4,2,18,2,9,1,1,C03,7,9,1,10,2,12,,4,4,1,13,4,120.684323,24.137238,2
9548,66000,387130000C,(04)23274275,(04)23288582,2025,10,25,2,4,臺中市,南屯區,0,1,0,7,3,6,50,13,9,1,5,4,6,6,4,4,9,4,5,2,17,3,10,3,1,B03,7,2,1,8,2,2,,49,49,1,13,4,120.645285,24.137721,2
9549,66000,387130000C,(04)23274275,(04)23288582,2025,10,25,2,11,臺中市,東區,0,1,0,7,1,6,50,13,12,1,5,4,6,6,4,4,5,4,4,2,17,3,10,2,1,C03,7,11,1,10,9,16,,32,32,1,6,4,120.705484,24.137393,2
9550,66000,387130000C,(04)23274275,(04)23288582,2025,10,25,5,0,臺中市,西區,0,0,0,7,,,50,,,,,,,,,,,,,,14,,,,,B03,,,1,,1,,,50,50,1,12,4,120.660178,24.15374,3
9551,66000,387130000C,(04)23274275,(04)23288582,2025,10,25,5,7,臺中市,大里區,0,1,0,7,1,6,50,11,14,1,5,4,6,6,4,4,1,5,4,1,27,2,9,1,1,C03,7,9,1,10,2,11,,43,43,1,12,4,120.664319,24.093416,2
9552,66000,387130000C,(04)23274275,(04)23288582,2025,10,25,5,22,臺中市,中區,0,2,0,7,1,6,50,4,1,1,5,4,6,6,1,1,5,2,5,2,16,2,8,3,1,B12,7,6,1,8,2,1,,11,11,1,13,4,120.681557,24.136582,2
9553,66000,387130000C,(04)23274275,(04)23288582,2025,10,25,5,50,臺中市,神岡區,0,0,0,7,1,6,50,13,9,1,5,4,6,6,4,4,1,5,5,1,20,,,,,B12,,,1,,2,,,56,56,1,12,4,120.674619,24.267663,3
9554,66000,387130000C,(04)23274275,(04)23288582,2025,10,25,6,10,臺中市,西屯區,0,0,0,7,,,50,,,,,,,,,,,,,,17,,,,,B03,,,1,,2,,,59,59,1,12,4,120.595257,24.17014,3
9555,66000,387130000C,(04)23274275,(04)23288582,2025,10,25,6,38,臺中市,西屯區,0,0,0,7,,,40,,,,,,,,,,,,,,13,,,,,B03,,,1,,2,,,59,59,1,12,4,120.639414,24.188611,3
9556,66000,387130000C,(04)23274275,(04)23288582,2025,10,25,7,30,臺中市,西屯區,0,2,0,7,2,6,50,13,9,1,5,4,6,6,3,1,3,4,5,2,13,2,7,2,1,C03,7,9,1,10,2,11,,59,59,1,12,4,120.603659,24.185598,2
9557,66000,387130000C,(04)23274275,(04)23288582,2025,10,25,7,31,臺中市,烏日區,0,0,0,7,,,50,,,,,,,,,,,,,,12,,,,,B03,,,1,,9,,,26,26,2,13,4,120.616845,24.116151,3
9558,66000,387130000C,(04)23274275,(04)23288582,2025,10,25,7,44,臺中市,北屯區,0,1,0,7,2,6,50,13,9,1,5,4,6,6,4,4,5,4,5,2,17,3,10,3,1,A04,7,14,1,2,2,16,,84,84,1,12,4,120.724494,24.17604,2
9559,66000,387130000C,(04)23274275,(04)23288582,2025,10,25,7,54,臺中市,大肚區,0,0,0,7,,,70,,,,,,,,,,,,,,,,,,,B11,,,1,,2,,,7,7,1,6,4,120.556539,24.128122,3
9560,66000,387130000C,(04)23274275,(04)23288582,2025,10,25,7,56,臺中市,清水區,0,0,0,6,,,50,,,,,,,,,,,,,,,,,,,B03,,,1,,2,,,34,34,1,12,4,120.57589,24.267148,3
9561,66000,387130000C,(04)23274275,(04)23288582,2025,10,25,7,58,臺中市,后里區,0,1,0,7,2,6,50,4,1,1,5,4,6,6,1,1,5,4,4,2,17,3,10,3,1,B03,7,5,1,8,2,5,,11,11,1,6,4,120.695857,24.311392,2
9562,66000,387130000C,(04)23274275,(04)23288582,2025,10,25,8,0,臺中市,東區,0,0,0,7,2,6,50,13,7,1,5,4,6,6,4,4,1,4,4,2,12,3,10,3,1,B02,7,9,1,8,2,2,,8,8,1,12,4,120.685989,24.130044,3
9563,66000,387130000C,(04)23274275,(04)23288582,2025,10,25,8,0,臺中市,烏日區,0,0,0,7,,,50,,,,,,,,,,,,,,9,,,,,B01,,,1,,2,,,84,84,1,6,4,120.586779,24.11351,4
9564,66000,387130000C,(04)23274275,(04)23288582,2025,10,25,8,2,臺中市,霧峰區,0,0,0,7,2,6,40,13,7,1,5,4,6,6,4,4,1,4,4,1,2,,,,,A12,,,1,,1,,,40,40,1,6,4,120.662633,24.06001,3
9565,66000,387130000C,(04)23274275,(04)23288582,2025,10,25,8,12,臺中市,西屯區,0,1,0,7,2,6,50,13,9,1,5,4,6,6,1,1,5,5,5,2,16,3,10,3,1,B12,7,5,3,19,4,2,,47,47,1,12,4,120.648767,24.168809,2
9566,66000,387130000C,(04)23274275,(04)23288582,2025,10,25,8,19,臺中市,大里區,0,0,0,7,,,50,,,,,,,,,,,,,,16,,,,,C03,,,1,,2,,,14,14,1,13,4,120.685136,24.11954,3
9567,66000,387130000C,(04)23274275,(04)23288582,2025,10,25,8,20,臺中市,和平區,0,0,0,7,3,2,30,6,9,1,5,4,6,6,4,4,10,5,5,1,2,,,,,C03,,,1,,2,,,87,87,1,12,4,121.281416,24.303309,3
9568,66000,387130000C,(04)23274275,(04)23288582,2025,10,25,8,25,臺中市,太平區,0,1,0,7,2,6,40,13,8,1,5,4,6,6,4,4,5,5,4,1,13,2,9,1,1,C03,7,9,1,10,2,11,,7,7,1,12,4,120.727688,24.15004,2
9569,66000,387130000C,(04)23274275,(04)23288582,2025,10,25,8,27,臺中市,大里區,0,0,0,7,,,30,,,,,,,,,,,,,,17,,,,,B03,,,1,,2,,,8,8,1,12,4,120.697236,24.090678,3
9570,66000,387130000C,(04)23274275,(04)23288582,2025,10,25,8,38,臺中市,大肚區,0,1,0,6,2,6,70,13,7,1,5,4,6,6,4,4,1,4,4,1,12,2,9,1,1,C03,7,8,1,10,2,14,,8,8,1,6,4,120.556741,24.12805,2
9571,66000,387130000C,(04)23274275,(04)23288582,2025,10,25,8,39,臺中市,烏日區,0,0,0,7,,,30,,,,,,,,,,,,,,13,,,,,C03,,,1,,1,,,7,7,1,13,4,120.603933,24.114917,3
9572,66000,387130000C,(04)23274275,(04)23288582,2025,10,25,8,40,臺中市,石岡區,0,2,0,7,2,6,70,13,8,1,5,4,6,6,4,4,1,4,4,1,12,2,9,5,4,F01,7,10,7,21,1,14,,40,40,1,13,4,120.813807,24.26168,2
9573,66000,387130000C,(04)23274275,(04)23288582,2025,10,25,8,41,臺中市,豐原區,0,0,0,7,,,50,,,,,,,,,,,,,,17,,,,,B03,,,1,,2,,,35,35,1,12,4,120.721736,24.273086,3
9574,66000,387130000C,(04)23274275,(04)23288582,2025,10,25,8,54,臺中市,后里區,0,1,0,7,2,6,50,3,1,1,5,4,6,6,4,4,5,4,5,2,17,2,9,1,1,C03,7,9,1,10,2,12,,59,59,1,6,4,120.713033,24.305182,2
9575,66000,387130000C,(04)23274275,(04)23288582,2025,10,25,8,59,臺中市,北屯區,0,1,0,7,1,6,50,4,2,1,5,4,6,6,1,1,3,4,5,2,16,3,10,3,1,B03,7,9,5,8,2,1,,21,21,1,13,4,120.727521,24.169163,2
9576,66000,387130000C,(04)23274275,(04)23288582,2025,10,25,8,59,臺中市,大肚區,0,1,0,7,2,6,30,4,1,1,5,4,6,6,4,4,10,5,5,2,15,2,9,1,1,C03,7,9,1,10,2,11,,15,15,1,6,4,120.555714,24.141908,2
9577,66000,387130000C,(04)23274275,(04)23288582,2025,10,25,9,2,臺中市,北屯區,0,0,0,7,,,40,,,,,,,,,,,,,,13,,,,,C03,,,1,,1,,,59,59,1,12,4,120.693998,24.166868,3
9578,66000,387130000C,(04)23274275,(04)23288582,2025,10,25,9,2,臺中市,北屯區,0,0,0,7,,,40,,,,,,,,,,,,,,16,,,,,B03,,,1,,1,,,40,40,1,13,4,120.712319,24.182248,3
9579,66000,387130000C,(04)23274275,(04)23288582,2025,10,25,9,2,臺中市,西屯區,0,0,0,7,,,50,,,,,,,,,,,,,,12,,,,,B03,,,1,,1,,,84,84,1,13,4,120.658713,24.176128,3
9580,66000,387130000C,(04)23274275,(04)23288582,2025,10,25,9,5,臺中市,潭子區,0,0,0,7,,,30,,,,,,,,,,,,,,,,,,,B03,,,1,,2,,,41,41,1,13,4,120.723114,24.199157,3
9581,66000,387130000C,(04)23274275,(04)23288582,2025,10,25,9,18,臺中市,清水區,0,0,0,6,,,30,,,,,,,,,,,,,,,,,,,C03,,,1,,11,,,20,20,1,12,4,120.553299,24.273264,3
9582,66000,387130000C,(04)23274275,(04)23288582,2025,10,25,9,19,臺中市,北屯區,0,0,0,7,,,50,,,,,,,,,,,,,,13,,,,,B03,,,1,,1,,,84,84,1,13,4,120.685327,24.173162,3
9583,66000,387130000C,(04)23274275,(04)23288582,2025,10,25,9,27,臺中市,太平區,0,0,0,7,,,50,,,1,5,4,6,6,4,4,,5,5,2,12,,,,,B12,,,1,,2,,,8,8,1,12,4,120.719954,24.126486,3
9584,66000,387130000C,(04)23274275,(04)23288582,2025,10,25,9,30,臺中市,清水區,0,0,0,7,,,30,,,,,,,,,,,,,,17,,,,,B12,,,1,,2,,,49,49,1,12,4,120.582642,24.289112,3
9585,66000,387130000C,(04)23274275,(04)23288582,2025,10,25,9,35,臺中市,南區,0,1,0,7,3,6,40,11,8,1,5,4,6,6,4,4,7,5,4,2,17,2,1,5,4,C03,7,9,1,10,2,11,,84,84,1,12,4,120.704676,24.138422,2
9586,66000,387130000C,(04)23274275,(04)23288582,2025,10,25,9,36,臺中市,大里區,0,1,0,7,2,6,50,5,1,1,5,4,6,6,1,1,10,5,5,2,16,2,9,1,1,C03,7,9,1,10,2,14,,84,84,1,12,4,120.689621,24.112827,2
9587,66000,387130000C,(04)23274275,(04)23288582,2025,10,25,9,40,臺中市,烏日區,0,0,0,7,,,30,,,,,,,,,,,,,,9,,,,,B03,,,1,,2,,,84,84,1,6,4,120.619384,24.103611,3
9588,66000,387130000C,(04)23274275,(04)23288582,2025,10,25,9,48,臺中市,東區,0,1,0,7,2,6,50,4,1,1,5,4,6,6,1,1,10,5,5,2,17,3,10,1,1,C03,7,6,1,10,2,11,,48,48,1,12,4,120.692479,24.144097,2
9589,66000,387130000C,(04)23274275,(04)23288582,2025,10,25,9,48,臺中市,東區,0,1,0,7,2,6,50,4,1,1,5,4,6,6,1,1,5,5,4,2,16,3,10,3,1,B03,7,6,1,8,2,6,,11,11,1,13,4,120.705368,24.137614,2
9590,66000,387130000C,(04)23274275,(04)23288582,2025,10,25,9,50,臺中市,西屯區,0,1,0,7,2,6,50,4,1,1,5,4,6,6,1,1,10,5,5,2,13,3,10,5,4,C03,7,9,1,10,2,11,,7,7,1,12,4,120.666755,24.175127,2
9591,66000,387130000C,(04)23274275,(04)23288582,2025,10,25,9,50,臺中市,后里區,0,1,0,7,2,6,40,13,9,1,5,4,6,6,4,4,9,4,5,1,17,3,10,3,1,B03,7,6,1,8,2,8,,48,48,1,6,4,120.730916,24.307165,2
9592,66000,387130000C,(04)23274275,(04)23288582,2025,10,25,9,52,臺中市,東勢區,0,0,0,7,,,70,,,,,,,,,,,,,,13,,,,,B03,,,1,,1,,,7,7,1,13,4,120.817683,24.260453,3
9593,66000,387130000C,(04)23274275,(04)23288582,2025,10,25,9,54,臺中市,后里區,0,1,0,7,2,6,30,13,9,1,5,4,6,6,4,4,10,5,5,2,18,2,9,1,1,F01,7,9,7,21,1,14,,59,59,1,2,4,120.703751,24.298267,2
9594,66000,387130000C,(04)23274275,(04)23288582,2025,10,25,9,57,臺中市,南區,0,0,0,7,,,50,,,,,,,,,,,,,,,,,,,B03,,,1,,1,,,8,8,1,12,4,120.66524,24.123691,3
9595,66000,387130000C,(04)23274275,(04)23288582,2025,10,25,9,58,臺中市,北區,0,0,0,7,2,6,50,3,21,4,5,4,6,6,4,4,9,5,5,2,14,3,10,3,1,B03,7,2,1,8,2,3,,49,49,1,12,4,120.667466,24.154813,3
9596,66000,387130000C,(04)23274275,(04)23288582,2025,10,25,10,0,臺中市,梧棲區,0,2,0,7,2,6,50,4,1,1,5,4,6,6,4,4,10,5,5,2,15,2,9,1,1,C03,7,9,1,10,2,11,,15,15,1,6,4,120.532763,24.256197,2
9597,66000,387130000C,(04)23274275,(04)23288582,2025,10,25,10,5,臺中市,北屯區,0,0,0,7,,,20,,,,,,,,,,,,,,14,,,,,B03,,,1,,1,,,49,49,1,12,4,120.704833,24.174068,3
9598,66000,387130000C,(04)23274275,(04)23288582,2025,10,25,10,7,臺中市,南區,0,1,0,7,2,6,30,4,1,1,5,4,6,6,4,4,10,5,5,2,15,2,9,1,1,C03,7,9,1,10,2,11,,15,15,1,12,4,120.655336,24.13351,2
9599,66000,387130000C,(04)23274275,(04)23288582,2025,10,25,10,7,臺中市,北屯區,0,0,0,7,,,60,,,,,,,,,,,,,,13,,,,,B12,,,1,,2,,,84,84,1,6,4,120.706106,24.16498,3
9600,66000,387130000C,(04)23274275,(04)23288582,2025,10,25,10,9,臺中市,太平區,0,0,0,7,,,50,,,,,,,,,,,,,,13,,,,,B03,,,1,,2,,,84,84,1,13,4,120.708931,24.124139,3
9601,66000,387130000C,(04)23274275,(04)23288582,2025,10,25,10,11,臺中市,西區,0,0,0,7,,,50,,,,,,,,,,,,,,,,,,,B03,,,1,,2,,,84,84,1,6,4,120.675789,24.136749,3
9602,66000,387130000C,(04)23274275,(04)23288582,2025,10,25,10,15,臺中市,北屯區,0,1,0,7,2,6,50,4,1,1,5,4,6,6,2,1,5,5,5,2,16,3,10,3,1,B03,7,5,1,8,2,5,,84,84,1,12,4,120.7007,24.170123,2
9603,66000,387130000C,(04)23274275,(04)23288582,2025,10,25,10,16,臺中市,西區,0,1,0,7,2,6,50,4,1,1,5,4,6,6,2,1,1,5,5,2,12,2,8,1,1,C03,7,9,3,19,2,11,,7,7,1,13,4,120.657378,24.145212,2
9604,66000,387130000C,(04)23274275,(04)23288582,2025,10,25,10,16,臺中市,中區,0,0,0,7,,,50,,,,,,,,,,,,,,12,,,,,A04,,,1,,2,,,35,35,1,6,4,120.683807,24.138724,3
9605,66000,387130000C,(04)23274275,(04)23288582,2025,10,25,10,20,臺中市,南區,0,0,0,7,,,50,,,,,,,,,,,,,,,,,,,B03,,,1,,9,,,49,49,2,6,4,120.661927,24.130754,3
9606,66000,387130000C,(04)23274275,(04)23288582,2025,10,25,10,23,臺中市,西屯區,0,0,0,7,2,6,60,13,7,1,5,4,6,6,4,4,1,4,1,2,13,,,,,B03,,,1,,1,,,7,7,1,13,4,120.649182,24.163222,3
9607,66000,387130000C,(04)23274275,(04)23288582,2025,10,25,10,23,臺中市,梧棲區,0,1,0,7,2,6,40,4,1,1,5,4,6,6,1,1,10,5,5,2,16,3,10,1,1,C03,7,5,1,10,2,12,,84,84,1,5,4,120.5519,24.244428,2
9608,66000,387130000C,(04)23274275,(04)23288582,2025,10,25,10,25,臺中市,南屯區,0,1,0,7,3,6,40,13,7,1,5,4,6,6,4,4,9,5,4,2,17,2,9,2,4,C03,7,9,1,10,2,11,,7,7,1,6,4,120.631273,24.124823,2
9609,66000,387130000C,(04)23274275,(04)23288582,2025,10,25,10,25,臺中市,沙鹿區,0,1,0,7,2,6,30,3,1,1,5,4,6,6,4,4,10,5,5,2,17,3,10,3,1,B03,7,6,1,8,2,2,,85,85,1,13,4,120.574244,24.234507,2
9610,66000,387130000C,(04)23274275,(04)23288582,2025,10,25,10,27,臺中市,清水區,0,1,0,7,3,6,50,4,1,1,5,4,6,6,2,1,5,5,5,1,17,2,9,2,1,C03,7,11,1,10,2,12,,45,45,1,12,4,120.554128,24.265689,2
9611,66000,387130000C,(04)23274275,(04)23288582,2025,10,25,10,32,臺中市,東勢區,0,0,0,7,,,30,,,,,,,,,,,,,,11,,,,,B03,,,1,,1,,,8,8,1,13,4,120.828761,24.257963,3