序號,縣市別代碼,機關代碼,市話,傳真,年,月,日,時,分,縣市,區,死亡數量,受傷數量,2-30,天候,道路照明設備,道路類別,道路速限,道路型態,事故位置,路面鋪裝,路面狀態,路面缺陷,障礙物,視距,號誌種類,號誌動作,分向設施,快車道或一般車道間,快慢車道間,路面邊線,事故類型及型態,受傷程度,主要傷處,保護裝備,行動電話或功能裝置,當事者區分(類別),車輛用途,當事者行動狀態,駕照狀態,駕照種類,飲酒情形,車輛撞擊部位最初,車輛撞擊部位其他,肇事因素個別,肇事因素主要,肇事逃逸,職業,共享經濟或外送平台,GPS座標X,GPS座標Y,事故類別
9723,66000,387130000C,(04)23274275,(04)23288582,2025,10,25,14,37,臺中市,南區,0,1,0,7,2,6,50,13,9,1,5,4,6,6,4,4,5,5,5,2,30,2,7,4,1,F01,7,9,7,21,2,11,,59,59,1,12,1,120.655083,24.124653,2
9724,66000,387130000C,(04)23274275,(04)23288582,2025,10,25,14,40,臺中市,沙鹿區,0,0,0,7,,,50,,,,,,,,,,,,,,,,,,,B03,,,1,,1,,,49,49,1,13,4,120.573865,24.228619,3
9725,66000,387130000C,(04)23274275,(04)23288582,2025,10,25,14,45,臺中市,太平區,0,0,0,7,,,50,,,,,,,,,,,,,,17,,,,,B03,,,1,,2,,,50,50,1,12,4,120.721174,24.12023,3
9726,66000,387130000C,(04)23274275,(04)23288582,2025,10,25,14,50,臺中市,東區,0,1,0,7,3,6,50,4,1,1,5,4,6,6,4,4,10,5,5,2,17,3,10,5,4,B03,7,15,1,8,2,2,,84,84,1,12,4,120.707015,24.136384,2
9727,66000,387130000C,(04)23274275,(04)23288582,2025,10,25,14,50,臺中市,太平區,0,2,0,7,2,6,50,13,9,1,5,4,6,6,4,4,1,4,5,2,13,2,8,1,1,C03,7,9,1,10,2,11,,7,7,1,12,4,120.713301,24.147205,2
9728,66000,387130000C,(04)23274275,(04)23288582,2025,10,25,14,52,臺中市,新社區,0,0,0,7,,,50,,,,,,,,,,,,,,,,,,,B03,,,1,,1,,,84,84,1,12,4,120.810624,24.244143,3
9729,66000,387130000C,(04)23274275,(04)23288582,2025,10,25,14,58,臺中市,西屯區,0,1,0,7,1,6,50,4,1,1,5,4,6,6,1,1,8,4,5,1,16,3,10,5,4,B03,7,5,1,8,2,6,,11,11,1,13,4,120.646327,24.164657,2
9730,66000,387130000C,(04)23274275,(04)23288582,2025,10,25,14,58,臺中市,西屯區,0,1,0,7,2,6,40,4,1,1,5,4,6,6,2,1,10,5,5,2,17,2,9,5,4,C03,7,9,1,10,2,11,,7,7,1,13,4,120.649632,24.162408,2
9731,66000,387130000C,(04)23274275,(04)23288582,2025,10,25,15,3,臺中市,西屯區,0,0,0,7,,,50,,,,,,,,,,,,,,12,,,,,B03,,,1,,2,,,8,8,1,12,4,120.666792,24.175806,3
9732,66000,387130000C,(04)23274275,(04)23288582,2025,10,25,15,4,臺中市,西屯區,0,0,0,7,,,50,,,,,,,,,,,,,,12,,,,,B03,,,1,,2,,,47,47,1,13,4,120.646681,24.16506,3
9733,66000,387130000C,(04)23274275,(04)23288582,2025,10,25,15,5,臺中市,沙鹿區,0,0,0,7,,,50,,,,,,,,,,,,,,,,,,,B03,,,1,,1,,,8,8,1,12,4,120.56221,24.235923,3
9734,66000,387130000C,(04)23274275,(04)23288582,2025,10,25,15,7,臺中市,豐原區,0,0,0,7,,,50,,,,,,,,,,,,,,17,,,,,C03,,,1,,2,,,78,78,1,13,4,120.716567,24.251727,3
9735,66000,387130000C,(04)23274275,(04)23288582,2025,10,25,15,20,臺中市,西屯區,0,0,0,7,,,40,,,,,,,,,,,,,,13,,,,,B03,,,1,,2,,,7,7,1,12,4,120.643805,24.165598,3
9736,66000,387130000C,(04)23274275,(04)23288582,2025,10,25,15,20,臺中市,神岡區,0,1,0,7,2,6,50,3,1,1,5,4,6,6,4,4,10,5,5,2,17,2,9,5,4,C03,7,9,1,10,2,14,,59,59,1,13,4,120.653049,24.251169,2
9737,66000,387130000C,(04)23274275,(04)23288582,2025,10,25,15,21,臺中市,南屯區,0,0,0,7,,,50,,,,,,,,,,,,,,,,,,,B03,,,1,,2,,,84,84,1,12,4,120.645347,24.121233,3
9738,66000,387130000C,(04)23274275,(04)23288582,2025,10,25,15,23,臺中市,豐原區,0,0,0,7,,,50,,,,,,,,,,,,,,13,,,,,C03,,,1,,2,,,58,58,1,13,4,120.718838,24.250573,3
9739,66000,387130000C,(04)23274275,(04)23288582,2025,10,25,15,25,臺中市,西屯區,0,0,0,7,,,40,,,,,,,,,,,,,,13,,,,,B03,,,1,,1,,,7,7,1,12,4,120.643643,24.165818,3
9740,66000,387130000C,(04)23274275,(04)23288582,2025,10,25,15,29,臺中市,太平區,0,0,0,7,,,50,,,,,,,,,,,,,,16,,,,,B03,,,1,,2,,,35,35,1,12,4,120.715922,24.13336,3
9741,66000,387130000C,(04)23274275,(04)23288582,2025,10,25,15,29,臺中市,豐原區,0,1,0,7,3,6,60,13,8,1,5,4,6,6,4,4,1,4,4,1,17,3,10,5,4,B03,7,7,1,8,2,6,,40,40,1,12,4,120.730751,24.245129,2
9742,66000,387130000C,(04)23274275,(04)23288582,2025,10,25,15,31,臺中市,霧峰區,0,0,0,7,,,50,,,,,,,,,,,,,,,,,,,C03,,,3,,2,,,45,45,1,13,4,120.692374,24.045671,3
9743,66000,387130000C,(04)23274275,(04)23288582,2025,10,25,15,36,臺中市,太平區,0,1,0,7,2,6,40,3,1,1,5,4,6,5,4,4,10,5,5,1,12,3,10,3,1,B03,7,11,1,8,2,8,,45,45,1,12,4,120.732985,24.117263,2
9744,66000,387130000C,(04)23274275,(04)23288582,2025,10,25,15,37,臺中市,后里區,0,1,0,7,2,6,40,13,9,1,5,4,6,6,4,4,9,4,5,2,17,2,7,1,1,C03,7,11,1,10,2,12,,45,45,1,6,4,120.732817,24.309798,2
9745,66000,387130000C,(04)23274275,(04)23288582,2025,10,25,15,39,臺中市,北屯區,0,0,0,7,,,50,,,,,,,,,,,,,,13,,,,,B03,,,1,,1,,,84,84,1,6,4,120.720668,24.167879,3
9746,66000,387130000C,(04)23274275,(04)23288582,2025,10,25,15,40,臺中市,西區,0,2,0,7,2,6,50,3,2,1,5,4,6,6,4,4,5,4,5,1,13,2,9,2,1,C03,7,9,1,10,2,11,,7,7,1,13,4,120.655538,24.134888,2
9747,66000,387130000C,(04)23274275,(04)23288582,2025,10,25,15,40,臺中市,沙鹿區,0,0,0,7,,,60,,,,,,,,,,,,,,,,,,,B03,,,1,,1,,,82,82,1,12,4,120.576593,24.248994,3
9748,66000,387130000C,(04)23274275,(04)23288582,2025,10,25,15,42,臺中市,大雅區,0,0,0,7,,,50,,,,,,,,,,,,,,,,,,,B03,,,1,,1,,,84,84,1,12,4,120.645309,24.225478,3
9749,66000,387130000C,(04)23274275,(04)23288582,2025,10,25,15,44,臺中市,大里區,0,1,0,7,2,6,30,4,1,1,5,4,6,6,4,4,5,4,4,1,15,2,8,1,1,C03,7,9,1,10,2,11,12,15,15,1,6,4,120.675881,24.107915,2
9750,66000,387130000C,(04)23274275,(04)23288582,2025,10,25,15,44,臺中市,沙鹿區,0,0,0,7,,,40,,,,,,,,,,,,,,,,,,,C03,,,1,,1,,,7,7,1,13,4,120.556135,24.220955,3
9751,66000,387130000C,(04)23274275,(04)23288582,2025,10,25,15,52,臺中市,北屯區,0,0,0,7,,,50,,,,,,,,,,,,,,,,,,,B03,,,1,,1,,,45,45,1,13,4,120.711059,24.174589,4
9752,66000,387130000C,(04)23274275,(04)23288582,2025,10,25,15,54,臺中市,沙鹿區,0,0,0,7,,,40,,,,,,,,,,,,,,,,,,,B03,,,1,,2,,,49,49,1,13,4,120.565894,24.250603,3
9753,66000,387130000C,(04)23274275,(04)23288582,2025,10,25,16,20,臺中市,清水區,0,2,0,7,3,6,40,3,2,1,5,4,6,6,1,1,1,4,4,1,17,2,9,2,1,C03,7,9,1,10,2,12,,7,7,1,12,4,120.603605,24.312068,2
9754,66000,387130000C,(04)23274275,(04)23288582,2025,10,25,16,22,臺中市,大雅區,0,1,0,7,2,6,50,4,1,1,5,4,6,6,2,1,10,4,5,1,17,3,10,3,1,B03,7,6,1,8,2,8,,11,11,1,12,4,120.649219,24.216172,2
9755,66000,387130000C,(04)23274275,(04)23288582,2025,10,25,16,23,臺中市,大里區,0,0,0,7,,,50,,,,,,,,,,,,,,14,,,,,B03,,,1,,2,,,49,49,1,6,4,120.680606,24.117591,3
9756,66000,387130000C,(04)23274275,(04)23288582,2025,10,25,16,25,臺中市,南區,0,1,0,7,2,6,50,4,1,1,5,4,6,6,2,1,10,5,5,2,16,3,10,3,1,B01,7,5,1,4,2,1,,11,11,1,12,4,120.670095,24.119043,2
9757,66000,387130000C,(04)23274275,(04)23288582,2025,10,25,16,27,臺中市,大雅區,0,0,0,7,,,70,,,,,,,,,,,,,,,,,,,B03,,,1,,2,,,45,45,1,12,4,120.628153,24.24223,3
9758,66000,387130000C,(04)23274275,(04)23288582,2025,10,25,16,27,臺中市,大里區,0,2,0,7,2,6,50,3,1,1,5,4,6,6,1,1,10,5,5,2,17,2,9,1,1,C03,7,6,1,10,2,14,,84,84,1,13,4,120.69569,24.104269,2
9759,66000,387130000C,(04)23274275,(04)23288582,2025,10,25,16,29,臺中市,大雅區,0,2,0,7,2,6,30,4,1,1,5,4,6,6,4,4,10,5,5,1,17,3,10,3,1,B03,7,5,1,8,2,1,,84,84,1,12,4,120.670927,24.243361,2
9760,66000,387130000C,(04)23274275,(04)23288582,2025,10,25,16,30,臺中市,西區,0,0,0,7,,,50,,,,,,,,,,,,,,,,,,,B03,,,1,,1,,,8,8,1,13,4,120.671216,24.138022,3
9761,66000,387130000C,(04)23274275,(04)23288582,2025,10,25,16,36,臺中市,西屯區,0,0,0,7,,,40,,,,,,,,,,,,,,,,,,,B03,,,1,,1,,,59,59,1,12,4,120.640461,24.1679,3
9762,66000,387130000C,(04)23274275,(04)23288582,2025,10,25,16,37,臺中市,西區,0,0,0,7,,,50,,,,,,,,,,,,,,13,,,,,B03,,,1,,1,,,59,59,1,12,4,120.660925,24.139979,3
9763,66000,387130000C,(04)23274275,(04)23288582,2025,10,25,16,42,臺中市,西區,0,0,0,7,,,50,,,,,,,,,,,,,,,,,,,B03,,,1,,2,,,20,20,1,6,4,120.665819,24.152132,3
9764,66000,387130000C,(04)23274275,(04)23288582,2025,10,25,16,53,臺中市,豐原區,0,0,0,7,,,50,,,,,,,,,,,,,,,,,,,B03,,,1,,2,,,56,56,1,13,4,120.733788,24.273911,3
9765,66000,387130000C,(04)23274275,(04)23288582,2025,10,25,16,54,臺中市,太平區,0,1,0,7,2,6,50,4,4,1,5,4,6,6,2,1,5,4,4,1,12,3,10,3,1,B03,7,9,1,8,2,5,,84,84,1,12,4,120.724997,24.149771,2
9766,66000,387130000C,(04)23274275,(04)23288582,2025,10,25,16,59,臺中市,霧峰區,0,0,0,7,,,50,,,,,,,,,,,,,,17,,,,,B03,,,1,,1,,,51,51,1,12,4,120.694705,24.044518,3
9767,66000,387130000C,(04)23274275,(04)23288582,2025,10,25,17,2,臺中市,東勢區,0,1,0,7,2,6,60,4,1,1,5,4,6,6,4,4,5,5,4,1,16,2,9,5,4,C03,7,9,1,10,2,11,,59,59,1,13,4,120.813143,24.281048,2
9768,66000,387130000C,(04)23274275,(04)23288582,2025,10,25,17,3,臺中市,北屯區,0,1,0,7,2,6,50,13,9,1,5,4,6,6,4,4,5,4,5,2,17,3,10,3,1,B03,7,1,1,8,2,8,,51,51,1,6,4,120.733318,24.161476,2
9769,66000,387130000C,(04)23274275,(04)23288582,2025,10,25,17,3,臺中市,西屯區,0,0,0,7,,,50,,,,,,,,,,,,,,12,,,,,C03,,,1,,9,,,84,84,1,12,4,120.648127,24.169515,3
9770,66000,387130000C,(04)23274275,(04)23288582,2025,10,25,17,5,臺中市,豐原區,0,1,0,7,2,6,50,4,2,1,5,4,6,6,1,1,10,4,5,1,13,4,11,2,1,C03,7,9,1,10,2,11,,7,7,1,13,4,120.703509,24.249681,2
9771,66000,387130000C,(04)23274275,(04)23288582,2025,10,25,17,9,臺中市,豐原區,0,0,0,7,,,50,,,,,,,,,,,,,,13,,,,,B03,,,1,,2,,,84,84,1,12,4,120.722337,24.278427,3
9772,66000,387130000C,(04)23274275,(04)23288582,2025,10,25,17,10,臺中市,北屯區,0,1,0,6,3,6,50,3,1,1,5,4,6,6,1,1,10,5,5,2,16,3,10,2,1,C03,7,6,3,19,2,11,,11,11,1,6,4,120.708467,24.170015,2
9773,66000,387130000C,(04)23274275,(04)23288582,2025,10,25,17,13,臺中市,北屯區,0,0,0,6,,,50,,,,,,,,,,,,,,12,,,,,B03,,,1,,1,,,8,8,1,6,4,120.671094,24.175055,3
9774,66000,387130000C,(04)23274275,(04)23288582,2025,10,25,17,18,臺中市,大里區,0,1,0,7,3,6,30,4,1,1,5,4,6,6,4,4,10,5,5,2,15,3,10,3,1,B02,7,9,5,19,2,6,,20,20,1,12,4,120.699936,24.108988,2
9775,66000,387130000C,(04)23274275,(04)23288582,2025,10,25,17,26,臺中市,北屯區,0,2,0,7,1,6,50,4,1,1,5,4,6,6,2,1,10,5,5,2,15,2,9,1,1,F02,7,9,7,21,2,11,,21,21,1,6,4,120.733316,24.161155,2
9776,66000,387130000C,(04)23274275,(04)23288582,2025,10,25,17,31,臺中市,太平區,0,0,0,7,1,6,30,13,9,1,5,4,6,6,4,4,10,5,5,2,17,3,10,5,1,B03,7,9,5,8,8,8,,53,53,1,6,4,120.728178,24.095551,3
9777,66000,387130000C,(04)23274275,(04)23288582,2025,10,25,17,33,臺中市,西屯區,0,0,0,7,,,30,,,,,,,,,,,,,,27,,,,,B02,,,1,,2,,,59,59,1,13,4,120.651187,24.160791,3
9778,66000,387130000C,(04)23274275,(04)23288582,2025,10,25,17,34,臺中市,西區,0,0,0,7,,,50,,,,,,,,,,,,,,13,,,,,C03,,,1,,1,,,59,59,1,13,4,120.65777,24.15806,3
9779,66000,387130000C,(04)23274275,(04)23288582,2025,10,25,17,39,臺中市,豐原區,0,1,0,7,1,6,50,3,1,1,5,4,6,6,4,4,5,5,5,1,3,3,10,5,4,B03,7,6,1,8,2,8,,59,59,1,13,4,120.715402,24.251874,2
9780,66000,387130000C,(04)23274275,(04)23288582,2025,10,25,17,40,臺中市,北區,0,2,0,6,1,6,50,4,1,1,5,4,6,6,1,1,10,5,5,2,16,2,9,5,4,C03,7,6,1,10,2,14,,48,48,1,13,4,120.698221,24.15569,2
9781,66000,387130000C,(04)23274275,(04)23288582,2025,10,25,17,40,臺中市,東區,0,0,0,7,,,50,,,,,,,,,,,,,,12,,,,,B03,,,1,,1,,,8,8,1,13,4,120.698033,24.147964,3
9782,66000,387130000C,(04)23274275,(04)23288582,2025,10,25,17,40,臺中市,后里區,0,0,0,7,,,50,,,,,,,,,,,,,,14,,,,,,,,,,,,,50,50,2,,,120.712454,24.303901,3
9783,66000,387130000C,(04)23274275,(04)23288582,2025,10,25,17,42,臺中市,南區,0,0,0,7,,,50,,,,,,,,,,,,,,9,,,,,C03,,,1,,1,,,51,51,1,6,2,120.653418,24.123784,3
9784,66000,387130000C,(04)23274275,(04)23288582,2025,10,25,17,42,臺中市,烏日區,0,0,0,7,,,50,,,,,,,,,,,,,,,,,,,B03,,,1,,2,,,82,82,1,13,4,120.618583,24.11157,3
9785,66000,387130000C,(04)23274275,(04)23288582,2025,10,25,17,43,臺中市,豐原區,0,0,0,7,,,50,,,,,,,,,,,,,,,,,,,B03,,,1,,2,,,84,84,1,13,4,120.759716,24.278985,3
9786,66000,387130000C,(04)23274275,(04)23288582,2025,10,25,17,45,臺中市,北屯區,0,0,0,7,,,30,,,,,,,,,,,,,,17,,,,,C03,,,1,,1,,,86,86,1,6,4,120.709766,24.193723,3
9787,66000,387130000C,(04)23274275,(04)23288582,2025,10,25,17,45,臺中市,大里區,0,0,0,7,,,50,,,,,,,,,,,,,,,,,,,B03,,,1,,2,,,40,40,1,12,4,120.698396,24.080323,3
9788,66000,387130000C,(04)23274275,(04)23288582,2025,10,25,17,51,臺中市,南屯區,0,0,0,7,,,30,,,,,,,,,,,,,,11,,,,,B03,,,1,,1,,,8,8,2,6,4,120.619781,24.132001,3
9789,66000,387130000C,(04)23274275,(04)23288582,2025,10,25,17,52,臺中市,西區,0,3,0,7,1,6,50,3,2,1,5,4,6,6,2,1,1,2,4,1,13,2,7,2,1,C03,7,9,1,10,2,11,,7,7,1,12,4,120.658996,24.155865,2
9790,66000,387130000C,(04)23274275,(04)23288582,2025,10,25,18,0,臺中市,南區,0,0,0,7,,,50,,,,,,,,,,,,,,,,,,,,,,,,,,,119,119,1,,,120.673965,24.129544,3
9791,66000,387130000C,(04)23274275,(04)23288582,2025,10,25,18,5,臺中市,東區,0,0,0,7,,,50,,,,,,,,,,,,,,,,,,,C03,,,1,,1,,,84,84,1,6,4,120.698033,24.147964,3
9792,66000,387130000C,(04)23274275,(04)23288582,2025,10,25,18,5,臺中市,太平區,0,2,0,7,1,6,40,3,7,1,5,4,6,6,4,4,5,5,4,1,16,2,9,2,1,C03,7,1,3,19,2,11,,51,51,1,12,4,120.727703,24.149949,2
9793,66000,387130000C,(04)23274275,(04)23288582,2025,10,25,18,7,臺中市,南屯區,0,2,0,7,1,6,50,4,2,1,5,4,6,6,4,4,9,5,5,2,17,2,8,2,1,C03,7,9,1,10,2,11,,59,59,1,13,4,120.645203,24.138052,2
9794,66000,387130000C,(04)23274275,(04)23288582,2025,10,25,18,10,臺中市,豐原區,0,0,0,7,,,50,,,,,,,,,,,,,,13,,,,,C03,,,1,,2,,,84,84,1,13,4,120.716137,24.251443,3
9795,66000,387130000C,(04)23274275,(04)23288582,2025,10,25,18,11,臺中市,西屯區,0,0,0,7,,,30,,,,,,,,,,,,,,14,,,,,B03,,,1,,1,,,49,49,1,12,4,120.642254,24.170881,3
9796,66000,387130000C,(04)23274275,(04)23288582,2025,10,25,18,15,臺中市,大里區,0,1,0,7,1,6,50,3,1,1,5,4,6,6,4,4,5,4,4,1,17,3,10,3,1,B01,7,11,1,4,2,16,,45,45,1,6,4,120.683819,24.111385,2
9797,66000,387130000C,(04)23274275,(04)23288582,2025,10,25,18,18,臺中市,西區,0,2,0,6,1,6,50,3,1,1,5,4,6,6,1,1,10,5,5,2,17,3,10,3,1,B03,7,15,1,8,1,2,,42,42,1,12,4,120.678324,24.139277,2
9798,66000,387130000C,(04)23274275,(04)23288582,2025,10,25,18,18,臺中市,北屯區,0,2,0,7,1,6,50,4,2,1,5,4,6,6,1,1,3,4,4,2,12,3,10,3,1,B03,7,5,1,8,2,2,,11,11,1,13,4,120.702272,24.184487,2
9799,66000,387130000C,(04)23274275,(04)23288582,2025,10,25,18,20,臺中市,梧棲區,0,1,0,7,1,6,50,13,8,1,5,4,6,6,4,4,5,4,4,2,14,2,9,1,1,C03,7,2,1,10,2,13,,49,49,1,6,4,120.530564,24.25545,2
9800,66000,387130000C,(04)23274275,(04)23288582,2025,10,25,18,23,臺中市,烏日區,0,1,0,7,1,6,50,3,1,1,5,4,6,6,1,1,10,5,5,2,16,2,9,5,4,C03,7,6,1,10,1,12,,48,48,1,13,4,120.620032,24.111023,2
9801,66000,387130000C,(04)23274275,(04)23288582,2025,10,25,18,23,臺中市,神岡區,0,0,0,7,,,40,,,,,,,,,,,,,,12,,,,,B03,,,1,,2,,,84,84,1,13,4,120.694411,24.248712,3
9802,66000,387130000C,(04)23274275,(04)23288582,2025,10,25,18,26,臺中市,北屯區,0,0,0,7,,,50,,,,,,,,,,,,,,12,,,,,B03,,,1,,9,,,40,40,1,6,4,120.684075,24.172585,3
9803,66000,387130000C,(04)23274275,(04)23288582,2025,10,25,18,30,臺中市,北區,0,0,0,7,3,6,50,13,9,1,5,4,6,6,4,4,3,4,5,2,17,,,,,B03,,,1,,2,,,59,59,1,13,4,120.698313,24.151505,3
9804,66000,387130000C,(04)23274275,(04)23288582,2025,10,25,18,31,臺中市,東區,0,3,0,7,1,6,50,3,19,1,5,4,6,6,4,4,10,5,5,2,3,2,9,1,1,C03,7,9,1,10,1,11,,28,28,1,12,4,120.706901,24.13642,2
9805,66000,387130000C,(04)23274275,(04)23288582,2025,10,25,18,35,臺中市,太平區,0,0,0,7,,3,80,,,,,,,,,,,,,,13,,,,,B03,,,1,,1,,,7,7,1,12,4,120.716641,24.154079,3
9806,66000,387130000C,(04)23274275,(04)23288582,2025,10,25,18,39,臺中市,西區,0,0,0,6,,,50,,,,,,,,,,,,,,,,,,,B03,,,1,,1,,,49,49,1,13,4,120.664585,24.152857,3
9807,66000,387130000C,(04)23274275,(04)23288582,2025,10,25,18,39,臺中市,西屯區,0,0,0,6,,,30,,,,,,,,,,,,,,,,,,,B03,,,1,,1,,,49,49,1,12,4,120.614496,24.174062,3
9808,66000,387130000C,(04)23274275,(04)23288582,2025,10,25,18,40,臺中市,沙鹿區,0,1,0,7,1,6,50,13,9,1,5,4,6,6,4,4,8,4,5,2,12,2,9,2,1,C03,7,9,1,10,7,12,,8,8,1,12,4,120.580241,24.212895,2
9809,66000,387130000C,(04)23274275,(04)23288582,2025,10,25,18,41,臺中市,龍井區,0,0,0,7,,,50,,,,,,,,,,,,,,,,,,,B03,,,1,,1,,,84,84,1,6,4,120.548996,24.193397,3
9810,66000,387130000C,(04)23274275,(04)23288582,2025,10,25,18,44,臺中市,東區,0,0,0,7,,,50,,,,,,,,,,,,,,,,,,,B03,,,1,,1,,,40,40,1,12,4,120.683975,24.134812,3
9811,66000,387130000C,(04)23274275,(04)23288582,2025,10,25,18,46,臺中市,大里區,0,0,0,6,1,6,50,13,7,1,5,4,6,6,1,1,1,4,4,1,13,,,,,B03,,,1,,2,,,84,84,1,12,4,120.694051,24.10014,3
9812,66000,387130000C,(04)23274275,(04)23288582,2025,10,25,18,46,臺中市,太平區,0,0,0,7,,,50,,,,,,,,,,,,,,2,,,,,B03,,,1,,2,,,84,84,1,12,4,120.719193,24.124938,3
9813,66000,387130000C,(04)23274275,(04)23288582,2025,10,25,18,49,臺中市,大甲區,0,0,0,7,,,60,,,,,,,,,,,,,,16,,,,,B03,,,1,,2,,,47,47,1,6,4,120.617047,24.346197,3
9814,66000,387130000C,(04)23274275,(04)23288582,2025,10,25,18,50,臺中市,南區,0,0,0,7,,,50,,,,,,,,,,,,,,14,,,,,B12,,,1,,1,,,49,49,1,13,4,120.667626,24.12888,3
9815,66000,387130000C,(04)23274275,(04)23288582,2025,10,25,18,50,臺中市,西屯區,0,3,0,7,1,6,40,13,8,1,5,4,6,6,4,4,1,5,5,2,13,2,9,2,4,C03,7,9,1,10,2,11,,59,59,1,5,4,120.608696,24.184046,2
9816,66000,387130000C,(04)23274275,(04)23288582,2025,10,25,19,0,臺中市,后里區,0,2,0,7,1,6,50,13,9,1,5,4,6,6,4,4,10,5,5,1,18,2,9,1,1,F03,7,9,7,21,2,12,,59,59,1,4,4,120.73489,24.301926,2
9817,66000,387130000C,(04)23274275,(04)23288582,2025,10,25,19,3,臺中市,大肚區,0,1,0,7,1,6,50,3,9,1,5,4,6,6,4,4,5,5,5,1,16,3,10,3,1,B03,7,5,1,8,2,2,,8,8,1,6,4,120.579407,24.168569,2
9818,66000,387130000C,(04)23274275,(04)23288582,2025,10,25,19,5,臺中市,北區,0,0,0,7,,,50,,,,,,,,,,,,,,17,,,,,B03,,,1,,1,,,84,84,1,13,4,120.684535,24.164864,3
9819,66000,387130000C,(04)23274275,(04)23288582,2025,10,25,19,14,臺中市,新社區,0,1,0,7,1,6,30,4,1,1,5,4,6,6,3,1,10,5,5,1,17,2,8,5,4,B03,7,9,1,4,2,5,,24,24,1,13,4,120.801966,24.206745,2
9820,66000,387130000C,(04)23274275,(04)23288582,2025,10,25,19,20,臺中市,西區,0,0,0,7,,,50,,,,,,,,,,,,,,12,,,,,B03,,,1,,1,,,8,8,1,12,4,120.662648,24.155962,3
9821,66000,387130000C,(04)23274275,(04)23288582,2025,10,25,19,20,臺中市,北區,0,2,0,7,1,6,50,13,8,1,5,4,6,6,4,4,3,4,4,2,17,3,10,3,1,B03,7,7,1,8,2,6,,40,40,1,12,4,120.687456,24.156072,2
9822,66000,387130000C,(04)23274275,(04)23288582,2025,10,25,19,27,臺中市,西屯區,0,0,0,7,,,60,,,,,,,,,,,,,,13,,,,,B03,,,1,,1,,,7,7,1,12,4,120.643643,24.165818,3
9823,66000,387130000C,(04)23274275,(04)23288582,2025,10,25,19,29,臺中市,大里區,0,3,0,7,1,6,50,13,7,1,5,4,6,6,4,4,9,4,4,2,16,2,3,3,1,B03,7,6,1,8,2,5,,48,48,1,6,4,120.705542,24.104312,2
9824,66000,387130000C,(04)23274275,(04)23288582,2025,10,25,19,31,臺中市,霧峰區,0,0,0,7,,,30,,,,,,,,,,,,,,,,,,,B03,,,1,,1,,,49,49,1,13,4,120.663599,24.062819,3
9825,66000,387130000C,(04)23274275,(04)23288582,2025,10,25,19,33,臺中市,西區,0,3,0,6,1,6,50,4,1,1,5,4,6,6,4,4,10,5,5,2,17,2,9,1,1,C03,7,6,1,10,2,11,,14,14,1,12,4,120.657252,24.157189,2
9826,66000,387130000C,(04)23274275,(04)23288582,2025,10,25,19,37,臺中市,北屯區,0,1,0,6,1,6,0,13,21,1,5,4,6,6,4,4,10,5,5,2,12,2,8,2,1,C03,7,9,1,10,2,11,,84,84,1,6,4,120.685803,24.179698,2
9827,66000,387130000C,(04)23274275,(04)23288582,2025,10,25,19,39,臺中市,北區,0,2,0,7,1,6,50,4,1,1,5,4,6,6,1,1,10,5,5,2,16,2,9,5,4,C03,7,5,1,10,2,11,,11,11,1,13,4,120.686668,24.161525,2
9828,66000,387130000C,(04)23274275,(04)23288582,2025,10,25,19,39,臺中市,東區,0,1,0,7,1,6,50,4,1,1,5,4,6,6,2,1,10,5,5,2,16,2,9,1,1,C03,7,6,1,10,2,11,,48,48,1,6,4,120.693024,24.134762,2
9829,66000,387130000C,(04)23274275,(04)23288582,2025,10,25,19,42,臺中市,西屯區,0,1,0,7,1,6,50,4,4,1,5,4,6,6,2,1,5,4,5,2,16,2,9,1,1,C03,7,8,1,10,2,14,,40,40,1,13,4,120.658034,24.163185,2
9830,66000,387130000C,(04)23274275,(04)23288582,2025,10,25,19,45,臺中市,南屯區,0,2,0,7,1,6,50,13,9,1,5,4,6,6,4,4,5,4,5,2,17,3,10,4,1,B03,7,13,1,8,2,4,,76,76,1,13,4,120.647243,24.14701,2
9831,66000,387130000C,(04)23274275,(04)23288582,2025,10,25,19,48,臺中市,豐原區,0,1,0,7,1,6,40,13,9,1,5,4,6,6,4,4,4,5,5,1,16,4,11,1,1,C03,7,11,1,10,2,14,12,45,45,1,13,4,120.756273,24.264281,2
9832,66000,387130000C,(04)23274275,(04)23288582,2025,10,25,19,50,臺中市,大安區,0,1,0,7,1,6,50,5,1,1,5,4,6,6,1,1,10,5,5,2,16,3,10,3,1,A02,7,5,1,8,2,2,,11,11,1,6,4,120.591425,24.377509,2
9833,66000,387130000C,(04)23274275,(04)23288582,2025,10,25,19,51,臺中市,西區,0,0,0,7,,,60,,,,,,,,,,,,,,12,,,,,B03,,,1,,1,,,40,40,1,13,4,120.672782,24.14838,3
9834,66000,387130000C,(04)23274275,(04)23288582,2025,10,25,19,52,臺中市,梧棲區,0,2,0,7,1,6,70,3,1,1,5,4,6,6,1,1,10,5,5,2,16,2,3,3,1,B03,7,5,1,8,2,5,,47,47,1,6,4,120.544331,24.247096,2