序號,縣市別代碼,機關代碼,市話,傳真,年,月,日,時,分,縣市,區,死亡數量,受傷數量,2-30,天候,道路照明設備,道路類別,道路速限,道路型態,事故位置,路面鋪裝,路面狀態,路面缺陷,障礙物,視距,號誌種類,號誌動作,分向設施,快車道或一般車道間,快慢車道間,路面邊線,事故類型及型態,受傷程度,主要傷處,保護裝備,行動電話或功能裝置,當事者區分(類別),車輛用途,當事者行動狀態,駕照狀態,駕照種類,飲酒情形,車輛撞擊部位最初,車輛撞擊部位其他,肇事因素個別,肇事因素主要,肇事逃逸,職業,共享經濟或外送平台,GPS座標X,GPS座標Y,事故類別
10388,66000,387130000C,(04)23274275,(04)23288582,2025,10,27,14,31,臺中市,北屯區,0,1,0,7,1,6,50,13,9,1,5,4,6,6,4,4,3,4,4,2,13,2,9,1,1,C03,7,9,1,10,2,11,,84,84,1,13,4,120.711052,24.164885,2
10389,66000,387130000C,(04)23274275,(04)23288582,2025,10,27,14,33,臺中市,東區,0,0,0,7,,,50,,,,,,,,,,,,,,13,,,,,B03,,,1,,1,,,87,87,1,12,4,120.706281,24.129619,3
10390,66000,387130000C,(04)23274275,(04)23288582,2025,10,27,14,35,臺中市,北區,0,2,0,7,2,6,50,3,2,1,5,4,6,6,1,1,5,5,5,2,17,2,9,5,1,C03,7,6,3,19,2,11,,34,34,1,13,4,120.689134,24.153572,2
10391,66000,387130000C,(04)23274275,(04)23288582,2025,10,27,14,35,臺中市,南屯區,0,1,0,7,2,6,50,13,9,1,5,4,6,6,4,4,5,4,4,2,17,3,10,3,1,B03,7,5,1,8,2,2,,20,20,1,12,4,120.634875,24.151874,2
10392,66000,387130000C,(04)23274275,(04)23288582,2025,10,27,14,37,臺中市,豐原區,0,1,0,6,2,6,30,3,1,1,5,4,6,6,4,4,10,5,5,1,17,2,9,1,1,C03,7,9,1,10,8,11,12,53,53,1,12,4,120.711031,24.263169,2
10393,66000,387130000C,(04)23274275,(04)23288582,2025,10,27,14,45,臺中市,中區,0,0,0,7,,,50,,,,,,,,,,,,,,,,,,,C03,,,1,,1,,,7,7,1,12,4,120.682212,24.135899,3
10394,66000,387130000C,(04)23274275,(04)23288582,2025,10,27,14,46,臺中市,大雅區,0,1,0,7,3,6,50,4,1,1,5,4,6,6,1,1,10,5,5,2,15,2,9,1,1,C03,7,9,1,10,2,11,,21,21,1,12,4,120.668968,24.234884,2
10395,66000,387130000C,(04)23274275,(04)23288582,2025,10,27,14,47,臺中市,南屯區,0,1,0,7,2,6,30,5,2,1,5,4,6,6,4,4,9,5,5,1,17,2,9,1,1,C03,7,9,1,10,2,12,,84,84,1,12,4,120.616471,24.144847,2
10396,66000,387130000C,(04)23274275,(04)23288582,2025,10,27,14,50,臺中市,北屯區,0,0,0,7,,,50,,,,,,,,,,,,,,17,,,,,B03,,,1,,2,,,50,50,1,6,4,120.686504,24.193219,3
10397,66000,387130000C,(04)23274275,(04)23288582,2025,10,27,14,55,臺中市,霧峰區,0,2,0,7,3,6,30,4,1,1,5,4,6,6,4,4,10,5,5,2,15,2,8,1,1,C03,7,9,1,10,2,14,,39,39,1,12,4,120.687814,24.042897,2
10398,66000,387130000C,(04)23274275,(04)23288582,2025,10,27,14,55,臺中市,清水區,0,0,0,7,,,60,,,,,,,,,,,,,,,,,,,B03,,,1,,1,,,7,7,1,12,4,120.596415,24.304111,3
10399,66000,387130000C,(04)23274275,(04)23288582,2025,10,27,14,56,臺中市,神岡區,0,0,0,7,,,1,,,,,,,,,,,,,,17,,,,,B12,,,1,,2,,,51,51,1,6,4,120.659702,24.272787,3
10400,66000,387130000C,(04)23274275,(04)23288582,2025,10,27,15,1,臺中市,南區,0,0,0,7,,,50,,,,,,,,,,,,,,,,,,,B03,,,1,,2,,,49,49,1,13,4,120.649557,24.121489,3
10401,66000,387130000C,(04)23274275,(04)23288582,2025,10,27,15,5,臺中市,和平區,0,0,0,6,3,2,30,13,9,1,5,4,6,6,4,4,4,3,5,1,12,3,10,3,1,B12,7,9,1,8,2,5,,43,43,1,8,4,121.284455,24.30487,3
10402,66000,387130000C,(04)23274275,(04)23288582,2025,10,27,15,6,臺中市,南屯區,0,0,0,7,3,6,50,13,9,1,5,4,6,6,1,1,5,4,5,2,12,,,,,B03,,,1,,2,,,8,8,1,12,4,120.642049,24.140559,3
10403,66000,387130000C,(04)23274275,(04)23288582,2025,10,27,15,15,臺中市,大雅區,0,0,0,7,,,70,,,,,,,,,,,,,,,,,,,A41,,,1,,2,,,85,85,1,13,4,120.630169,24.240765,3
10404,66000,387130000C,(04)23274275,(04)23288582,2025,10,27,15,15,臺中市,大雅區,0,0,0,7,,,30,,,,,,,,,,,,,,,,,,,B02,,,1,,2,,,84,84,1,12,4,120.665445,24.24289,3
10405,66000,387130000C,(04)23274275,(04)23288582,2025,10,27,15,15,臺中市,西區,0,0,0,7,,,50,,,,,,,,,,,,,,17,,,,,B12,,,6,,9,,,59,59,1,13,4,120.657962,24.146623,3
10406,66000,387130000C,(04)23274275,(04)23288582,2025,10,27,15,16,臺中市,西屯區,0,1,0,7,2,6,40,13,8,1,5,4,6,6,4,4,5,5,4,2,17,3,10,5,4,B03,7,13,1,8,2,4,,76,76,1,12,4,120.592911,24.179483,2
10407,66000,387130000C,(04)23274275,(04)23288582,2025,10,27,15,21,臺中市,東區,0,1,0,7,3,6,50,5,1,1,5,4,6,6,1,1,10,5,5,2,16,3,10,3,1,B12,7,5,1,8,2,5,,11,11,1,6,4,120.710405,24.140847,2
10408,66000,387130000C,(04)23274275,(04)23288582,2025,10,27,15,26,臺中市,南屯區,0,0,0,6,,,60,,,,,,,,,,,,,,17,,,,,G03,,,7,,1,,,49,49,1,6,4,120.628307,24.137511,3
10409,66000,387130000C,(04)23274275,(04)23288582,2025,10,27,15,28,臺中市,東區,0,0,0,7,,,50,,,,,,,,,,,,,,,,,,,B03,,,1,,1,,,8,8,1,13,4,120.707041,24.142119,3
10410,66000,387130000C,(04)23274275,(04)23288582,2025,10,27,15,33,臺中市,西區,0,0,0,7,,,50,,,,,,,,,,,,,,14,,,,,B03,,,1,,1,,,49,49,1,13,4,120.665113,24.149961,3
10411,66000,387130000C,(04)23274275,(04)23288582,2025,10,27,15,33,臺中市,太平區,0,0,0,7,,,30,,,,,,,,,,,,,,,,,,,B12,,,1,,2,,,41,41,1,12,4,120.769543,24.135984,3
10412,66000,387130000C,(04)23274275,(04)23288582,2025,10,27,15,35,臺中市,沙鹿區,0,0,0,7,,,0,,,,,,,,,,,,,,17,,,,,B03,,,1,,2,,,49,49,1,6,4,120.564507,24.225148,3
10413,66000,387130000C,(04)23274275,(04)23288582,2025,10,27,15,46,臺中市,北屯區,0,0,0,7,,,50,,,,,,,,,,,,,,,,,,,A41,,,1,,9,,,84,84,1,12,4,120.72085,24.181964,3
10414,66000,387130000C,(04)23274275,(04)23288582,2025,10,27,15,46,臺中市,西屯區,0,2,0,7,2,6,30,4,1,1,5,4,6,6,4,4,10,5,5,2,15,2,8,5,4,C03,7,9,1,10,2,11,,15,15,1,13,4,120.638514,24.179231,2
10415,66000,387130000C,(04)23274275,(04)23288582,2025,10,27,15,46,臺中市,西屯區,0,0,0,7,,,50,,,,,,,,,,,,,,17,,,,,B03,,,1,,1,,,59,59,1,12,4,120.620425,24.186974,3
10416,66000,387130000C,(04)23274275,(04)23288582,2025,10,27,15,50,臺中市,大里區,0,0,0,7,,,50,,,,,,,,,,,,,,16,,,,,C03,,,1,,2,,,14,14,1,13,4,120.687884,24.105814,3
10417,66000,387130000C,(04)23274275,(04)23288582,2025,10,27,15,57,臺中市,西區,0,2,0,7,2,6,50,4,1,1,5,4,6,6,1,1,10,5,5,2,17,3,10,3,1,B03,7,5,1,8,2,2,,84,84,1,13,4,120.672733,24.146967,2
10418,66000,387130000C,(04)23274275,(04)23288582,2025,10,27,16,13,臺中市,西屯區,0,0,0,7,,,50,,,,,,,,,,,,,,13,,,,,B03,,,1,,1,,,7,7,1,13,4,120.654818,24.168816,3
10419,66000,387130000C,(04)23274275,(04)23288582,2025,10,27,16,16,臺中市,清水區,0,2,0,7,2,6,40,3,1,1,5,4,6,6,1,1,9,2,3,1,17,2,9,1,1,C03,7,9,1,10,2,11,,84,84,1,12,4,120.555587,24.294563,2
10420,66000,387130000C,(04)23274275,(04)23288582,2025,10,27,16,17,臺中市,東勢區,0,0,0,7,,,50,,,,,,,,,,,,,,12,,,,,B03,,,1,,2,,,85,85,1,13,4,120.83073,24.252484,3
10421,66000,387130000C,(04)23274275,(04)23288582,2025,10,27,16,35,臺中市,北屯區,0,0,0,7,,,,,,,,,,,,,,,,,,,,,,,,,,,,,,119,119,1,,,120.687274,24.180012,3
10422,66000,387130000C,(04)23274275,(04)23288582,2025,10,27,16,36,臺中市,北區,0,0,0,6,,,50,,,,,,,,,,,,,,13,,,,,B01,,,1,,1,,,7,7,1,13,4,120.663442,24.162742,3
10423,66000,387130000C,(04)23274275,(04)23288582,2025,10,27,16,39,臺中市,大里區,0,1,0,7,3,6,50,13,9,1,5,4,6,6,4,4,5,5,5,1,12,3,10,3,1,B12,7,9,1,8,2,2,,8,8,1,13,4,120.703345,24.111153,2
10424,66000,387130000C,(04)23274275,(04)23288582,2025,10,27,16,41,臺中市,外埔區,0,1,0,7,2,6,50,13,7,1,5,4,6,6,4,4,5,5,4,1,17,3,10,3,1,B03,7,1,1,8,2,4,,51,51,1,12,4,120.63475,24.341193,2
10425,66000,387130000C,(04)23274275,(04)23288582,2025,10,27,16,47,臺中市,豐原區,0,1,0,7,2,6,50,3,9,1,5,4,6,6,2,1,1,2,5,2,12,3,10,3,1,B03,7,9,1,8,2,2,,85,85,1,12,4,120.719167,24.257884,2
10426,66000,387130000C,(04)23274275,(04)23288582,2025,10,27,16,51,臺中市,大里區,0,0,0,7,,,50,,,,,,,,,,,,,,16,,,,,C03,,,1,,2,,,51,51,1,13,4,120.689745,24.11382,3
10427,66000,387130000C,(04)23274275,(04)23288582,2025,10,27,16,51,臺中市,烏日區,0,1,0,6,1,3,80,13,7,1,5,4,6,6,4,4,1,4,5,1,13,3,10,3,1,B03,7,9,1,8,2,1,,7,7,1,6,4,120.614886,24.105622,2
10428,66000,387130000C,(04)23274275,(04)23288582,2025,10,27,16,52,臺中市,南屯區,0,2,0,7,3,6,50,4,1,1,5,4,6,6,1,1,10,2,2,2,16,2,9,2,1,C03,7,6,1,10,2,12,,20,20,1,13,4,120.632438,24.145392,2
10429,66000,387130000C,(04)23274275,(04)23288582,2025,10,27,16,52,臺中市,西屯區,0,0,0,7,,,40,,,,,,,,,,,,,,13,,,,,C03,,,1,,1,,,8,8,1,12,4,120.602633,24.182917,3
10430,66000,387130000C,(04)23274275,(04)23288582,2025,10,27,16,53,臺中市,南屯區,0,0,0,7,3,6,50,13,9,1,5,4,6,6,4,4,5,5,5,2,17,,,,,B03,,,1,,1,,,7,7,1,12,4,120.61021,24.138631,3
10431,66000,387130000C,(04)23274275,(04)23288582,2025,10,27,16,54,臺中市,大里區,0,2,0,7,1,6,50,4,2,1,5,4,6,6,4,4,10,5,5,1,17,2,9,1,1,C03,7,9,1,10,2,11,,85,85,1,12,2,120.683796,24.110689,2
10432,66000,387130000C,(04)23274275,(04)23288582,2025,10,27,16,55,臺中市,烏日區,0,0,0,5,,,50,,,,,,,,,,,,,,13,,,,,B03,,,1,,1,,,7,7,1,6,4,120.618414,24.113619,3
10433,66000,387130000C,(04)23274275,(04)23288582,2025,10,27,16,57,臺中市,大里區,0,2,0,7,2,6,40,5,1,1,5,4,6,6,1,1,10,5,5,2,16,2,9,5,4,C03,7,9,1,10,2,11,,21,21,1,12,4,120.696778,24.085486,2
10434,66000,387130000C,(04)23274275,(04)23288582,2025,10,27,17,5,臺中市,烏日區,0,1,0,7,2,6,50,4,1,1,5,4,6,6,2,1,5,4,4,2,17,2,9,1,1,C03,7,9,1,10,2,11,,7,7,1,6,4,120.607568,24.112003,2
10435,66000,387130000C,(04)23274275,(04)23288582,2025,10,27,17,6,臺中市,北屯區,0,1,0,7,1,6,50,4,1,1,5,4,6,6,2,1,10,5,5,2,13,2,9,1,1,C03,7,15,1,10,2,11,,84,84,1,6,4,120.720527,24.159079,2
10436,66000,387130000C,(04)23274275,(04)23288582,2025,10,27,17,6,臺中市,西屯區,0,1,0,7,2,6,40,3,1,1,5,4,6,6,4,4,10,5,5,2,16,2,9,5,4,C03,7,6,1,10,2,14,,48,48,1,12,4,120.646935,24.170837,2
10437,66000,387130000C,(04)23274275,(04)23288582,2025,10,27,17,8,臺中市,潭子區,0,1,0,7,1,6,50,13,9,1,5,4,6,6,4,4,5,4,5,2,18,2,9,1,1,C03,7,9,1,10,2,11,,59,59,1,12,4,120.7234,24.194057,2
10438,66000,387130000C,(04)23274275,(04)23288582,2025,10,27,17,8,臺中市,太平區,0,1,0,6,1,6,50,13,9,1,5,4,1,6,4,4,9,5,5,2,20,2,8,2,1,C03,7,9,1,10,2,12,,59,59,1,12,4,120.728128,24.15619,2
10439,66000,387130000C,(04)23274275,(04)23288582,2025,10,27,17,8,臺中市,沙鹿區,0,1,0,7,2,6,50,4,1,1,4,4,6,6,1,1,10,5,5,2,16,3,10,3,1,B03,7,5,1,8,2,2,6,11,11,1,12,4,120.568743,24.224742,2
10440,66000,387130000C,(04)23274275,(04)23288582,2025,10,27,17,8,臺中市,豐原區,0,1,0,7,2,6,50,5,1,1,5,4,6,6,1,1,10,5,5,2,18,2,9,2,1,C03,7,5,1,10,9,14,,84,84,1,13,4,120.729683,24.275735,2
10441,66000,387130000C,(04)23274275,(04)23288582,2025,10,27,17,10,臺中市,東區,0,0,0,7,,,50,,,,,,,,,,,,,,,,,,,C03,,,1,,2,,,7,7,1,6,4,120.709716,24.13674,3
10442,66000,387130000C,(04)23274275,(04)23288582,2025,10,27,17,11,臺中市,西屯區,0,1,0,7,2,6,50,4,1,1,5,4,6,6,2,1,10,5,5,2,16,3,10,5,4,B03,7,6,1,8,1,6,,11,11,1,13,4,120.655075,24.195852,2
10443,66000,387130000C,(04)23274275,(04)23288582,2025,10,27,17,15,臺中市,潭子區,0,1,0,7,1,6,50,5,1,1,5,4,6,6,2,1,5,5,5,1,16,3,10,3,1,B03,7,6,1,8,2,2,,11,11,1,13,4,120.709653,24.215218,2
10444,66000,387130000C,(04)23274275,(04)23288582,2025,10,27,17,15,臺中市,西屯區,0,1,0,7,2,6,30,5,1,1,5,4,6,6,2,1,10,5,5,2,15,2,9,1,1,C03,7,9,3,19,2,14,,21,21,1,13,4,120.61651,24.191016,2
10445,66000,387130000C,(04)23274275,(04)23288582,2025,10,27,17,17,臺中市,烏日區,0,1,0,7,1,6,50,3,1,1,5,4,6,6,2,1,10,5,5,2,16,4,11,3,1,B03,7,6,3,19,2,1,,11,11,1,6,4,120.623362,24.106339,2
10446,66000,387130000C,(04)23274275,(04)23288582,2025,10,27,17,22,臺中市,大甲區,0,1,0,7,1,6,30,4,1,1,5,4,6,6,1,1,10,5,5,2,16,2,9,2,1,C03,7,6,1,10,2,12,,84,84,1,6,4,120.60804,24.326358,2
10447,66000,387130000C,(04)23274275,(04)23288582,2025,10,27,17,24,臺中市,西屯區,0,0,0,7,,,40,,,,,,,,,,,,,,13,,,,,C03,,,1,,1,,,7,7,1,13,4,120.603113,24.182724,3
10448,66000,387130000C,(04)23274275,(04)23288582,2025,10,27,17,24,臺中市,烏日區,0,0,0,7,,,50,,,,,,,,,,,,,,17,,,,,B03,,,1,,2,,,84,84,1,6,4,120.642855,24.075005,3
10449,66000,387130000C,(04)23274275,(04)23288582,2025,10,27,17,27,臺中市,北屯區,0,0,0,7,,3,80,,,,,,,,,,,,,,13,,,,,B03,,,1,8,1,,,84,84,1,12,4,120.719366,24.164196,3
10450,66000,387130000C,(04)23274275,(04)23288582,2025,10,27,17,28,臺中市,西屯區,0,0,0,7,,,50,,,,,,,,,,,,,,,,,,,C03,,,1,,1,,,40,40,1,12,4,120.635172,24.179435,3
10451,66000,387130000C,(04)23274275,(04)23288582,2025,10,27,17,29,臺中市,南屯區,0,2,0,7,1,6,50,4,1,1,5,4,6,6,1,1,10,5,5,2,16,2,9,2,1,C03,7,5,1,10,2,12,,85,85,1,13,4,120.64624,24.129574,2
10452,66000,387130000C,(04)23274275,(04)23288582,2025,10,27,17,35,臺中市,烏日區,0,0,0,7,,,60,,,,,,,,,,,,,,2,,,,,B03,,,1,,2,,,8,8,1,6,4,120.618724,24.115942,3
10453,66000,387130000C,(04)23274275,(04)23288582,2025,10,27,17,38,臺中市,太平區,0,1,0,7,1,6,40,4,1,1,5,4,6,6,2,1,10,5,5,2,16,3,10,3,1,B03,7,5,1,8,2,2,,65,65,1,12,4,120.715306,24.152411,2
10454,66000,387130000C,(04)23274275,(04)23288582,2025,10,27,17,39,臺中市,南區,0,2,0,7,1,6,40,4,1,1,5,4,6,6,2,1,10,5,5,2,13,2,9,5,4,C03,7,9,1,10,2,11,,7,7,1,13,4,120.658884,24.117219,2
10455,66000,387130000C,(04)23274275,(04)23288582,2025,10,27,17,39,臺中市,太平區,0,0,0,6,,,50,,,,,,,,,,,,,,,,,,,B03,,,1,,1,,,7,7,1,12,4,120.716189,24.133468,3
10456,66000,387130000C,(04)23274275,(04)23288582,2025,10,27,17,40,臺中市,北屯區,0,0,0,7,,,50,,,,,,,,,,,,,,16,,,,,C04,,,1,,9,,,48,48,1,5,4,120.690494,24.192772,3
10457,66000,387130000C,(04)23274275,(04)23288582,2025,10,27,17,40,臺中市,北屯區,0,1,0,7,1,6,50,3,1,1,5,4,6,6,4,4,10,5,5,2,16,3,10,5,4,B03,7,5,1,8,1,2,,85,85,1,12,4,120.688508,24.200797,2
10458,66000,387130000C,(04)23274275,(04)23288582,2025,10,27,17,41,臺中市,南屯區,0,1,0,7,1,6,40,13,8,1,5,4,6,6,4,4,1,4,1,2,13,2,9,2,1,C03,7,9,1,10,2,11,,7,7,1,13,4,120.613793,24.148727,2
10459,66000,387130000C,(04)23274275,(04)23288582,2025,10,27,17,42,臺中市,東區,0,1,0,7,1,6,50,4,1,1,5,4,6,6,1,1,5,5,5,2,11,3,10,3,1,B03,7,6,1,8,2,8,,11,11,1,13,4,120.689699,24.1328,2
10460,66000,387130000C,(04)23274275,(04)23288582,2025,10,27,17,45,臺中市,潭子區,0,0,0,5,,,60,,,,,,,,,,,,,,,,,,,B03,,,1,,2,,,40,8,1,12,4,120.70359,24.201162,3
10461,66000,387130000C,(04)23274275,(04)23288582,2025,10,27,17,45,臺中市,南屯區,0,1,0,7,2,6,50,4,2,1,5,4,6,6,2,1,5,4,4,2,17,3,10,3,1,B03,7,6,1,8,2,1,,11,11,1,12,4,120.608874,24.135685,2
10462,66000,387130000C,(04)23274275,(04)23288582,2025,10,27,17,45,臺中市,沙鹿區,0,1,0,7,1,6,30,7,8,1,5,4,6,6,4,4,10,5,5,2,13,2,8,1,1,C03,7,9,3,19,2,11,,7,7,1,12,4,120.558193,24.241794,2
10463,66000,387130000C,(04)23274275,(04)23288582,2025,10,27,17,46,臺中市,西屯區,0,0,0,7,,,50,,,,,,,,,,,,,,12,,,,,B03,,,1,,1,,,8,8,1,12,4,120.659535,24.175496,3
10464,66000,387130000C,(04)23274275,(04)23288582,2025,10,27,17,51,臺中市,烏日區,0,0,0,7,,,30,,,,,,,,,,,,,,17,,,,,B12,,,5,,1,,,51,51,1,6,4,120.638716,24.105628,3
10465,66000,387130000C,(04)23274275,(04)23288582,2025,10,27,17,52,臺中市,北屯區,0,0,0,7,,3,40,,,,,,,,,,,,,,13,,,,,B03,,,1,,1,,,59,59,1,12,4,120.682337,24.200917,3
10466,66000,387130000C,(04)23274275,(04)23288582,2025,10,27,17,52,臺中市,太平區,0,1,0,6,1,6,50,3,1,1,5,4,6,6,4,4,5,5,4,1,16,3,10,3,1,B12,7,6,1,8,2,2,,14,14,1,6,4,120.729681,24.10882,2
10467,66000,387130000C,(04)23274275,(04)23288582,2025,10,27,17,53,臺中市,潭子區,0,2,0,7,1,6,50,4,1,1,5,4,6,6,2,1,5,4,5,1,13,2,9,2,1,C03,7,9,1,10,2,11,,7,7,1,13,4,120.72363,24.218129,2
10468,66000,387130000C,(04)23274275,(04)23288582,2025,10,27,17,59,臺中市,西屯區,0,0,0,5,,,50,,,,,,,,,,,,,,16,,,,,B03,,,1,,1,,,40,40,1,13,4,120.619726,24.187237,3
10469,66000,387130000C,(04)23274275,(04)23288582,2025,10,27,18,0,臺中市,霧峰區,0,0,0,5,1,6,80,10,7,1,4,4,6,6,4,4,1,4,5,1,13,,,,,B03,,,1,,1,,,59,59,1,6,4,120.686641,24.057011,3
10470,66000,387130000C,(04)23274275,(04)23288582,2025,10,27,18,1,臺中市,潭子區,0,0,0,5,,,60,,,,,,,,,,,,,,,,,,,B03,,,1,,2,,,40,35,1,13,4,120.705267,24.209873,3
10471,66000,387130000C,(04)23274275,(04)23288582,2025,10,27,18,7,臺中市,沙鹿區,0,1,0,7,3,6,40,13,8,1,5,4,6,6,4,4,1,5,5,1,18,2,8,2,1,C03,7,9,1,10,2,12,,6,6,1,12,4,120.583309,24.217542,2
10472,66000,387130000C,(04)23274275,(04)23288582,2025,10,27,18,8,臺中市,西區,0,0,0,7,,,50,,,,,,,,,,,,,,17,,,,,C03,,,3,,9,,,14,14,1,13,4,120.674863,24.150224,3
10473,66000,387130000C,(04)23274275,(04)23288582,2025,10,27,18,8,臺中市,北屯區,0,1,0,6,1,6,50,5,1,1,4,4,6,6,4,4,10,5,5,2,17,3,10,1,1,C03,7,6,1,10,2,11,,48,48,1,6,4,120.688032,24.165822,2
10474,66000,387130000C,(04)23274275,(04)23288582,2025,10,27,18,8,臺中市,西屯區,0,0,0,7,,,50,,,,,,,,,,,,,,13,,,,,C03,,,1,,1,,,7,7,1,13,4,120.61351,24.189787,3
10475,66000,387130000C,(04)23274275,(04)23288582,2025,10,27,18,9,臺中市,北屯區,0,0,0,7,,,50,,,,,,,,,,,,,,,,,,,B03,,,1,,2,,,49,49,1,13,4,120.685235,24.187035,3
10476,66000,387130000C,(04)23274275,(04)23288582,2025,10,27,18,10,臺中市,北區,0,1,0,5,2,6,50,4,2,1,4,4,6,6,1,1,1,4,5,2,17,3,10,5,1,C03,7,9,1,10,2,11,,7,7,1,13,4,120.677184,24.151496,2
10477,66000,387130000C,(04)23274275,(04)23288582,2025,10,27,18,11,臺中市,豐原區,0,0,0,7,1,6,50,4,2,1,5,4,6,6,2,1,1,2,5,1,12,3,10,1,1,C03,7,11,5,10,2,14,,84,84,1,12,4,120.703097,24.237899,3
10478,66000,387130000C,(04)23274275,(04)23288582,2025,10,27,18,12,臺中市,西屯區,0,0,0,5,,3,80,,,,,,,,,,,,,,,,,,,C02,,,1,,1,,,59,59,1,12,4,120.654297,24.199182,3
10479,66000,387130000C,(04)23274275,(04)23288582,2025,10,27,18,12,臺中市,大里區,0,2,0,6,1,6,50,4,1,1,5,4,6,6,4,4,5,5,5,2,16,2,8,1,1,C04,7,6,1,8,2,12,,14,14,1,12,4,120.688968,24.123308,2
10480,66000,387130000C,(04)23274275,(04)23288582,2025,10,27,18,12,臺中市,豐原區,0,0,0,7,,,50,,,,,,,,,,,,,,17,,,,,B12,,,1,,2,,,8,8,1,6,4,120.717882,24.23509,3
10481,66000,387130000C,(04)23274275,(04)23288582,2025,10,27,18,13,臺中市,大里區,0,0,0,5,,,50,,,,,,,,,,,,,,30,,,,,A12,,,1,,2,,,84,84,1,12,4,120.694193,24.093573,3
10482,66000,387130000C,(04)23274275,(04)23288582,2025,10,27,18,14,臺中市,西區,0,0,0,5,,,50,,,,,,,,,,,,,,12,,,,,B03,,,1,,1,,,40,40,1,12,4,120.667879,24.130914,3
10483,66000,387130000C,(04)23274275,(04)23288582,2025,10,27,18,16,臺中市,大里區,0,2,0,7,1,6,50,4,9,1,5,4,6,6,4,4,5,5,5,1,12,2,9,1,1,C03,7,4,1,10,2,12,,84,84,1,12,4,120.667536,24.108518,2
10484,66000,387130000C,(04)23274275,(04)23288582,2025,10,27,18,17,臺中市,潭子區,0,0,0,5,,,60,,,,,,,,,,,,,,,,,,,B03,,,1,,2,,,7,7,1,12,4,120.70359,24.201162,3
10485,66000,387130000C,(04)23274275,(04)23288582,2025,10,27,18,18,臺中市,大雅區,0,0,0,7,,,50,,,,,,,,,,,,,,,,,,,C03,,,1,,9,,,1,1,1,12,4,120.647001,24.226269,3
10486,66000,387130000C,(04)23274275,(04)23288582,2025,10,27,18,22,臺中市,南屯區,0,0,0,5,,,50,,,,,,,,,,,,,,13,,,,,C02,,,1,,1,,,59,59,1,12,4,120.587377,24.166639,3
10487,66000,387130000C,(04)23274275,(04)23288582,2025,10,27,18,27,臺中市,豐原區,0,1,0,7,1,6,50,13,9,1,5,4,6,6,4,4,5,5,5,1,17,3,10,3,1,B03,7,5,1,8,2,2,,20,20,1,13,4,120.744966,24.264268,2
10488,66000,387130000C,(04)23274275,(04)23288582,2025,10,27,18,28,臺中市,西區,0,0,0,5,,,50,,,,,,,,,,,,,,12,,,,,B03,,,1,,2,,,59,59,1,13,4,120.665268,24.146718,3
10489,66000,387130000C,(04)23274275,(04)23288582,2025,10,27,18,29,臺中市,南屯區,0,0,0,7,,,50,,,,,,,,,,,,,,13,,,,,B03,,,1,,1,,,78,78,1,13,4,120.649991,24.13204,3
10490,66000,387130000C,(04)23274275,(04)23288582,2025,10,27,18,29,臺中市,北屯區,0,1,0,7,1,6,50,13,9,1,5,4,6,6,4,4,1,4,5,2,13,3,10,1,1,C03,7,9,1,10,2,11,,7,7,1,6,4,120.67742,24.173383,2
10491,66000,387130000C,(04)23274275,(04)23288582,2025,10,27,18,32,臺中市,南區,0,0,0,7,,,50,,,,,,,,,,,,,,12,,,,,B03,,,1,,1,,,40,40,1,6,4,120.684066,24.122371,3
10492,66000,387130000C,(04)23274275,(04)23288582,2025,10,27,18,33,臺中市,烏日區,0,0,0,7,,,60,,,,,,,,,,,,,,13,,,,,B03,,,1,,2,,,7,7,1,6,4,120.615191,24.106085,3
10493,66000,387130000C,(04)23274275,(04)23288582,2025,10,27,18,35,臺中市,霧峰區,0,0,0,5,1,6,80,10,7,1,4,4,6,,4,4,1,3,5,1,13,,,,,B03,,,1,,1,,,59,59,1,6,4,120.688004,24.058839,3
10494,66000,387130000C,(04)23274275,(04)23288582,2025,10,27,18,37,臺中市,西屯區,0,1,0,5,1,6,50,4,1,1,4,4,6,6,1,1,10,5,5,2,16,3,10,5,4,C03,7,6,5,19,2,13,,65,65,1,13,4,120.624398,24.175478,2
10495,66000,387130000C,(04)23274275,(04)23288582,2025,10,27,18,39,臺中市,南屯區,0,1,0,5,1,6,40,13,8,1,4,4,6,6,4,4,1,4,1,2,18,2,9,1,1,C03,7,9,1,10,2,14,,59,59,1,13,4,120.611681,24.150719,2
10496,66000,387130000C,(04)23274275,(04)23288582,2025,10,27,18,39,臺中市,南屯區,0,1,0,5,1,6,50,3,1,1,4,4,6,6,4,4,10,5,5,2,16,2,9,2,1,C03,7,6,1,10,1,12,,12,12,1,13,4,120.611938,24.140308,2
10497,66000,387130000C,(04)23274275,(04)23288582,2025,10,27,18,39,臺中市,南屯區,0,0,0,7,,,50,,,,,,,,,,,,,,,,,,,B03,,,1,,1,,,40,40,1,12,4,120.646495,24.130489,3