序號,縣市別代碼,機關代碼,市話,傳真,年,月,日,時,分,縣市,區,死亡數量,受傷數量,2-30,天候,道路照明設備,道路類別,道路速限,道路型態,事故位置,路面鋪裝,路面狀態,路面缺陷,障礙物,視距,號誌種類,號誌動作,分向設施,快車道或一般車道間,快慢車道間,路面邊線,事故類型及型態,受傷程度,主要傷處,保護裝備,行動電話或功能裝置,當事者區分(類別),車輛用途,當事者行動狀態,駕照狀態,駕照種類,飲酒情形,車輛撞擊部位最初,車輛撞擊部位其他,肇事因素個別,肇事因素主要,肇事逃逸,職業,共享經濟或外送平台,GPS座標X,GPS座標Y,事故類別
10498,66000,387130000C,(04)23274275,(04)23288582,2025,10,27,18,40,臺中市,西屯區,0,1,0,5,1,6,30,4,1,1,4,4,6,6,4,4,10,5,5,2,15,3,10,1,1,C03,7,9,1,10,1,11,,13,13,1,13,4,120.645087,24.177713,2
10499,66000,387130000C,(04)23274275,(04)23288582,2025,10,27,18,41,臺中市,東區,0,2,0,7,1,6,50,4,9,1,5,4,6,6,2,1,5,5,5,2,16,3,10,5,4,B03,7,6,1,8,2,6,,20,20,1,6,4,120.699913,24.142778,2
10500,66000,387130000C,(04)23274275,(04)23288582,2025,10,27,18,43,臺中市,南區,0,2,0,7,1,6,40,13,12,1,4,4,6,6,4,4,9,5,4,2,17,2,9,5,4,F01,7,21,7,21,8,15,,85,85,1,13,4,120.660245,24.132909,2
10501,66000,387130000C,(04)23274275,(04)23288582,2025,10,27,18,45,臺中市,霧峰區,0,0,0,5,,,50,,,,,,,,,,,,,,15,,,,,B12,,,1,,2,,,15,15,1,12,4,120.698467,24.07122,3
10502,66000,387130000C,(04)23274275,(04)23288582,2025,10,27,18,46,臺中市,北屯區,0,0,0,7,,,50,,,,,,,,,,,,,,13,,,,,B03,,,5,19,1,,,7,7,1,12,4,120.721761,24.18068,3
10503,66000,387130000C,(04)23274275,(04)23288582,2025,10,27,18,49,臺中市,北區,0,0,0,6,,,0,,,,,,,,,,,,,,17,,,,,C03,,,1,,2,,,84,84,1,13,4,120.694207,24.154664,3
10504,66000,387130000C,(04)23274275,(04)23288582,2025,10,27,18,50,臺中市,北屯區,0,1,0,7,1,6,50,3,1,1,5,4,6,6,4,4,10,5,5,2,13,3,10,3,1,B03,7,6,1,8,2,1,,58,58,1,12,4,120.706467,24.180085,2
10505,66000,387130000C,(04)23274275,(04)23288582,2025,10,27,18,50,臺中市,西屯區,0,1,0,5,1,6,50,4,1,1,4,4,6,6,1,1,10,5,5,1,16,2,9,2,1,C03,7,6,1,10,2,11,,25,25,1,12,4,120.610093,24.187038,2
10506,66000,387130000C,(04)23274275,(04)23288582,2025,10,27,18,51,臺中市,西屯區,0,1,0,5,1,6,50,4,1,1,4,4,6,6,1,1,10,5,5,2,17,3,10,1,4,C04,7,6,1,10,2,13,,48,48,1,13,4,120.648185,24.167787,2
10507,66000,387130000C,(04)23274275,(04)23288582,2025,10,27,18,55,臺中市,北屯區,0,0,0,5,,,50,,,,,,,,,,,,,,13,,,,,C03,,,1,,1,,,59,59,1,5,4,120.688952,24.162959,3
10508,66000,387130000C,(04)23274275,(04)23288582,2025,10,27,18,55,臺中市,烏日區,0,0,0,7,,,60,,,,,,,,,,,,,,13,,,,,B03,,,1,,1,,,7,7,1,6,4,120.64642,24.0648,3
10509,66000,387130000C,(04)23274275,(04)23288582,2025,10,27,18,58,臺中市,北區,0,2,0,6,1,6,30,4,1,1,4,4,6,6,4,4,7,5,5,2,17,3,10,1,1,C03,7,5,1,10,9,16,,84,84,1,12,4,120.685727,24.163885,2
10510,66000,387130000C,(04)23274275,(04)23288582,2025,10,27,18,59,臺中市,西區,0,0,0,5,,,50,,,,,,,,,,,,,,,,,,,B03,,,1,,1,,,84,84,1,12,4,120.65208,24.148286,3
10511,66000,387130000C,(04)23274275,(04)23288582,2025,10,27,19,0,臺中市,北屯區,0,0,0,7,,,50,,,,,,,,,,,,,,,,,,,B03,,,1,,2,,,84,84,1,13,4,120.694549,24.164902,3
10512,66000,387130000C,(04)23274275,(04)23288582,2025,10,27,19,0,臺中市,西屯區,0,1,0,5,1,6,30,4,1,1,4,4,6,6,1,1,10,5,5,2,18,2,9,5,4,C03,7,9,1,10,2,14,,82,82,1,12,4,120.661417,24.163754,2
10513,66000,387130000C,(04)23274275,(04)23288582,2025,10,27,19,4,臺中市,西屯區,0,0,0,5,,,50,,,,,,,,,,,,,,16,,,,,B02,,,1,,1,,,47,47,1,13,4,120.610145,24.187037,3
10514,66000,387130000C,(04)23274275,(04)23288582,2025,10,27,19,20,臺中市,潭子區,0,2,0,5,1,6,60,4,2,1,4,4,6,6,4,4,1,4,4,1,17,2,9,2,1,C03,7,9,1,10,2,12,,84,84,1,13,4,120.706076,24.218325,2
10515,66000,387130000C,(04)23274275,(04)23288582,2025,10,27,19,20,臺中市,北屯區,0,0,0,7,,,50,,,,,,,,,,,,,,12,,,,,B03,,,1,,2,,,8,8,1,6,4,120.718808,24.175702,3
10516,66000,387130000C,(04)23274275,(04)23288582,2025,10,27,19,22,臺中市,霧峰區,0,1,0,6,1,6,50,4,2,1,4,4,6,6,1,1,5,4,5,1,17,3,10,3,1,B03,7,15,1,8,2,16,,84,84,1,6,4,120.699137,24.068722,2
10517,66000,387130000C,(04)23274275,(04)23288582,2025,10,27,19,23,臺中市,西屯區,0,1,0,7,1,6,50,4,1,1,4,4,6,6,1,1,10,5,5,2,30,2,9,5,4,C03,7,5,1,10,2,14,,84,84,1,12,4,120.656663,24.184704,2
10518,66000,387130000C,(04)23274275,(04)23288582,2025,10,27,19,25,臺中市,太平區,0,0,0,6,,,50,,,,,,,,,,,,,,,,,,,C03,,,1,,2,,,7,7,1,12,4,120.723166,24.149437,3
10519,66000,387130000C,(04)23274275,(04)23288582,2025,10,27,19,25,臺中市,沙鹿區,0,0,0,7,,,50,,,,,,,,,,,,,,13,,,,,B03,,,1,,2,,,84,84,1,6,4,120.558754,24.233577,3
10520,66000,387130000C,(04)23274275,(04)23288582,2025,10,27,19,26,臺中市,烏日區,0,1,0,7,1,6,60,4,1,1,5,4,6,6,1,1,1,4,4,1,13,2,7,1,1,C03,7,9,1,10,2,11,,7,7,1,6,4,120.604494,24.109475,2
10521,66000,387130000C,(04)23274275,(04)23288582,2025,10,27,19,34,臺中市,南屯區,0,1,0,5,1,6,60,4,1,1,4,4,6,6,2,1,5,4,5,2,16,3,10,3,1,B03,7,6,1,8,2,2,,11,11,1,12,4,120.643821,24.153671,2
10522,66000,387130000C,(04)23274275,(04)23288582,2025,10,27,19,35,臺中市,西屯區,0,0,0,7,,,50,,,,,,,,,,,,,,13,,,,,C03,,,1,,1,,,59,59,1,13,4,120.644896,24.171913,3
10523,66000,387130000C,(04)23274275,(04)23288582,2025,10,27,19,36,臺中市,北區,0,2,0,5,1,6,50,3,9,1,4,4,6,6,4,4,5,4,5,2,13,2,9,1,1,C03,7,9,3,19,2,11,,7,7,1,12,4,120.668807,24.166976,2
10524,66000,387130000C,(04)23274275,(04)23288582,2025,10,27,19,36,臺中市,西屯區,0,1,0,5,1,6,40,13,9,1,4,4,6,6,4,4,1,4,4,2,17,3,10,5,4,B01,7,1,1,4,2,16,,85,85,1,13,4,120.640662,24.174602,2
10525,66000,387130000C,(04)23274275,(04)23288582,2025,10,27,19,37,臺中市,潭子區,0,0,0,5,,,50,,,,,,,,,,,,,,,,,,,C03,,,1,,1,,,49,49,1,12,4,120.709594,24.213314,3
10526,66000,387130000C,(04)23274275,(04)23288582,2025,10,27,19,37,臺中市,豐原區,0,1,0,5,2,6,50,3,9,1,4,4,6,6,4,4,9,5,5,1,12,2,9,1,1,C03,7,9,1,10,2,11,,87,87,1,12,4,120.710754,24.253097,2
10527,66000,387130000C,(04)23274275,(04)23288582,2025,10,27,19,40,臺中市,北屯區,0,0,0,7,,,50,,,,,,,,,,,,,,13,,,,,B03,,,1,,2,,,84,84,1,12,4,120.668433,24.178425,3
10528,66000,387130000C,(04)23274275,(04)23288582,2025,10,27,19,40,臺中市,沙鹿區,0,0,0,7,1,6,50,13,9,1,5,4,6,6,4,4,4,4,5,1,12,,,,,B03,,,1,,2,,,50,50,1,12,4,120.566631,24.236017,3
10529,66000,387130000C,(04)23274275,(04)23288582,2025,10,27,19,40,臺中市,清水區,0,0,0,7,,,40,,,,,,,,,,,,,,,,,,,B03,,,1,,1,,,77,77,1,12,4,120.574583,24.267149,3
10530,66000,387130000C,(04)23274275,(04)23288582,2025,10,27,19,48,臺中市,大里區,0,0,0,5,,,30,,,,,,,,,,,,,,17,,,,,G03,,,6,,11,,,82,82,1,12,4,120.697394,24.095677,3
10531,66000,387130000C,(04)23274275,(04)23288582,2025,10,27,19,49,臺中市,后里區,0,0,0,7,,,50,,,,,,,,,,,,,,14,,,,,B03,,,1,,1,,,49,49,1,7,4,120.711092,24.308752,3
10532,66000,387130000C,(04)23274275,(04)23288582,2025,10,27,19,52,臺中市,北區,0,1,0,7,2,6,50,4,1,1,4,4,6,6,1,1,5,5,5,2,17,3,10,5,1,B03,7,11,1,8,2,8,,45,45,1,13,4,120.675156,24.16698,2
10533,66000,387130000C,(04)23274275,(04)23288582,2025,10,27,19,53,臺中市,南屯區,0,0,0,7,,,50,,,,,,,,,,,,,,23,,,,,B03,,,1,,2,,,40,40,1,12,4,120.609238,24.15128,3
10534,66000,387130000C,(04)23274275,(04)23288582,2025,10,27,19,55,臺中市,大里區,0,0,0,6,,,30,,,,,,,,,,,,,,14,,,,,B03,,,1,,1,,,49,49,1,12,4,120.693284,24.107122,3
10535,66000,387130000C,(04)23274275,(04)23288582,2025,10,27,20,0,臺中市,龍井區,0,0,0,5,1,6,50,3,1,1,4,4,6,6,4,4,10,5,5,2,10,,,,,C03,,,1,,1,,,14,14,1,6,4,120.59107,24.179568,3
10536,66000,387130000C,(04)23274275,(04)23288582,2025,10,27,20,4,臺中市,大雅區,0,2,0,5,1,6,50,4,1,1,4,4,6,5,1,1,10,5,5,2,17,2,8,2,1,C03,7,9,3,19,2,11,,21,21,1,12,4,120.653019,24.217693,2
10537,66000,387130000C,(04)23274275,(04)23288582,2025,10,27,20,5,臺中市,潭子區,0,1,0,5,3,6,50,3,1,1,4,4,6,6,4,4,1,5,5,1,17,2,9,2,1,C03,7,9,1,10,2,14,,84,84,1,13,4,120.714707,24.208479,2
10538,66000,387130000C,(04)23274275,(04)23288582,2025,10,27,20,6,臺中市,北區,0,0,0,5,,,30,,,,,,,,,,,,,,15,,,,,B01,,,1,,1,,,20,20,1,13,4,120.677422,24.159612,3
10539,66000,387130000C,(04)23274275,(04)23288582,2025,10,27,20,10,臺中市,大里區,0,1,0,5,1,6,50,11,9,1,4,4,6,6,4,4,1,4,5,1,12,3,10,3,1,B03,7,4,1,7,2,2,,4,4,1,13,4,120.686861,24.096336,2
10540,66000,387130000C,(04)23274275,(04)23288582,2025,10,27,20,13,臺中市,北區,0,2,0,5,1,6,50,4,1,1,4,4,6,6,4,4,5,5,5,2,15,2,9,1,1,C03,7,9,3,19,9,12,,20,20,1,12,4,120.695964,24.156706,2
10541,66000,387130000C,(04)23274275,(04)23288582,2025,10,27,20,16,臺中市,西屯區,0,1,0,5,1,6,40,4,1,1,4,4,6,6,2,1,10,5,5,2,18,2,9,1,1,C03,7,6,1,10,2,14,,82,82,1,13,4,120.593516,24.191252,2
10542,66000,387130000C,(04)23274275,(04)23288582,2025,10,27,20,18,臺中市,西屯區,0,1,0,5,1,6,50,3,1,1,4,4,6,6,4,4,1,4,5,2,17,3,10,3,4,B03,7,8,1,8,2,16,,40,40,1,13,4,120.624398,24.175478,2
10543,66000,387130000C,(04)23274275,(04)23288582,2025,10,27,20,19,臺中市,南區,0,1,0,5,1,6,50,5,2,1,4,4,6,6,1,1,1,4,4,2,18,2,9,1,1,C03,7,12,1,10,2,14,,6,6,1,6,4,120.677723,24.126659,2
10544,66000,387130000C,(04)23274275,(04)23288582,2025,10,27,20,22,臺中市,東區,0,0,0,5,,,50,,,,,,,,,,,,,,,,,,,B03,,,1,,1,,,7,7,1,12,4,120.683002,24.134486,4
10545,66000,387130000C,(04)23274275,(04)23288582,2025,10,27,20,23,臺中市,豐原區,0,1,0,5,1,6,60,4,1,1,4,4,6,6,1,1,10,5,5,2,18,2,9,2,1,C03,7,9,1,10,2,14,,84,84,1,13,4,120.718508,24.238036,2
10546,66000,387130000C,(04)23274275,(04)23288582,2025,10,27,20,24,臺中市,北區,0,3,0,5,1,6,50,13,9,1,4,4,6,6,4,4,9,5,5,2,17,2,9,1,1,C03,7,11,1,10,2,12,,45,45,1,12,4,120.687321,24.152218,2
10547,66000,387130000C,(04)23274275,(04)23288582,2025,10,27,20,25,臺中市,西屯區,0,1,0,5,1,6,50,13,7,1,4,4,6,6,4,4,5,4,4,1,13,2,9,2,1,C03,7,9,1,10,2,11,,59,59,1,12,4,120.618766,24.166173,2
10548,66000,387130000C,(04)23274275,(04)23288582,2025,10,27,20,28,臺中市,西屯區,0,0,0,5,,,50,,,,,,,,,,,,,,17,,,,,B03,,,1,,2,,,49,49,1,12,4,120.645124,24.17871,3
10549,66000,387130000C,(04)23274275,(04)23288582,2025,10,27,20,30,臺中市,北屯區,0,0,0,5,,,30,,,,,,,,,,,,,,16,,,,,B03,,,1,,1,,,14,14,1,12,4,120.724703,24.17746,3
10550,66000,387130000C,(04)23274275,(04)23288582,2025,10,27,20,30,臺中市,西屯區,0,1,0,5,1,6,40,13,8,1,3,4,6,6,4,4,5,4,4,2,17,2,9,1,1,C03,7,9,1,10,9,16,,84,84,1,12,4,120.647628,24.170203,2
10551,66000,387130000C,(04)23274275,(04)23288582,2025,10,27,20,30,臺中市,沙鹿區,0,0,0,7,,,50,,,,,,,,,,,,,,,,,,,B03,,,1,,2,,,87,87,1,12,4,120.579342,24.219297,3
10552,66000,387130000C,(04)23274275,(04)23288582,2025,10,27,20,42,臺中市,南區,0,1,0,7,1,6,50,13,9,1,5,4,6,6,4,4,3,4,4,2,17,3,10,5,4,B03,7,9,1,8,2,1,,21,21,1,6,4,120.655229,24.129412,2
10553,66000,387130000C,(04)23274275,(04)23288582,2025,10,27,20,43,臺中市,北屯區,0,0,0,5,,,40,,,,,,,,,,,,,,17,,,,,B03,,,1,,1,,,50,50,1,6,4,120.665989,24.182618,3
10554,66000,387130000C,(04)23274275,(04)23288582,2025,10,27,20,59,臺中市,太平區,0,2,0,6,1,6,50,13,8,1,4,4,6,6,4,4,5,4,4,2,9,2,9,1,1,C03,7,9,1,10,2,11,,84,84,1,12,4,120.723029,24.156386,2
10555,66000,387130000C,(04)23274275,(04)23288582,2025,10,27,21,5,臺中市,北屯區,0,1,0,5,1,6,50,4,1,1,4,4,6,6,1,1,10,5,5,2,18,2,9,1,1,C03,7,6,1,10,1,14,,84,84,1,6,4,120.710643,24.182141,2
10556,66000,387130000C,(04)23274275,(04)23288582,2025,10,27,21,16,臺中市,南區,0,1,0,5,1,6,50,4,4,1,4,4,6,6,2,1,10,5,5,2,18,2,9,5,4,C03,7,9,1,10,2,14,,84,84,1,13,4,120.661353,24.121876,2
10557,66000,387130000C,(04)23274275,(04)23288582,2025,10,27,21,23,臺中市,大雅區,0,1,0,5,1,6,50,4,1,1,4,4,6,6,1,1,10,5,5,2,17,2,9,2,1,C03,7,11,1,10,2,14,,45,45,1,12,4,120.615235,24.220095,2
10558,66000,387130000C,(04)23274275,(04)23288582,2025,10,27,21,30,臺中市,西屯區,0,0,0,7,,,30,,,,,,,,,,,,,,17,,,,,B03,,,1,,2,,,59,59,1,12,4,120.645937,24.180464,3
10559,66000,387130000C,(04)23274275,(04)23288582,2025,10,27,21,31,臺中市,南屯區,0,1,0,7,2,6,50,4,1,1,5,4,6,6,1,1,9,4,4,2,12,3,10,3,1,B03,7,7,1,8,2,3,,40,40,1,12,4,120.635445,24.149789,2
10560,66000,387130000C,(04)23274275,(04)23288582,2025,10,27,21,37,臺中市,大里區,0,2,0,5,1,6,50,3,2,1,4,4,6,6,1,1,5,4,5,1,17,3,10,3,1,B03,7,8,1,8,2,8,,40,40,1,13,4,120.689542,24.116734,2
10561,66000,387130000C,(04)23274275,(04)23288582,2025,10,27,21,41,臺中市,西屯區,0,0,0,7,,,50,,,,,,,,,,,,,,,,,,,C03,,,1,,2,,,59,59,1,13,4,120.647465,24.174417,4
10562,66000,387130000C,(04)23274275,(04)23288582,2025,10,27,21,47,臺中市,烏日區,0,0,0,5,,,50,,,,,,,,,,,,,,13,,,,,B01,,,1,,1,,,7,7,1,6,4,120.6166,24.111864,4
10563,66000,387130000C,(04)23274275,(04)23288582,2025,10,27,21,52,臺中市,梧棲區,0,1,0,7,1,6,50,4,1,1,5,4,6,6,4,4,10,5,5,2,18,2,9,1,1,C03,7,9,1,10,2,16,,87,87,1,6,4,120.541955,24.248742,2
10564,66000,387130000C,(04)23274275,(04)23288582,2025,10,27,22,12,臺中市,北屯區,0,1,0,5,1,6,50,4,2,1,4,4,6,6,1,1,3,4,4,2,12,3,10,3,1,B03,7,5,1,8,2,2,,20,20,1,13,4,120.721421,24.162432,2
10565,66000,387130000C,(04)23274275,(04)23288582,2025,10,27,22,20,臺中市,沙鹿區,0,0,0,6,,,60,,,,,,,,,,,,,,13,,,,,B03,,,1,,1,,,82,82,1,12,4,120.597591,24.249998,3
10566,66000,387130000C,(04)23274275,(04)23288582,2025,10,27,22,27,臺中市,大里區,0,1,0,5,1,6,50,4,1,5,4,4,6,6,1,1,10,5,5,2,17,3,10,3,1,B03,7,6,1,8,9,16,,11,11,1,6,4,120.674513,24.102584,2
10567,66000,387130000C,(04)23274275,(04)23288582,2025,10,27,22,31,臺中市,沙鹿區,0,1,0,7,3,6,40,13,9,1,5,4,6,6,4,4,1,5,3,1,13,2,9,2,1,C03,7,9,1,10,2,11,,7,7,1,12,4,120.573493,24.231441,2
10568,66000,387130000C,(04)23274275,(04)23288582,2025,10,27,22,55,臺中市,外埔區,0,1,0,7,1,6,50,13,9,1,5,4,6,6,4,4,5,5,5,1,28,,,,,,,,,,,,,118,118,1,,,120.655276,24.33525,2
10569,66000,387130000C,(04)23274275,(04)23288582,2025,10,27,22,58,臺中市,南區,0,1,0,7,1,6,50,4,1,1,4,4,6,6,2,1,5,2,5,2,18,2,9,2,1,C03,7,9,1,10,2,16,,87,87,1,13,4,120.66713,24.128903,2
10570,66000,387130000C,(04)23274275,(04)23288582,2025,10,27,23,28,臺中市,大里區,0,0,0,7,,,50,,,,,,,,,,,,,,,,,,,B03,,,3,,2,,,84,84,1,12,4,120.688607,24.097265,3
10571,66000,387130000C,(04)23274275,(04)23288582,2025,10,28,0,13,臺中市,西區,0,2,0,6,1,6,50,4,1,1,5,4,6,6,1,1,10,5,5,2,13,2,3,3,1,B01,7,5,1,4,2,1,,59,59,1,6,4,120.659898,24.161143,2
10572,66000,387130000C,(04)23274275,(04)23288582,2025,10,28,0,22,臺中市,東區,0,1,0,7,1,6,50,4,2,1,5,4,6,6,4,4,9,5,5,2,17,3,10,1,1,C03,7,9,1,10,2,11,,7,7,1,12,4,120.696679,24.150861,2
10573,66000,387130000C,(04)23274275,(04)23288582,2025,10,28,1,2,臺中市,南區,0,0,0,5,,,50,,,,,,,,,,,,,,17,,,,,C03,,,1,,2,,,59,59,1,13,4,120.659737,24.110773,3
10574,66000,387130000C,(04)23274275,(04)23288582,2025,10,28,1,8,臺中市,南屯區,0,0,0,5,2,6,30,3,1,1,4,4,6,6,4,4,1,4,5,2,23,3,10,3,1,B03,7,9,5,19,6,1,,84,84,1,13,4,120.625162,24.144997,3
10575,66000,387130000C,(04)23274275,(04)23288582,2025,10,28,2,19,臺中市,北屯區,0,0,0,6,1,6,50,13,9,1,5,4,6,6,4,4,5,5,5,2,17,3,10,2,1,C03,7,9,5,10,9,12,,82,82,1,12,4,120.708402,24.165252,3
10576,66000,387130000C,(04)23274275,(04)23288582,2025,10,28,2,47,臺中市,北區,0,0,0,5,,,50,,,,,,,,,,,,,,17,,,,,B03,,,1,,1,,,84,84,1,12,4,120.677974,24.149018,3
10577,66000,387130000C,(04)23274275,(04)23288582,2025,10,28,3,41,臺中市,大雅區,0,0,0,5,3,6,30,13,9,1,4,4,6,6,4,4,10,5,5,2,17,3,10,3,1,B03,7,9,1,8,5,1,,53,53,1,13,4,120.667819,24.234699,3
10578,66000,387130000C,(04)23274275,(04)23288582,2025,10,28,3,53,臺中市,西屯區,0,0,0,5,,,50,,,,,,,,,,,,,,13,,,,,B03,,,1,,2,,,59,59,1,13,4,120.663947,24.176051,3
10579,66000,387130000C,(04)23274275,(04)23288582,2025,10,28,5,9,臺中市,北屯區,0,1,0,5,1,6,30,15,9,1,4,4,6,6,4,4,10,5,5,2,18,2,9,4,1,F01,7,9,7,21,1,12,,84,84,1,12,4,120.692074,24.18285,2
10580,66000,387130000C,(04)23274275,(04)23288582,2025,10,28,5,13,臺中市,太平區,0,1,0,6,1,6,30,4,1,1,4,4,6,6,4,4,10,5,5,2,15,2,8,2,1,C03,7,9,1,10,2,11,,15,15,1,13,4,120.7101,24.150413,2
10581,66000,387130000C,(04)23274275,(04)23288582,2025,10,28,5,27,臺中市,南區,0,1,0,7,1,6,50,4,1,1,5,4,6,6,1,1,3,4,4,2,28,2,9,2,1,C03,7,9,1,10,2,11,,7,7,1,12,4,120.648654,24.119707,2
10582,66000,387130000C,(04)23274275,(04)23288582,2025,10,28,5,35,臺中市,北區,0,1,0,5,1,6,50,3,1,1,4,4,6,6,2,1,10,5,5,2,17,2,9,1,1,C03,7,9,1,10,2,14,,84,84,1,13,4,120.686475,24.147245,2
10583,66000,387130000C,(04)23274275,(04)23288582,2025,10,28,5,42,臺中市,大里區,0,1,0,5,2,6,50,3,9,1,4,4,6,6,4,4,10,5,5,2,30,2,9,2,1,C03,7,9,1,10,2,14,,84,84,1,12,4,120.688036,24.100998,2
10584,66000,387130000C,(04)23274275,(04)23288582,2025,10,28,5,53,臺中市,霧峰區,0,2,0,7,1,6,50,3,2,1,5,4,6,6,1,1,4,3,5,1,17,2,7,2,1,C03,7,6,3,19,2,12,,11,11,1,6,4,120.714318,24.075702,2
10585,66000,387130000C,(04)23274275,(04)23288582,2025,10,28,5,55,臺中市,東區,0,1,0,5,2,6,50,4,2,1,4,4,6,6,2,1,10,5,5,2,18,2,9,2,1,C03,7,9,1,10,2,14,,82,82,1,13,4,120.687858,24.13653,2
10586,66000,387130000C,(04)23274275,(04)23288582,2025,10,28,5,55,臺中市,龍井區,0,0,0,7,,,50,,,,,,,,,,,,,,,,,,,B03,,,1,,11,,,51,51,1,6,4,120.587446,24.181218,3
10587,66000,387130000C,(04)23274275,(04)23288582,2025,10,28,5,55,臺中市,清水區,0,1,0,7,1,6,50,13,9,1,5,4,6,6,4,4,8,3,5,1,11,3,10,3,1,B12,7,9,1,8,2,6,,4,4,1,12,4,120.607748,24.269373,2
10588,66000,387130000C,(04)23274275,(04)23288582,2025,10,28,6,20,臺中市,太平區,0,0,0,5,,,50,,,,,,,,,,,,,,14,,,,,B12,,,1,,2,,,49,49,1,13,4,120.748901,24.124545,3
10589,66000,387130000C,(04)23274275,(04)23288582,2025,10,28,6,37,臺中市,沙鹿區,0,1,0,5,2,6,0,4,1,1,4,4,6,6,1,1,10,5,5,2,17,3,10,1,1,C03,7,9,1,10,2,11,,84,84,1,6,4,120.575323,24.22669,2
10590,66000,387130000C,(04)23274275,(04)23288582,2025,10,28,6,50,臺中市,大雅區,0,1,0,7,3,6,50,4,1,1,5,4,6,6,1,1,10,5,5,2,16,2,9,2,1,C03,7,4,1,10,2,14,,84,84,1,12,4,120.656082,24.238945,2
10591,66000,387130000C,(04)23274275,(04)23288582,2025,10,28,6,50,臺中市,新社區,0,1,0,5,2,6,50,13,9,1,4,4,6,6,4,4,5,5,4,1,16,3,10,5,4,B12,7,11,1,8,2,8,,34,34,1,13,4,120.815988,24.217531,2
10592,66000,387130000C,(04)23274275,(04)23288582,2025,10,28,6,56,臺中市,西屯區,0,0,0,5,,,50,,,,,,,,,,,,,,13,,,,,B03,,,1,,1,,,78,78,1,12,4,120.622549,24.174298,3
10593,66000,387130000C,(04)23274275,(04)23288582,2025,10,28,6,57,臺中市,龍井區,0,1,0,5,2,6,50,4,1,1,4,4,6,6,4,4,10,5,5,2,17,2,8,5,4,C03,7,9,1,10,2,15,,6,6,1,6,4,120.588783,24.187885,2
10594,66000,387130000C,(04)23274275,(04)23288582,2025,10,28,6,58,臺中市,西屯區,0,0,0,6,,,70,,,,,,,,,,,,,,13,,,,,B03,,,1,,1,,,7,7,1,12,4,120.626839,24.177403,3
10595,66000,387130000C,(04)23274275,(04)23288582,2025,10,28,6,59,臺中市,大里區,0,2,0,6,3,6,30,3,2,1,5,4,6,6,4,4,10,5,5,1,16,2,9,1,1,C03,7,6,1,10,2,12,,41,41,1,12,4,120.658595,24.100081,2
10596,66000,387130000C,(04)23274275,(04)23288582,2025,10,28,7,9,臺中市,大雅區,0,1,0,7,3,6,50,13,9,1,5,4,6,6,4,4,5,5,5,1,12,3,10,5,4,B12,7,9,1,8,2,5,,59,59,1,12,4,120.650474,24.243911,2
10597,66000,387130000C,(04)23274275,(04)23288582,2025,10,28,7,9,臺中市,西屯區,0,0,0,5,,,50,,,,,,,,,,,,,,13,,,,,B03,,,1,,1,,,59,59,1,12,4,120.633378,24.17371,3
10598,66000,387130000C,(04)23274275,(04)23288582,2025,10,28,7,10,臺中市,大里區,0,0,0,7,,,50,,,,,,,,,,,,,,,,,,,B03,,,1,,1,,,84,84,1,6,4,120.698046,24.080798,3
10599,66000,387130000C,(04)23274275,(04)23288582,2025,10,28,7,10,臺中市,大里區,0,1,0,6,2,6,50,3,9,1,5,4,6,6,4,4,9,5,5,1,13,2,9,6,1,F01,7,9,7,21,2,11,,7,7,1,13,1,120.693707,24.090821,2
10600,66000,387130000C,(04)23274275,(04)23288582,2025,10,28,7,14,臺中市,南區,0,0,0,7,,,50,,,,,,,,,,,,,,,,,,,B03,,,1,,1,,,7,7,1,12,4,120.693927,24.133479,3
10601,66000,387130000C,(04)23274275,(04)23288582,2025,10,28,7,20,臺中市,東區,0,1,0,7,2,6,50,4,1,1,4,4,6,6,2,1,10,5,5,2,30,2,9,2,1,C03,7,9,1,10,2,14,,85,85,1,12,4,120.694311,24.149959,2
10602,66000,387130000C,(04)23274275,(04)23288582,2025,10,28,7,23,臺中市,烏日區,0,0,0,7,,,70,,,,,,,,,,,,,,16,,,,,B12,,,1,,2,,,11,11,1,6,4,120.608876,24.107829,3
10603,66000,387130000C,(04)23274275,(04)23288582,2025,10,28,7,24,臺中市,龍井區,0,3,0,6,2,6,30,4,1,1,5,4,6,2,4,4,10,5,5,2,15,2,9,1,1,C03,7,9,1,10,2,11,,15,15,1,12,4,120.500558,24.199797,2
10604,66000,387130000C,(04)23274275,(04)23288582,2025,10,28,7,25,臺中市,大雅區,0,0,0,6,,,50,,,,,,,,,,,,,,,,,,,C03,,,,,2,,,84,84,1,13,4,120.643538,24.233067,3
10605,66000,387130000C,(04)23274275,(04)23288582,2025,10,28,7,25,臺中市,霧峰區,0,1,0,6,2,6,30,3,1,1,5,4,6,6,4,4,10,5,5,2,16,3,10,3,1,B03,7,5,1,8,2,8,,14,14,1,6,4,120.695005,24.071508,2
10606,66000,387130000C,(04)23274275,(04)23288582,2025,10,28,7,26,臺中市,豐原區,0,1,0,6,2,6,50,4,1,1,5,4,6,6,3,1,5,4,4,2,17,3,10,5,4,B03,7,6,1,8,2,1,,84,84,1,12,4,120.720821,24.250639,2