序號,縣市別代碼,機關代碼,市話,傳真,年,月,日,時,分,縣市,區,死亡數量,受傷數量,2-30,天候,道路照明設備,道路類別,道路速限,道路型態,事故位置,路面鋪裝,路面狀態,路面缺陷,障礙物,視距,號誌種類,號誌動作,分向設施,快車道或一般車道間,快慢車道間,路面邊線,事故類型及型態,受傷程度,主要傷處,保護裝備,行動電話或功能裝置,當事者區分(類別),車輛用途,當事者行動狀態,駕照狀態,駕照種類,飲酒情形,車輛撞擊部位最初,車輛撞擊部位其他,肇事因素個別,肇事因素主要,肇事逃逸,職業,共享經濟或外送平台,GPS座標X,GPS座標Y,事故類別
10607,66000,387130000C,(04)23274275,(04)23288582,2025,10,28,7,27,臺中市,大雅區,0,1,0,6,3,6,60,4,2,1,5,4,6,6,1,1,5,1,5,1,17,3,10,3,1,B12,7,6,1,8,1,6,,11,11,1,12,4,120.664359,24.233951,2
10608,66000,387130000C,(04)23274275,(04)23288582,2025,10,28,7,28,臺中市,梧棲區,0,1,0,7,2,6,50,3,1,1,5,4,6,6,4,4,10,5,5,2,3,3,10,1,1,C03,7,9,1,10,2,14,,84,84,1,6,4,120.531018,24.253989,2
10609,66000,387130000C,(04)23274275,(04)23288582,2025,10,28,7,29,臺中市,南區,0,0,0,7,,,50,,,,,,,,,,,,,,,,,,,B03,,,1,,2,,,7,7,1,6,4,120.647195,24.118906,3
10610,66000,387130000C,(04)23274275,(04)23288582,2025,10,28,7,31,臺中市,西屯區,0,0,0,7,,,50,,,,,,,,,,,,,,17,,,,,B03,,,1,,9,,,59,59,1,13,4,120.615104,24.173615,3
10611,66000,387130000C,(04)23274275,(04)23288582,2025,10,28,7,32,臺中市,太平區,0,1,0,5,2,6,50,5,1,1,4,4,6,6,2,1,10,5,5,2,17,2,9,1,1,C03,7,9,1,10,2,14,,59,59,1,13,4,120.713523,24.141281,2
10612,66000,387130000C,(04)23274275,(04)23288582,2025,10,28,7,33,臺中市,西屯區,0,0,0,6,,,40,,,,,,,,,,,,,,13,,,,,C03,,,1,,1,,,43,43,1,12,4,120.622214,24.178963,3
10613,66000,387130000C,(04)23274275,(04)23288582,2025,10,28,7,33,臺中市,大肚區,0,0,0,7,,,50,,,,,,,,,,,,,,16,,,,,C03,,,1,,2,,,4,4,1,6,4,120.579538,24.168504,3
10614,66000,387130000C,(04)23274275,(04)23288582,2025,10,28,7,34,臺中市,西屯區,0,1,0,6,2,6,40,3,8,1,4,4,6,6,4,4,1,5,5,1,13,2,9,2,1,C03,7,9,1,10,2,11,,7,7,1,12,4,120.602547,24.182468,2
10615,66000,387130000C,(04)23274275,(04)23288582,2025,10,28,7,34,臺中市,大里區,0,1,0,6,2,6,50,4,1,1,5,4,6,6,1,1,10,5,5,2,17,3,10,3,1,B03,7,5,1,8,2,3,,11,11,1,12,4,120.689759,24.110008,2
10616,66000,387130000C,(04)23274275,(04)23288582,2025,10,28,7,35,臺中市,梧棲區,0,0,0,5,,,50,,,,,,,,,,,,,,14,,,,,B03,,,1,,1,,,49,49,1,6,4,120.532268,24.262804,3
10617,66000,387130000C,(04)23274275,(04)23288582,2025,10,28,7,35,臺中市,豐原區,0,0,0,7,,,50,,,,,,,,,,,,,,13,,,,,B03,,,1,,2,,,84,84,1,12,4,120.721896,24.272175,3
10618,66000,387130000C,(04)23274275,(04)23288582,2025,10,28,7,37,臺中市,西屯區,0,0,0,5,,,50,,,,,,,,,,,,,,13,,,,,C03,,,1,,1,,,7,7,1,13,4,120.650123,24.20007,3
10619,66000,387130000C,(04)23274275,(04)23288582,2025,10,28,7,37,臺中市,大里區,0,2,0,7,2,6,50,3,9,1,5,4,6,6,1,1,5,2,5,1,13,2,9,1,1,C04,7,9,1,11,2,11,,7,7,1,12,4,120.686815,24.097111,2
10620,66000,387130000C,(04)23274275,(04)23288582,2025,10,28,7,38,臺中市,神岡區,0,1,0,6,1,6,50,5,1,1,4,4,6,6,1,1,10,5,5,2,17,3,10,2,1,C03,7,9,1,10,2,12,,21,21,1,6,4,120.689288,24.257747,2
10621,66000,387130000C,(04)23274275,(04)23288582,2025,10,28,7,40,臺中市,大里區,0,2,0,6,3,6,50,3,1,1,4,4,6,6,4,4,10,5,5,2,16,2,9,1,1,C03,7,6,1,10,2,11,,14,14,1,12,4,120.671825,24.105486,2
10622,66000,387130000C,(04)23274275,(04)23288582,2025,10,28,7,40,臺中市,清水區,0,0,0,7,,,57,,,,,,,,,,,,,,17,,,,,B03,,,1,,2,,,59,59,1,12,4,120.555279,24.294758,3
10623,66000,387130000C,(04)23274275,(04)23288582,2025,10,28,7,40,臺中市,清水區,0,0,0,7,,,50,,,,,,,,,,,,,,17,,,,,C03,,,1,,2,,,85,85,1,12,4,120.573035,24.269479,3
10624,66000,387130000C,(04)23274275,(04)23288582,2025,10,28,7,42,臺中市,豐原區,0,0,0,7,,,50,,,,,,,,,,,,,,13,,,,,B02,,,1,,2,,,59,59,1,12,4,120.714381,24.260734,3
10625,66000,387130000C,(04)23274275,(04)23288582,2025,10,28,7,43,臺中市,北屯區,0,0,0,6,,,50,,,,,,,,,,,,,,12,,,,,C03,,,1,,2,,,7,7,1,6,4,120.69133,24.181099,4
10626,66000,387130000C,(04)23274275,(04)23288582,2025,10,28,7,43,臺中市,沙鹿區,0,1,0,6,2,6,50,13,9,1,5,4,6,6,4,4,1,4,4,2,13,3,10,3,1,B03,7,9,1,8,2,1,,7,7,1,12,4,120.553918,24.218435,2
10627,66000,387130000C,(04)23274275,(04)23288582,2025,10,28,7,44,臺中市,中區,0,0,0,6,,,50,,,,,,,,,,,,,,,,,,,C03,,,1,,1,,,7,7,1,13,4,120.676939,24.144552,3
10628,66000,387130000C,(04)23274275,(04)23288582,2025,10,28,7,45,臺中市,南區,0,1,0,7,1,6,50,4,1,1,5,4,6,6,1,1,1,5,5,2,17,2,9,1,1,C03,7,9,1,10,2,11,,84,84,1,12,4,120.670076,24.114792,2
10629,66000,387130000C,(04)23274275,(04)23288582,2025,10,28,7,45,臺中市,神岡區,0,1,0,7,3,6,50,3,1,1,5,4,6,6,4,4,5,5,5,1,16,3,10,3,1,B03,7,6,1,8,2,4,,14,14,1,13,4,120.688707,24.261152,2
10630,66000,387130000C,(04)23274275,(04)23288582,2025,10,28,7,46,臺中市,北區,0,2,0,6,2,6,50,4,1,1,5,4,6,6,2,1,10,5,5,2,12,2,9,1,1,C03,7,9,1,10,2,11,,26,26,1,13,4,120.677303,24.151254,2
10631,66000,387130000C,(04)23274275,(04)23288582,2025,10,28,7,52,臺中市,霧峰區,0,2,0,7,2,6,50,3,1,1,5,4,6,6,1,1,5,5,5,1,16,2,9,2,1,C03,7,6,1,10,2,12,,48,48,1,13,4,120.691387,24.071299,2
10632,66000,387130000C,(04)23274275,(04)23288582,2025,10,28,7,53,臺中市,北區,0,1,0,7,2,6,50,4,2,1,5,4,6,6,4,4,10,5,5,2,17,2,9,2,1,C03,7,6,5,19,1,11,,4,4,1,13,4,120.675487,24.161654,2
10633,66000,387130000C,(04)23274275,(04)23288582,2025,10,28,7,55,臺中市,大甲區,0,0,0,5,,,50,,,,,,,,,,,,,,,,,,,B03,,,1,,2,,,40,40,1,6,4,120.617558,24.351633,3
10634,66000,387130000C,(04)23274275,(04)23288582,2025,10,28,7,55,臺中市,豐原區,0,0,0,6,,,60,,,,,,,,,,,,,,13,,,,,B03,,,1,,1,,,7,7,1,12,4,120.730329,24.244223,3
10635,66000,387130000C,(04)23274275,(04)23288582,2025,10,28,7,57,臺中市,中區,0,1,0,5,2,6,50,4,1,1,4,4,6,6,1,1,10,5,5,2,17,2,9,1,1,C03,7,6,1,10,2,14,,26,26,1,13,4,120.683678,24.141513,2
10636,66000,387130000C,(04)23274275,(04)23288582,2025,10,28,7,57,臺中市,新社區,0,1,0,5,2,6,50,3,2,1,4,4,6,6,4,4,5,4,5,1,18,2,9,5,4,C03,7,9,1,10,2,16,,59,59,1,13,4,120.809305,24.249203,2
10637,66000,387130000C,(04)23274275,(04)23288582,2025,10,28,7,58,臺中市,西屯區,0,0,0,5,,,50,,,,,,,,,,,,,,13,,,,,B03,,,1,,1,,,59,59,1,12,4,120.616268,24.179491,3
10638,66000,387130000C,(04)23274275,(04)23288582,2025,10,28,7,58,臺中市,清水區,0,1,0,5,3,6,30,4,2,1,4,4,6,1,4,4,10,5,5,2,17,3,10,3,1,B03,7,6,1,8,2,5,,14,14,1,12,4,120.582264,24.29186,2
10639,66000,387130000C,(04)23274275,(04)23288582,2025,10,28,7,59,臺中市,大雅區,0,1,0,7,3,6,30,11,9,1,3,4,6,6,4,4,10,5,5,2,18,2,9,5,4,C03,7,9,1,10,2,14,,43,43,1,12,4,120.676369,24.215353,2
10640,66000,387130000C,(04)23274275,(04)23288582,2025,10,28,7,59,臺中市,北屯區,0,0,0,7,,,50,,,,,,,,,,,,,,17,,,,,B03,,,1,,2,,,12,12,1,6,4,120.699495,24.163861,4
10641,66000,387130000C,(04)23274275,(04)23288582,2025,10,28,7,59,臺中市,北屯區,0,0,0,7,,,50,,,,,,,,,,,,,,17,,,,,B03,,,1,,2,,,51,51,1,6,4,120.718144,24.171357,3
10642,66000,387130000C,(04)23274275,(04)23288582,2025,10,28,8,0,臺中市,大里區,0,0,0,7,,,30,,,,,,,,,,,,,,,,,,,B03,,,1,,9,,,87,87,1,12,4,120.673583,24.114802,3
10643,66000,387130000C,(04)23274275,(04)23288582,2025,10,28,8,2,臺中市,潭子區,0,0,0,5,,,40,,,,,,,,,,,,,,,,,,,B03,,,1,,2,,,50,50,1,13,4,120.704807,24.213027,3
10644,66000,387130000C,(04)23274275,(04)23288582,2025,10,28,8,2,臺中市,南屯區,0,0,0,7,,,50,,,,,,,,,,,,,,,,,,,C03,,,1,,2,,,50,50,1,13,4,120.637933,24.138655,3
10645,66000,387130000C,(04)23274275,(04)23288582,2025,10,28,8,4,臺中市,北屯區,0,0,0,7,,,30,,,,,,,,,,,,,,,,,,,B03,,,1,,1,,,58,58,1,6,4,120.700481,24.165765,3
10646,66000,387130000C,(04)23274275,(04)23288582,2025,10,28,8,4,臺中市,大甲區,0,0,0,7,,,50,,,,,,,,,,,,,,16,,,,,B12,,,1,,2,,,14,14,1,12,4,120.606128,24.367228,3
10647,66000,387130000C,(04)23274275,(04)23288582,2025,10,28,8,5,臺中市,大雅區,0,2,0,6,1,6,40,4,2,1,4,4,6,6,1,1,5,5,4,1,17,2,9,1,1,C03,7,9,1,10,2,12,,85,85,1,13,4,120.633068,24.212741,2
10648,66000,387130000C,(04)23274275,(04)23288582,2025,10,28,8,5,臺中市,南區,0,1,0,6,3,6,50,4,1,1,5,4,6,6,2,1,3,5,5,2,16,3,10,3,1,B03,7,6,1,8,2,2,,11,11,1,6,4,120.669997,24.122365,2
10649,66000,387130000C,(04)23274275,(04)23288582,2025,10,28,8,6,臺中市,南區,0,1,0,7,1,6,50,3,1,1,5,4,6,6,4,4,9,4,5,2,12,2,9,1,1,C03,7,1,1,10,2,14,,51,51,1,12,4,120.659141,24.128516,2
10650,66000,387130000C,(04)23274275,(04)23288582,2025,10,28,8,6,臺中市,南屯區,0,0,0,7,,,50,,,,,,,,,,,,,,13,,,,,B03,,,1,,1,,,7,7,1,12,4,120.623497,24.149515,3
10651,66000,387130000C,(04)23274275,(04)23288582,2025,10,28,8,6,臺中市,北屯區,0,0,0,5,,,50,,,,,,,,,,,,,,13,,,,,B03,,,1,,2,,,7,7,1,6,4,120.666681,24.178198,3
10652,66000,387130000C,(04)23274275,(04)23288582,2025,10,28,8,8,臺中市,西屯區,0,0,0,5,,,50,,,,,,,,,,,,,,13,,,,,B03,,,1,,2,,,59,59,1,12,4,120.590314,24.174641,3
10653,66000,387130000C,(04)23274275,(04)23288582,2025,10,28,8,12,臺中市,大里區,0,1,0,7,2,6,50,3,1,1,5,4,6,6,1,1,10,5,5,2,17,3,10,3,1,B12,7,1,1,8,2,8,,51,51,1,6,4,120.72986,24.091663,2
10654,66000,387130000C,(04)23274275,(04)23288582,2025,10,28,8,13,臺中市,南屯區,0,2,0,6,3,6,50,3,1,1,5,4,6,6,3,1,5,5,4,2,17,2,9,1,1,C03,7,6,1,10,2,12,,11,11,1,12,4,120.611022,24.132789,2
10655,66000,387130000C,(04)23274275,(04)23288582,2025,10,28,8,14,臺中市,太平區,0,1,0,5,3,6,50,3,1,1,4,4,6,6,1,1,10,5,5,2,17,3,10,3,1,B03,7,6,1,8,2,8,,84,84,1,6,4,120.723207,24.122677,2
10656,66000,387130000C,(04)23274275,(04)23288582,2025,10,28,8,21,臺中市,神岡區,0,1,0,6,2,6,30,4,1,1,5,4,6,6,4,4,10,5,5,2,17,2,9,2,1,C03,7,6,1,10,2,12,,12,12,1,6,4,120.674224,24.252602,2
10657,66000,387130000C,(04)23274275,(04)23288582,2025,10,28,8,22,臺中市,北屯區,0,2,0,5,1,6,50,4,2,1,4,4,6,6,1,1,5,4,5,2,11,2,9,1,1,C03,7,6,1,10,2,11,,11,11,1,13,4,120.729661,24.171126,2
10658,66000,387130000C,(04)23274275,(04)23288582,2025,10,28,8,29,臺中市,西屯區,0,1,0,5,2,6,50,4,1,1,4,4,6,6,1,1,1,4,1,2,16,3,10,3,1,B03,7,5,1,8,2,5,,25,25,1,12,4,120.635252,24.182092,2
10659,66000,387130000C,(04)23274275,(04)23288582,2025,10,28,8,30,臺中市,太平區,0,0,0,5,,,50,,,,,,,,,,,,,,13,,,,,B03,,,1,,1,,,56,56,1,12,4,120.704157,24.111281,3
10660,66000,387130000C,(04)23274275,(04)23288582,2025,10,28,8,34,臺中市,北區,0,1,0,5,2,6,50,13,8,1,4,4,6,6,4,4,1,3,4,1,17,2,9,2,1,C03,7,9,1,10,2,14,,84,84,1,13,4,120.675261,24.161409,2
10661,66000,387130000C,(04)23274275,(04)23288582,2025,10,28,8,36,臺中市,西屯區,0,0,0,5,,,30,,,,,,,,,,,,,,11,,,,,B03,,,1,,1,,,8,8,1,13,4,120.618184,24.195648,3
10662,66000,387130000C,(04)23274275,(04)23288582,2025,10,28,8,38,臺中市,豐原區,0,1,0,5,2,6,50,13,9,1,4,4,6,6,3,1,5,5,5,1,12,3,10,3,1,B03,7,9,1,8,2,2,,8,8,1,12,4,120.7201,24.241288,2
10663,66000,387130000C,(04)23274275,(04)23288582,2025,10,28,8,40,臺中市,西屯區,0,1,0,5,2,6,40,5,1,1,4,4,6,6,1,1,10,5,5,2,13,2,7,1,4,C03,7,9,1,10,2,11,14,7,7,1,12,4,120.663397,24.176266,2
10664,66000,387130000C,(04)23274275,(04)23288582,2025,10,28,8,42,臺中市,北屯區,0,1,0,5,2,6,50,3,1,1,4,4,6,6,2,1,10,5,5,1,3,3,10,3,1,B03,7,5,1,8,2,1,,10,10,1,6,4,120.658108,24.182616,2
10665,66000,387130000C,(04)23274275,(04)23288582,2025,10,28,8,43,臺中市,太平區,0,0,0,5,,,50,,,,,,,,,,,,,,13,,,,,B03,,,1,,2,,,58,58,1,6,4,120.7338,24.158188,3
10666,66000,387130000C,(04)23274275,(04)23288582,2025,10,28,8,47,臺中市,西屯區,0,0,0,5,,,50,,,,,,,,,,,,,,13,,,,,C03,,,1,,2,,,7,7,1,12,4,120.649219,24.197281,3
10667,66000,387130000C,(04)23274275,(04)23288582,2025,10,28,8,52,臺中市,龍井區,0,1,0,5,2,6,50,11,9,1,4,4,6,6,4,4,5,5,5,1,17,2,9,5,4,C03,7,9,1,10,2,14,,84,84,1,12,4,120.573738,24.184767,2
10668,66000,387130000C,(04)23274275,(04)23288582,2025,10,28,8,53,臺中市,北區,0,2,0,5,2,6,40,4,1,1,4,4,6,6,1,1,1,4,4,2,15,2,8,1,1,C03,7,9,1,10,2,11,,21,21,1,12,4,120.663125,24.161424,2
10669,66000,387130000C,(04)23274275,(04)23288582,2025,10,28,8,54,臺中市,潭子區,0,0,0,7,,,50,,,,,,,,,,,,,,14,,,,,B12,,,1,,2,,,49,49,1,13,4,120.681224,24.207523,3
10670,66000,387130000C,(04)23274275,(04)23288582,2025,10,28,8,55,臺中市,后里區,0,1,0,5,3,6,50,4,1,1,4,4,6,6,1,1,1,4,4,1,16,3,10,3,1,B03,7,5,1,8,2,5,,11,11,1,6,4,120.723564,24.31305,2
10671,66000,387130000C,(04)23274275,(04)23288582,2025,10,28,8,57,臺中市,南屯區,0,0,0,7,,,50,,,,,,,,,,,,,,17,,,,,B12,,,1,,2,,,40,40,1,13,4,120.622703,24.143433,3
10672,66000,387130000C,(04)23274275,(04)23288582,2025,10,28,8,57,臺中市,大里區,0,1,0,6,2,6,30,4,9,1,5,4,6,6,4,4,10,5,5,2,16,2,7,2,1,C03,7,5,1,10,2,14,,14,14,1,6,4,120.699457,24.081871,2
10673,66000,387130000C,(04)23274275,(04)23288582,2025,10,28,9,1,臺中市,大里區,0,1,0,5,2,6,50,13,14,1,4,4,6,6,4,4,3,4,4,1,18,2,9,2,1,C03,7,5,1,10,2,12,,84,84,1,13,4,120.691552,24.0915,2
10674,66000,387130000C,(04)23274275,(04)23288582,2025,10,28,9,3,臺中市,南屯區,0,1,0,5,2,6,50,4,2,1,4,4,6,6,2,1,8,3,4,1,30,2,9,1,1,C03,7,9,1,10,2,14,,82,82,1,12,4,120.626332,24.144869,2
10675,66000,387130000C,(04)23274275,(04)23288582,2025,10,28,9,7,臺中市,豐原區,0,1,0,5,2,6,50,5,1,1,4,4,6,6,2,1,5,5,5,1,17,2,9,1,1,C03,7,1,1,10,2,14,,84,84,1,12,4,120.716621,24.252913,2
10676,66000,387130000C,(04)23274275,(04)23288582,2025,10,28,9,8,臺中市,西屯區,0,0,0,5,,,50,,,,,,,,,,,,,,14,,,,,B03,,,1,,2,,,49,49,1,12,4,120.654969,24.164446,3
10677,66000,387130000C,(04)23274275,(04)23288582,2025,10,28,9,8,臺中市,豐原區,0,0,0,5,,,50,,,,,,,,,,,,,,13,,,,,B03,,,1,,2,,,84,84,1,12,4,120.755737,24.274739,3
10678,66000,387130000C,(04)23274275,(04)23288582,2025,10,28,9,9,臺中市,西屯區,0,0,0,5,,,50,,,,,,,,,,,,,,13,,,,,B03,,,1,,1,,,7,7,1,12,4,120.624761,24.206697,3
10679,66000,387130000C,(04)23274275,(04)23288582,2025,10,28,9,11,臺中市,太平區,0,0,0,5,,,40,,,,,,,,,,,,,,14,,,,,B12,,,1,,2,,,49,49,1,13,4,120.705069,24.125564,3
10680,66000,387130000C,(04)23274275,(04)23288582,2025,10,28,9,11,臺中市,豐原區,0,1,0,5,2,6,30,4,1,1,4,4,6,6,4,4,1,4,4,1,17,2,9,2,1,C03,7,6,1,10,2,11,,12,12,1,12,4,120.73415,24.259831,2
10681,66000,387130000C,(04)23274275,(04)23288582,2025,10,28,9,14,臺中市,西區,0,0,0,5,,,50,,,,,,,,,,,,,,9,,,,,B03,,,1,,1,,,50,50,1,12,4,120.657434,24.152128,3
10682,66000,387130000C,(04)23274275,(04)23288582,2025,10,28,9,15,臺中市,大雅區,0,1,0,5,3,6,30,13,9,1,4,4,6,6,4,4,10,5,5,1,17,2,9,1,1,C03,7,9,3,19,1,11,,7,7,1,12,4,120.658333,24.227526,2
10683,66000,387130000C,(04)23274275,(04)23288582,2025,10,28,9,15,臺中市,西屯區,0,1,0,5,2,6,50,11,9,1,4,4,6,6,4,4,1,3,5,1,18,2,9,2,4,C03,7,9,1,10,2,12,,59,59,1,12,4,120.646157,24.158767,2
10684,66000,387130000C,(04)23274275,(04)23288582,2025,10,28,9,15,臺中市,太平區,0,0,0,5,,3,80,,,,,,,,,,,,,,12,,,,,B03,,,1,,2,,,40,40,1,6,4,120.717368,24.156402,3
10685,66000,387130000C,(04)23274275,(04)23288582,2025,10,28,9,17,臺中市,西屯區,0,0,0,5,,,50,,,,,,,,,,,,,,13,,,,,B03,,,1,,1,,,56,56,1,13,4,120.667899,24.178177,3
10686,66000,387130000C,(04)23274275,(04)23288582,2025,10,28,9,23,臺中市,西區,0,1,0,5,2,6,50,3,1,1,4,4,6,6,4,4,10,5,5,2,17,2,9,1,1,C03,7,9,1,10,1,16,,6,6,1,12,4,120.662178,24.154749,2
10687,66000,387130000C,(04)23274275,(04)23288582,2025,10,28,9,24,臺中市,北區,0,1,0,5,2,6,50,3,1,1,4,4,6,6,2,1,10,5,5,2,17,3,10,3,1,B03,7,6,1,8,2,2,,11,11,1,13,4,120.688407,24.151693,2
10688,66000,387130000C,(04)23274275,(04)23288582,2025,10,28,9,24,臺中市,太平區,0,1,0,5,3,6,50,13,9,1,4,4,6,6,4,4,9,5,5,1,17,2,9,2,1,C03,7,9,1,10,2,12,,84,84,1,12,4,120.705831,24.16058,2
10689,66000,387130000C,(04)23274275,(04)23288582,2025,10,28,9,24,臺中市,沙鹿區,0,1,0,5,2,6,50,13,8,1,4,4,6,6,4,4,3,3,3,1,17,3,10,5,4,B03,7,15,1,8,2,4,,76,76,1,13,4,120.568058,24.202777,2
10690,66000,387130000C,(04)23274275,(04)23288582,2025,10,28,9,25,臺中市,烏日區,0,4,0,6,3,6,30,4,1,1,4,4,6,6,4,4,5,5,5,2,16,2,9,1,1,C03,7,9,1,10,2,11,14,12,12,1,12,4,120.642025,24.103199,2
10691,66000,387130000C,(04)23274275,(04)23288582,2025,10,28,9,30,臺中市,北區,0,1,0,5,2,6,50,13,7,1,4,4,6,6,2,1,3,4,4,2,18,2,9,1,1,C03,7,9,1,10,2,12,,84,84,1,12,4,120.679082,24.152108,2
10692,66000,387130000C,(04)23274275,(04)23288582,2025,10,28,9,40,臺中市,大雅區,0,1,0,7,3,6,40,13,8,1,4,4,6,6,4,4,1,4,4,2,17,2,9,1,4,C03,7,9,1,10,2,14,,43,43,1,12,2,120.678337,24.215715,2
10693,66000,387130000C,(04)23274275,(04)23288582,2025,10,28,9,40,臺中市,西區,0,0,0,5,,,50,,,,,,,,,,,,,,,,,,,A11,,,1,,2,,,84,84,1,12,4,120.663199,24.163112,3
10694,66000,387130000C,(04)23274275,(04)23288582,2025,10,28,9,41,臺中市,北屯區,0,0,0,5,,,50,,,,,,,,,,,,,,,,,,,B13,,,1,,1,,,7,7,1,6,4,120.70078,24.179508,3
10695,66000,387130000C,(04)23274275,(04)23288582,2025,10,28,9,42,臺中市,西屯區,0,0,0,5,,,50,,,,,,,,,,,,,,16,,,,,B03,,,1,,1,,,47,47,1,12,4,120.606241,24.187465,3
10696,66000,387130000C,(04)23274275,(04)23288582,2025,10,28,9,46,臺中市,北屯區,0,0,0,5,,,50,,,,,,,,,,,,,,17,,,,,B03,,,1,,2,,,13,13,1,12,4,120.695648,24.163642,3
10697,66000,387130000C,(04)23274275,(04)23288582,2025,10,28,9,47,臺中市,南屯區,0,1,0,5,3,6,40,13,8,1,4,4,6,6,4,4,5,5,4,2,12,3,10,3,1,B03,7,1,1,8,2,4,,51,51,1,12,4,120.609897,24.138275,2
10698,66000,387130000C,(04)23274275,(04)23288582,2025,10,28,9,48,臺中市,西區,0,2,0,5,2,6,50,4,1,1,4,4,6,6,1,1,10,5,5,2,17,2,9,1,1,C03,7,15,1,10,2,11,,21,21,1,13,4,120.666736,24.141067,2
10699,66000,387130000C,(04)23274275,(04)23288582,2025,10,28,9,49,臺中市,北區,0,1,0,5,2,6,50,13,9,1,4,4,6,6,4,4,9,4,5,2,18,2,9,1,1,C03,7,9,1,10,2,14,,84,84,1,12,4,120.682943,24.160331,2
10700,66000,387130000C,(04)23274275,(04)23288582,2025,10,28,9,49,臺中市,豐原區,0,1,0,7,2,6,50,3,1,1,4,4,6,6,4,4,5,5,4,2,17,2,9,2,1,C03,7,9,1,10,2,11,,84,84,1,12,4,120.723875,24.252807,2
10701,66000,387130000C,(04)23274275,(04)23288582,2025,10,28,9,50,臺中市,潭子區,0,0,0,5,,,50,,,,,,,,,,,,,,,,,,,B12,,,1,,9,,,11,11,1,13,4,120.674145,24.204481,3
10702,66000,387130000C,(04)23274275,(04)23288582,2025,10,28,9,50,臺中市,西屯區,0,1,0,5,2,6,40,13,8,1,4,4,6,6,1,3,5,4,4,2,18,2,9,1,1,C03,7,12,1,10,2,12,,94,94,1,12,4,120.633839,24.162225,2
10703,66000,387130000C,(04)23274275,(04)23288582,2025,10,28,9,51,臺中市,龍井區,0,0,0,5,,,40,,,,,,,,,,,,,,,,,,,B03,,,1,,2,,,8,8,1,12,4,120.577744,24.186533,3
10704,66000,387130000C,(04)23274275,(04)23288582,2025,10,28,9,54,臺中市,北區,0,0,0,5,,,50,,,,,,,,,,,,,,13,,,,,B12,,,1,,1,,,7,7,1,13,4,120.683437,24.15371,3
10705,66000,387130000C,(04)23274275,(04)23288582,2025,10,28,9,56,臺中市,太平區,0,1,0,5,2,6,50,13,7,1,4,4,6,6,4,4,5,5,4,1,17,2,8,2,1,C03,7,9,1,10,2,16,,84,84,1,13,4,120.724983,24.149533,2
10706,66000,387130000C,(04)23274275,(04)23288582,2025,10,28,10,1,臺中市,西區,0,0,0,5,,,50,,,,,,,,,,,,,,9,,,,,B03,,,1,,1,,,50,50,1,12,4,120.653325,24.153551,3
10707,66000,387130000C,(04)23274275,(04)23288582,2025,10,28,10,4,臺中市,大里區,0,1,0,6,2,6,50,13,9,1,5,4,6,6,4,4,5,4,5,1,17,3,10,1,1,C03,7,15,1,10,2,13,,84,84,1,12,4,120.689175,24.104867,2
10708,66000,387130000C,(04)23274275,(04)23288582,2025,10,28,10,4,臺中市,太平區,0,1,0,5,3,6,50,4,9,1,4,4,6,6,1,1,5,5,5,1,16,2,8,2,1,C03,7,15,1,10,2,11,,21,21,1,12,4,120.732352,24.134701,2
10709,66000,387130000C,(04)23274275,(04)23288582,2025,10,28,10,5,臺中市,北屯區,0,0,0,7,,3,40,,,,,,,,,,,,,,13,,,,,B12,,,1,,2,,,7,7,1,6,4,120.720725,24.168349,3
10710,66000,387130000C,(04)23274275,(04)23288582,2025,10,28,10,5,臺中市,西屯區,0,0,0,5,2,6,30,13,9,1,4,4,6,6,4,4,10,4,5,2,17,3,10,3,1,A11,7,9,1,3,4,2,,8,8,1,12,4,120.649648,24.159843,3
10711,66000,387130000C,(04)23274275,(04)23288582,2025,10,28,10,6,臺中市,南屯區,0,0,0,5,3,6,50,13,7,1,4,4,6,6,4,4,9,5,4,2,13,,,,,B03,,,1,,2,,,7,7,1,12,4,120.645009,24.153785,3
10712,66000,387130000C,(04)23274275,(04)23288582,2025,10,28,10,9,臺中市,西屯區,0,0,0,5,,,60,,,,,,,,,,,,,,13,,,,,B02,,,1,,1,,,59,59,1,12,4,120.644625,24.194857,3
10713,66000,387130000C,(04)23274275,(04)23288582,2025,10,28,10,12,臺中市,南區,0,1,0,7,2,6,50,13,9,1,4,4,6,6,4,4,1,4,5,2,17,3,10,3,1,B03,7,13,1,8,9,4,,76,76,1,12,4,120.652597,24.113154,2
10714,66000,387130000C,(04)23274275,(04)23288582,2025,10,28,10,12,臺中市,神岡區,0,1,0,5,3,6,40,13,9,1,4,4,6,6,4,4,5,4,4,2,16,3,10,1,1,C03,7,6,1,10,2,14,,48,48,1,13,4,120.682347,24.246862,2
10715,66000,387130000C,(04)23274275,(04)23288582,2025,10,28,10,15,臺中市,南區,0,1,0,5,3,6,50,13,9,1,4,4,6,6,4,4,2,5,5,2,13,2,9,2,1,C03,7,9,1,10,2,11,,7,7,1,6,4,120.649846,24.121079,2
10716,66000,387130000C,(04)23274275,(04)23288582,2025,10,28,10,15,臺中市,東區,0,1,0,5,1,6,50,13,8,1,4,4,6,6,4,4,5,3,4,2,17,3,10,3,1,B01,7,7,1,4,2,5,,40,40,1,12,4,120.691062,24.142783,2