序號,縣市別代碼,機關代碼,市話,傳真,年,月,日,時,分,縣市,區,死亡數量,受傷數量,2-30,天候,道路照明設備,道路類別,道路速限,道路型態,事故位置,路面鋪裝,路面狀態,路面缺陷,障礙物,視距,號誌種類,號誌動作,分向設施,快車道或一般車道間,快慢車道間,路面邊線,事故類型及型態,受傷程度,主要傷處,保護裝備,行動電話或功能裝置,當事者區分(類別),車輛用途,當事者行動狀態,駕照狀態,駕照種類,飲酒情形,車輛撞擊部位最初,車輛撞擊部位其他,肇事因素個別,肇事因素主要,肇事逃逸,職業,共享經濟或外送平台,GPS座標X,GPS座標Y,事故類別
10717,66000,387130000C,(04)23274275,(04)23288582,2025,10,28,10,15,臺中市,北屯區,0,1,0,5,2,6,50,13,9,1,4,4,6,6,4,4,5,5,5,2,17,2,9,1,1,F03,7,15,7,21,2,11,,54,54,1,4,4,120.730365,24.17208,2
10718,66000,387130000C,(04)23274275,(04)23288582,2025,10,28,10,17,臺中市,中區,0,2,0,5,2,6,50,13,9,1,4,4,6,6,4,4,1,4,5,2,17,2,9,1,1,C03,7,9,1,10,2,11,,7,7,1,12,4,120.685443,24.142422,2
10719,66000,387130000C,(04)23274275,(04)23288582,2025,10,28,10,17,臺中市,東區,0,2,0,7,1,6,50,13,9,1,5,4,6,6,4,4,9,4,5,2,16,2,8,1,1,C03,7,11,1,10,1,11,12,39,39,1,12,4,120.703633,24.131615,2
10720,66000,387130000C,(04)23274275,(04)23288582,2025,10,28,10,17,臺中市,龍井區,0,1,0,5,2,6,30,4,2,1,4,4,6,6,4,4,5,5,4,1,16,3,10,5,4,B03,7,6,1,8,2,15,,14,14,1,12,4,120.588936,24.188423,2
10721,66000,387130000C,(04)23274275,(04)23288582,2025,10,28,10,21,臺中市,南屯區,0,0,0,5,,,50,,,,,,,,,,,,,,17,,,,,C03,,,1,,1,,,51,51,1,12,4,120.643565,24.138401,3
10722,66000,387130000C,(04)23274275,(04)23288582,2025,10,28,10,22,臺中市,北屯區,0,1,0,7,3,6,50,3,2,1,5,4,6,6,4,4,1,4,4,2,17,3,10,3,1,B03,7,5,1,8,2,2,,14,14,1,6,4,120.702211,24.185926,2
10723,66000,387130000C,(04)23274275,(04)23288582,2025,10,28,10,28,臺中市,南屯區,0,1,0,5,3,6,30,13,9,1,4,4,6,6,4,4,10,5,5,2,18,2,9,1,1,C03,7,9,1,10,2,14,,59,59,1,12,4,120.639306,24.137595,2
10724,66000,387130000C,(04)23274275,(04)23288582,2025,10,28,10,29,臺中市,西屯區,0,1,0,5,2,6,50,3,1,1,4,4,6,6,4,4,10,5,5,2,18,2,8,1,4,C03,7,9,1,10,2,14,,43,43,1,12,4,120.644487,24.173343,2
10725,66000,387130000C,(04)23274275,(04)23288582,2025,10,28,10,31,臺中市,南屯區,0,0,0,5,3,6,40,13,8,1,4,4,6,6,4,4,9,5,4,2,17,,,,,B03,,,1,,2,,,84,84,1,12,4,120.645009,24.153785,3
10726,66000,387130000C,(04)23274275,(04)23288582,2025,10,28,10,31,臺中市,大里區,0,3,0,5,3,6,30,3,8,1,4,4,6,6,4,4,1,4,4,2,17,3,10,3,1,B12,7,14,1,8,2,15,,84,84,1,12,4,120.663572,24.107938,2
10727,66000,387130000C,(04)23274275,(04)23288582,2025,10,28,10,35,臺中市,東區,0,0,0,5,1,6,50,13,7,1,4,4,6,6,4,4,5,4,4,2,13,3,10,3,1,B03,7,,1,8,1,1,,84,84,1,12,4,120.698408,24.139087,3
10728,66000,387130000C,(04)23274275,(04)23288582,2025,10,28,10,35,臺中市,大肚區,0,1,0,5,2,6,50,3,2,1,4,4,6,6,2,1,5,2,5,2,30,2,9,5,4,C03,7,5,1,10,2,14,,84,84,1,6,4,120.580139,24.168406,2
10729,66000,387130000C,(04)23274275,(04)23288582,2025,10,28,10,45,臺中市,太平區,0,1,0,5,3,6,50,4,1,1,4,4,6,6,4,4,10,5,5,2,3,3,10,3,1,B03,7,6,1,7,2,1,,10,10,1,6,4,120.721404,24.119837,2
10730,66000,387130000C,(04)23274275,(04)23288582,2025,10,28,10,48,臺中市,太平區,0,0,0,5,,,50,,,,,,,,,,,,,,17,,,,,B03,,,1,,1,,,8,8,1,13,4,120.707424,24.153077,3
10731,66000,387130000C,(04)23274275,(04)23288582,2025,10,28,10,48,臺中市,烏日區,0,1,0,5,2,6,50,4,1,1,4,4,6,6,1,1,5,4,5,1,13,3,10,3,1,B03,7,11,1,8,2,4,,45,45,1,6,4,120.643401,24.079749,2
10732,66000,387130000C,(04)23274275,(04)23288582,2025,10,28,10,49,臺中市,梧棲區,0,0,0,5,,,50,,,,,,,,,,,,,,15,,,,,B03,,,1,,2,,,21,21,1,6,4,120.537104,24.242361,3
10733,66000,387130000C,(04)23274275,(04)23288582,2025,10,28,10,52,臺中市,北區,0,1,0,5,2,6,50,13,9,1,4,4,6,6,2,1,5,4,5,2,13,2,9,1,1,C03,7,9,1,10,2,11,,7,7,1,12,4,120.682036,24.154327,2
10734,66000,387130000C,(04)23274275,(04)23288582,2025,10,28,10,53,臺中市,大里區,0,0,0,6,,,50,,,,,,,,,,,,,,17,,,,,B03,,,1,,2,,,7,7,1,12,4,120.672317,24.102452,3
10735,66000,387130000C,(04)23274275,(04)23288582,2025,10,28,10,54,臺中市,南屯區,0,1,0,5,3,6,40,13,8,1,4,4,6,6,4,4,5,5,4,2,17,3,10,2,4,C03,7,9,1,10,2,11,,7,7,1,6,4,120.626212,24.113113,2
10736,66000,387130000C,(04)23274275,(04)23288582,2025,10,28,10,57,臺中市,大里區,0,1,0,5,2,6,50,3,9,1,4,4,6,6,4,4,10,5,5,2,18,2,9,2,1,C03,7,9,3,19,2,14,,84,84,1,6,4,120.706766,24.092281,2
10737,66000,387130000C,(04)23274275,(04)23288582,2025,10,28,10,59,臺中市,南屯區,0,0,0,5,,,40,,,,,,,,,,,,,,17,,,,,B03,,,1,,2,,,49,49,1,12,4,120.612719,24.14862,3
10738,66000,387130000C,(04)23274275,(04)23288582,2025,10,28,11,0,臺中市,中區,0,1,0,5,2,6,50,4,2,1,4,4,6,6,2,1,10,3,5,2,12,3,10,3,1,B03,7,6,1,8,2,2,,48,48,1,12,4,120.680291,24.143066,2
10739,66000,387130000C,(04)23274275,(04)23288582,2025,10,28,11,1,臺中市,大甲區,0,1,0,5,2,6,40,13,9,1,4,4,6,6,4,4,6,3,5,1,12,3,10,3,1,B03,7,11,1,10,2,8,,46,46,1,12,4,120.618578,24.349988,2
10740,66000,387130000C,(04)23274275,(04)23288582,2025,10,28,11,2,臺中市,神岡區,0,1,0,6,2,6,40,4,1,1,4,4,6,6,1,1,10,5,5,2,17,2,9,3,1,B03,7,6,1,8,2,1,,11,11,1,6,4,120.677507,24.26489,2
10741,66000,387130000C,(04)23274275,(04)23288582,2025,10,28,11,6,臺中市,南屯區,0,0,0,5,,,50,,,,,,,,,,,,,,17,,,,,B03,,,1,,9,,,84,84,2,13,4,120.626745,24.140497,3
10742,66000,387130000C,(04)23274275,(04)23288582,2025,10,28,11,7,臺中市,西屯區,0,0,0,5,,,50,,,,,,,,,,,,,,17,,,,,B03,,,1,,1,,,8,8,1,12,4,120.646955,24.158799,3
10743,66000,387130000C,(04)23274275,(04)23288582,2025,10,28,11,7,臺中市,西屯區,0,0,0,5,,,30,,,,,,,,,,,,,,16,,,,,B03,,,1,,2,,,47,47,1,12,4,120.602574,24.183619,3
10744,66000,387130000C,(04)23274275,(04)23288582,2025,10,28,11,9,臺中市,東區,0,1,0,5,2,6,50,5,1,1,4,4,6,6,2,1,10,5,5,2,17,3,10,3,1,B03,7,15,1,8,2,2,,26,26,1,12,4,120.693365,24.132883,2
10745,66000,387130000C,(04)23274275,(04)23288582,2025,10,28,11,14,臺中市,南區,0,0,0,6,,,50,,,,,,,,,,,,,,,,,,,B03,,,1,,1,,,7,7,1,6,4,120.6702,24.114155,4
10746,66000,387130000C,(04)23274275,(04)23288582,2025,10,28,11,15,臺中市,大雅區,0,0,0,7,,,50,,,,,,,,,,,,,,,,,,,B03,,,1,,1,,,47,47,1,12,4,120.645802,24.225732,3
10747,66000,387130000C,(04)23274275,(04)23288582,2025,10,28,11,15,臺中市,南屯區,0,1,0,5,3,6,50,4,1,1,4,4,6,6,4,4,10,5,5,2,17,2,9,2,4,C03,7,9,1,10,2,14,,59,59,1,6,4,120.639724,24.138853,2
10748,66000,387130000C,(04)23274275,(04)23288582,2025,10,28,11,16,臺中市,西屯區,0,0,0,5,,,50,,,,,,,,,,,,,,13,,,,,B03,,,1,,2,,,7,7,1,12,4,120.603422,24.18287,3
10749,66000,387130000C,(04)23274275,(04)23288582,2025,10,28,11,17,臺中市,南屯區,0,3,0,5,1,6,50,4,1,1,4,4,6,6,1,1,5,5,5,2,17,2,9,5,4,C03,7,6,1,10,2,15,,85,85,1,13,4,120.641451,24.138387,2
10750,66000,387130000C,(04)23274275,(04)23288582,2025,10,28,11,17,臺中市,太平區,0,1,0,5,3,6,30,4,1,1,4,4,6,6,4,4,5,5,5,2,15,3,10,3,1,B11,7,9,1,4,1,8,,12,12,1,12,4,120.719633,24.149928,2
10751,66000,387130000C,(04)23274275,(04)23288582,2025,10,28,11,26,臺中市,豐原區,0,0,0,5,,,50,,,,,,,,,,,,,,13,,,,,B03,,,1,,2,,,84,84,1,12,4,120.716368,24.251533,3
10752,66000,387130000C,(04)23274275,(04)23288582,2025,10,28,11,28,臺中市,北區,0,1,0,5,2,6,50,4,2,1,4,4,6,6,2,1,10,5,5,2,17,3,10,3,1,B03,7,9,1,8,2,6,,21,21,1,13,4,120.667163,24.165329,2
10753,66000,387130000C,(04)23274275,(04)23288582,2025,10,28,11,30,臺中市,大雅區,0,1,0,5,3,6,50,13,9,1,4,4,6,6,1,1,4,5,5,1,17,2,8,5,4,C03,7,9,1,10,2,11,,7,7,1,13,4,120.667807,24.215595,2
10754,66000,387130000C,(04)23274275,(04)23288582,2025,10,28,11,30,臺中市,大雅區,0,1,0,7,3,6,50,3,1,1,5,4,6,6,4,4,10,5,5,1,16,3,10,5,4,B03,7,6,1,8,2,4,,12,12,1,12,4,120.645575,24.208324,2
10755,66000,387130000C,(04)23274275,(04)23288582,2025,10,28,11,30,臺中市,太平區,0,2,0,5,3,6,50,3,19,1,4,4,6,6,4,4,10,5,5,2,3,2,9,1,1,C03,7,9,3,19,2,11,,10,10,1,6,4,120.726888,24.149934,2
10756,66000,387130000C,(04)23274275,(04)23288582,2025,10,28,11,32,臺中市,潭子區,0,2,0,5,3,6,50,13,9,1,4,4,6,6,4,4,9,5,5,2,17,3,10,1,1,C03,7,11,1,10,2,14,,84,84,1,13,4,120.701659,24.189724,2
10757,66000,387130000C,(04)23274275,(04)23288582,2025,10,28,11,34,臺中市,西屯區,0,1,0,5,2,6,50,3,20,1,4,4,6,6,4,4,10,5,5,2,3,3,10,5,4,B03,7,9,1,8,2,5,,87,87,1,13,4,120.645993,24.172787,2
10758,66000,387130000C,(04)23274275,(04)23288582,2025,10,28,11,35,臺中市,大雅區,0,1,0,5,3,6,50,3,2,1,4,4,6,6,1,1,4,3,4,2,17,3,10,5,4,B02,7,5,1,8,2,6,,85,85,1,13,4,120.650942,24.216443,2
10759,66000,387130000C,(04)23274275,(04)23288582,2025,10,28,11,35,臺中市,西區,0,1,0,5,2,6,50,4,1,1,4,4,6,6,2,1,10,5,5,2,16,3,10,3,1,B03,7,5,1,8,2,6,2,11,11,1,13,4,120.665177,24.147989,2
10760,66000,387130000C,(04)23274275,(04)23288582,2025,10,28,11,35,臺中市,西屯區,0,0,0,6,,,25,,,,,,,,,,,,,,17,,,,,A12,,,1,,1,,,82,82,1,12,4,120.645296,24.178982,3
10761,66000,387130000C,(04)23274275,(04)23288582,2025,10,28,11,35,臺中市,清水區,0,0,0,7,,,50,,,,,,,,,,,,,,17,,,,,B11,,,1,,2,,,49,49,1,12,4,120.575186,24.271905,3
10762,66000,387130000C,(04)23274275,(04)23288582,2025,10,28,11,36,臺中市,清水區,0,1,0,5,3,6,50,13,9,1,4,4,6,6,4,4,5,5,5,1,17,3,10,3,1,B03,7,1,1,8,9,16,,51,51,1,12,4,120.551305,24.265043,2
10763,66000,387130000C,(04)23274275,(04)23288582,2025,10,28,11,37,臺中市,龍井區,0,2,0,7,2,6,50,3,1,1,4,4,6,6,1,1,3,2,4,2,12,2,8,1,1,C03,7,9,1,10,2,13,,2,2,1,12,4,120.546172,24.194256,2
10764,66000,387130000C,(04)23274275,(04)23288582,2025,10,28,11,42,臺中市,大里區,0,0,0,5,,,30,,,,,,,,,,,,,,,,,,,B03,,,1,,2,,,8,8,1,13,4,120.694725,24.08949,3
10765,66000,387130000C,(04)23274275,(04)23288582,2025,10,28,11,45,臺中市,大肚區,0,0,0,5,,,30,,,,,,,,,,,,,,,,,,,B03,,,1,,2,,,8,8,1,6,4,120.540277,24.16235,4
10766,66000,387130000C,(04)23274275,(04)23288582,2025,10,28,11,46,臺中市,沙鹿區,0,1,0,6,2,6,50,3,1,1,4,4,6,6,4,4,1,4,4,2,17,3,10,3,1,B03,7,11,1,8,2,8,,45,45,1,11,4,120.559976,24.239083,2
10767,66000,387130000C,(04)23274275,(04)23288582,2025,10,28,11,50,臺中市,南屯區,0,0,0,5,,,50,,,,,,,,,,,,,,17,,,,,B03,,,1,,1,,,50,50,1,12,4,120.610334,24.136308,3
10768,66000,387130000C,(04)23274275,(04)23288582,2025,10,28,11,54,臺中市,南屯區,0,1,0,5,3,6,50,13,9,1,4,4,6,6,1,1,5,4,5,2,18,2,9,1,1,C03,7,9,5,19,2,14,,59,59,1,12,4,120.646716,24.137489,2
10769,66000,387130000C,(04)23274275,(04)23288582,2025,10,28,11,56,臺中市,大里區,0,1,0,6,2,6,50,4,1,1,4,4,6,6,1,1,10,5,5,1,18,2,9,1,1,C03,7,9,1,10,2,14,,43,43,1,12,4,120.680113,24.104455,2
10770,66000,387130000C,(04)23274275,(04)23288582,2025,10,28,11,57,臺中市,北屯區,0,1,0,5,3,6,50,3,1,1,4,4,6,6,4,4,10,5,5,2,18,2,9,1,1,C03,7,9,1,10,2,12,,82,82,1,6,4,120.693341,24.17438,2
10771,66000,387130000C,(04)23274275,(04)23288582,2025,10,28,11,58,臺中市,潭子區,0,1,0,5,3,6,50,13,9,1,4,4,6,6,4,4,3,4,5,2,13,3,10,3,1,B12,7,9,1,8,2,1,,59,59,1,13,4,120.720025,24.228302,2
10772,66000,387130000C,(04)23274275,(04)23288582,2025,10,28,11,58,臺中市,大雅區,0,0,0,7,,,30,,,,,,,,,,,,,,,,,,,A11,,,1,,2,,,8,8,1,12,4,120.64509,24.212959,3
10773,66000,387130000C,(04)23274275,(04)23288582,2025,10,28,11,59,臺中市,西屯區,0,1,0,6,2,6,50,4,1,1,5,4,6,6,2,1,10,5,5,2,17,3,10,3,1,B02,7,6,1,8,2,16,,11,11,1,12,4,120.636018,24.169227,2
10774,66000,387130000C,(04)23274275,(04)23288582,2025,10,28,12,2,臺中市,清水區,0,0,0,7,,,30,,,,,,,,,,,,,,,,,,,B03,,,1,,1,,,6,6,1,12,4,120.548637,24.274735,3
10775,66000,387130000C,(04)23274275,(04)23288582,2025,10,28,12,5,臺中市,大雅區,0,1,0,5,3,6,30,3,1,1,4,4,6,6,4,4,10,5,5,2,17,3,10,5,4,B03,7,5,1,8,2,7,,14,14,1,13,4,120.641345,24.211072,2
10776,66000,387130000C,(04)23274275,(04)23288582,2025,10,28,12,5,臺中市,中區,0,0,0,7,,,50,,,,,,,,,,,,,,,,,,,B03,,,1,,2,,,84,84,1,12,4,120.674415,24.143137,3
10777,66000,387130000C,(04)23274275,(04)23288582,2025,10,28,12,5,臺中市,大里區,0,1,0,6,2,6,50,4,1,1,4,4,6,6,1,1,10,5,5,2,17,3,10,2,1,C03,7,1,1,10,2,11,,51,51,1,12,4,120.69635,24.086793,2
10778,66000,387130000C,(04)23274275,(04)23288582,2025,10,28,12,5,臺中市,神岡區,0,1,0,7,3,6,30,11,9,1,5,4,6,6,4,4,10,5,5,2,11,4,11,1,1,C03,7,9,1,10,2,11,,84,84,1,13,4,120.711996,24.259062,2
10779,66000,387130000C,(04)23274275,(04)23288582,2025,10,28,12,9,臺中市,北區,0,1,0,6,2,6,30,3,1,1,4,4,6,6,4,4,10,5,5,2,17,3,10,1,1,C03,7,6,1,10,2,16,,84,84,1,13,4,120.691001,24.149911,2
10780,66000,387130000C,(04)23274275,(04)23288582,2025,10,28,12,9,臺中市,西屯區,0,1,0,5,2,6,50,13,7,1,4,4,6,6,4,4,9,4,4,2,16,3,10,3,1,B03,7,11,1,8,2,2,,45,45,1,12,4,120.638456,24.157027,2
10781,66000,387130000C,(04)23274275,(04)23288582,2025,10,28,12,14,臺中市,西屯區,0,1,0,7,2,6,40,3,1,1,5,4,6,6,4,4,10,5,5,2,11,3,10,3,4,B03,7,6,1,8,2,8,,14,14,1,12,4,120.644249,24.175078,2
10782,66000,387130000C,(04)23274275,(04)23288582,2025,10,28,12,15,臺中市,清水區,0,1,0,6,3,6,50,3,2,1,5,4,6,6,4,4,5,4,4,1,17,2,9,2,1,C03,7,5,1,10,2,11,,47,47,1,12,4,120.553906,24.259782,2
10783,66000,387130000C,(04)23274275,(04)23288582,2025,10,28,12,17,臺中市,太平區,0,1,0,5,2,6,50,13,9,1,4,4,6,6,1,1,5,4,5,2,13,3,10,3,1,B02,7,1,1,8,2,1,,84,84,1,13,4,120.714696,24.110388,2
10784,66000,387130000C,(04)23274275,(04)23288582,2025,10,28,12,20,臺中市,北區,0,2,0,7,2,6,40,13,8,1,5,4,6,6,4,4,5,5,4,2,3,2,9,6,5,H01,8,16,7,21,10,17,,98,98,1,12,5,120.680345,24.159341,2
10785,66000,387130000C,(04)23274275,(04)23288582,2025,10,28,12,20,臺中市,南屯區,0,1,0,5,3,6,40,4,4,1,4,4,6,6,2,1,1,5,1,2,13,3,10,2,4,C03,7,9,1,10,2,11,,59,59,1,6,4,120.622689,24.140651,2
10786,66000,387130000C,(04)23274275,(04)23288582,2025,10,28,12,24,臺中市,太平區,0,1,0,5,3,6,50,13,9,1,4,4,6,6,4,4,9,5,5,2,18,2,8,2,1,C03,7,9,1,10,2,14,,84,84,1,12,4,120.725308,24.151502,2
10787,66000,387130000C,(04)23274275,(04)23288582,2025,10,28,12,26,臺中市,南區,0,1,0,7,2,6,40,4,1,1,5,4,6,6,2,1,10,5,5,2,18,2,9,2,1,C03,7,9,1,10,2,14,,84,84,1,12,4,120.668596,24.114589,2
10788,66000,387130000C,(04)23274275,(04)23288582,2025,10,28,12,27,臺中市,西屯區,0,1,0,5,2,6,50,5,1,1,4,4,6,6,2,1,10,5,5,2,13,2,7,2,4,C03,7,9,1,10,1,11,,7,7,1,13,4,120.649699,24.162911,2
10789,66000,387130000C,(04)23274275,(04)23288582,2025,10,28,12,27,臺中市,霧峰區,0,0,0,6,,,50,,,,,,,,,,,,,,11,,,,,B03,,,1,,2,,,35,35,1,6,4,120.662471,24.061723,3
10790,66000,387130000C,(04)23274275,(04)23288582,2025,10,28,12,28,臺中市,北區,0,1,0,7,2,6,50,13,9,1,5,4,6,6,4,4,1,3,5,2,13,3,10,3,1,B03,7,9,1,8,2,1,,56,56,1,13,4,120.690614,24.159635,2
10791,66000,387130000C,(04)23274275,(04)23288582,2025,10,28,12,29,臺中市,豐原區,0,0,0,5,,,50,,,,,,,,,,,,,,12,,,,,B03,,,1,,2,,,8,8,1,6,4,120.728189,24.252379,4
10792,66000,387130000C,(04)23274275,(04)23288582,2025,10,28,12,31,臺中市,東區,0,1,0,5,1,6,50,4,1,1,4,4,6,6,1,1,9,4,5,2,18,2,9,1,1,C03,7,9,1,10,2,14,,7,7,1,12,4,120.702184,24.138882,2
10793,66000,387130000C,(04)23274275,(04)23288582,2025,10,28,12,31,臺中市,豐原區,0,0,0,5,,,50,,,,,,,,,,,,,,14,,,,,B03,,,1,,11,,,50,50,1,12,4,120.725223,24.256834,3
10794,66000,387130000C,(04)23274275,(04)23288582,2025,10,28,12,39,臺中市,南區,0,0,0,7,,,50,,,,,,,,,,,,,,,,,,,C03,,,1,,1,,,7,7,1,6,4,120.685112,24.129904,3
10795,66000,387130000C,(04)23274275,(04)23288582,2025,10,28,12,40,臺中市,豐原區,0,1,0,6,2,6,50,13,7,1,4,4,6,6,4,4,5,4,4,2,16,3,10,1,1,C03,7,6,1,10,2,13,,39,39,1,12,4,120.707906,24.246972,2
10796,66000,387130000C,(04)23274275,(04)23288582,2025,10,28,12,46,臺中市,霧峰區,0,2,0,6,2,6,30,4,1,1,4,4,6,6,4,4,10,5,5,1,15,2,7,2,1,C03,7,9,1,10,2,11,,12,12,1,13,4,120.687827,24.042909,2
10797,66000,387130000C,(04)23274275,(04)23288582,2025,10,28,12,50,臺中市,西屯區,0,0,0,6,,,40,,,,,,,,,,,,,,12,,,,,B01,,,1,,1,,,1,1,1,12,4,120.635472,24.172211,3
10798,66000,387130000C,(04)23274275,(04)23288582,2025,10,28,12,51,臺中市,西屯區,0,2,0,5,2,6,30,3,19,1,4,4,6,6,4,4,9,5,5,2,3,2,9,1,1,C03,7,9,1,10,2,11,,10,10,1,12,4,120.642924,24.18911,2
10799,66000,387130000C,(04)23274275,(04)23288582,2025,10,28,12,53,臺中市,北屯區,0,0,0,7,,,50,,,,,,,,,,,,,,14,,,,,B03,,,1,,1,,,49,49,1,6,4,120.721061,24.175141,4
10800,66000,387130000C,(04)23274275,(04)23288582,2025,10,28,12,55,臺中市,北屯區,0,0,0,5,,,50,,,,,,,,,,,,,,12,,,,,B03,,,1,,2,,,45,45,1,6,4,120.72532,24.158489,3
10801,66000,387130000C,(04)23274275,(04)23288582,2025,10,28,13,0,臺中市,后里區,0,0,0,6,3,6,50,13,14,1,4,4,6,6,4,4,9,5,5,1,17,3,10,3,1,A11,7,9,1,8,2,3,,84,84,1,6,4,120.717658,24.307855,3
10802,66000,387130000C,(04)23274275,(04)23288582,2025,10,28,13,2,臺中市,西區,0,1,0,5,2,6,40,3,1,1,4,4,6,6,4,4,10,5,5,2,17,2,9,1,1,C04,7,9,1,8,2,14,,84,84,1,13,4,120.65525,24.146224,2
10803,66000,387130000C,(04)23274275,(04)23288582,2025,10,28,13,4,臺中市,神岡區,0,1,0,5,1,6,50,13,9,1,4,4,6,6,4,4,5,4,4,2,18,2,9,1,4,C03,7,9,1,10,2,12,,84,84,1,12,4,120.660589,24.270194,2
10804,66000,387130000C,(04)23274275,(04)23288582,2025,10,28,13,5,臺中市,北區,0,0,0,5,,,30,,,,,,,,,,,,,,14,,,,,B01,,,1,,2,,,49,49,1,13,4,120.683879,24.161195,3
10805,66000,387130000C,(04)23274275,(04)23288582,2025,10,28,13,7,臺中市,神岡區,0,1,0,7,2,6,1,13,9,1,4,4,6,6,4,4,5,5,5,1,17,2,8,2,1,C03,7,12,1,10,2,11,,59,59,1,6,4,120.701178,24.251252,2
10806,66000,387130000C,(04)23274275,(04)23288582,2025,10,28,13,9,臺中市,南區,0,0,0,7,,,50,,,,,,,,,,,,,,13,,,,,B03,,,1,,1,,,7,7,1,12,4,120.652113,24.118259,3
10807,66000,387130000C,(04)23274275,(04)23288582,2025,10,28,13,9,臺中市,太平區,0,1,0,5,2,6,50,13,12,1,4,4,6,6,4,4,9,4,4,2,17,3,10,3,1,B12,7,13,1,8,2,4,,76,76,1,12,4,120.716854,24.151738,2
10808,66000,387130000C,(04)23274275,(04)23288582,2025,10,28,13,11,臺中市,西屯區,0,0,0,5,,,50,,,,,,,,,,,,,,13,,,,,A04,,,1,,1,,,7,7,1,12,4,120.636321,24.160222,3
10809,66000,387130000C,(04)23274275,(04)23288582,2025,10,28,13,17,臺中市,豐原區,0,0,0,5,,,30,,,,,,,,,,,,,,17,,,,,C03,,,1,,2,,,12,12,1,12,4,120.73383,24.247666,4
10810,66000,387130000C,(04)23274275,(04)23288582,2025,10,28,13,20,臺中市,霧峰區,0,1,0,5,2,6,50,4,1,1,4,4,6,6,4,4,10,5,5,2,15,2,9,2,1,C03,7,9,3,19,2,11,,20,20,1,13,4,120.697547,24.062653,2
10811,66000,387130000C,(04)23274275,(04)23288582,2025,10,28,13,21,臺中市,北區,0,1,0,5,2,6,30,13,9,4,4,2,6,6,2,1,1,4,5,1,18,2,9,1,1,C03,7,9,1,10,1,12,,84,84,1,12,4,120.667559,24.15732,2
10812,66000,387130000C,(04)23274275,(04)23288582,2025,10,28,13,24,臺中市,北屯區,0,0,0,5,,,50,,,,,,,,,,,,,,14,,,,,B12,,,1,,2,,,49,49,1,6,4,120.674738,24.202889,3
10813,66000,387130000C,(04)23274275,(04)23288582,2025,10,28,13,29,臺中市,西區,0,1,0,6,2,6,40,13,8,1,4,4,6,6,4,4,1,4,4,2,17,2,9,1,1,C03,7,9,1,10,2,11,,7,7,1,13,4,120.657091,24.142127,2
10814,66000,387130000C,(04)23274275,(04)23288582,2025,10,28,13,30,臺中市,東區,0,0,0,6,,,50,,,,,,,,,,,,,,,,,,,B12,,,1,,2,,,49,49,1,6,4,120.697051,24.150278,4
10815,66000,387130000C,(04)23274275,(04)23288582,2025,10,28,13,31,臺中市,北區,0,0,0,7,,,30,,,,,,,,,,,,,,17,,,,,C03,,,1,,2,,,26,26,1,13,4,120.67585,24.147225,3
10816,66000,387130000C,(04)23274275,(04)23288582,2025,10,28,13,38,臺中市,西區,0,0,0,6,,,50,,,,,,,,,,,,,,13,,,,,B03,,,1,,1,,,84,84,1,12,4,120.655481,24.150995,3
10817,66000,387130000C,(04)23274275,(04)23288582,2025,10,28,13,39,臺中市,大甲區,0,0,0,7,,,50,,,,,,,,,,,,,,,,,,,B03,,,1,,1,,,7,7,1,6,4,120.626272,24.358125,3
10818,66000,387130000C,(04)23274275,(04)23288582,2025,10,28,13,40,臺中市,大雅區,0,0,0,6,,,0,,,,,,,,,,,,,,,,,,,B03,,,1,,1,,,50,50,1,13,4,120.652804,24.221478,3
10819,66000,387130000C,(04)23274275,(04)23288582,2025,10,28,13,41,臺中市,北屯區,0,1,0,6,2,6,50,4,1,1,4,4,6,6,2,1,10,5,5,2,16,3,10,3,1,B03,7,6,1,8,2,6,,11,11,1,6,4,120.690421,24.175468,2
10820,66000,387130000C,(04)23274275,(04)23288582,2025,10,28,13,43,臺中市,西屯區,0,2,0,6,2,6,40,5,2,1,4,4,6,6,2,1,1,1,1,1,13,2,9,3,4,B03,7,9,1,8,2,1,,59,59,1,12,4,120.644164,24.201417,2
10821,66000,387130000C,(04)23274275,(04)23288582,2025,10,28,13,43,臺中市,太平區,0,1,0,5,3,6,50,13,9,1,4,4,6,6,4,4,9,4,5,2,12,3,10,3,1,B03,7,11,1,8,2,8,,45,45,1,6,4,120.719223,24.149342,2
10822,66000,387130000C,(04)23274275,(04)23288582,2025,10,28,13,44,臺中市,北屯區,0,0,0,6,,,50,,,,,,,,,,,,,,13,,,,,B03,,,1,,1,,,56,56,1,12,4,120.694047,24.164152,3
10823,66000,387130000C,(04)23274275,(04)23288582,2025,10,28,13,50,臺中市,清水區,0,0,0,5,,,50,,,,,,,,,,,,,,17,,,,,B03,,,1,,2,,,84,84,1,12,4,120.563193,24.258518,3
10824,66000,387130000C,(04)23274275,(04)23288582,2025,10,28,13,52,臺中市,沙鹿區,0,1,0,6,2,6,50,3,2,1,5,4,6,6,4,4,5,5,4,2,3,3,10,6,5,H01,8,16,7,21,10,17,,95,95,1,12,5,120.566264,24.234934,2
10825,66000,387130000C,(04)23274275,(04)23288582,2025,10,28,13,53,臺中市,太平區,0,1,0,6,2,6,50,13,7,1,4,4,6,6,4,4,5,5,4,2,12,2,9,2,1,C03,7,8,1,10,2,14,,40,40,1,13,4,120.712845,24.149785,2