序號,縣市別代碼,機關代碼,市話,傳真,年,月,日,時,分,縣市,區,死亡數量,受傷數量,2-30,天候,道路照明設備,道路類別,道路速限,道路型態,事故位置,路面鋪裝,路面狀態,路面缺陷,障礙物,視距,號誌種類,號誌動作,分向設施,快車道或一般車道間,快慢車道間,路面邊線,事故類型及型態,受傷程度,主要傷處,保護裝備,行動電話或功能裝置,當事者區分(類別),車輛用途,當事者行動狀態,駕照狀態,駕照種類,飲酒情形,車輛撞擊部位最初,車輛撞擊部位其他,肇事因素個別,肇事因素主要,肇事逃逸,職業,共享經濟或外送平台,GPS座標X,GPS座標Y,事故類別
10936,66000,387130000C,(04)23274275,(04)23288582,2025,10,28,17,23,臺中市,南區,0,0,0,7,,,50,,,,,,,,,,,,,,,,,,,B03,,,1,,1,,,84,84,1,13,4,120.679419,24.123617,3
10937,66000,387130000C,(04)23274275,(04)23288582,2025,10,28,17,25,臺中市,北區,0,0,0,7,,,50,,,,,,,,,,,,,,17,,,,,B03,,,1,,1,,,59,59,1,13,4,120.682051,24.151972,3
10938,66000,387130000C,(04)23274275,(04)23288582,2025,10,28,17,26,臺中市,南區,0,0,0,7,,,50,,,,,,,,,,,,,,,,,,,C03,,,1,,2,,,7,7,1,6,2,120.677654,24.126363,3
10939,66000,387130000C,(04)23274275,(04)23288582,2025,10,28,17,27,臺中市,大里區,0,1,0,7,2,6,40,3,1,1,5,4,6,6,1,1,5,2,4,2,17,3,10,3,1,B03,7,11,1,8,2,1,4,84,84,1,13,4,120.689335,24.118297,2
10940,66000,387130000C,(04)23274275,(04)23288582,2025,10,28,17,29,臺中市,龍井區,0,2,0,7,1,6,50,4,1,1,5,4,6,6,1,1,10,5,5,2,16,2,9,1,1,C03,7,6,1,10,2,12,,11,11,1,5,4,120.585178,24.184435,2
10941,66000,387130000C,(04)23274275,(04)23288582,2025,10,28,17,29,臺中市,后里區,0,0,0,7,1,6,50,13,14,1,5,4,6,6,4,4,5,5,4,1,17,3,10,3,1,B03,7,14,1,8,2,1,,84,84,1,12,4,120.717182,24.309565,3
10942,66000,387130000C,(04)23274275,(04)23288582,2025,10,28,17,30,臺中市,大里區,0,1,0,6,1,6,50,4,1,1,5,4,6,6,1,1,10,5,5,2,16,2,9,1,1,C03,7,6,1,10,2,11,,11,11,1,6,4,120.67873,24.097914,2
10943,66000,387130000C,(04)23274275,(04)23288582,2025,10,28,17,30,臺中市,清水區,0,2,0,7,1,6,50,4,1,1,5,4,6,6,1,1,8,2,4,1,17,2,9,1,1,C03,7,6,1,10,2,12,,20,20,1,12,4,120.576794,24.272234,2
10944,66000,387130000C,(04)23274275,(04)23288582,2025,10,28,17,30,臺中市,后里區,0,2,0,6,1,6,50,4,1,1,5,4,6,6,4,4,10,5,5,2,15,2,9,1,1,C03,7,9,1,10,2,12,,20,20,1,6,4,120.719684,24.306763,2
10945,66000,387130000C,(04)23274275,(04)23288582,2025,10,28,17,32,臺中市,西屯區,0,2,0,7,1,3,80,10,9,1,5,4,6,6,4,4,2,4,5,2,13,2,1,5,4,B03,7,8,1,8,2,1,,59,59,1,13,4,120.634948,24.179291,2
10946,66000,387130000C,(04)23274275,(04)23288582,2025,10,28,17,35,臺中市,清水區,0,0,0,7,,,50,,,,,,,,,,,,,,,,,,,B03,,,1,,2,,,8,8,1,12,4,120.576757,24.269885,3
10947,66000,387130000C,(04)23274275,(04)23288582,2025,10,28,17,36,臺中市,北區,0,1,0,7,2,6,40,13,8,1,5,4,6,6,4,4,1,4,4,2,17,2,9,3,1,B03,7,5,1,8,2,2,3,58,58,1,13,4,120.67251,24.169939,2
10948,66000,387130000C,(04)23274275,(04)23288582,2025,10,28,17,39,臺中市,豐原區,0,0,0,5,,,50,,,,,,,,,,,,,,13,,,,,B03,,,1,,2,,,59,59,1,12,4,120.728571,24.276494,3
10949,66000,387130000C,(04)23274275,(04)23288582,2025,10,28,17,40,臺中市,東區,0,1,0,7,3,6,50,4,1,1,5,4,6,6,2,1,10,5,5,2,13,2,9,2,1,C03,7,9,1,10,2,11,,7,7,1,13,4,120.698033,24.147964,2
10950,66000,387130000C,(04)23274275,(04)23288582,2025,10,28,17,40,臺中市,南屯區,0,1,0,7,1,6,40,13,8,1,5,4,6,6,4,4,9,5,4,2,17,3,10,1,1,C03,7,9,1,10,2,11,,84,84,1,13,4,120.641308,24.153919,2
10951,66000,387130000C,(04)23274275,(04)23288582,2025,10,28,17,40,臺中市,北屯區,0,0,0,7,,,50,,,,,,,,,,,,,,17,,,,,B03,,,1,,2,,,51,51,1,6,4,120.698692,24.183103,3
10952,66000,387130000C,(04)23274275,(04)23288582,2025,10,28,17,42,臺中市,南區,0,2,0,7,1,6,50,3,2,1,5,4,6,6,1,1,10,5,5,2,13,2,9,5,4,C03,7,9,1,10,2,11,,84,84,1,13,4,120.652703,24.107909,2
10953,66000,387130000C,(04)23274275,(04)23288582,2025,10,28,17,43,臺中市,烏日區,0,0,0,7,,3,80,,,,,,,,,,,,,,12,,,,,B03,,,1,,1,,,40,40,1,6,4,120.610777,24.099901,3
10954,66000,387130000C,(04)23274275,(04)23288582,2025,10,28,17,44,臺中市,大雅區,0,0,0,6,,,60,,,,,,,,,,,,,,,,,,,C03,,,1,,9,,,1,1,1,13,4,120.650389,24.211429,3
10955,66000,387130000C,(04)23274275,(04)23288582,2025,10,28,17,45,臺中市,中區,0,1,0,7,1,6,50,13,9,1,5,4,6,6,1,1,5,4,5,2,30,2,9,5,4,C03,7,9,1,10,2,14,,84,84,1,12,4,120.677352,24.144148,2
10956,66000,387130000C,(04)23274275,(04)23288582,2025,10,28,17,45,臺中市,北屯區,0,0,0,5,,,50,,,,,,,,,,,,,,14,,,,,B12,,,1,,1,,,84,84,1,6,4,120.782606,24.202138,3
10957,66000,387130000C,(04)23274275,(04)23288582,2025,10,28,17,47,臺中市,潭子區,0,1,0,6,3,6,50,4,1,1,5,4,6,6,1,1,5,4,4,2,17,3,10,2,1,C03,7,7,1,10,2,13,,85,85,1,13,4,120.692185,24.220175,2
10958,66000,387130000C,(04)23274275,(04)23288582,2025,10,28,17,47,臺中市,西屯區,0,1,0,7,1,6,50,3,1,1,5,4,6,6,4,4,10,5,5,2,13,2,9,5,4,C03,7,9,1,10,2,11,,7,7,1,12,4,120.664578,24.181813,2
10959,66000,387130000C,(04)23274275,(04)23288582,2025,10,28,17,48,臺中市,新社區,0,0,0,7,,,50,,,,,,,,,,,,,,,,,,,B03,,,1,,1,,,8,8,1,12,4,120.785126,24.242704,3
10960,66000,387130000C,(04)23274275,(04)23288582,2025,10,28,17,50,臺中市,西屯區,0,0,0,7,,,50,,,,,,,,,,,,,,13,,,,,B03,,,1,,1,,,7,7,1,13,4,120.645266,24.177976,3
10961,66000,387130000C,(04)23274275,(04)23288582,2025,10,28,17,50,臺中市,豐原區,0,0,0,7,1,6,50,13,9,1,5,4,6,6,4,4,5,2,5,1,12,3,10,3,1,B03,7,9,1,8,2,2,,84,84,1,12,4,120.713233,24.255037,3
10962,66000,387130000C,(04)23274275,(04)23288582,2025,10,28,17,51,臺中市,北屯區,0,1,0,7,1,6,50,4,2,1,5,4,6,6,1,1,1,5,5,2,17,2,9,1,1,C03,7,9,1,10,2,11,,26,26,1,12,4,120.67965,24.172812,2
10963,66000,387130000C,(04)23274275,(04)23288582,2025,10,28,17,54,臺中市,龍井區,0,1,0,7,1,6,60,3,1,1,5,4,6,6,4,4,5,4,5,1,15,2,8,1,1,C03,7,9,1,10,2,11,,13,13,1,6,4,120.51298,24.19654,2
10964,66000,387130000C,(04)23274275,(04)23288582,2025,10,28,17,55,臺中市,大雅區,0,1,0,7,1,6,30,13,9,1,5,4,6,6,4,4,10,5,5,2,30,2,9,5,4,C03,7,9,1,10,2,11,,84,84,1,13,4,120.653819,24.217869,2
10965,66000,387130000C,(04)23274275,(04)23288582,2025,10,28,17,58,臺中市,北區,0,1,0,6,2,6,50,13,9,1,5,4,6,6,4,4,1,4,5,2,17,3,10,1,1,C03,7,8,1,10,2,13,,40,40,1,13,4,120.686318,24.146254,2
10966,66000,387130000C,(04)23274275,(04)23288582,2025,10,28,17,58,臺中市,北區,0,2,0,7,1,6,40,4,1,1,5,4,6,6,4,4,5,5,4,2,13,2,9,1,1,C03,7,9,1,10,2,11,,7,7,1,12,4,120.683033,24.159214,2
10967,66000,387130000C,(04)23274275,(04)23288582,2025,10,28,17,58,臺中市,南區,0,0,0,7,,,50,,,,,,,,,,,,,,17,,,,,B03,,,1,,1,,,40,40,1,12,4,120.670148,24.112766,3
10968,66000,387130000C,(04)23274275,(04)23288582,2025,10,28,17,59,臺中市,南屯區,0,0,0,5,,,60,,,,,,,,,,,,,,13,,,,,B03,,,1,,1,,,59,59,1,12,4,120.64989,24.146809,4
10969,66000,387130000C,(04)23274275,(04)23288582,2025,10,28,18,0,臺中市,西區,0,2,0,6,1,6,50,4,2,1,5,4,6,6,1,1,5,5,5,2,13,2,9,2,1,C03,7,9,3,19,2,11,,59,59,1,13,4,120.654082,24.146796,2
10970,66000,387130000C,(04)23274275,(04)23288582,2025,10,28,18,0,臺中市,大里區,0,0,0,5,,,30,,,,,,,,,,,,,,13,,,,,C03,,,3,,2,,,6,6,1,13,4,120.670052,24.10704,3
10971,66000,387130000C,(04)23274275,(04)23288582,2025,10,28,18,1,臺中市,北屯區,0,0,0,7,,,50,,,,,,,,,,,,,,12,,,,,C03,,,1,,9,,,8,8,1,6,4,120.695578,24.164881,3
10972,66000,387130000C,(04)23274275,(04)23288582,2025,10,28,18,5,臺中市,北屯區,0,1,0,7,1,6,50,4,1,1,5,4,6,6,4,4,10,5,5,2,13,2,7,1,1,C03,7,9,1,9,1,11,13,7,7,1,12,4,120.694421,24.172957,2
10973,66000,387130000C,(04)23274275,(04)23288582,2025,10,28,18,5,臺中市,西屯區,0,1,0,7,1,6,50,13,9,1,5,4,6,6,4,4,5,4,5,2,28,2,9,2,1,C03,7,9,1,10,2,11,,59,59,1,12,4,120.604374,24.186929,2
10974,66000,387130000C,(04)23274275,(04)23288582,2025,10,28,18,8,臺中市,北屯區,0,2,0,7,1,6,50,13,9,1,5,4,6,6,4,4,1,5,5,2,13,2,9,1,1,C03,7,4,1,10,2,11,,84,84,1,6,4,120.69935,24.176432,2
10975,66000,387130000C,(04)23274275,(04)23288582,2025,10,28,18,9,臺中市,太平區,0,0,0,7,1,6,50,4,,1,5,4,6,6,1,1,4,1,5,1,14,,,,,B03,,,1,,1,,,45,45,1,12,4,120.701359,24.148058,3
10976,66000,387130000C,(04)23274275,(04)23288582,2025,10,28,18,10,臺中市,太平區,0,0,0,7,,,50,,,,,,,,,,,,,,13,,,,,B03,,,1,,2,,,7,7,1,12,4,120.734044,24.15592,3
10977,66000,387130000C,(04)23274275,(04)23288582,2025,10,28,18,11,臺中市,潭子區,0,0,0,7,,3,80,,,,,,,,,,,,,,,,,,,B12,,,1,,2,,,40,40,1,12,4,120.706253,24.216361,3
10978,66000,387130000C,(04)23274275,(04)23288582,2025,10,28,18,11,臺中市,大里區,0,0,0,7,,,30,,,,,,,,,,,,,,12,,,,,B03,,,1,,2,,,50,50,1,12,4,120.695734,24.090577,3
10979,66000,387130000C,(04)23274275,(04)23288582,2025,10,28,18,13,臺中市,西屯區,0,1,0,7,1,6,40,3,1,1,5,4,6,6,1,1,10,5,5,2,13,3,10,3,1,B03,7,6,1,8,2,7,,48,48,1,13,4,120.632863,24.172311,2
10980,66000,387130000C,(04)23274275,(04)23288582,2025,10,28,18,14,臺中市,沙鹿區,0,0,0,6,,,60,,,,,,,,,,,,,,12,,,,,B03,,,1,,9,,,40,40,1,12,4,120.558368,24.210874,3
10981,66000,387130000C,(04)23274275,(04)23288582,2025,10,28,18,14,臺中市,豐原區,0,1,0,6,1,6,50,13,9,1,5,4,6,6,4,4,9,5,5,1,17,3,10,3,1,B03,7,6,1,8,2,8,,85,85,1,13,4,120.727338,24.245111,2
10982,66000,387130000C,(04)23274275,(04)23288582,2025,10,28,18,15,臺中市,西屯區,0,0,0,7,,,70,,,,,,,,,,,,,,12,,,,,B03,,,1,,1,,,8,8,1,13,4,120.625462,24.178581,3
10983,66000,387130000C,(04)23274275,(04)23288582,2025,10,28,18,15,臺中市,豐原區,0,1,0,6,1,6,50,13,9,1,5,4,6,6,1,1,5,5,5,1,13,3,10,1,1,C03,7,9,1,10,2,11,,84,84,1,12,4,120.721068,24.268731,2
10984,66000,387130000C,(04)23274275,(04)23288582,2025,10,28,18,17,臺中市,南屯區,0,0,0,7,,,50,,,,,,,,,,,,,,13,,,,,C03,,,1,,1,,,84,84,1,13,4,120.617075,24.158401,3
10985,66000,387130000C,(04)23274275,(04)23288582,2025,10,28,18,17,臺中市,沙鹿區,0,0,0,7,,,50,,,,,,,,,,,,,,,,,,,B03,,,1,,1,,,7,7,1,12,4,120.569673,24.201854,3
10986,66000,387130000C,(04)23274275,(04)23288582,2025,10,28,18,17,臺中市,豐原區,0,1,0,6,1,6,50,4,1,1,5,4,6,6,2,1,5,5,4,2,16,3,10,3,1,B03,7,9,1,8,2,8,,7,7,1,12,4,120.710962,24.248936,2
10987,66000,387130000C,(04)23274275,(04)23288582,2025,10,28,18,18,臺中市,西屯區,0,0,0,7,,3,80,,,,,,,,,,,,,,13,,,,,B03,,,1,,1,,,7,7,1,12,4,120.633984,24.175332,3
10988,66000,387130000C,(04)23274275,(04)23288582,2025,10,28,18,20,臺中市,北屯區,0,0,0,7,,3,80,,,,,,,,,,,,,,13,,,,,B03,,,1,,2,,,7,7,1,12,4,120.720762,24.173918,3
10989,66000,387130000C,(04)23274275,(04)23288582,2025,10,28,18,21,臺中市,西屯區,0,1,0,7,1,6,50,13,7,1,5,4,6,6,4,4,3,4,4,2,13,2,9,5,4,C03,7,9,1,10,2,11,,7,7,1,13,4,120.657534,24.176048,2
10990,66000,387130000C,(04)23274275,(04)23288582,2025,10,28,18,21,臺中市,太平區,0,0,0,7,1,6,50,3,2,1,5,4,6,6,4,4,5,2,5,1,16,3,10,3,1,B12,7,11,1,8,2,8,,45,45,1,12,4,120.731326,24.134532,3
10991,66000,387130000C,(04)23274275,(04)23288582,2025,10,28,18,23,臺中市,龍井區,0,1,0,7,1,6,40,8,9,1,5,4,6,6,4,4,5,4,4,2,16,3,10,3,1,B03,7,11,1,8,2,4,,32,32,1,6,4,120.564496,24.200821,2
10992,66000,387130000C,(04)23274275,(04)23288582,2025,10,28,18,25,臺中市,西區,0,0,0,7,,,50,,,,,,,,,,,,,,,,,,,B03,,,1,8,1,,,84,84,1,13,4,120.659687,24.157317,3
10993,66000,387130000C,(04)23274275,(04)23288582,2025,10,28,18,26,臺中市,霧峰區,0,0,0,7,1,6,60,13,9,1,5,4,6,6,1,1,1,4,5,1,13,,,,,B03,,,1,,2,,,84,84,1,6,4,120.699738,24.073604,3
10994,66000,387130000C,(04)23274275,(04)23288582,2025,10,28,18,27,臺中市,南屯區,0,0,0,6,1,6,50,13,9,1,5,4,6,6,1,1,5,2,5,2,13,,,,,B03,,,1,,1,,,59,59,1,12,4,120.649747,24.145199,3
10995,66000,387130000C,(04)23274275,(04)23288582,2025,10,28,18,27,臺中市,烏日區,0,0,0,7,1,6,50,13,7,1,5,4,6,6,1,1,1,4,4,2,13,3,10,3,1,B03,7,15,1,8,1,1,,84,84,1,6,4,120.641381,24.115149,3
10996,66000,387130000C,(04)23274275,(04)23288582,2025,10,28,18,34,臺中市,豐原區,0,0,0,7,1,6,50,13,9,1,5,4,6,6,4,4,5,5,5,1,12,3,10,3,1,B03,7,1,1,8,2,1,,51,51,1,12,4,120.744725,24.264363,3
10997,66000,387130000C,(04)23274275,(04)23288582,2025,10,28,18,36,臺中市,東區,0,0,0,7,,,50,,,,,,,,,,,,,,,,,,,B03,,,1,,2,,,49,49,1,13,4,120.688773,24.134817,3
10998,66000,387130000C,(04)23274275,(04)23288582,2025,10,28,18,36,臺中市,南區,0,0,0,7,,,50,,,,,,,,,,,,,,13,,,,,B03,,,1,,1,,,7,7,1,6,4,120.670018,24.120681,3
10999,66000,387130000C,(04)23274275,(04)23288582,2025,10,28,18,37,臺中市,西屯區,0,0,0,7,,,50,,,,,,,,,,,,,,12,,,,,B12,,,1,,1,,,40,40,1,12,4,120.624206,24.178093,3
11000,66000,387130000C,(04)23274275,(04)23288582,2025,10,28,18,38,臺中市,梧棲區,0,0,0,6,,,30,,,,,,,,,,,,,,12,,,,,C03,,,1,,2,,,58,58,1,12,2,120.538088,24.248182,3
11001,66000,387130000C,(04)23274275,(04)23288582,2025,10,28,18,39,臺中市,梧棲區,0,0,0,6,,,50,,,,,,,,,,,,,,13,,,,,B02,,,1,,1,,,59,59,1,12,4,120.527651,24.243517,3
11002,66000,387130000C,(04)23274275,(04)23288582,2025,10,28,18,40,臺中市,北屯區,0,1,0,6,1,6,50,4,2,1,4,4,6,6,1,1,1,4,5,2,13,2,8,1,1,C03,7,5,1,10,1,11,,7,7,1,6,4,120.681768,24.18181,2
11003,66000,387130000C,(04)23274275,(04)23288582,2025,10,28,18,40,臺中市,梧棲區,0,1,0,5,1,6,50,13,9,1,4,4,6,6,2,1,5,5,5,2,13,2,3,1,1,C03,7,9,1,10,2,11,,59,59,1,12,4,120.538882,24.250093,2
11004,66000,387130000C,(04)23274275,(04)23288582,2025,10,28,18,41,臺中市,西屯區,0,0,0,7,,,30,,,,,,,,,,,,,,16,,,,,B03,,,1,,1,,,12,12,1,12,4,120.664495,24.171492,3
11005,66000,387130000C,(04)23274275,(04)23288582,2025,10,28,18,42,臺中市,北屯區,0,0,0,7,,,50,,,,,,,,,,,,,,13,,,,,C03,,,1,10,1,,,7,7,1,12,4,120.67948,24.172836,3
11006,66000,387130000C,(04)23274275,(04)23288582,2025,10,28,18,43,臺中市,西區,0,1,0,6,2,6,50,4,1,1,5,4,6,6,4,4,10,5,5,2,12,3,10,5,4,C03,7,9,1,10,2,12,,84,84,1,12,4,120.656751,24.146718,2
11007,66000,387130000C,(04)23274275,(04)23288582,2025,10,28,18,43,臺中市,西區,0,0,0,6,,,50,,,,,,,,,,,,,,17,,,,,B03,,,1,,2,,,84,84,1,12,4,120.656751,24.146718,3
11008,66000,387130000C,(04)23274275,(04)23288582,2025,10,28,18,47,臺中市,潭子區,0,2,0,7,1,6,50,13,9,1,5,4,6,6,4,4,9,5,5,1,12,2,9,2,1,C03,7,9,1,10,2,12,,8,8,1,12,4,120.710126,24.206926,2
11009,66000,387130000C,(04)23274275,(04)23288582,2025,10,28,18,47,臺中市,烏日區,0,2,0,7,1,6,30,13,9,1,5,4,6,6,4,4,10,5,5,2,17,2,9,1,1,C03,7,6,1,10,2,11,,20,20,1,6,4,120.643288,24.085856,2
11010,66000,387130000C,(04)23274275,(04)23288582,2025,10,28,18,47,臺中市,豐原區,0,0,0,7,,,50,,,,,,,,,,,,,,13,,,,,B03,,,1,,2,,,7,7,1,13,4,120.710452,24.237422,3
11011,66000,387130000C,(04)23274275,(04)23288582,2025,10,28,18,50,臺中市,梧棲區,0,1,0,7,1,6,50,13,8,1,5,4,6,6,4,4,5,4,4,2,17,3,10,3,1,B03,7,13,1,8,1,16,,76,76,1,12,4,120.552615,24.240028,2
11012,66000,387130000C,(04)23274275,(04)23288582,2025,10,28,18,51,臺中市,北屯區,0,1,0,7,3,6,50,3,2,1,5,4,6,6,4,4,10,4,5,2,17,3,10,3,1,B03,7,9,1,8,2,2,,8,8,1,12,4,120.694353,24.17093,2
11013,66000,387130000C,(04)23274275,(04)23288582,2025,10,28,18,54,臺中市,太平區,0,1,0,7,1,6,50,3,1,1,5,4,6,6,1,1,10,5,5,2,16,3,10,3,1,B03,7,6,1,8,2,8,,11,11,1,12,4,120.710562,24.122473,2
11014,66000,387130000C,(04)23274275,(04)23288582,2025,10,28,18,56,臺中市,西屯區,0,1,0,7,1,6,50,13,9,1,5,4,6,6,4,4,1,4,5,2,17,2,9,1,1,C03,7,5,1,10,2,11,,84,84,1,13,4,120.613992,24.174798,2
11015,66000,387130000C,(04)23274275,(04)23288582,2025,10,28,18,58,臺中市,東區,0,1,0,7,1,6,50,4,1,1,5,4,6,6,2,1,10,5,5,2,16,3,10,3,1,B03,7,5,1,8,2,2,,84,84,1,12,4,120.697835,24.147851,2
11016,66000,387130000C,(04)23274275,(04)23288582,2025,10,28,19,5,臺中市,西區,0,1,0,6,1,6,50,4,1,1,5,4,6,6,1,1,10,5,5,2,3,3,10,3,1,B03,7,5,1,8,2,1,,10,10,1,13,4,120.660552,24.154238,2
11017,66000,387130000C,(04)23274275,(04)23288582,2025,10,28,19,5,臺中市,西區,0,1,0,7,1,6,50,4,1,1,5,4,6,6,4,4,10,5,5,1,17,2,9,5,4,C03,7,11,1,10,2,12,,45,45,1,12,4,120.661699,24.149761,2
11018,66000,387130000C,(04)23274275,(04)23288582,2025,10,28,19,5,臺中市,西屯區,0,1,0,7,1,6,30,4,1,1,5,4,6,6,2,1,10,5,5,2,16,2,9,5,4,C03,7,6,1,10,2,12,,11,11,1,13,4,120.645896,24.191409,2
11019,66000,387130000C,(04)23274275,(04)23288582,2025,10,28,19,7,臺中市,梧棲區,0,0,0,6,,,50,,,,,,,,,,,,,,13,,,,,B12,,,1,,1,,,58,58,1,12,4,120.537133,24.251194,3
11020,66000,387130000C,(04)23274275,(04)23288582,2025,10,28,19,12,臺中市,北屯區,0,1,0,7,1,6,50,13,7,1,5,4,6,6,4,4,5,4,4,2,17,2,9,1,1,C03,7,9,5,10,2,11,,7,7,1,12,4,120.692302,24.168761,2
11021,66000,387130000C,(04)23274275,(04)23288582,2025,10,28,19,20,臺中市,北區,0,1,0,7,1,6,50,13,9,1,5,4,6,6,4,4,5,5,5,2,17,2,9,5,1,C03,7,9,1,10,2,11,,34,34,1,13,4,120.675663,24.164295,2
11022,66000,387130000C,(04)23274275,(04)23288582,2025,10,28,19,22,臺中市,龍井區,0,0,0,7,,,30,,,,,,,,,,,,,,15,,,,,B03,,,1,,2,,,8,8,1,6,4,120.589292,24.18293,3
11023,66000,387130000C,(04)23274275,(04)23288582,2025,10,28,19,24,臺中市,北區,0,2,0,7,1,6,50,13,7,1,5,4,6,6,4,4,9,4,4,2,13,2,9,1,1,C03,7,9,1,10,2,11,,59,59,1,13,4,120.677134,24.159016,2
11024,66000,387130000C,(04)23274275,(04)23288582,2025,10,28,19,24,臺中市,北屯區,0,0,0,7,1,6,50,13,7,1,5,4,6,6,4,4,1,4,5,1,13,3,10,3,1,B03,7,9,1,10,2,1,,7,7,1,12,4,120.718114,24.160279,3
11025,66000,387130000C,(04)23274275,(04)23288582,2025,10,28,19,26,臺中市,西屯區,0,0,0,7,,,50,,,,,,,,,,,,,,12,,,,,B03,,,1,,1,,,40,40,1,13,4,120.650689,24.164528,3
11026,66000,387130000C,(04)23274275,(04)23288582,2025,10,28,19,26,臺中市,西屯區,0,0,0,7,,,50,,,,,,,,,,,,,,17,,,,,B03,,,1,,1,,,51,51,1,12,4,120.662738,24.164275,3
11027,66000,387130000C,(04)23274275,(04)23288582,2025,10,28,19,27,臺中市,潭子區,0,0,0,7,,,60,,,,,,,,,,,,,,,,,,,B03,,,1,,2,,,8,8,1,12,4,120.686304,24.205947,3
11028,66000,387130000C,(04)23274275,(04)23288582,2025,10,28,19,28,臺中市,太平區,0,1,0,7,1,6,50,5,1,1,5,4,6,6,2,1,10,5,5,2,16,2,9,2,1,C03,7,9,1,10,2,11,,21,21,1,12,4,120.724544,24.149617,2
11029,66000,387130000C,(04)23274275,(04)23288582,2025,10,28,19,30,臺中市,西屯區,0,1,0,7,1,6,50,3,1,1,5,4,6,6,2,1,10,5,5,2,16,2,9,1,1,C03,7,5,1,10,2,12,,47,47,1,13,4,120.647056,24.165648,2
11030,66000,387130000C,(04)23274275,(04)23288582,2025,10,28,19,30,臺中市,西屯區,0,1,0,7,1,6,30,4,1,1,5,4,6,6,4,4,10,5,5,2,15,2,9,5,4,C03,7,9,1,10,2,12,,15,15,1,12,4,120.660175,24.196068,2
11031,66000,387130000C,(04)23274275,(04)23288582,2025,10,28,19,34,臺中市,大里區,0,0,0,7,,,60,,,,,,,,,,,,,,16,,,,,B03,,,1,,2,,,20,20,1,12,4,120.663603,24.107919,3
11032,66000,387130000C,(04)23274275,(04)23288582,2025,10,28,19,36,臺中市,東區,0,1,0,6,1,6,40,4,1,1,5,4,6,6,2,1,10,5,5,2,13,3,10,2,1,C03,7,9,1,10,2,11,,7,7,1,13,4,120.689699,24.1328,2
11033,66000,387130000C,(04)23274275,(04)23288582,2025,10,28,19,36,臺中市,南屯區,0,0,0,5,,,60,,,,,,,,,,,,,,12,,,,,C03,,,1,,1,,,8,8,1,12,4,120.64989,24.146809,4
11034,66000,387130000C,(04)23274275,(04)23288582,2025,10,28,19,37,臺中市,北區,0,1,0,6,1,6,50,4,9,1,5,4,6,6,1,1,5,4,5,2,17,2,9,1,1,C03,7,9,1,10,2,14,,59,59,1,13,4,120.699468,24.160385,2
11035,66000,387130000C,(04)23274275,(04)23288582,2025,10,28,19,40,臺中市,西區,0,4,0,7,1,6,50,3,2,1,5,4,6,6,2,1,1,4,5,1,10,2,9,3,1,B03,7,9,1,8,8,1,,53,53,1,13,4,120.665757,24.140083,2
11036,66000,387130000C,(04)23274275,(04)23288582,2025,10,28,19,44,臺中市,北區,0,1,0,7,1,6,30,4,1,1,5,4,6,6,4,4,10,5,5,2,15,3,10,1,1,C03,7,9,1,10,2,11,,15,15,1,12,4,120.681661,24.161997,2
11037,66000,387130000C,(04)23274275,(04)23288582,2025,10,28,19,45,臺中市,龍井區,0,0,0,7,,,50,,,,,,,,,,,,,,15,,,,,B03,,,1,,2,,,48,48,1,6,4,120.581767,24.176502,3
11038,66000,387130000C,(04)23274275,(04)23288582,2025,10,28,19,52,臺中市,太平區,0,0,0,7,1,6,30,,,,,,,,,,,,,,,,,,,B03,,,1,,2,8,,49,49,1,12,4,120.713387,24.145262,3
11039,66000,387130000C,(04)23274275,(04)23288582,2025,10,28,19,55,臺中市,南區,0,0,0,7,,,40,,,,,,,,,,,,,,,,,,,C03,,,1,,2,,,51,51,1,13,4,120.683232,24.13005,3
11040,66000,387130000C,(04)23274275,(04)23288582,2025,10,28,20,0,臺中市,大里區,0,1,0,6,1,6,50,4,1,1,5,4,6,6,4,4,10,5,5,2,16,3,10,3,1,B03,7,5,1,8,2,5,,47,47,1,13,4,120.692111,24.112022,2
11041,66000,387130000C,(04)23274275,(04)23288582,2025,10,28,20,9,臺中市,西屯區,0,0,0,7,,,50,,,,,,,,,,,,,,13,,,,,B03,,,1,,1,,,7,7,1,13,4,120.637987,24.185277,3
11042,66000,387130000C,(04)23274275,(04)23288582,2025,10,28,20,11,臺中市,南屯區,0,0,0,7,,,50,,,,,,,,,,,,,,17,,,,,C03,,,1,,1,,,8,8,1,12,4,120.633828,24.144552,3
11043,66000,387130000C,(04)23274275,(04)23288582,2025,10,28,20,19,臺中市,沙鹿區,0,0,0,6,,,60,,,,,,,,,,,,,,13,,,,,B03,,,1,,2,,,59,59,1,12,4,120.562208,24.233206,3
11044,66000,387130000C,(04)23274275,(04)23288582,2025,10,28,20,20,臺中市,清水區,0,0,0,7,1,6,50,13,9,1,5,4,6,6,4,4,8,3,5,1,13,3,10,1,1,C03,7,9,1,10,8,11,,58,58,1,12,4,120.574914,24.282675,3
11045,66000,387130000C,(04)23274275,(04)23288582,2025,10,28,20,23,臺中市,西區,0,0,0,7,,,50,,,,,,,,,,,,,,,,,,,B03,,,1,,1,,,84,84,1,13,4,120.676765,24.140495,3