序號,縣市別代碼,機關代碼,市話,傳真,年,月,日,時,分,縣市,區,死亡數量,受傷數量,2-30,天候,道路照明設備,道路類別,道路速限,道路型態,事故位置,路面鋪裝,路面狀態,路面缺陷,障礙物,視距,號誌種類,號誌動作,分向設施,快車道或一般車道間,快慢車道間,路面邊線,事故類型及型態,受傷程度,主要傷處,保護裝備,行動電話或功能裝置,當事者區分(類別),車輛用途,當事者行動狀態,駕照狀態,駕照種類,飲酒情形,車輛撞擊部位最初,車輛撞擊部位其他,肇事因素個別,肇事因素主要,肇事逃逸,職業,共享經濟或外送平台,GPS座標X,GPS座標Y,事故類別
11156,66000,387130000C,(04)23274275,(04)23288582,2025,10,29,8,54,臺中市,西區,0,0,0,7,,,50,,,,,,,,,,,,,,,,,,,C03,,,1,,1,,,48,48,1,12,4,120.678734,24.134363,3
11157,66000,387130000C,(04)23274275,(04)23288582,2025,10,29,8,54,臺中市,西區,0,0,0,7,,,50,,,,,,,,,,,,,,,,,,,B03,,,1,,1,,,84,84,1,12,4,120.671247,24.145505,3
11158,66000,387130000C,(04)23274275,(04)23288582,2025,10,29,8,54,臺中市,北區,0,2,0,7,2,6,50,5,9,1,5,4,6,6,4,4,10,5,5,2,17,2,9,2,1,C03,7,9,1,10,2,14,,84,84,1,12,4,120.686185,24.154821,2
11159,66000,387130000C,(04)23274275,(04)23288582,2025,10,29,8,55,臺中市,后里區,0,2,0,7,2,6,50,4,2,1,5,4,6,6,2,1,5,4,4,1,16,2,9,1,1,C03,7,6,1,10,2,11,,84,84,1,12,4,120.689199,24.314448,2
11160,66000,387130000C,(04)23274275,(04)23288582,2025,10,29,8,57,臺中市,北屯區,0,1,0,7,2,6,50,3,1,1,5,4,6,6,4,4,10,5,5,2,17,2,9,1,1,C04,7,6,1,10,2,13,,12,12,1,6,4,120.683414,24.173036,2
11161,66000,387130000C,(04)23274275,(04)23288582,2025,10,29,9,0,臺中市,龍井區,0,0,0,7,,,30,,,,,,,,,,,,,,,,,,,C03,,,1,,11,,,14,14,1,12,4,120.592729,24.18187,3
11162,66000,387130000C,(04)23274275,(04)23288582,2025,10,29,9,0,臺中市,豐原區,0,1,0,7,2,6,30,13,9,1,5,4,6,6,4,4,10,5,5,2,17,2,7,1,1,C03,7,9,1,10,2,14,,84,84,1,12,4,120.704324,24.253261,2
11163,66000,387130000C,(04)23274275,(04)23288582,2025,10,29,9,1,臺中市,北區,0,2,0,7,2,6,50,3,2,1,5,4,6,6,4,4,10,5,5,2,9,2,9,6,5,H01,8,16,7,21,10,17,,95,95,1,13,5,120.667743,24.154909,2
11164,66000,387130000C,(04)23274275,(04)23288582,2025,10,29,9,1,臺中市,太平區,0,0,0,7,,,50,,,,,,,,,,,,,,17,,,,,B03,,,1,,10,,,78,78,1,12,4,120.722441,24.119107,3
11165,66000,387130000C,(04)23274275,(04)23288582,2025,10,29,9,3,臺中市,太平區,0,3,0,7,2,6,30,3,1,1,5,4,6,6,3,1,10,5,5,2,16,2,9,2,1,C03,7,6,1,10,2,14,,24,24,1,13,4,120.732159,24.138928,2
11166,66000,387130000C,(04)23274275,(04)23288582,2025,10,29,9,5,臺中市,北屯區,0,1,0,7,2,6,50,4,2,1,5,4,6,6,2,1,10,5,5,2,13,3,10,2,1,C03,7,9,1,9,2,11,,7,7,1,6,4,120.721173,24.162495,2
11167,66000,387130000C,(04)23274275,(04)23288582,2025,10,29,9,5,臺中市,西屯區,0,1,0,7,3,6,50,4,2,1,5,4,6,6,2,1,10,5,5,2,16,3,10,5,4,B12,7,5,1,8,2,2,,20,20,1,13,4,120.646454,24.164454,2
11168,66000,387130000C,(04)23274275,(04)23288582,2025,10,29,9,6,臺中市,北屯區,0,1,0,7,2,6,30,3,1,1,5,4,6,6,4,4,10,5,5,2,16,3,10,1,1,C03,7,6,1,10,2,11,,12,12,1,6,4,120.694995,24.163994,2
11169,66000,387130000C,(04)23274275,(04)23288582,2025,10,29,9,6,臺中市,西屯區,0,0,0,7,,,50,,,,,,,,,,,,,,,,,,,B03,,,1,,1,,,59,59,1,12,4,120.635706,24.176401,3
11170,66000,387130000C,(04)23274275,(04)23288582,2025,10,29,9,8,臺中市,西區,0,1,0,7,2,6,40,11,8,1,5,4,6,6,4,4,3,4,4,2,17,3,10,1,1,C03,7,5,1,10,2,12,,65,65,1,13,4,120.666089,24.142103,2
11171,66000,387130000C,(04)23274275,(04)23288582,2025,10,29,9,9,臺中市,南屯區,0,0,0,7,3,6,40,13,9,1,5,4,6,6,4,4,3,4,4,2,12,,,,,B02,,,1,,1,,,51,51,1,12,4,120.636566,24.154154,3
11172,66000,387130000C,(04)23274275,(04)23288582,2025,10,29,9,10,臺中市,烏日區,0,1,0,7,3,6,50,13,9,1,5,4,6,6,4,4,5,5,5,2,12,3,10,3,1,B03,7,1,1,8,2,8,4,51,51,1,6,4,120.604014,24.10666,2
11173,66000,387130000C,(04)23274275,(04)23288582,2025,10,29,9,17,臺中市,北區,0,0,0,7,,,50,,,,,,,,,,,,,,13,,,,,C03,,,1,,2,,,7,7,1,13,4,120.671739,24.171638,3
11174,66000,387130000C,(04)23274275,(04)23288582,2025,10,29,9,19,臺中市,北屯區,0,0,0,7,,,50,,,,,,,,,,,,,,13,,,,,B03,,,1,,2,,,82,82,1,6,4,120.70445,24.171187,3
11175,66000,387130000C,(04)23274275,(04)23288582,2025,10,29,9,20,臺中市,大肚區,0,0,0,7,,,30,,,,,,,,,,,,,,,,,,,,,,,,,,,119,119,1,,,120.540362,24.152689,3
11176,66000,387130000C,(04)23274275,(04)23288582,2025,10,29,9,22,臺中市,西屯區,0,1,0,7,2,6,50,4,1,1,5,4,6,6,4,4,10,5,5,2,13,2,7,1,4,C03,7,9,1,10,2,11,12,7,7,1,12,4,120.656865,24.16698,2
11177,66000,387130000C,(04)23274275,(04)23288582,2025,10,29,9,25,臺中市,后里區,0,0,0,7,3,,50,13,14,1,5,4,6,6,4,4,9,5,5,2,14,3,10,1,1,B03,7,2,1,8,1,3,,49,49,1,6,4,120.712992,24.307466,3
11178,66000,387130000C,(04)23274275,(04)23288582,2025,10,29,9,27,臺中市,東區,0,2,0,7,2,6,50,4,1,1,5,4,6,6,2,1,10,5,5,2,13,3,10,3,1,B03,7,9,1,10,2,1,,7,7,1,12,4,120.697712,24.147897,2
11179,66000,387130000C,(04)23274275,(04)23288582,2025,10,29,9,27,臺中市,梧棲區,0,2,0,7,2,6,50,13,7,1,5,4,6,6,4,4,5,4,4,2,10,2,9,1,1,C03,7,9,1,10,8,14,,4,4,1,12,4,120.54169,24.24647,2
11180,66000,387130000C,(04)23274275,(04)23288582,2025,10,29,9,29,臺中市,南屯區,0,1,0,7,2,6,50,3,1,1,5,4,6,6,2,1,8,3,4,1,17,2,9,1,1,C03,7,11,1,10,1,14,,45,45,1,12,4,120.613637,24.13915,2
11181,66000,387130000C,(04)23274275,(04)23288582,2025,10,29,9,36,臺中市,烏日區,0,0,0,7,2,6,70,13,7,1,5,4,6,6,1,1,1,4,4,1,13,3,10,3,1,B03,7,9,1,8,1,1,,84,84,1,9,4,120.598515,24.111363,3
11182,66000,387130000C,(04)23274275,(04)23288582,2025,10,29,9,39,臺中市,西屯區,0,1,0,7,2,6,50,4,1,1,5,4,6,6,2,1,1,5,5,2,12,3,10,3,1,B03,7,9,1,8,2,2,,8,8,1,12,4,120.656121,24.169445,2
11183,66000,387130000C,(04)23274275,(04)23288582,2025,10,29,9,42,臺中市,大里區,0,0,0,7,,,50,,,,,,,,,,,,,,,,,,,A12,,,1,,2,,,8,8,1,13,4,120.698754,24.098845,3
11184,66000,387130000C,(04)23274275,(04)23288582,2025,10,29,9,43,臺中市,西屯區,0,1,0,7,2,6,50,4,1,1,5,4,6,6,2,1,10,5,5,2,11,3,10,3,4,B03,7,6,1,8,2,1,,11,11,1,12,4,120.637023,24.172144,2
11185,66000,387130000C,(04)23274275,(04)23288582,2025,10,29,9,43,臺中市,霧峰區,0,0,0,7,,,70,,,,,,,,,,,,,,13,,,,,B12,,,1,,2,,,7,7,1,6,4,120.663844,24.079564,3
11186,66000,387130000C,(04)23274275,(04)23288582,2025,10,29,9,44,臺中市,北屯區,0,0,0,7,,,50,,,,,,,,,,,,,,30,,,,,B03,,,1,,2,,,59,59,1,6,4,120.721575,24.162554,3
11187,66000,387130000C,(04)23274275,(04)23288582,2025,10,29,9,45,臺中市,太平區,0,0,0,7,,,,,,,,,,,,,,,,,17,,,,,,,,,,,,,85,85,1,,,120.726099,24.128078,3
11188,66000,387130000C,(04)23274275,(04)23288582,2025,10,29,9,46,臺中市,北屯區,0,0,0,7,,,50,,,,,,,,,,,,,,13,,,,,B03,,,1,,1,,,58,58,1,12,4,120.671077,24.174655,3
11189,66000,387130000C,(04)23274275,(04)23288582,2025,10,29,9,46,臺中市,西屯區,0,1,0,7,3,6,30,4,1,1,5,4,6,6,1,1,10,5,5,2,16,2,9,5,4,C03,7,6,1,10,2,14,,20,20,1,13,4,120.644035,24.166572,2
11190,66000,387130000C,(04)23274275,(04)23288582,2025,10,29,9,46,臺中市,清水區,0,0,0,7,,,50,,,,,,,,,,,,,,12,,,,,B12,,,1,,2,,,8,8,1,13,4,120.592737,24.304318,3
11191,66000,387130000C,(04)23274275,(04)23288582,2025,10,29,9,53,臺中市,南區,0,0,0,7,,,50,,,,,,,,,,,,,,,,,,,C03,,,1,,2,,,42,42,1,6,4,120.674359,24.130701,4
11192,66000,387130000C,(04)23274275,(04)23288582,2025,10,29,9,54,臺中市,西屯區,0,1,0,7,2,6,40,13,8,1,5,4,6,6,4,4,5,4,4,1,13,2,9,2,1,C03,7,9,1,10,2,11,,59,59,1,12,4,120.643247,24.187208,2
11193,66000,387130000C,(04)23274275,(04)23288582,2025,10,29,9,57,臺中市,南屯區,0,0,0,7,3,6,50,13,7,1,5,4,6,6,4,4,5,5,4,2,12,,,,,B03,,,1,,2,,,39,39,1,12,4,120.626307,24.115534,3
11194,66000,387130000C,(04)23274275,(04)23288582,2025,10,29,10,0,臺中市,南屯區,0,1,0,7,2,6,50,4,1,1,5,4,6,6,1,1,9,5,5,2,17,3,10,3,1,B01,7,11,1,4,2,2,,45,45,1,13,4,120.6357,24.148511,2
11195,66000,387130000C,(04)23274275,(04)23288582,2025,10,29,10,1,臺中市,東區,0,0,0,7,,,50,,,,,,,,,,,,,,,,,,,B03,,,1,,2,,,49,49,1,12,4,120.683771,24.133143,3
11196,66000,387130000C,(04)23274275,(04)23288582,2025,10,29,10,5,臺中市,北區,0,0,0,7,,,50,,,,,,,,,,,,,,13,,,,,B03,,,1,,3,,,7,7,1,12,4,120.674247,24.163048,3
11197,66000,387130000C,(04)23274275,(04)23288582,2025,10,29,10,5,臺中市,豐原區,0,0,0,7,,,40,,,,,,,,,,,,,,17,,,,,A12,,,1,,2,,,51,51,1,13,4,120.749543,24.254847,3
11198,66000,387130000C,(04)23274275,(04)23288582,2025,10,29,10,15,臺中市,北屯區,0,1,0,7,2,6,40,13,8,1,5,4,6,6,4,4,1,5,1,2,9,2,9,6,5,H01,8,20,7,21,10,17,,109,109,1,6,5,120.730816,24.160849,2
11199,66000,387130000C,(04)23274275,(04)23288582,2025,10,29,10,18,臺中市,西屯區,0,0,0,7,,,30,,,,,,,,,,,,,,20,,,,,B02,,,1,,2,,,56,56,1,12,4,120.618756,24.175327,3
11200,66000,387130000C,(04)23274275,(04)23288582,2025,10,29,10,19,臺中市,太平區,0,0,0,7,,,50,,,,,,,,,,,,,,16,,,,,B03,,,1,,2,,,84,84,1,12,4,120.712844,24.15946,3
11201,66000,387130000C,(04)23274275,(04)23288582,2025,10,29,10,20,臺中市,南區,0,1,0,7,2,6,30,4,1,1,5,4,6,6,4,4,10,5,5,2,15,3,10,1,1,C03,7,9,1,10,2,12,,12,12,1,12,4,120.674706,24.128998,2
11202,66000,387130000C,(04)23274275,(04)23288582,2025,10,29,10,21,臺中市,南區,0,2,0,7,2,6,30,4,1,1,5,4,6,3,4,4,10,5,5,2,16,2,9,2,1,C03,7,6,1,10,2,11,12,14,14,1,12,4,120.680463,24.134285,2
11203,66000,387130000C,(04)23274275,(04)23288582,2025,10,29,10,30,臺中市,北區,0,1,0,7,2,6,50,4,2,1,5,4,6,6,2,1,10,5,5,2,12,3,10,2,1,C03,7,9,1,10,2,12,,26,26,1,13,4,120.686415,24.15237,2
11204,66000,387130000C,(04)23274275,(04)23288582,2025,10,29,10,36,臺中市,北區,0,0,0,7,,,50,,,,,,,,,,,,,,13,,,,,B03,,,1,,2,,,7,7,1,13,4,120.673729,24.162701,3
11205,66000,387130000C,(04)23274275,(04)23288582,2025,10,29,10,43,臺中市,南區,0,1,0,7,2,6,50,4,1,1,5,4,6,6,4,4,10,5,5,2,15,3,10,3,1,B03,7,9,1,8,2,1,,15,15,1,12,4,120.647496,24.121119,2
11206,66000,387130000C,(04)23274275,(04)23288582,2025,10,29,10,48,臺中市,西屯區,0,0,0,7,,,40,,,,,,,,,,,,,,13,,,,,C03,,,1,,1,,,7,7,1,12,4,120.644772,24.165057,3
11207,66000,387130000C,(04)23274275,(04)23288582,2025,10,29,10,49,臺中市,神岡區,0,0,0,7,,,50,,,,,,,,,,,,,,12,,,,,B03,,,1,,1,,,84,84,1,13,4,120.683033,24.26932,3
11208,66000,387130000C,(04)23274275,(04)23288582,2025,10,29,10,52,臺中市,大里區,0,1,0,7,2,6,50,13,12,1,5,4,6,6,1,1,1,4,4,1,17,2,9,1,1,C03,7,9,1,10,2,11,,7,7,1,12,4,120.667319,24.105303,2
11209,66000,387130000C,(04)23274275,(04)23288582,2025,10,29,10,53,臺中市,霧峰區,0,0,0,7,,,50,,,,,,,,,,,,,,16,,,,,C03,,,1,,1,,,84,84,1,5,4,120.686923,24.054034,3
11210,66000,387130000C,(04)23274275,(04)23288582,2025,10,29,10,54,臺中市,北區,0,0,0,7,,,30,,,,,,,,,,,,,,14,,,,,B03,,,1,,2,,,49,49,1,13,4,120.665768,24.155394,3
11211,66000,387130000C,(04)23274275,(04)23288582,2025,10,29,10,57,臺中市,北區,0,0,0,7,,,50,,,,,,,,,,,,,,13,,,,,C03,,,1,,2,,,7,7,1,12,4,120.672284,24.170095,3
11212,66000,387130000C,(04)23274275,(04)23288582,2025,10,29,10,59,臺中市,北區,0,0,0,7,,,50,,,,,,,,,,,,,,12,,,,,B02,,,1,,1,,,76,76,1,13,4,120.673821,24.152138,3
11213,66000,387130000C,(04)23274275,(04)23288582,2025,10,29,10,59,臺中市,霧峰區,0,1,0,7,3,6,50,13,9,1,5,4,6,6,4,4,10,5,5,2,16,2,9,1,1,C03,7,9,1,10,2,11,,84,84,1,5,4,120.687878,24.045864,2
11214,66000,387130000C,(04)23274275,(04)23288582,2025,10,29,11,0,臺中市,西屯區,0,2,0,7,2,6,40,13,8,1,5,4,6,6,4,4,1,5,1,2,17,2,9,2,1,C03,7,9,1,10,2,11,,84,84,1,12,4,120.604908,24.1835,2
11215,66000,387130000C,(04)23274275,(04)23288582,2025,10,29,11,4,臺中市,東區,0,2,0,7,1,6,50,13,8,1,5,4,6,6,4,4,9,4,5,2,12,2,9,1,1,C03,7,8,1,10,2,14,12,42,42,1,12,4,120.696196,24.140548,2
11216,66000,387130000C,(04)23274275,(04)23288582,2025,10,29,11,6,臺中市,西屯區,0,0,0,7,,,50,,,,,,,,,,,,,,13,,,,,B03,,,1,,1,,,59,59,1,12,4,120.640135,24.173971,3
11217,66000,387130000C,(04)23274275,(04)23288582,2025,10,29,11,9,臺中市,清水區,0,0,0,7,,,60,,,,,,,,,,,,,,,,,,,B03,,,1,,11,,,27,27,1,12,4,120.558483,24.273392,3
11218,66000,387130000C,(04)23274275,(04)23288582,2025,10,29,11,11,臺中市,大甲區,0,0,0,7,,,40,,,,,,,,,,,,,,,,,,,B03,,,1,,1,,,45,45,1,12,4,120.620863,24.343313,3
11219,66000,387130000C,(04)23274275,(04)23288582,2025,10,29,11,15,臺中市,南屯區,0,0,0,7,3,6,50,13,9,1,5,4,6,6,1,1,3,2,5,2,14,,,,,B03,,,1,,1,,,49,49,1,12,4,120.628491,24.145117,3
11220,66000,387130000C,(04)23274275,(04)23288582,2025,10,29,11,18,臺中市,大雅區,0,1,0,7,3,6,50,3,1,1,5,4,6,6,1,1,10,5,5,2,17,3,10,3,1,B03,7,5,3,19,2,2,,11,11,1,12,4,120.668336,24.218562,2
11221,66000,387130000C,(04)23274275,(04)23288582,2025,10,29,11,22,臺中市,南屯區,0,0,0,7,,,50,,,,,,,,,,,,,,13,,,,,C03,,,1,,1,,,7,7,1,12,4,120.650365,24.14027,3
11222,66000,387130000C,(04)23274275,(04)23288582,2025,10,29,11,24,臺中市,北區,0,2,0,7,2,6,50,4,2,1,5,4,6,6,3,1,10,5,5,2,17,2,9,2,1,C04,7,9,1,10,2,11,,24,24,1,13,4,120.697451,24.15572,2
11223,66000,387130000C,(04)23274275,(04)23288582,2025,10,29,11,26,臺中市,西屯區,0,0,0,7,,,40,,,,,,,,,,,,,,13,,,,,B12,,,1,,1,,,59,59,1,13,4,120.619641,24.180792,3
11224,66000,387130000C,(04)23274275,(04)23288582,2025,10,29,11,29,臺中市,潭子區,0,0,0,7,,,60,,,,,,,,,,,,,,,,,,,B03,,,1,,2,,,84,84,1,13,4,120.686796,24.211882,3
11225,66000,387130000C,(04)23274275,(04)23288582,2025,10,29,11,30,臺中市,西區,0,1,0,7,2,6,50,3,1,1,5,4,6,6,4,4,10,5,5,2,16,3,10,5,4,B12,7,5,1,8,2,2,,20,20,1,12,4,120.658715,24.155752,2
11226,66000,387130000C,(04)23274275,(04)23288582,2025,10,29,11,31,臺中市,太平區,0,0,0,7,,,30,,,,,,,,,,,,,,16,,,,,B03,,,1,,2,,,84,84,1,13,4,120.725662,24.142789,3
11227,66000,387130000C,(04)23274275,(04)23288582,2025,10,29,11,33,臺中市,后里區,0,0,0,7,3,6,50,3,2,1,5,4,6,6,4,4,5,5,5,1,13,3,10,3,1,B03,7,6,1,8,1,1,,7,7,1,6,4,120.696955,24.301604,3
11228,66000,387130000C,(04)23274275,(04)23288582,2025,10,29,11,35,臺中市,北屯區,0,0,0,7,,,30,,,,,,,,,,,,,,,,,,,B12,,,1,,1,,,14,14,1,12,4,120.66476,24.188348,3
11229,66000,387130000C,(04)23274275,(04)23288582,2025,10,29,11,36,臺中市,沙鹿區,0,1,0,7,2,6,50,4,1,1,5,4,6,6,1,1,3,4,4,2,9,3,10,3,1,A04,7,9,1,2,2,16,,87,87,1,13,4,120.561711,24.243386,2
11230,66000,387130000C,(04)23274275,(04)23288582,2025,10,29,11,37,臺中市,大里區,0,2,0,7,3,6,30,3,2,1,5,4,6,6,4,4,10,5,5,2,11,2,9,1,1,C03,7,6,5,19,2,14,,84,84,1,12,4,120.686678,24.113349,2
11231,66000,387130000C,(04)23274275,(04)23288582,2025,10,29,11,38,臺中市,烏日區,0,2,0,7,2,6,50,13,7,1,5,4,6,6,4,4,9,5,4,2,17,2,9,3,1,B12,7,1,3,19,2,5,,20,20,1,6,4,120.630748,24.108815,2
11232,66000,387130000C,(04)23274275,(04)23288582,2025,10,29,11,40,臺中市,豐原區,0,0,0,7,,,50,,,,,,,,,,,,,,17,,,,,B03,,,1,,1,,,51,51,1,12,4,120.717579,24.25316,3
11233,66000,387130000C,(04)23274275,(04)23288582,2025,10,29,11,46,臺中市,大甲區,0,1,0,7,3,6,50,5,1,1,5,4,6,6,1,1,10,5,5,2,14,3,10,3,1,B03,7,2,1,8,2,6,,49,49,1,6,4,120.622423,24.344302,2
11234,66000,387130000C,(04)23274275,(04)23288582,2025,10,29,11,47,臺中市,西區,0,0,0,7,,,50,,,,,,,,,,,,,,17,,,,,B03,,,1,,2,,,59,59,1,13,4,120.653853,24.14774,3
11235,66000,387130000C,(04)23274275,(04)23288582,2025,10,29,11,47,臺中市,北屯區,0,1,0,7,2,6,50,13,9,1,5,4,6,6,4,4,9,5,5,2,5,2,9,6,5,H01,8,20,7,21,10,17,,109,109,1,12,5,120.72485,24.15903,2
11236,66000,387130000C,(04)23274275,(04)23288582,2025,10,29,11,47,臺中市,西屯區,0,0,0,7,,3,40,,,,,,,,,,,,,,13,,,,,B03,,,1,,1,,,7,7,1,12,4,120.630068,24.165741,3
11237,66000,387130000C,(04)23274275,(04)23288582,2025,10,29,11,48,臺中市,南屯區,0,2,0,7,3,6,50,13,9,1,5,4,6,6,4,4,5,5,5,2,12,2,9,1,1,C03,7,11,1,10,2,14,,45,45,1,12,4,120.642559,24.138376,2
11238,66000,387130000C,(04)23274275,(04)23288582,2025,10,29,11,51,臺中市,北屯區,0,1,0,7,2,3,40,13,17,1,5,4,6,6,4,4,10,5,5,1,13,3,10,3,1,B03,7,9,1,8,2,1,,59,59,1,6,4,120.720494,24.165975,2
11239,66000,387130000C,(04)23274275,(04)23288582,2025,10,29,11,53,臺中市,北屯區,0,0,0,7,,,50,,,,,,,,,,,,,,13,,,,,B02,,,1,,2,,,59,59,1,6,4,120.691425,24.16295,3
11240,66000,387130000C,(04)23274275,(04)23288582,2025,10,29,11,55,臺中市,大雅區,0,1,0,7,3,6,50,4,2,1,5,4,6,6,1,1,1,3,5,1,17,3,10,5,4,B03,7,9,1,8,2,5,,84,84,1,13,4,120.656432,24.220792,2
11241,66000,387130000C,(04)23274275,(04)23288582,2025,10,29,11,57,臺中市,南區,0,1,0,7,3,6,50,4,1,1,5,4,6,6,2,1,5,5,5,2,12,2,9,2,1,C03,7,9,1,10,2,14,,7,7,1,6,4,120.650302,24.115825,2
11242,66000,387130000C,(04)23274275,(04)23288582,2025,10,29,11,57,臺中市,大肚區,0,0,0,7,,,50,,,,,,,,,,,,,,,,,,,B03,,,1,,2,,,7,7,1,12,4,120.573239,24.155078,3
11243,66000,387130000C,(04)23274275,(04)23288582,2025,10,29,12,0,臺中市,南屯區,0,2,0,7,2,6,50,3,1,1,5,4,6,6,4,4,9,5,5,2,17,3,10,3,1,B03,7,5,1,8,2,2,,14,14,1,13,4,120.636627,24.154458,2
11244,66000,387130000C,(04)23274275,(04)23288582,2025,10,29,12,1,臺中市,西屯區,0,0,0,7,,,50,,,,,,,,,,,,,,14,,,,,B03,,,1,,2,,,50,50,1,12,4,120.637508,24.176184,3
11245,66000,387130000C,(04)23274275,(04)23288582,2025,10,29,12,5,臺中市,西屯區,0,0,0,7,,,40,,,,,,,,,,,,,,16,,,,,C03,,,1,,1,,,11,11,1,13,4,120.63601,24.169143,3
11246,66000,387130000C,(04)23274275,(04)23288582,2025,10,29,12,7,臺中市,西屯區,0,2,0,7,2,6,50,13,9,1,5,4,6,6,4,4,3,5,5,1,12,3,10,3,1,B03,7,11,1,8,2,8,,45,45,1,12,4,120.623627,24.193568,2
11247,66000,387130000C,(04)23274275,(04)23288582,2025,10,29,12,7,臺中市,霧峰區,0,2,0,7,2,6,50,4,1,1,5,4,6,6,4,4,5,4,4,1,15,2,8,2,1,C03,7,1,3,19,2,11,,20,20,1,12,4,120.698925,24.066201,2
11248,66000,387130000C,(04)23274275,(04)23288582,2025,10,29,12,13,臺中市,北屯區,0,0,0,7,,,50,,,,,,,,,,,,,,18,,,,,B12,,,1,,2,,,82,82,1,12,4,120.779683,24.199917,3
11249,66000,387130000C,(04)23274275,(04)23288582,2025,10,29,12,15,臺中市,西屯區,0,0,0,7,,,50,,,,,,,,,,,,,,12,,,,,B03,,,1,,1,,,40,40,1,12,4,120.649882,24.163325,3
11250,66000,387130000C,(04)23274275,(04)23288582,2025,10,29,12,18,臺中市,大雅區,0,2,0,7,2,6,30,4,1,1,5,4,6,6,4,4,10,5,5,2,17,2,9,1,1,C03,7,9,1,10,2,12,,15,15,1,12,4,120.627703,24.2413,2
11251,66000,387130000C,(04)23274275,(04)23288582,2025,10,29,12,18,臺中市,西屯區,0,1,0,7,2,6,50,13,9,1,5,4,6,6,4,4,4,3,5,1,13,2,7,2,1,C03,7,9,1,10,2,11,,59,59,1,12,4,120.637018,24.1715,2
11252,66000,387130000C,(04)23274275,(04)23288582,2025,10,29,12,20,臺中市,東區,0,0,0,7,,,50,,,,,,,,,,,,,,,,,,,C03,,,1,,1,,,15,15,1,12,4,120.690925,24.144208,3
11253,66000,387130000C,(04)23274275,(04)23288582,2025,10,29,12,20,臺中市,梧棲區,0,0,0,7,,,50,,,,,,,,,,,,,,11,,,,,B03,,,1,,1,,,48,48,1,13,4,120.548934,24.246007,3
11254,66000,387130000C,(04)23274275,(04)23288582,2025,10,29,12,22,臺中市,西屯區,0,1,0,7,2,6,50,3,1,1,5,4,6,6,4,4,10,5,5,1,12,2,9,2,1,C03,7,9,1,9,2,12,,59,59,1,12,4,120.648174,24.158911,2
11255,66000,387130000C,(04)23274275,(04)23288582,2025,10,29,12,27,臺中市,清水區,0,2,0,7,3,6,50,4,1,1,5,4,6,6,4,4,9,3,5,1,15,2,9,1,1,C03,7,9,1,10,2,11,,20,20,1,12,4,120.572451,24.273868,2
11256,66000,387130000C,(04)23274275,(04)23288582,2025,10,29,12,28,臺中市,太平區,0,0,0,7,,,50,,,,,,,,,,,,,,9,,,,,B03,,,1,,2,,,76,76,1,12,4,120.735857,24.133195,3
11257,66000,387130000C,(04)23274275,(04)23288582,2025,10,29,12,29,臺中市,西屯區,0,2,0,7,2,9,40,13,8,1,5,4,6,6,4,4,1,5,3,2,13,2,8,2,4,C03,7,9,1,10,2,13,12,84,84,1,12,4,120.604613,24.183536,2
11258,66000,387130000C,(04)23274275,(04)23288582,2025,10,29,12,30,臺中市,大里區,0,0,0,7,,,30,,,,,,,,,,,,,,,,,,,B03,,,1,,2,,,51,51,1,12,4,120.683869,24.113092,3
11259,66000,387130000C,(04)23274275,(04)23288582,2025,10,29,12,36,臺中市,南屯區,0,1,0,7,3,6,50,13,9,1,5,4,6,6,1,1,3,4,5,2,12,3,10,3,1,B03,7,5,1,8,2,2,,84,84,1,11,4,120.640849,24.141397,2
11260,66000,387130000C,(04)23274275,(04)23288582,2025,10,29,12,36,臺中市,大里區,0,2,0,7,2,6,50,3,1,1,5,4,6,6,4,4,10,5,5,2,17,2,9,1,1,C03,7,6,1,10,2,11,,14,14,1,12,4,120.6909,24.102541,2
11261,66000,387130000C,(04)23274275,(04)23288582,2025,10,29,12,37,臺中市,北屯區,0,0,0,7,,,50,,,,,,,,,,,,,,13,,,,,C03,,,1,,1,,,7,7,1,6,4,120.684722,24.170876,4
11262,66000,387130000C,(04)23274275,(04)23288582,2025,10,29,12,40,臺中市,中區,0,2,0,7,2,6,50,13,9,1,5,4,6,6,4,4,10,2,5,2,13,2,9,2,1,C03,7,9,1,10,2,11,,84,84,1,12,4,120.681326,24.143582,2
11263,66000,387130000C,(04)23274275,(04)23288582,2025,10,29,12,43,臺中市,南屯區,0,1,0,7,2,6,50,4,1,1,5,4,6,6,2,1,1,3,5,1,17,3,10,1,1,C03,7,6,1,10,2,14,,11,11,1,12,4,120.646808,24.148836,2
11264,66000,387130000C,(04)23274275,(04)23288582,2025,10,29,12,45,臺中市,南屯區,0,0,0,7,3,6,50,13,9,1,5,4,6,6,4,4,9,5,5,2,11,,,,,B03,,,1,,2,,,43,43,1,12,4,120.625869,24.133809,3
11265,66000,387130000C,(04)23274275,(04)23288582,2025,10,29,12,45,臺中市,西屯區,0,0,0,7,,,50,,,,,,,,,,,,,,12,,,,,C03,,,1,,1,,,59,59,1,12,4,120.665995,24.178192,3
11266,66000,387130000C,(04)23274275,(04)23288582,2025,10,29,12,45,臺中市,太平區,0,0,0,7,,,30,,,,,,,,,,,,,,14,,,,,B03,,,1,,1,,,49,49,1,12,4,120.706399,24.159454,3