序號,縣市別代碼,機關代碼,市話,傳真,年,月,日,時,分,縣市,區,死亡數量,受傷數量,2-30,天候,道路照明設備,道路類別,道路速限,道路型態,事故位置,路面鋪裝,路面狀態,路面缺陷,障礙物,視距,號誌種類,號誌動作,分向設施,快車道或一般車道間,快慢車道間,路面邊線,事故類型及型態,受傷程度,主要傷處,保護裝備,行動電話或功能裝置,當事者區分(類別),車輛用途,當事者行動狀態,駕照狀態,駕照種類,飲酒情形,車輛撞擊部位最初,車輛撞擊部位其他,肇事因素個別,肇事因素主要,肇事逃逸,職業,共享經濟或外送平台,GPS座標X,GPS座標Y,事故類別
11378,66000,387130000C,(04)23274275,(04)23288582,2025,10,29,17,34,臺中市,南屯區,0,0,0,7,,,50,,,,,,,,,,,,,,14,,,,,B01,,,1,,2,,,49,49,1,13,4,120.645102,24.138749,3
11379,66000,387130000C,(04)23274275,(04)23288582,2025,10,29,17,34,臺中市,大里區,0,2,0,7,1,6,50,3,2,1,5,4,6,6,4,4,10,5,5,2,17,3,10,3,1,B03,7,9,1,8,2,1,,43,43,1,12,4,120.693097,24.121096,2
11380,66000,387130000C,(04)23274275,(04)23288582,2025,10,29,17,34,臺中市,清水區,0,3,0,7,1,3,90,13,9,1,5,4,6,6,4,4,1,4,5,1,13,3,10,3,1,A41,7,9,1,1,2,1,,82,82,1,6,4,120.543411,24.266519,2
11381,66000,387130000C,(04)23274275,(04)23288582,2025,10,29,17,35,臺中市,后里區,0,0,0,7,1,6,60,13,7,1,5,4,6,6,4,4,1,4,4,1,17,3,10,2,1,C03,7,1,1,8,2,14,,46,46,1,12,4,120.722714,24.286185,3
11382,66000,387130000C,(04)23274275,(04)23288582,2025,10,29,17,37,臺中市,潭子區,0,2,0,7,1,6,40,4,2,1,5,4,6,6,1,1,1,4,4,1,13,2,9,2,1,C03,7,9,1,10,2,11,,84,84,1,12,4,120.708942,24.233391,2
11383,66000,387130000C,(04)23274275,(04)23288582,2025,10,29,17,38,臺中市,大雅區,0,1,0,7,1,6,50,4,1,1,5,4,6,6,1,1,9,4,5,1,15,3,10,3,1,B03,7,9,1,8,3,6,,21,21,1,13,4,120.629093,24.206186,2
11384,66000,387130000C,(04)23274275,(04)23288582,2025,10,29,17,38,臺中市,豐原區,0,1,0,7,1,6,50,4,1,1,5,4,6,6,4,4,10,5,5,2,15,2,9,1,1,C03,7,9,1,10,2,11,,12,12,1,12,4,120.732321,24.251713,2
11385,66000,387130000C,(04)23274275,(04)23288582,2025,10,29,17,40,臺中市,南屯區,0,0,0,7,,,50,,,,,,,,,,,,,,12,,,,,B12,,,1,,1,,,40,40,1,13,4,120.617088,24.153678,3
11386,66000,387130000C,(04)23274275,(04)23288582,2025,10,29,17,41,臺中市,西屯區,0,0,0,7,,,50,,,,,,,,,,,,,,17,,,,,A12,,,1,,1,,,8,8,1,12,4,120.613615,24.189926,3
11387,66000,387130000C,(04)23274275,(04)23288582,2025,10,29,17,44,臺中市,西區,0,0,0,7,,,50,,,,,,,,,,,,,,9,,,,,C03,,,1,,11,,,87,87,1,12,4,120.668165,24.15317,3
11388,66000,387130000C,(04)23274275,(04)23288582,2025,10,29,17,44,臺中市,豐原區,0,1,0,7,1,6,50,3,9,1,5,4,6,6,2,1,5,2,5,1,18,2,9,2,1,C03,7,9,1,10,2,12,,84,84,1,13,4,120.722603,24.236215,2
11389,66000,387130000C,(04)23274275,(04)23288582,2025,10,29,17,45,臺中市,梧棲區,0,0,0,7,,,40,,,,,,,,,,,,,,14,,,,,A05,,,1,,2,,,49,49,1,6,4,120.523756,24.222221,3
11390,66000,387130000C,(04)23274275,(04)23288582,2025,10,29,17,46,臺中市,龍井區,0,0,0,7,,,50,,,,,,,,,,,,,,,,,,,B03,,,1,,2,,,49,49,1,12,4,120.523109,24.219601,3
11391,66000,387130000C,(04)23274275,(04)23288582,2025,10,29,17,46,臺中市,豐原區,0,1,0,7,2,6,40,3,4,1,5,4,6,6,1,1,5,5,4,2,12,4,11,5,4,C03,7,9,1,10,2,11,,59,59,1,13,4,120.714883,24.246072,2
11392,66000,387130000C,(04)23274275,(04)23288582,2025,10,29,17,48,臺中市,南屯區,0,0,0,7,,,60,,,,,,,,,,,,,,12,,,,,B03,,,1,,11,,,40,40,1,12,4,120.635711,24.143383,3
11393,66000,387130000C,(04)23274275,(04)23288582,2025,10,29,17,49,臺中市,潭子區,0,0,0,6,,3,80,,,,,,,,,,,,,,,,,,,B03,,,1,,2,,,7,7,1,13,4,120.718967,24.197031,3
11394,66000,387130000C,(04)23274275,(04)23288582,2025,10,29,17,49,臺中市,梧棲區,0,1,0,7,1,6,50,3,2,1,5,4,6,6,4,4,9,4,5,1,12,3,10,3,1,B03,7,3,1,8,2,8,,50,50,1,12,4,120.537462,24.244902,2
11395,66000,387130000C,(04)23274275,(04)23288582,2025,10,29,17,50,臺中市,北屯區,0,0,0,7,,3,80,,,,,,,,,,,,,,,,,,,B03,,,1,,1,,,7,7,1,12,4,120.721939,24.18543,3
11396,66000,387130000C,(04)23274275,(04)23288582,2025,10,29,17,50,臺中市,大肚區,0,0,0,6,,,50,,,,,,,,,,,,,,16,,,,,B03,,,1,,1,,,85,85,1,6,4,120.575819,24.174806,4
11397,66000,387130000C,(04)23274275,(04)23288582,2025,10,29,17,52,臺中市,西屯區,0,0,0,7,,,50,,,,,,,,,,,,,,,,,,,B03,,,1,,1,,,59,59,1,12,4,120.613697,24.174203,3
11398,66000,387130000C,(04)23274275,(04)23288582,2025,10,29,17,53,臺中市,大里區,0,0,0,7,,,50,,,,,,,,,,,,,,17,,,,,B03,,,1,,2,,,58,58,1,6,4,120.68943,24.101112,3
11399,66000,387130000C,(04)23274275,(04)23288582,2025,10,29,17,54,臺中市,西區,0,1,0,7,1,6,50,4,1,1,5,4,6,6,2,1,10,5,5,2,12,2,9,2,1,C03,7,9,1,10,2,14,,8,8,1,13,4,120.661802,24.13135,2
11400,66000,387130000C,(04)23274275,(04)23288582,2025,10,29,17,55,臺中市,沙鹿區,0,0,0,7,,,50,,,,,,,,,,,,,,,,,,,B03,,,1,,2,,,7,7,1,12,4,120.563753,24.23275,3
11401,66000,387130000C,(04)23274275,(04)23288582,2025,10,29,17,57,臺中市,南屯區,0,0,0,7,,,30,,,,,,,,,,,,,,12,,,,,B12,,,1,,1,,,8,8,1,12,4,120.619802,24.133243,3
11402,66000,387130000C,(04)23274275,(04)23288582,2025,10,29,17,57,臺中市,西屯區,0,0,0,7,,,50,,,,,,,,,,,,,,13,,,,,B03,,,1,,1,,,7,7,1,13,4,120.635562,24.1679,3
11403,66000,387130000C,(04)23274275,(04)23288582,2025,10,29,17,57,臺中市,豐原區,0,0,0,7,,,50,,,,,,,,,,,,,,2,,,,,B03,,,1,,1,,,57,57,1,12,4,120.707349,24.26013,3
11404,66000,387130000C,(04)23274275,(04)23288582,2025,10,29,17,58,臺中市,烏日區,0,1,0,7,1,6,50,4,1,1,5,4,6,6,1,1,5,4,4,1,16,3,10,3,1,B03,7,6,1,8,2,5,,11,11,1,6,4,120.625907,24.106109,2
11405,66000,387130000C,(04)23274275,(04)23288582,2025,10,29,17,59,臺中市,北區,0,0,0,7,,,50,,,,,,,,,,,,,,17,,,,,C03,,,3,,1,,,84,84,1,12,4,120.685703,24.147654,3
11406,66000,387130000C,(04)23274275,(04)23288582,2025,10,29,17,59,臺中市,龍井區,0,2,0,7,1,6,30,4,1,1,5,4,6,6,4,4,10,5,5,2,17,2,9,1,1,C03,7,9,1,10,2,11,,4,4,1,6,4,120.593453,24.187798,2
11407,66000,387130000C,(04)23274275,(04)23288582,2025,10,29,18,2,臺中市,太平區,0,0,0,7,,,50,,,,,,,,,,,,,,,,,,,C03,,,1,,1,,,39,39,1,12,4,120.733672,24.146826,3
11408,66000,387130000C,(04)23274275,(04)23288582,2025,10,29,18,2,臺中市,豐原區,0,1,0,7,2,6,50,13,9,1,5,4,6,6,4,4,1,4,5,2,13,3,10,3,1,B03,7,9,1,8,2,1,,84,84,1,12,4,120.710178,24.236281,2
11409,66000,387130000C,(04)23274275,(04)23288582,2025,10,29,18,3,臺中市,西屯區,0,0,0,7,,3,80,,,,,,,,,,,,,,13,,,,,B03,,,7,,11,,,86,86,1,12,5,120.654017,24.199012,3
11410,66000,387130000C,(04)23274275,(04)23288582,2025,10,29,18,7,臺中市,西屯區,0,0,0,7,,3,40,,,,,,,,,,,,,,13,,,,,B03,,,1,,1,,,7,7,1,13,4,120.634446,24.175716,3
11411,66000,387130000C,(04)23274275,(04)23288582,2025,10,29,18,8,臺中市,后里區,0,0,0,7,,,50,,,,,,,,,,,,,,17,,,,,B03,,,1,,1,,,50,50,1,6,4,120.713101,24.305564,3
11412,66000,387130000C,(04)23274275,(04)23288582,2025,10,29,18,9,臺中市,南屯區,0,0,0,7,,,50,,,,,,,,,,,,,,,,,,,B03,,,1,,2,,,84,84,1,12,4,120.633348,24.15184,4
11413,66000,387130000C,(04)23274275,(04)23288582,2025,10,29,18,9,臺中市,北屯區,0,0,0,7,,,50,,,,,,,,,,,,,,13,,,,,C04,,,1,,1,,,7,7,1,12,4,120.671448,24.173936,3
11414,66000,387130000C,(04)23274275,(04)23288582,2025,10,29,18,9,臺中市,豐原區,0,1,0,7,1,6,50,4,1,1,5,4,6,6,1,1,10,4,4,1,16,3,10,5,4,B03,7,6,1,8,2,2,,11,11,1,12,4,120.747722,24.266573,2
11415,66000,387130000C,(04)23274275,(04)23288582,2025,10,29,18,10,臺中市,北屯區,0,0,0,7,,,50,,,,,,,,,,,,,,13,,,,,B03,,,1,,1,,,7,7,1,12,4,120.708006,24.182327,3
11416,66000,387130000C,(04)23274275,(04)23288582,2025,10,29,18,15,臺中市,西屯區,0,1,0,7,1,6,50,4,1,1,5,4,6,6,1,1,10,5,5,2,13,2,9,5,4,C03,7,9,1,10,2,11,,7,7,1,12,4,120.611892,24.186981,2
11417,66000,387130000C,(04)23274275,(04)23288582,2025,10,29,18,15,臺中市,沙鹿區,0,1,0,6,1,6,50,13,7,1,5,4,6,6,4,4,1,4,4,2,13,2,8,1,1,C03,7,7,1,10,2,14,11,7,7,1,12,4,120.564197,24.232935,2
11418,66000,387130000C,(04)23274275,(04)23288582,2025,10,29,18,16,臺中市,烏日區,0,0,0,7,,3,80,,,,,,,,,,,,,,,,,,,B03,,,1,,2,,,7,7,1,6,4,120.616521,24.107356,3
11419,66000,387130000C,(04)23274275,(04)23288582,2025,10,29,18,17,臺中市,北區,0,1,0,7,1,6,50,13,9,1,5,4,6,6,4,4,5,4,5,2,17,2,8,1,1,C03,7,11,1,10,2,11,,34,34,1,13,4,120.674994,24.159457,2
11420,66000,387130000C,(04)23274275,(04)23288582,2025,10,29,18,18,臺中市,南屯區,0,0,0,7,,,60,,,,,,,,,,,,,,17,,,,,B03,,,1,,1,,,8,8,1,12,4,120.639416,24.153886,3
11421,66000,387130000C,(04)23274275,(04)23288582,2025,10,29,18,19,臺中市,中區,0,1,0,7,1,6,50,4,1,1,5,4,6,6,1,1,10,5,5,1,17,3,10,5,4,B03,7,9,1,8,2,1,,84,84,1,12,4,120.677265,24.145708,2
11422,66000,387130000C,(04)23274275,(04)23288582,2025,10,29,18,20,臺中市,大雅區,0,0,0,7,,,30,,,,,,,,,,,,,,11,,,,,B12,,,1,,1,,,8,8,1,12,4,120.630016,24.208576,3
11423,66000,387130000C,(04)23274275,(04)23288582,2025,10,29,18,20,臺中市,西屯區,0,0,0,7,,,40,,,,,,,,,,,,,,17,,,,,B03,,,1,,1,,,51,51,1,13,4,120.640208,24.158515,3
11424,66000,387130000C,(04)23274275,(04)23288582,2025,10,29,18,22,臺中市,南屯區,0,1,0,7,1,6,50,4,1,1,5,4,6,6,1,1,10,5,5,2,16,3,10,2,1,C03,7,6,1,10,2,14,,48,48,1,12,4,120.627542,24.117834,2
11425,66000,387130000C,(04)23274275,(04)23288582,2025,10,29,18,22,臺中市,西屯區,0,1,0,7,1,6,30,13,9,1,5,4,6,6,4,4,10,5,5,2,28,2,9,2,1,C03,7,9,1,10,2,11,,87,87,1,12,4,120.641606,24.18133,2
11426,66000,387130000C,(04)23274275,(04)23288582,2025,10,29,18,22,臺中市,西屯區,0,1,0,7,1,6,50,3,1,1,5,4,6,6,3,1,10,5,5,2,16,2,8,5,4,C03,7,6,1,10,2,13,,11,11,1,13,4,120.63788,24.187586,2
11427,66000,387130000C,(04)23274275,(04)23288582,2025,10,29,18,23,臺中市,北屯區,0,0,0,7,,,50,,,,,,,,,,,,,,13,,,,,C03,,,1,,2,,,7,7,1,12,4,120.705251,24.168182,3
11428,66000,387130000C,(04)23274275,(04)23288582,2025,10,29,18,23,臺中市,西屯區,0,0,0,7,,,40,,,,,,,,,,,,,,13,,,,,C03,,,1,,1,,,59,59,1,13,4,120.651428,24.175988,3
11429,66000,387130000C,(04)23274275,(04)23288582,2025,10,29,18,24,臺中市,西屯區,0,0,0,7,,,50,,,,,,,,,,,,,,13,,,,,B03,,,1,,1,,,59,59,1,12,4,120.654071,24.170479,3
11430,66000,387130000C,(04)23274275,(04)23288582,2025,10,29,18,25,臺中市,南屯區,0,2,0,7,1,6,50,4,1,1,5,4,6,6,4,4,7,4,5,2,16,2,9,1,1,C03,7,6,1,10,2,12,,14,14,1,12,4,120.653794,24.137868,2
11431,66000,387130000C,(04)23274275,(04)23288582,2025,10,29,18,26,臺中市,南屯區,0,0,0,7,,,50,,,,,,,,,,,,,,,,,,,B03,,,1,,1,,,84,84,1,13,4,120.614535,24.150155,3
11432,66000,387130000C,(04)23274275,(04)23288582,2025,10,29,18,28,臺中市,北區,0,0,0,7,,,50,,,,,,,,,,,,,,17,,,,,,,,,,,,,85,85,1,,,120.67136,24.161333,3
11433,66000,387130000C,(04)23274275,(04)23288582,2025,10,29,18,30,臺中市,潭子區,0,0,0,7,,,60,,,,,,,,,,,,,,13,,,,,C03,,,1,,2,,,7,7,1,12,4,120.705265,24.215556,3
11434,66000,387130000C,(04)23274275,(04)23288582,2025,10,29,18,30,臺中市,西屯區,0,0,0,7,,,50,,,,,,,,,,,,,,14,,,,,B12,,,1,,1,,,50,50,1,13,4,120.636073,24.171003,4
11435,66000,387130000C,(04)23274275,(04)23288582,2025,10,29,18,32,臺中市,西屯區,0,0,0,7,,,50,,,,,,,,,,,,,,16,,,,,F03,,,7,,1,,,42,42,1,12,4,120.649003,24.193686,3
11436,66000,387130000C,(04)23274275,(04)23288582,2025,10,29,18,34,臺中市,北區,0,1,0,7,1,6,50,3,1,1,5,4,6,6,4,4,5,4,5,2,13,3,10,1,1,C03,7,6,1,10,2,16,,85,85,1,12,4,120.689674,24.154878,2
11437,66000,387130000C,(04)23274275,(04)23288582,2025,10,29,18,35,臺中市,豐原區,0,1,0,7,1,6,50,4,1,1,5,4,6,6,2,1,1,2,5,1,16,4,11,1,1,C03,7,6,1,10,2,12,14,11,11,1,13,4,120.72002,24.262196,2
11438,66000,387130000C,(04)23274275,(04)23288582,2025,10,29,18,37,臺中市,南屯區,0,0,0,7,1,6,50,13,9,1,5,4,6,6,1,1,3,4,5,2,12,,,,,B03,,,1,,1,,,40,40,1,12,4,120.617216,24.153683,3
11439,66000,387130000C,(04)23274275,(04)23288582,2025,10,29,18,37,臺中市,北屯區,0,0,0,7,,,50,,,,,,,,,,,,,,,,,,,B03,,,1,,9,,,84,84,1,12,4,120.6852,24.178496,3
11440,66000,387130000C,(04)23274275,(04)23288582,2025,10,29,18,37,臺中市,西屯區,0,1,0,7,1,6,30,4,1,1,5,4,6,6,4,4,5,5,5,2,15,2,9,2,1,C03,7,9,1,10,2,12,,13,13,1,12,4,120.655031,24.172402,2
11441,66000,387130000C,(04)23274275,(04)23288582,2025,10,29,18,40,臺中市,北屯區,0,0,0,7,,,50,,,,,,,,,,,,,,13,,,,,B03,,,1,,1,,,7,7,1,6,4,120.669954,24.176559,3
11442,66000,387130000C,(04)23274275,(04)23288582,2025,10,29,18,41,臺中市,北屯區,0,0,0,7,,,30,,,,,,,,,,,,,,2,,,,,B03,,,1,,2,,,8,8,1,13,4,120.667872,24.185806,3
11443,66000,387130000C,(04)23274275,(04)23288582,2025,10,29,18,42,臺中市,西屯區,0,3,0,7,1,6,50,4,1,1,5,4,6,6,2,1,10,5,5,2,15,2,9,5,4,C03,7,9,1,10,2,11,,21,21,1,13,4,120.637023,24.172144,2
11444,66000,387130000C,(04)23274275,(04)23288582,2025,10,29,18,43,臺中市,西屯區,0,0,0,7,,,50,,,,,,,,,,,,,,13,,,,,B03,,,1,,1,,,7,7,1,13,4,120.637471,24.174666,3
11445,66000,387130000C,(04)23274275,(04)23288582,2025,10,29,18,44,臺中市,南屯區,0,0,0,7,,,50,,,,,,,,,,,,,,13,,,,,C03,,,1,,2,,,7,7,1,13,4,120.652462,24.133503,3
11446,66000,387130000C,(04)23274275,(04)23288582,2025,10,29,18,44,臺中市,北屯區,0,0,0,7,,,50,,,,,,,,,,,,,,,,,,,B03,,,1,,1,,,59,59,1,12,4,120.715883,24.163855,3
11447,66000,387130000C,(04)23274275,(04)23288582,2025,10,29,18,45,臺中市,大里區,0,1,0,7,1,6,60,4,2,1,5,4,6,6,1,1,1,2,4,2,28,,,,,,,,,,,,,118,118,1,,,120.669894,24.103448,2
11448,66000,387130000C,(04)23274275,(04)23288582,2025,10,29,18,48,臺中市,西屯區,0,0,0,7,,,50,,,,,,,,,,,,,,12,,,,,B03,,,1,,1,,,8,8,1,12,4,120.659284,24.193632,3
11449,66000,387130000C,(04)23274275,(04)23288582,2025,10,29,18,48,臺中市,太平區,0,0,0,7,,3,80,,,,,,,,,,,,,,13,,,,,B03,,,1,,1,,,7,7,1,12,4,120.714097,24.14843,3
11450,66000,387130000C,(04)23274275,(04)23288582,2025,10,29,18,50,臺中市,西屯區,0,0,0,7,,,50,,,,,,,,,,,,,,13,,,,,C03,,,1,,1,,,7,7,1,13,4,120.667119,24.178194,4
11451,66000,387130000C,(04)23274275,(04)23288582,2025,10,29,18,52,臺中市,西屯區,0,1,0,7,1,6,50,13,9,1,5,4,6,6,4,4,5,5,5,2,13,3,10,1,1,C03,7,9,1,9,2,11,,7,7,1,13,4,120.65661,24.192948,2
11452,66000,387130000C,(04)23274275,(04)23288582,2025,10,29,18,52,臺中市,豐原區,0,0,0,7,1,6,50,13,9,1,5,4,6,6,4,4,5,2,5,2,13,3,10,3,1,B03,7,9,1,8,2,1,,7,7,1,12,4,120.729253,24.257196,3
11453,66000,387130000C,(04)23274275,(04)23288582,2025,10,29,18,58,臺中市,西屯區,0,1,0,7,1,6,30,5,1,1,5,4,6,6,1,1,1,5,5,2,30,2,9,5,4,C03,7,9,3,19,9,14,,59,59,1,12,4,120.645898,24.191697,2
11454,66000,387130000C,(04)23274275,(04)23288582,2025,10,29,18,58,臺中市,大里區,0,2,0,7,1,6,50,3,1,1,5,4,6,6,2,1,5,5,5,1,16,2,9,1,1,C03,7,9,1,10,2,11,,21,21,1,6,2,120.689938,24.108336,2
11455,66000,387130000C,(04)23274275,(04)23288582,2025,10,29,18,59,臺中市,北屯區,0,0,0,7,,,50,,,,,,,,,,,,,,13,,,,,B03,,,1,,1,,,7,7,1,12,4,120.667543,24.179374,3
11456,66000,387130000C,(04)23274275,(04)23288582,2025,10,29,19,0,臺中市,南區,0,0,0,7,,,50,,,,,,,,,,,,,,,,,,,B03,,,1,,2,,,7,7,1,12,4,120.679784,24.120779,3
11457,66000,387130000C,(04)23274275,(04)23288582,2025,10,29,19,1,臺中市,西屯區,0,0,0,7,,,,,,,,,,,,,,,,,10,,,,,,,,,,,,,86,86,1,,,120.647042,24.166903,3
11458,66000,387130000C,(04)23274275,(04)23288582,2025,10,29,19,5,臺中市,東區,0,0,0,7,,,50,,,,,,,,,,,,,,,,,,,B03,,,1,,9,,,85,85,1,13,4,120.706027,24.142738,3
11459,66000,387130000C,(04)23274275,(04)23288582,2025,10,29,19,11,臺中市,東區,0,1,0,7,1,6,30,4,1,1,5,4,6,6,4,4,10,5,5,2,15,3,10,3,1,B03,7,9,1,8,2,8,,13,13,1,6,4,120.685819,24.129613,2
11460,66000,387130000C,(04)23274275,(04)23288582,2025,10,29,19,11,臺中市,烏日區,0,1,0,7,1,6,40,13,9,1,5,4,6,6,1,1,10,5,5,2,13,3,10,3,1,B03,7,9,1,8,2,1,,82,82,1,6,4,120.644045,24.085792,2
11461,66000,387130000C,(04)23274275,(04)23288582,2025,10,29,19,12,臺中市,大甲區,0,0,0,7,,,50,,,,,,,,,,,,,,,,,,,B03,,,1,,1,,,49,49,1,12,4,120.63781,24.360649,3
11462,66000,387130000C,(04)23274275,(04)23288582,2025,10,29,19,15,臺中市,北區,0,0,0,7,,,50,,,,,,,,,,,,,,,,,,,B03,,,1,,2,,,84,84,1,12,4,120.667033,24.163984,3
11463,66000,387130000C,(04)23274275,(04)23288582,2025,10,29,19,23,臺中市,神岡區,0,0,0,7,,,50,,,,,,,,,,,,,,13,,,,,C03,,,1,,2,,,84,84,1,13,4,120.689586,24.247769,3
11464,66000,387130000C,(04)23274275,(04)23288582,2025,10,29,19,30,臺中市,豐原區,0,1,0,7,1,6,30,4,1,1,5,4,6,6,4,4,10,5,5,2,13,2,8,1,1,C03,7,9,1,10,2,11,,7,7,1,12,4,120.708578,24.239481,2
11465,66000,387130000C,(04)23274275,(04)23288582,2025,10,29,19,32,臺中市,西屯區,0,0,0,7,,,50,,,,,,,,,,,,,,16,,,,,B03,,,1,,1,,,14,14,1,13,4,120.648307,24.196899,3
11466,66000,387130000C,(04)23274275,(04)23288582,2025,10,29,19,38,臺中市,沙鹿區,0,1,0,7,3,6,50,4,1,1,5,4,6,6,1,1,1,4,4,2,17,3,10,1,1,C03,7,8,1,10,2,13,,40,40,1,12,4,120.559596,24.23723,2
11467,66000,387130000C,(04)23274275,(04)23288582,2025,10,29,19,41,臺中市,西屯區,0,0,0,7,,,50,,,,,,,,,,,,,,17,,,,,B03,,,1,,1,,,51,51,1,12,4,120.636376,24.16895,3
11468,66000,387130000C,(04)23274275,(04)23288582,2025,10,29,19,52,臺中市,神岡區,0,0,0,7,,,50,,,,,,,,,,,,,,2,,,,,B03,,,1,,2,,,2,2,1,12,4,120.665389,24.274199,3
11469,66000,387130000C,(04)23274275,(04)23288582,2025,10,29,19,52,臺中市,豐原區,0,0,0,7,,,40,,,,,,,,,,,,,,17,,,,,C03,,,1,,2,,,50,50,1,13,4,120.725873,24.242763,3
11470,66000,387130000C,(04)23274275,(04)23288582,2025,10,29,20,0,臺中市,北屯區,0,0,0,7,,,50,,,,,,,,,,,,,,17,,,,,C03,,,1,,2,,,84,84,1,6,4,120.708482,24.165814,3
11471,66000,387130000C,(04)23274275,(04)23288582,2025,10,29,20,2,臺中市,南屯區,0,0,0,7,,,50,,,,,,,,,,,,,,13,,,,,B03,,,1,,1,,,59,59,1,12,4,120.644981,24.132015,3
11472,66000,387130000C,(04)23274275,(04)23288582,2025,10,29,20,11,臺中市,太平區,0,0,0,7,,,50,,,,,,,,,,,,,,,,,,,B03,,,1,,1,,,11,11,1,12,4,120.716764,24.151394,3
11473,66000,387130000C,(04)23274275,(04)23288582,2025,10,29,20,14,臺中市,太平區,0,1,0,7,1,6,50,4,1,1,5,4,6,6,1,1,10,5,5,2,16,2,9,4,1,F02,7,6,7,21,2,14,,48,48,1,12,4,120.721331,24.101346,2
11474,66000,387130000C,(04)23274275,(04)23288582,2025,10,29,20,15,臺中市,西區,0,1,0,7,3,6,50,13,9,1,5,4,6,6,4,4,5,4,5,2,17,3,10,3,1,B02,7,5,1,8,2,5,,85,85,1,12,4,120.662585,24.151298,2
11475,66000,387130000C,(04)23274275,(04)23288582,2025,10,29,20,15,臺中市,西屯區,0,3,0,7,1,6,50,4,1,1,5,4,6,6,4,4,10,5,5,2,16,2,8,2,1,C03,7,6,1,10,2,14,,12,12,1,13,4,120.617623,24.188267,2
11476,66000,387130000C,(04)23274275,(04)23288582,2025,10,29,20,16,臺中市,東區,0,1,0,7,1,6,50,4,1,1,5,4,6,6,2,1,10,5,5,2,18,2,9,5,4,C03,7,9,1,10,2,11,,84,84,1,13,4,120.689224,24.143052,2
11477,66000,387130000C,(04)23274275,(04)23288582,2025,10,29,20,17,臺中市,北屯區,0,0,0,7,,3,,,,,,,,,,,,,,,9,,,,,,,,,,,,,119,119,1,,,120.694144,24.201018,3
11478,66000,387130000C,(04)23274275,(04)23288582,2025,10,29,20,18,臺中市,西屯區,0,0,0,7,,,50,,,,,,,,,,,,,,12,,,,,B03,,,1,,1,,,8,8,1,13,4,120.625002,24.182084,3
11479,66000,387130000C,(04)23274275,(04)23288582,2025,10,29,20,26,臺中市,神岡區,0,1,0,7,2,6,50,4,2,1,5,4,6,6,2,1,1,4,5,1,13,3,10,5,4,B03,7,9,1,8,2,8,,84,84,1,13,4,120.682906,24.246442,2
11480,66000,387130000C,(04)23274275,(04)23288582,2025,10,29,20,35,臺中市,大甲區,0,1,0,7,1,6,30,4,2,1,5,4,6,6,1,1,10,5,5,2,30,2,9,5,4,C03,7,5,1,10,2,12,,87,87,1,6,4,120.62514,24.340245,2
11481,66000,387130000C,(04)23274275,(04)23288582,2025,10,29,20,45,臺中市,南屯區,0,0,0,7,1,6,50,13,9,1,5,4,6,6,4,4,3,4,5,2,13,,,,,B12,,,1,,1,,,59,59,1,12,4,120.624262,24.14933,3
11482,66000,387130000C,(04)23274275,(04)23288582,2025,10,29,20,46,臺中市,石岡區,0,2,0,7,1,6,50,11,9,1,5,4,6,6,4,4,5,5,5,1,17,3,10,5,4,B03,7,9,1,8,2,16,,84,84,1,13,4,120.781679,24.265758,2
11483,66000,387130000C,(04)23274275,(04)23288582,2025,10,29,20,48,臺中市,神岡區,0,0,0,7,,,50,,,,,,,,,,,,,,11,,,,,C03,,,1,,2,,,4,4,1,12,4,120.713098,24.258624,3
11484,66000,387130000C,(04)23274275,(04)23288582,2025,10,29,20,53,臺中市,霧峰區,0,1,0,7,1,6,25,11,9,1,5,4,6,6,4,4,5,5,5,2,26,2,9,1,1,C03,7,9,1,10,2,11,,84,84,1,12,4,120.724007,24.06353,2
11485,66000,387130000C,(04)23274275,(04)23288582,2025,10,29,20,54,臺中市,西屯區,0,3,0,7,1,6,40,3,1,1,5,4,6,6,4,4,10,5,5,2,16,2,9,5,4,C03,7,9,1,10,2,11,,7,7,1,12,4,120.616611,24.182226,2
11486,66000,387130000C,(04)23274275,(04)23288582,2025,10,29,21,3,臺中市,霧峰區,0,0,0,7,,,50,,,,,,,,,,,,,,13,,,,,C03,,,1,,2,,,7,7,1,13,4,120.699703,24.075791,3
11487,66000,387130000C,(04)23274275,(04)23288582,2025,10,29,21,6,臺中市,南區,0,0,0,7,,,50,,,,,,,,,,,,,,,,,,,B12,,,1,,2,,,8,8,1,6,4,120.651059,24.114654,3
11488,66000,387130000C,(04)23274275,(04)23288582,2025,10,29,21,8,臺中市,南區,0,2,0,7,1,6,50,13,19,1,5,4,5,5,3,1,10,5,5,2,9,2,9,5,4,C03,7,9,1,9,2,11,,84,84,1,12,4,120.662411,24.120844,2
11489,66000,387130000C,(04)23274275,(04)23288582,2025,10,29,21,12,臺中市,潭子區,0,0,0,7,,,50,,,,,,,,,,,,,,9,,,,,B11,,,1,,2,,,72,72,1,12,4,120.701718,24.187321,3