序號,縣市別代碼,機關代碼,市話,傳真,年,月,日,時,分,縣市,區,死亡數量,受傷數量,2-30,天候,道路照明設備,道路類別,道路速限,道路型態,事故位置,路面鋪裝,路面狀態,路面缺陷,障礙物,視距,號誌種類,號誌動作,分向設施,快車道或一般車道間,快慢車道間,路面邊線,事故類型及型態,受傷程度,主要傷處,保護裝備,行動電話或功能裝置,當事者區分(類別),車輛用途,當事者行動狀態,駕照狀態,駕照種類,飲酒情形,車輛撞擊部位最初,車輛撞擊部位其他,肇事因素個別,肇事因素主要,肇事逃逸,職業,共享經濟或外送平台,GPS座標X,GPS座標Y,事故類別
11600,66000,387130000C,(04)23274275,(04)23288582,2025,10,30,9,37,臺中市,北區,0,3,0,7,2,6,50,3,1,1,5,4,6,6,2,1,1,4,5,2,17,2,9,1,1,C03,7,9,1,10,2,12,,85,85,1,12,4,120.698462,24.152379,2
11601,66000,387130000C,(04)23274275,(04)23288582,2025,10,30,9,42,臺中市,神岡區,0,1,0,7,3,6,50,4,1,1,5,4,6,6,4,4,10,5,5,1,15,4,11,1,1,C03,7,9,1,10,2,11,,15,15,1,13,4,120.659273,24.270639,2
11602,66000,387130000C,(04)23274275,(04)23288582,2025,10,30,9,46,臺中市,東區,0,0,0,7,,,50,,,,,,,,,,,,,,,,,,,B03,,,1,,2,,,7,7,1,12,4,120.701229,24.126177,3
11603,66000,387130000C,(04)23274275,(04)23288582,2025,10,30,9,49,臺中市,南屯區,0,1,0,7,3,6,50,3,1,1,5,4,6,6,4,4,10,5,5,2,10,3,10,1,1,C03,7,9,1,10,2,11,,4,4,1,6,4,120.631463,24.120736,2
11604,66000,387130000C,(04)23274275,(04)23288582,2025,10,30,9,54,臺中市,西區,0,0,0,7,,,50,,,,,,,,,,,,,,17,,,,,G03,,,1,,2,,,8,8,1,12,4,120.661838,24.150307,3
11605,66000,387130000C,(04)23274275,(04)23288582,2025,10,30,9,56,臺中市,潭子區,0,1,0,7,3,6,50,5,1,1,5,4,6,6,3,1,5,4,5,1,15,2,9,2,1,C03,7,9,1,10,2,14,,24,24,1,13,4,120.706176,24.215499,2
11606,66000,387130000C,(04)23274275,(04)23288582,2025,10,30,10,0,臺中市,沙鹿區,0,0,0,7,2,6,60,3,7,1,5,4,6,6,1,1,1,3,4,1,12,,,,,B03,,,1,,1,,,40,40,1,12,4,120.556112,24.212822,3
11607,66000,387130000C,(04)23274275,(04)23288582,2025,10,30,10,2,臺中市,大里區,0,2,0,7,3,6,50,4,1,1,5,4,6,6,1,1,10,5,5,2,15,2,9,1,1,C03,7,9,1,10,2,11,,21,21,1,12,4,120.679941,24.104425,2
11608,66000,387130000C,(04)23274275,(04)23288582,2025,10,30,10,3,臺中市,太平區,0,2,0,7,2,6,50,13,9,1,5,4,6,6,4,4,5,5,5,1,13,2,9,1,1,C03,7,9,1,10,2,11,,7,7,1,12,4,120.716159,24.133237,2
11609,66000,387130000C,(04)23274275,(04)23288582,2025,10,30,10,3,臺中市,清水區,0,2,0,7,3,6,30,3,1,1,5,4,6,6,4,4,9,5,5,2,16,2,9,1,1,C03,7,6,1,10,2,14,,20,20,1,12,4,120.576391,24.276668,2
11610,66000,387130000C,(04)23274275,(04)23288582,2025,10,30,10,3,臺中市,神岡區,0,0,0,7,1,6,30,,1,1,5,4,6,6,,4,10,5,5,2,14,,,,,B03,,,1,,2,,,49,49,1,12,4,120.704591,24.266156,3
11611,66000,387130000C,(04)23274275,(04)23288582,2025,10,30,10,5,臺中市,西屯區,0,2,0,7,2,6,50,3,1,1,5,4,6,6,1,1,10,5,5,1,16,2,9,2,1,C03,7,6,1,10,2,12,,11,11,1,12,4,120.606823,24.193774,2
11612,66000,387130000C,(04)23274275,(04)23288582,2025,10,30,10,10,臺中市,北區,0,0,0,7,,,50,,,,,,,,,,,,,,17,,,,,B03,,,1,,2,,,84,84,1,13,4,120.681772,24.149323,3
11613,66000,387130000C,(04)23274275,(04)23288582,2025,10,30,10,10,臺中市,南屯區,0,0,0,7,,,50,,,,,,,,,,,,,,,,,,,B03,,,1,,1,,,59,59,1,13,4,120.648167,24.123412,3
11614,66000,387130000C,(04)23274275,(04)23288582,2025,10,30,10,12,臺中市,北屯區,0,0,0,7,,,50,,,,,,,,,,,,,,13,,,,,B12,,,1,,2,,,59,59,1,6,4,120.719205,24.174801,3
11615,66000,387130000C,(04)23274275,(04)23288582,2025,10,30,10,23,臺中市,神岡區,0,1,0,7,3,6,50,4,1,1,5,4,6,6,1,1,5,5,5,1,15,2,9,1,1,C03,7,9,1,10,2,11,,21,21,1,13,4,120.673952,24.261233,2
11616,66000,387130000C,(04)23274275,(04)23288582,2025,10,30,10,28,臺中市,西區,0,0,0,7,,,50,,,,,,,,,,,,,,17,,,,,B03,,,1,,1,,,51,51,1,12,4,120.655118,24.139027,3
11617,66000,387130000C,(04)23274275,(04)23288582,2025,10,30,10,28,臺中市,大甲區,0,0,0,7,,,50,,,,,,,,,,,,,,,,,,,B03,,,1,,2,,,51,51,1,6,4,120.621549,24.353239,3
11618,66000,387130000C,(04)23274275,(04)23288582,2025,10,30,10,30,臺中市,梧棲區,0,0,0,7,,,40,,,,,,,,,,,,,,13,,,,,B03,,,1,,2,,,7,7,1,6,4,120.527847,24.229641,3
11619,66000,387130000C,(04)23274275,(04)23288582,2025,10,30,10,42,臺中市,北區,0,0,0,7,,,50,,,,,,,,,,,,,,17,,,,,B03,,,1,,1,,,8,8,1,13,4,120.683491,24.15515,3
11620,66000,387130000C,(04)23274275,(04)23288582,2025,10,30,10,43,臺中市,西區,0,0,0,7,,,50,,,,,,,,,,,,,,17,,,,,B03,,,1,,1,,,84,84,1,12,4,120.655768,24.134745,3
11621,66000,387130000C,(04)23274275,(04)23288582,2025,10,30,10,45,臺中市,東區,0,0,0,7,,,30,,,,,,,,,,,,,,,,,,,B12,,,1,,2,,,84,84,1,6,4,120.693896,24.124167,3
11622,66000,387130000C,(04)23274275,(04)23288582,2025,10,30,10,46,臺中市,神岡區,0,0,0,7,1,6,50,13,14,1,5,4,6,6,,4,5,5,5,1,13,,,,,B03,,,1,,1,,,87,87,1,12,4,120.705435,24.261356,3
11623,66000,387130000C,(04)23274275,(04)23288582,2025,10,30,10,50,臺中市,西區,0,0,0,7,,,50,,,,,,,,,,,,,,11,,,,,B03,,,1,,9,,,25,25,1,12,4,120.657267,24.133851,3
11624,66000,387130000C,(04)23274275,(04)23288582,2025,10,30,10,50,臺中市,太平區,0,0,0,7,2,6,50,9,9,1,5,4,6,6,1,1,5,5,5,2,14,,,,,B03,,,1,,9,3,,49,49,1,12,4,120.724165,24.137213,3
11625,66000,387130000C,(04)23274275,(04)23288582,2025,10,30,10,56,臺中市,沙鹿區,0,0,0,7,,,40,,,,,,,,,,,,,,,,,,,B12,,,1,,2,,,49,49,1,12,4,120.579728,24.223967,3
11626,66000,387130000C,(04)23274275,(04)23288582,2025,10,30,10,57,臺中市,北區,0,0,0,7,,,50,,,,,,,,,,,,,,13,,,,,B03,,,1,,1,,,84,84,1,12,4,120.681284,24.161716,3
11627,66000,387130000C,(04)23274275,(04)23288582,2025,10,30,11,3,臺中市,大肚區,0,0,0,7,,,50,,,,,,,,,,,,,,14,,,,,B03,,,1,,2,,,50,50,1,6,4,120.544914,24.156064,3
11628,66000,387130000C,(04)23274275,(04)23288582,2025,10,30,11,6,臺中市,西屯區,0,0,0,7,,,50,,,,,,,,,,,,,,30,,,,,B11,,,1,,2,,,8,8,1,12,4,120.618349,24.178013,3
11629,66000,387130000C,(04)23274275,(04)23288582,2025,10,30,11,9,臺中市,太平區,0,0,0,7,,,50,,,,,,,,,,,,,,13,,,,,B12,,,1,,1,,,59,59,1,12,4,120.712472,24.131694,3
11630,66000,387130000C,(04)23274275,(04)23288582,2025,10,30,11,12,臺中市,西區,0,1,0,7,2,6,50,13,9,1,5,4,6,6,4,4,9,5,5,2,17,3,10,3,1,B03,7,5,1,8,2,5,,47,47,1,12,4,120.67522,24.141083,2
11631,66000,387130000C,(04)23274275,(04)23288582,2025,10,30,11,16,臺中市,后里區,0,1,0,7,3,6,30,11,9,1,5,4,6,2,4,4,10,5,5,2,10,3,10,3,1,B03,7,9,1,8,2,8,,58,58,1,6,4,120.719629,24.335052,2
11632,66000,387130000C,(04)23274275,(04)23288582,2025,10,30,11,17,臺中市,中區,0,1,0,7,3,6,50,13,9,1,5,4,6,6,4,4,5,5,5,2,17,3,10,3,1,B03,7,1,5,8,4,8,,51,51,1,12,4,120.677887,24.143172,2
11633,66000,387130000C,(04)23274275,(04)23288582,2025,10,30,11,17,臺中市,北屯區,0,0,0,7,,,50,,,,,,,,,,,,,,14,,,,,A12,,,1,,1,,,49,49,1,6,4,120.681171,24.192627,3
11634,66000,387130000C,(04)23274275,(04)23288582,2025,10,30,11,18,臺中市,北區,0,0,0,7,,,30,,,,,,,,,,,,,,14,,,,,B12,,,1,,9,,,49,49,2,13,4,120.685401,24.162857,3
11635,66000,387130000C,(04)23274275,(04)23288582,2025,10,30,11,20,臺中市,南屯區,0,0,0,7,,,50,,,,,,,,,,,,,,13,,,,,B03,,,1,,1,,,59,59,1,6,4,120.646458,24.129972,3
11636,66000,387130000C,(04)23274275,(04)23288582,2025,10,30,11,30,臺中市,北屯區,0,0,0,7,,,50,,,,,,,,,,,,,,16,,,,,C03,,,1,,2,,,14,14,1,12,4,120.697675,24.176058,4
11637,66000,387130000C,(04)23274275,(04)23288582,2025,10,30,11,30,臺中市,北屯區,0,1,0,7,3,6,50,13,9,1,5,4,6,6,4,4,5,5,5,2,18,2,9,1,1,C03,7,10,1,10,9,11,,82,82,1,12,4,120.686707,24.186889,2
11638,66000,387130000C,(04)23274275,(04)23288582,2025,10,30,11,32,臺中市,梧棲區,0,0,0,7,,,70,,,,,,,,,,,,,,13,,,,,A41,,,1,,2,,,7,7,1,13,4,120.525668,24.25651,3
11639,66000,387130000C,(04)23274275,(04)23288582,2025,10,30,11,34,臺中市,大里區,0,1,0,7,3,6,50,13,9,1,5,4,6,6,4,4,5,5,5,1,18,2,9,1,1,C03,7,9,1,10,2,16,,84,84,1,12,4,120.712907,24.085749,2
11640,66000,387130000C,(04)23274275,(04)23288582,2025,10,30,11,35,臺中市,大里區,0,0,0,7,,,50,,,,,,,,,,,,,,17,,,,,B03,,,1,,2,,,49,49,1,12,4,120.689879,24.109773,3
11641,66000,387130000C,(04)23274275,(04)23288582,2025,10,30,11,35,臺中市,龍井區,0,0,0,7,,,60,,,,,,,,,,,,,,,,,,,B03,,,1,,1,,,7,7,1,12,4,120.580157,24.189864,3
11642,66000,387130000C,(04)23274275,(04)23288582,2025,10,30,11,43,臺中市,北區,0,0,0,7,,,50,,,,,,,,,,,,,,13,,,,,C03,,,1,,1,,,7,7,1,13,4,120.685262,24.147694,3
11643,66000,387130000C,(04)23274275,(04)23288582,2025,10,30,11,46,臺中市,豐原區,0,0,0,7,,,50,,,,,,,,,,,,,,13,,,,,C04,,,5,,2,,,59,59,1,13,4,120.727239,24.25946,4
11644,66000,387130000C,(04)23274275,(04)23288582,2025,10,30,11,49,臺中市,烏日區,0,0,0,7,,,50,,,,,,,,,,,,,,12,,,,,B03,,,1,,1,,,8,8,1,10,4,120.607778,24.119917,3
11645,66000,387130000C,(04)23274275,(04)23288582,2025,10,30,11,52,臺中市,豐原區,0,1,0,7,2,6,40,13,9,1,5,4,6,6,4,4,5,4,5,1,17,3,10,5,1,B03,7,13,1,8,2,4,,76,76,1,13,4,120.724569,24.232168,2
11646,66000,387130000C,(04)23274275,(04)23288582,2025,10,30,11,57,臺中市,南屯區,0,1,0,7,2,6,0,13,21,1,5,4,6,6,4,4,10,5,5,2,18,2,9,2,1,C04,7,5,1,10,2,12,,59,59,1,13,4,120.646234,24.146769,2
11647,66000,387130000C,(04)23274275,(04)23288582,2025,10,30,11,58,臺中市,大雅區,0,1,0,7,3,6,50,4,2,1,5,4,6,6,1,1,9,5,5,1,12,3,10,3,1,B13,7,5,1,8,2,2,,11,11,1,13,4,120.654415,24.229515,2
11648,66000,387130000C,(04)23274275,(04)23288582,2025,10,30,11,59,臺中市,烏日區,0,0,0,7,,,30,,,,,,,,,,,,,,,,,,,B13,,,5,,2,,,84,84,1,6,4,120.620643,24.10444,3
11649,66000,387130000C,(04)23274275,(04)23288582,2025,10,30,12,4,臺中市,北區,0,1,0,7,2,6,50,3,2,1,5,4,6,6,4,4,10,5,5,2,12,3,10,3,1,B03,7,5,1,8,2,6,,84,84,1,13,4,120.676307,24.172749,2
11650,66000,387130000C,(04)23274275,(04)23288582,2025,10,30,12,16,臺中市,北屯區,0,0,0,7,,,50,,,,,,,,,,,,,,13,,,,,C03,,,1,,2,,,7,7,1,6,4,120.723455,24.176139,3
11651,66000,387130000C,(04)23274275,(04)23288582,2025,10,30,12,19,臺中市,烏日區,0,1,0,7,3,6,60,13,14,1,5,4,6,6,4,4,1,4,4,1,12,2,8,1,1,C03,7,1,1,10,2,14,,51,51,1,12,4,120.637379,24.107747,2
11652,66000,387130000C,(04)23274275,(04)23288582,2025,10,30,12,20,臺中市,西屯區,0,0,0,7,,,30,,,,,,,,,,,,,,17,,,,,A12,,,1,,2,,,8,8,1,12,4,120.660553,24.199579,3
11653,66000,387130000C,(04)23274275,(04)23288582,2025,10,30,12,22,臺中市,太平區,0,0,0,7,,,50,,,,,,,,,,,,,,2,,,,,C03,,,1,,1,,,42,42,1,12,4,120.713613,24.126054,3
11654,66000,387130000C,(04)23274275,(04)23288582,2025,10,30,12,23,臺中市,南區,0,0,0,7,,,50,,,,,,,,,,,,,,,,,,,B03,,,1,,1,,,84,84,1,12,4,120.682537,24.134127,3
11655,66000,387130000C,(04)23274275,(04)23288582,2025,10,30,12,30,臺中市,北區,0,0,0,7,,,50,,,,,,,,,,,,,,17,,,,,B03,,,1,,2,,,78,78,1,13,4,120.690166,24.156902,3
11656,66000,387130000C,(04)23274275,(04)23288582,2025,10,30,12,32,臺中市,清水區,0,0,0,7,,,50,,,,,,,,,,,,,,12,,,,,B03,,,1,,2,,,51,51,1,13,4,120.558463,24.271179,3
11657,66000,387130000C,(04)23274275,(04)23288582,2025,10,30,12,34,臺中市,北區,0,0,0,7,,,30,,,,,,,,,,,,,,14,,,,,B03,,,1,,1,,,84,84,1,13,4,120.670877,24.173228,3
11658,66000,387130000C,(04)23274275,(04)23288582,2025,10,30,12,37,臺中市,大里區,0,1,0,7,2,6,50,13,9,1,5,4,6,6,4,4,5,5,5,1,18,2,9,1,1,C03,7,9,1,10,2,14,,56,56,1,12,4,120.683257,24.105519,2
11659,66000,387130000C,(04)23274275,(04)23288582,2025,10,30,12,38,臺中市,西區,0,1,0,7,2,6,50,4,1,1,5,4,6,6,1,1,10,5,5,2,16,3,10,5,4,B03,7,6,1,8,2,7,,11,11,1,12,4,120.649908,24.144942,2
11660,66000,387130000C,(04)23274275,(04)23288582,2025,10,30,12,40,臺中市,大里區,0,0,0,7,3,6,30,13,9,1,5,4,3,3,4,4,10,5,5,2,12,,,,,B12,,,1,,2,,,84,84,1,12,4,120.688911,24.11363,3
11661,66000,387130000C,(04)23274275,(04)23288582,2025,10,30,12,42,臺中市,大甲區,0,0,0,7,,,,,,,,,,,,,,,,,,,,,,,,,,,,,,119,119,1,,,120.631213,24.345856,4
11662,66000,387130000C,(04)23274275,(04)23288582,2025,10,30,12,54,臺中市,南屯區,0,0,0,7,,,50,,,,,,,,,,,,,,12,,,,,B03,,,1,,2,,,40,40,1,13,4,120.606028,24.147844,3
11663,66000,387130000C,(04)23274275,(04)23288582,2025,10,30,12,54,臺中市,北屯區,0,0,0,7,,,50,,,,,,,,,,,,,,14,,,,,B03,,,1,,9,,,49,49,2,6,4,120.715037,24.174903,3
11664,66000,387130000C,(04)23274275,(04)23288582,2025,10,30,12,55,臺中市,北屯區,0,0,0,7,,3,80,,,,,,,,,,,,,,30,,,,,B02,,,1,,2,,,84,84,1,6,4,120.694144,24.201018,3
11665,66000,387130000C,(04)23274275,(04)23288582,2025,10,30,12,56,臺中市,北區,0,0,0,7,,,50,,,,,,,,,,,,,,17,,,,,G06,,,7,,2,,,84,84,1,13,5,120.685689,24.148235,3
11666,66000,387130000C,(04)23274275,(04)23288582,2025,10,30,12,56,臺中市,北區,0,2,0,7,2,6,50,5,2,1,5,4,6,6,4,4,10,5,5,2,17,2,9,2,1,C03,7,6,1,10,2,11,,23,23,1,13,4,120.675677,24.159047,2
11667,66000,387130000C,(04)23274275,(04)23288582,2025,10,30,12,57,臺中市,新社區,0,1,0,7,3,6,50,3,7,1,5,4,6,6,4,4,5,5,4,2,17,3,10,3,1,B03,7,9,1,8,2,2,,85,85,1,6,4,120.809837,24.245527,2
11668,66000,387130000C,(04)23274275,(04)23288582,2025,10,30,13,6,臺中市,大里區,0,0,0,7,,,50,,,,,,,,,,,,,,17,,,,,B03,,,1,,2,,,14,14,1,12,4,120.665109,24.096745,3
11669,66000,387130000C,(04)23274275,(04)23288582,2025,10,30,13,16,臺中市,大里區,0,1,0,7,2,6,50,13,8,1,5,4,6,6,4,4,1,5,4,1,17,3,10,3,1,B03,7,5,1,8,2,6,,47,47,1,12,4,120.67044,24.100522,2
11670,66000,387130000C,(04)23274275,(04)23288582,2025,10,30,13,26,臺中市,太平區,0,0,0,7,,,50,,,,,,,,,,,,,,14,,,,,B12,,,1,,2,,,49,49,1,13,4,120.719647,24.148869,3
11671,66000,387130000C,(04)23274275,(04)23288582,2025,10,30,13,30,臺中市,北區,0,0,0,7,,,30,,,,,,,,,,,,,,17,,,,,B02,,,1,,2,,,50,50,1,13,4,120.668987,24.169446,3
11672,66000,387130000C,(04)23274275,(04)23288582,2025,10,30,13,31,臺中市,豐原區,0,0,0,7,,,,,,,,,,,,,,,,,,,,,,,,,,,,,,84,84,1,,,120.719148,24.253558,3
11673,66000,387130000C,(04)23274275,(04)23288582,2025,10,30,13,32,臺中市,太平區,0,0,0,7,2,6,30,3,2,1,5,4,6,6,4,4,5,5,4,1,14,,,,,B03,,,1,,2,,,49,49,1,12,4,120.709472,24.158978,3
11674,66000,387130000C,(04)23274275,(04)23288582,2025,10,30,13,35,臺中市,北屯區,0,0,0,7,,,50,,,,,,,,,,,,,,12,,,,,B12,,,1,,1,,,84,84,1,6,4,120.72305,24.175104,3
11675,66000,387130000C,(04)23274275,(04)23288582,2025,10,30,13,35,臺中市,烏日區,0,0,0,7,,,50,,,,,,,,,,,,,,,,,,,B03,,,1,,1,,,39,39,1,13,4,120.618271,24.116006,3
11676,66000,387130000C,(04)23274275,(04)23288582,2025,10,30,13,40,臺中市,沙鹿區,0,0,0,7,,,50,,,,,,,,,,,,,,17,,,,,B03,,,1,,2,,,8,8,1,6,4,120.569992,24.238944,3
11677,66000,387130000C,(04)23274275,(04)23288582,2025,10,30,13,45,臺中市,東區,0,0,0,7,,,50,,,,,,,,,,,,,,17,,,,,C03,,,1,,9,,,18,18,1,12,4,120.696679,24.150861,3
11678,66000,387130000C,(04)23274275,(04)23288582,2025,10,30,13,45,臺中市,北屯區,0,0,0,7,,,30,,,,,,,,,,,,,,17,,,,,B03,,,1,,1,,,77,77,1,6,4,120.680009,24.200821,3
11679,66000,387130000C,(04)23274275,(04)23288582,2025,10,30,13,53,臺中市,太平區,0,0,0,7,,,40,,,,,,,,,,,,,,12,,,,,C03,,,1,,9,,,8,8,1,12,4,120.71822,24.125796,3
11680,66000,387130000C,(04)23274275,(04)23288582,2025,10,30,13,56,臺中市,豐原區,0,0,0,7,,,50,,,,,,,,,,,,,,13,,,,,B03,,,1,,2,,,84,84,1,12,4,120.720885,24.25142,3
11681,66000,387130000C,(04)23274275,(04)23288582,2025,10,30,14,4,臺中市,南屯區,0,1,0,7,3,6,50,13,7,1,5,4,6,6,4,4,5,5,4,2,13,2,9,2,1,C03,7,9,1,10,2,11,,56,56,1,13,4,120.638292,24.140851,2
11682,66000,387130000C,(04)23274275,(04)23288582,2025,10,30,14,5,臺中市,南屯區,0,2,0,7,3,6,50,4,4,1,5,4,6,6,1,1,10,5,5,2,13,2,9,2,1,C03,7,9,1,10,2,11,,7,7,1,12,4,120.61293,24.138746,2
11683,66000,387130000C,(04)23274275,(04)23288582,2025,10,30,14,6,臺中市,大雅區,0,0,0,7,,,30,,,,,,,,,,,,,,,,,,,A11,,,1,,2,,,84,84,1,13,4,120.604743,24.223597,3
11684,66000,387130000C,(04)23274275,(04)23288582,2025,10,30,14,16,臺中市,北屯區,0,0,0,7,,,50,,,,,,,,,,,,,,12,,,,,B03,,,3,,1,,,65,65,1,6,4,120.70198,24.182284,3
11685,66000,387130000C,(04)23274275,(04)23288582,2025,10,30,14,19,臺中市,大雅區,0,0,0,7,,,60,,,,,,,,,,,,,,13,,,,,B01,,,1,,1,,,7,7,1,12,4,120.650229,24.21185,3
11686,66000,387130000C,(04)23274275,(04)23288582,2025,10,30,14,20,臺中市,北區,0,1,0,7,2,6,50,3,2,1,5,4,6,6,4,4,10,5,5,2,17,3,10,2,1,C03,7,5,1,10,2,14,,20,20,1,13,4,120.684767,24.150776,2
11687,66000,387130000C,(04)23274275,(04)23288582,2025,10,30,14,30,臺中市,西區,0,2,0,7,1,6,50,4,2,1,5,4,6,6,1,1,5,5,5,1,13,2,9,2,1,C03,7,9,1,10,2,11,,59,59,1,12,4,120.655082,24.147765,2
11688,66000,387130000C,(04)23274275,(04)23288582,2025,10,30,14,31,臺中市,南屯區,0,0,0,7,,,50,,,,,,,,,,,,,,13,,,,,B03,,,1,,2,,,84,84,1,13,4,120.644234,24.152488,3
11689,66000,387130000C,(04)23274275,(04)23288582,2025,10,30,14,34,臺中市,西屯區,0,0,0,7,,,30,,,,,,,,,,,,,,17,,,,,B03,,,1,,9,,,59,59,1,13,4,120.616534,24.183432,3
11690,66000,387130000C,(04)23274275,(04)23288582,2025,10,30,14,34,臺中市,后里區,0,2,0,7,3,6,30,4,1,1,5,4,6,6,4,4,10,5,5,2,15,2,9,1,1,C03,7,9,1,10,2,11,,15,15,1,6,4,120.725985,24.305491,2
11691,66000,387130000C,(04)23274275,(04)23288582,2025,10,30,14,39,臺中市,南屯區,0,0,0,7,,,50,,,,,,,,,,,,,,13,,,,,B03,,,1,,1,,,7,7,1,12,4,120.622812,24.149725,3
11692,66000,387130000C,(04)23274275,(04)23288582,2025,10,30,14,40,臺中市,神岡區,0,1,0,7,2,6,30,4,1,5,5,4,6,6,4,4,10,5,5,2,16,3,10,5,4,B03,7,6,1,8,2,5,,14,14,1,12,4,120.677341,24.24725,2
11693,66000,387130000C,(04)23274275,(04)23288582,2025,10,30,14,42,臺中市,霧峰區,0,0,0,7,,,50,,,,,,,,,,,,,,17,,,,,B03,,,1,,2,,,84,84,1,6,4,120.707918,24.0717,3
11694,66000,387130000C,(04)23274275,(04)23288582,2025,10,30,14,44,臺中市,南區,0,1,0,7,2,6,50,4,1,1,5,4,6,6,2,1,10,5,5,2,17,3,10,3,1,B03,7,6,1,8,2,7,,11,11,1,12,4,120.663924,24.116908,2
11695,66000,387130000C,(04)23274275,(04)23288582,2025,10,30,14,44,臺中市,南屯區,0,0,0,7,3,6,50,13,9,1,5,4,6,6,4,4,5,4,5,2,12,,,,,B03,,,1,,2,,,40,40,1,12,4,120.622888,24.140467,3
11696,66000,387130000C,(04)23274275,(04)23288582,2025,10,30,14,44,臺中市,北屯區,0,0,0,7,,,50,,,,,,,,,,,,,,13,,,,,B03,,,1,,1,,,7,7,1,6,4,120.677078,24.185883,3
11697,66000,387130000C,(04)23274275,(04)23288582,2025,10,30,14,48,臺中市,北屯區,0,0,0,7,,,50,,,,,,,,,,,,,,12,,,,,B03,,,1,,2,,,35,35,1,6,4,120.688349,24.182092,3
11698,66000,387130000C,(04)23274275,(04)23288582,2025,10,30,14,49,臺中市,北區,0,1,0,7,2,6,50,4,1,1,5,4,6,6,2,1,10,5,5,2,12,3,10,3,1,B03,7,5,1,8,2,5,,84,84,1,13,4,120.671213,24.173547,2
11699,66000,387130000C,(04)23274275,(04)23288582,2025,10,30,14,52,臺中市,北屯區,0,0,0,7,,,50,,,,,,,,,,,,,,,,,,,B03,,,1,,1,,,59,59,1,12,4,120.695377,24.164938,3
11700,66000,387130000C,(04)23274275,(04)23288582,2025,10,30,14,57,臺中市,潭子區,0,0,0,7,,,50,,,,,,,,,,,,,,,,,,,B03,,,1,,2,,,8,8,1,12,4,120.702994,24.200645,3
11701,66000,387130000C,(04)23274275,(04)23288582,2025,10,30,14,59,臺中市,北屯區,0,0,0,7,,,50,,,,,,,,,,,,,,12,,,,,B03,,,1,,1,,,84,84,1,12,4,120.661084,24.190993,3
11702,66000,387130000C,(04)23274275,(04)23288582,2025,10,30,15,10,臺中市,北屯區,0,0,0,7,,,50,,,,,,,,,,,,,,17,,,,,B03,,,1,,1,,,51,51,1,12,4,120.714623,24.179236,3
11703,66000,387130000C,(04)23274275,(04)23288582,2025,10,30,15,11,臺中市,大里區,0,0,0,7,3,6,40,13,7,1,5,4,6,6,4,4,5,5,4,2,17,,,,,C03,,,1,,2,,,51,51,1,12,4,120.703445,24.107924,3
11704,66000,387130000C,(04)23274275,(04)23288582,2025,10,30,15,13,臺中市,太平區,0,0,0,7,,3,80,,,,,,,,,,,,,,13,,,,,B12,,,1,,1,,,7,7,1,13,4,120.717274,24.156614,3
11705,66000,387130000C,(04)23274275,(04)23288582,2025,10,30,15,15,臺中市,南區,0,1,0,7,2,6,50,4,2,1,5,4,6,6,2,1,10,5,5,2,13,3,10,3,1,B01,7,9,1,4,2,1,,84,84,1,12,4,120.64996,24.120513,2
11706,66000,387130000C,(04)23274275,(04)23288582,2025,10,30,15,20,臺中市,西屯區,0,0,0,7,,,50,,,,,,,,,,,,,,21,,,,,A12,,,1,,2,,,59,59,1,12,4,120.623921,24.185462,3
11707,66000,387130000C,(04)23274275,(04)23288582,2025,10,30,15,24,臺中市,南屯區,0,0,0,7,,,50,,,,,,,,,,,,,,13,,,,,B03,,,1,,1,,,7,7,1,13,4,120.63142,24.146227,3
11708,66000,387130000C,(04)23274275,(04)23288582,2025,10,30,15,24,臺中市,北屯區,0,1,0,7,2,6,40,4,4,1,5,4,6,6,2,1,3,2,4,2,13,2,9,1,1,C03,7,9,1,10,2,11,,7,7,1,12,4,120.721278,24.162438,2
11709,66000,387130000C,(04)23274275,(04)23288582,2025,10,30,15,26,臺中市,后里區,0,2,0,7,2,6,50,3,1,1,5,4,6,6,4,4,5,5,5,1,17,2,8,3,1,B02,7,1,1,8,2,8,,51,51,1,12,4,120.739665,24.318202,2
11710,66000,387130000C,(04)23274275,(04)23288582,2025,10,30,15,28,臺中市,東區,0,2,0,7,2,6,50,13,7,1,5,4,6,6,4,4,5,4,4,2,17,2,9,2,1,C03,7,1,1,11,2,11,,51,51,1,12,4,120.708525,24.149147,2
11711,66000,387130000C,(04)23274275,(04)23288582,2025,10,30,15,30,臺中市,烏日區,0,2,0,7,2,6,50,4,1,1,5,4,6,6,2,1,5,4,4,2,17,2,9,1,1,C03,7,6,3,19,2,12,,23,23,1,6,4,120.650106,24.111592,2
11712,66000,387130000C,(04)23274275,(04)23288582,2025,10,30,15,43,臺中市,大里區,0,0,0,7,,,50,,,,,,,,,,,,,,14,,,,,B03,,,1,,2,,,49,49,1,13,4,120.686315,24.093176,3