序號,縣市別代碼,機關代碼,市話,傳真,年,月,日,時,分,縣市,區,死亡數量,受傷數量,2-30,天候,道路照明設備,道路類別,道路速限,道路型態,事故位置,路面鋪裝,路面狀態,路面缺陷,障礙物,視距,號誌種類,號誌動作,分向設施,快車道或一般車道間,快慢車道間,路面邊線,事故類型及型態,受傷程度,主要傷處,保護裝備,行動電話或功能裝置,當事者區分(類別),車輛用途,當事者行動狀態,駕照狀態,駕照種類,飲酒情形,車輛撞擊部位最初,車輛撞擊部位其他,肇事因素個別,肇事因素主要,肇事逃逸,職業,共享經濟或外送平台,GPS座標X,GPS座標Y,事故類別
11824,66000,387130000C,(04)23274275,(04)23288582,2025,10,30,19,13,臺中市,大雅區,0,1,0,7,1,6,50,4,1,1,5,4,6,6,4,4,5,5,5,1,16,3,10,3,1,B03,7,6,1,8,2,6,,14,14,1,13,4,120.646062,24.229312,2
11825,66000,387130000C,(04)23274275,(04)23288582,2025,10,30,19,25,臺中市,龍井區,0,0,0,7,,,50,,,,,,,,,,,,,,14,,,,,B03,,,1,,2,,,78,78,1,6,4,120.573422,24.185409,3
11826,66000,387130000C,(04)23274275,(04)23288582,2025,10,30,19,28,臺中市,北屯區,0,1,0,7,1,6,50,3,1,1,5,4,6,6,2,1,10,5,5,2,16,3,10,3,1,B03,7,5,1,8,2,5,,11,11,1,12,4,120.698865,24.170332,2
11827,66000,387130000C,(04)23274275,(04)23288582,2025,10,30,19,32,臺中市,大里區,0,1,0,7,1,6,50,4,1,1,5,4,6,6,1,1,5,4,4,2,3,3,10,3,1,B02,7,6,1,8,2,8,,10,10,1,12,4,120.708499,24.085357,2
11828,66000,387130000C,(04)23274275,(04)23288582,2025,10,30,19,42,臺中市,北屯區,0,2,0,7,1,6,50,13,7,1,5,4,1,6,4,4,3,2,4,2,24,3,10,1,1,C03,7,9,1,10,2,11,,58,58,1,12,4,120.686623,24.197411,2
11829,66000,387130000C,(04)23274275,(04)23288582,2025,10,30,19,45,臺中市,西屯區,0,1,0,7,1,6,30,4,1,1,5,4,6,6,4,4,10,5,5,2,16,2,9,2,1,C03,7,6,1,10,2,14,,14,14,1,12,4,120.656861,24.164093,2
11830,66000,387130000C,(04)23274275,(04)23288582,2025,10,30,19,47,臺中市,沙鹿區,0,1,0,7,1,6,50,3,1,1,5,4,6,6,4,4,10,5,5,2,16,3,10,3,1,B03,7,6,1,8,2,1,,14,14,1,6,4,120.574213,24.228255,2
11831,66000,387130000C,(04)23274275,(04)23288582,2025,10,30,19,52,臺中市,南屯區,0,0,0,7,,,50,,,,,,,,,,,,,,13,,,,,C03,,,1,,1,,,7,7,1,12,4,120.637148,24.146825,3
11832,66000,387130000C,(04)23274275,(04)23288582,2025,10,30,20,20,臺中市,西屯區,0,1,0,7,1,6,40,4,1,1,5,4,6,6,2,1,10,5,5,2,16,3,10,3,1,B03,7,5,1,8,2,5,,11,11,1,12,4,120.628981,24.205796,2
11833,66000,387130000C,(04)23274275,(04)23288582,2025,10,30,20,23,臺中市,西屯區,0,1,0,7,1,6,50,3,1,1,5,4,6,6,4,4,1,4,4,2,13,2,9,5,4,C03,7,9,1,10,2,11,,59,59,1,12,4,120.636295,24.183092,2
11834,66000,387130000C,(04)23274275,(04)23288582,2025,10,30,20,24,臺中市,西屯區,0,0,0,7,,,50,,,,,,,,,,,,,,12,,,,,B03,,,1,,1,,,8,8,1,12,4,120.625568,24.183193,3
11835,66000,387130000C,(04)23274275,(04)23288582,2025,10,30,20,25,臺中市,南區,0,0,0,7,,,40,,,,,,,,,,,,,,,,,,,C03,,,3,,1,,,84,84,1,13,4,120.675224,24.125249,4
11836,66000,387130000C,(04)23274275,(04)23288582,2025,10,30,20,25,臺中市,西屯區,0,0,0,7,,,50,,,,,,,,,,,,,,13,,,,,B03,,,1,,2,,,59,59,1,12,4,120.604772,24.187601,3
11837,66000,387130000C,(04)23274275,(04)23288582,2025,10,30,20,28,臺中市,南屯區,0,1,0,7,1,6,50,3,1,1,5,4,6,6,1,1,10,5,5,2,12,3,10,2,1,C03,7,5,1,10,2,11,,47,47,1,13,4,120.630935,24.148045,2
11838,66000,387130000C,(04)23274275,(04)23288582,2025,10,30,20,30,臺中市,南屯區,0,2,0,7,1,6,50,4,1,1,5,4,6,6,4,4,10,5,5,2,15,2,9,3,1,B03,7,9,1,8,2,5,,12,12,1,13,4,120.647738,24.142629,2
11839,66000,387130000C,(04)23274275,(04)23288582,2025,10,30,20,33,臺中市,豐原區,0,1,0,7,1,6,40,3,2,1,1,4,6,6,4,4,5,5,4,2,12,3,10,5,4,C03,7,1,1,10,2,14,,51,51,1,13,4,120.725046,24.246546,2
11840,66000,387130000C,(04)23274275,(04)23288582,2025,10,30,20,38,臺中市,南區,0,0,0,7,,,50,,,,,,,,,,,,,,,,,,,B03,,,1,,1,,,84,84,1,12,4,120.662077,24.122654,3
11841,66000,387130000C,(04)23274275,(04)23288582,2025,10,30,20,40,臺中市,大里區,0,0,0,7,,,50,,,,,,,,,,,,,,13,,,,,B03,,,1,,2,,,7,7,1,12,4,120.715492,24.094424,3
11842,66000,387130000C,(04)23274275,(04)23288582,2025,10,30,20,43,臺中市,烏日區,0,1,0,7,1,6,50,4,1,1,5,4,6,6,4,4,10,5,5,2,17,3,10,5,4,B03,7,4,1,8,2,6,,8,8,1,12,4,120.63827,24.107211,2
11843,66000,387130000C,(04)23274275,(04)23288582,2025,10,30,20,48,臺中市,潭子區,0,0,0,7,,,50,,,,,,,,,,,,,,,,,,,B03,,,1,,2,,,45,45,1,13,4,120.70611,24.207092,3
11844,66000,387130000C,(04)23274275,(04)23288582,2025,10,30,20,52,臺中市,西區,0,0,0,7,1,6,50,4,2,1,5,4,6,6,4,4,5,4,5,2,13,3,10,1,1,C03,7,9,1,10,1,11,,7,7,1,6,4,120.676949,24.140105,3
11845,66000,387130000C,(04)23274275,(04)23288582,2025,10,30,20,55,臺中市,北區,0,0,0,7,,,50,,,,,,,,,,,,,,,,,,,B12,,,1,,1,,,7,7,1,13,4,120.686025,24.153485,3
11846,66000,387130000C,(04)23274275,(04)23288582,2025,10,30,21,0,臺中市,南屯區,0,0,0,7,,,50,,,,,,,,,,,,,,12,,,,,B03,,,1,,2,,,40,40,1,12,4,120.625874,24.143045,3
11847,66000,387130000C,(04)23274275,(04)23288582,2025,10,30,21,5,臺中市,大里區,0,1,0,7,1,6,60,3,2,1,5,4,6,6,4,4,3,4,4,1,16,3,10,5,4,B03,7,6,1,1,2,8,,12,12,1,13,4,120.691108,24.1009,2
11848,66000,387130000C,(04)23274275,(04)23288582,2025,10,30,21,6,臺中市,南屯區,0,1,0,6,2,6,50,3,1,1,5,4,6,6,4,4,1,5,5,2,13,2,7,1,1,C03,7,9,1,10,2,11,,7,7,1,6,4,120.608376,24.144852,2
11849,66000,387130000C,(04)23274275,(04)23288582,2025,10,30,21,8,臺中市,北屯區,0,1,0,7,1,6,50,3,1,1,5,4,6,6,2,1,10,5,5,2,13,3,10,3,1,B03,7,9,1,8,2,1,,84,84,1,6,4,120.691325,24.164946,2
11850,66000,387130000C,(04)23274275,(04)23288582,2025,10,30,21,15,臺中市,北區,0,1,0,7,3,6,50,13,9,1,5,4,6,6,4,4,5,4,5,2,13,2,9,1,1,C03,7,8,1,10,2,14,,87,87,1,12,4,120.670634,24.158073,2
11851,66000,387130000C,(04)23274275,(04)23288582,2025,10,30,21,24,臺中市,豐原區,0,0,0,7,,,40,,,,,,,,,,,,,,17,,,,,B03,,,1,,9,,,50,50,1,13,4,120.721961,24.253483,3
11852,66000,387130000C,(04)23274275,(04)23288582,2025,10,30,21,27,臺中市,大甲區,0,0,0,7,,,50,,,,,,,,,,,,,,14,,,,,B03,,,1,,2,,,49,49,1,6,4,120.623984,24.346451,3
11853,66000,387130000C,(04)23274275,(04)23288582,2025,10,30,21,30,臺中市,南屯區,0,1,0,7,2,6,40,13,8,1,5,4,6,6,4,4,9,4,4,2,18,2,9,1,1,F01,7,9,7,21,2,14,,59,59,1,12,4,120.602639,24.139284,2
11854,66000,387130000C,(04)23274275,(04)23288582,2025,10,30,21,30,臺中市,大里區,0,1,0,7,1,6,50,13,9,1,5,4,6,6,4,4,9,5,4,1,17,3,10,3,1,B03,7,6,1,8,2,6,,48,48,1,6,4,120.685981,24.10363,2
11855,66000,387130000C,(04)23274275,(04)23288582,2025,10,30,21,35,臺中市,西區,0,0,0,7,,,50,,,,,,,,,,,,,,17,,,,,,,,,,,,,119,119,1,,,120.6732,24.149446,3
11856,66000,387130000C,(04)23274275,(04)23288582,2025,10,30,21,46,臺中市,西屯區,0,0,0,7,,,50,,,,,,,,,,,,,,16,,,,,B03,,,1,,1,,,11,11,1,13,4,120.64465,24.184429,3
11857,66000,387130000C,(04)23274275,(04)23288582,2025,10,30,21,50,臺中市,大肚區,0,0,0,7,,,30,,,,,,,,,,,,,,,,,,,B03,,,1,,2,,,49,49,1,6,4,120.554652,24.142958,3
11858,66000,387130000C,(04)23274275,(04)23288582,2025,10,30,21,54,臺中市,后里區,0,2,0,7,1,6,0,13,14,1,5,4,6,6,4,4,9,5,5,1,10,2,9,1,1,C03,7,9,3,19,2,11,,4,4,1,12,4,120.718206,24.310875,2
11859,66000,387130000C,(04)23274275,(04)23288582,2025,10,30,21,55,臺中市,西屯區,0,0,0,7,,,50,,,,,,,,,,,,,,13,,,,,C03,,,1,,2,,,59,59,1,12,4,120.643707,24.163589,3
11860,66000,387130000C,(04)23274275,(04)23288582,2025,10,30,21,58,臺中市,北區,0,1,0,7,1,6,50,5,1,1,5,4,6,6,1,1,10,5,5,2,17,2,9,5,4,C03,7,9,1,10,2,12,,84,84,1,12,4,120.683437,24.15371,2
11861,66000,387130000C,(04)23274275,(04)23288582,2025,10,30,22,0,臺中市,霧峰區,0,0,0,7,,,50,,,,,,,,,,,,,,,,,,,C03,,,1,,1,,,1,1,1,5,4,120.698521,24.069073,3
11862,66000,387130000C,(04)23274275,(04)23288582,2025,10,30,22,8,臺中市,烏日區,0,0,0,7,,,50,,,,,,,,,,,,,,19,,,,,B03,,,1,,2,,,84,84,1,13,4,120.635075,24.106594,3
11863,66000,387130000C,(04)23274275,(04)23288582,2025,10,30,22,20,臺中市,龍井區,0,1,0,7,1,6,50,3,5,1,5,4,6,6,1,1,10,5,5,2,23,2,9,5,4,C03,7,9,1,10,2,15,,59,59,1,6,4,120.542805,24.172284,2
11864,66000,387130000C,(04)23274275,(04)23288582,2025,10,30,22,28,臺中市,西區,0,0,0,7,1,6,50,4,1,1,5,4,6,6,2,1,10,5,5,2,12,,,,,B03,,,1,,1,,,40,40,1,13,4,120.666633,24.146728,3
11865,66000,387130000C,(04)23274275,(04)23288582,2025,10,30,22,32,臺中市,大里區,0,1,0,7,1,6,60,13,7,1,5,4,6,6,4,4,1,4,4,2,13,2,9,2,1,C03,7,9,1,10,2,11,,7,7,1,12,4,120.688943,24.078681,2
11866,66000,387130000C,(04)23274275,(04)23288582,2025,10,30,22,52,臺中市,大肚區,0,2,0,7,2,6,50,11,9,1,5,4,6,6,4,4,4,5,5,2,13,3,10,2,1,C03,7,9,1,10,2,13,,87,87,1,6,4,120.556273,24.152208,2
11867,66000,387130000C,(04)23274275,(04)23288582,2025,10,30,22,55,臺中市,西區,0,0,0,7,,,50,,,,,,,,,,,,,,13,,,,,B03,,,1,,1,,,59,59,1,13,4,120.657257,24.150851,3
11868,66000,387130000C,(04)23274275,(04)23288582,2025,10,30,23,8,臺中市,大里區,0,0,0,7,,,50,,,,,,,,,,,,,,13,,,,,C03,,,1,,2,,,84,84,1,12,4,120.686874,24.097229,3
11869,66000,387130000C,(04)23274275,(04)23288582,2025,10,30,23,9,臺中市,北屯區,0,1,0,7,1,6,50,4,1,1,5,4,6,6,2,1,3,3,5,2,16,3,10,3,1,B02,7,6,1,8,2,5,,11,11,1,13,4,120.728415,24.171531,2
11870,66000,387130000C,(04)23274275,(04)23288582,2025,10,30,23,34,臺中市,北區,0,0,0,7,,,50,,,,,,,,,,,,,,,,,,,B03,,,1,,2,,,84,84,1,13,4,120.692538,24.160257,3
11871,66000,387130000C,(04)23274275,(04)23288582,2025,10,30,23,45,臺中市,北屯區,0,2,0,7,3,6,50,13,7,1,5,4,6,6,4,4,5,5,4,2,16,3,10,2,1,F03,7,11,7,21,2,14,,45,45,1,12,4,120.696545,24.180337,2
11872,66000,387130000C,(04)23274275,(04)23288582,2025,10,30,23,47,臺中市,沙鹿區,0,1,0,7,1,6,30,13,9,1,5,4,6,6,4,4,10,5,5,2,17,3,10,4,1,B03,7,14,1,8,2,2,,76,76,1,6,4,120.568348,24.228592,2
11873,66000,387130000C,(04)23274275,(04)23288582,2025,10,31,0,32,臺中市,南區,0,2,0,7,1,6,30,13,9,1,5,4,6,6,4,4,10,5,5,2,12,2,9,5,4,C03,7,9,1,9,2,14,,8,8,1,12,4,120.674308,24.127509,2
11874,66000,387130000C,(04)23274275,(04)23288582,2025,10,31,2,3,臺中市,南屯區,0,0,0,7,,,50,,,,,,,,,,,,,,,,,,,B02,,,1,,2,,,56,56,1,6,4,120.62606,24.149944,3
11875,66000,387130000C,(04)23274275,(04)23288582,2025,10,31,4,19,臺中市,烏日區,0,1,0,7,1,6,50,13,9,1,5,4,6,6,4,4,1,5,4,2,18,2,9,5,4,C03,7,9,1,10,1,14,,59,59,1,13,4,120.615487,24.105802,2
11876,66000,387130000C,(04)23274275,(04)23288582,2025,10,31,6,41,臺中市,南區,0,0,0,7,,,50,,,,,,,,,,,,,,12,,,,,B03,,,1,,1,,,84,84,1,12,4,120.650465,24.120387,3
11877,66000,387130000C,(04)23274275,(04)23288582,2025,10,31,6,44,臺中市,東區,0,1,0,7,1,6,50,4,1,1,5,4,6,6,1,1,10,5,5,2,17,3,10,5,4,C03,7,9,1,10,2,14,,84,84,1,12,4,120.688546,24.132321,2
11878,66000,387130000C,(04)23274275,(04)23288582,2025,10,31,7,7,臺中市,西屯區,0,1,0,7,2,6,40,13,8,1,5,4,6,6,4,4,3,5,3,2,12,2,9,5,4,C03,7,9,1,10,2,14,,8,8,1,13,4,120.587895,24.19261,2
11879,66000,387130000C,(04)23274275,(04)23288582,2025,10,31,7,10,臺中市,清水區,0,2,0,7,3,6,50,3,1,1,5,4,6,6,4,4,5,5,5,2,16,2,9,6,1,F01,7,6,7,21,2,14,,14,14,1,13,4,120.560639,24.269359,2
11880,66000,387130000C,(04)23274275,(04)23288582,2025,10,31,7,11,臺中市,東區,0,1,0,7,3,6,50,4,9,1,5,4,6,6,4,4,3,5,5,2,16,3,10,5,4,B12,7,5,1,8,2,2,,20,20,1,6,4,120.711291,24.143313,2
11881,66000,387130000C,(04)23274275,(04)23288582,2025,10,31,7,15,臺中市,北屯區,0,1,0,7,3,6,50,13,9,1,5,4,6,6,4,4,1,4,5,2,12,2,1,3,1,B03,7,9,1,8,5,1,,84,84,1,6,4,120.733752,24.159768,2
11882,66000,387130000C,(04)23274275,(04)23288582,2025,10,31,7,20,臺中市,霧峰區,0,2,0,7,2,6,50,3,2,1,5,4,6,6,4,4,4,3,5,1,17,2,8,2,1,C03,7,6,1,10,2,14,,14,14,1,6,4,120.714861,24.074711,2
11883,66000,387130000C,(04)23274275,(04)23288582,2025,10,31,7,20,臺中市,外埔區,0,2,0,7,2,6,50,3,1,1,5,4,6,6,4,4,10,5,5,2,11,2,9,1,1,C03,7,6,1,10,2,11,,41,41,1,12,4,120.642562,24.342314,2
11884,66000,387130000C,(04)23274275,(04)23288582,2025,10,31,7,21,臺中市,西屯區,0,1,0,7,2,6,50,11,9,1,5,4,6,6,4,4,10,4,4,2,21,2,9,1,1,C03,7,9,1,10,2,11,,84,84,1,13,4,120.599148,24.207302,2
11885,66000,387130000C,(04)23274275,(04)23288582,2025,10,31,7,21,臺中市,西屯區,0,0,0,7,,,60,,,,,,,,,,,,,,,,,,,B03,,,1,,1,,,59,59,1,12,4,120.643643,24.165818,3
11886,66000,387130000C,(04)23274275,(04)23288582,2025,10,31,7,25,臺中市,潭子區,0,0,0,7,,,50,,,,,,,,,,,,,,,,,,,B03,,,1,,2,,,34,34,1,12,4,120.709473,24.202988,3
11887,66000,387130000C,(04)23274275,(04)23288582,2025,10,31,7,25,臺中市,北屯區,0,1,0,7,3,6,50,4,2,1,5,4,6,6,4,4,5,5,5,2,13,2,9,2,1,C03,7,9,1,10,2,11,,7,7,1,6,4,120.715879,24.172423,2
11888,66000,387130000C,(04)23274275,(04)23288582,2025,10,31,7,27,臺中市,西屯區,0,1,0,7,2,6,50,11,9,1,5,4,6,6,4,4,5,5,5,1,18,2,9,5,4,C03,7,9,1,10,2,14,,84,84,1,13,4,120.622546,24.203101,2
11889,66000,387130000C,(04)23274275,(04)23288582,2025,10,31,7,27,臺中市,豐原區,0,0,0,7,,,50,,,,,,,,,,,,,,,,,,,B03,,,1,,9,,,58,58,1,13,4,120.730076,24.247936,3
11890,66000,387130000C,(04)23274275,(04)23288582,2025,10,31,7,28,臺中市,北屯區,0,1,0,7,2,6,50,13,9,1,5,4,6,6,4,4,10,5,5,1,13,2,9,1,1,C03,7,9,1,10,3,11,,84,84,1,6,4,120.675004,24.182224,2
11891,66000,387130000C,(04)23274275,(04)23288582,2025,10,31,7,28,臺中市,西屯區,0,1,0,7,2,6,0,3,1,1,5,4,6,6,4,4,10,5,5,2,16,2,5,2,4,C03,7,1,1,10,2,11,14,51,51,1,12,4,120.645046,24.196022,2
11892,66000,387130000C,(04)23274275,(04)23288582,2025,10,31,7,32,臺中市,沙鹿區,0,1,0,7,2,6,40,13,9,1,5,4,6,6,4,4,3,4,5,2,17,2,9,1,1,C03,7,1,1,10,8,14,,51,51,1,13,4,120.6145,24.240731,2
11893,66000,387130000C,(04)23274275,(04)23288582,2025,10,31,7,34,臺中市,大雅區,0,1,0,7,3,6,30,5,1,1,5,4,6,6,1,1,9,4,4,1,15,2,9,2,1,C03,7,9,1,10,2,14,,21,21,1,13,4,120.648864,24.218065,2
11894,66000,387130000C,(04)23274275,(04)23288582,2025,10,31,7,35,臺中市,南屯區,0,0,0,7,,,50,,,,,,,,,,,,,,,,,,,C03,,,1,,1,,,7,7,1,12,4,120.609405,24.130872,3
11895,66000,387130000C,(04)23274275,(04)23288582,2025,10,31,7,35,臺中市,沙鹿區,0,1,0,7,2,6,50,3,1,1,5,4,6,6,4,4,10,5,5,1,17,3,10,3,1,B03,7,9,1,8,2,1,,7,7,1,6,4,120.551291,24.226432,2
11896,66000,387130000C,(04)23274275,(04)23288582,2025,10,31,7,40,臺中市,北屯區,0,0,0,7,,,50,,,,,,,,,,,,,,17,,,,,B03,,,1,,2,,,25,25,1,6,4,120.730467,24.177297,4
11897,66000,387130000C,(04)23274275,(04)23288582,2025,10,31,7,40,臺中市,大里區,0,0,0,7,,,50,,,,,,,,,,,,,,13,,,,,B12,,,1,,2,,,7,7,1,6,4,120.680673,24.10542,3
11898,66000,387130000C,(04)23274275,(04)23288582,2025,10,31,7,42,臺中市,西屯區,0,0,0,7,,,50,,,,,,,,,,,,,,13,,,,,B03,,,1,,1,,,59,59,1,13,4,120.654038,24.171303,3
11899,66000,387130000C,(04)23274275,(04)23288582,2025,10,31,7,44,臺中市,南區,0,0,0,7,,,50,,,,,,,,,,,,,,13,,,,,B03,,,1,,1,,,7,7,1,12,4,120.661915,24.130848,3
11900,66000,387130000C,(04)23274275,(04)23288582,2025,10,31,7,44,臺中市,南區,0,0,0,7,,,50,,,,,,,,,,,,,,,,,,,C03,,,3,,1,,,13,13,1,12,4,120.659182,24.125374,3
11901,66000,387130000C,(04)23274275,(04)23288582,2025,10,31,7,45,臺中市,大雅區,0,0,0,7,,,50,,,,,,,,,,,,,,,,,,,B03,,,1,,9,,,59,59,1,12,4,120.647169,24.229243,3
11902,66000,387130000C,(04)23274275,(04)23288582,2025,10,31,7,45,臺中市,南屯區,0,0,0,7,,,50,,,,,,,,,,,,,,13,,,,,B03,,,1,,1,,,7,7,1,6,4,120.609939,24.151245,3
11903,66000,387130000C,(04)23274275,(04)23288582,2025,10,31,7,46,臺中市,大里區,0,0,0,7,,,50,,,,,,,,,,,,,,,,,,,B03,,,1,,2,,,45,45,1,12,4,120.691833,24.109561,3
11904,66000,387130000C,(04)23274275,(04)23288582,2025,10,31,7,47,臺中市,大里區,0,1,0,7,2,6,40,4,1,1,5,4,6,6,1,1,3,4,4,1,13,2,9,1,1,C03,7,9,1,10,2,11,,7,7,1,4,4,120.697808,24.082263,2
11905,66000,387130000C,(04)23274275,(04)23288582,2025,10,31,7,48,臺中市,西屯區,0,1,0,7,2,6,50,4,1,1,5,4,6,6,2,1,10,5,5,2,13,3,10,1,1,C03,7,9,1,10,2,11,,7,7,1,13,4,120.632103,24.170355,2
11906,66000,387130000C,(04)23274275,(04)23288582,2025,10,31,7,50,臺中市,南屯區,0,1,0,7,2,6,50,13,9,1,5,4,6,6,1,1,9,5,5,2,17,2,8,2,1,C03,7,15,1,10,2,14,,84,84,1,13,4,120.628448,24.145038,2
11907,66000,387130000C,(04)23274275,(04)23288582,2025,10,31,7,50,臺中市,西屯區,0,0,0,7,,,,,,,,,,,,,,,,,,,,,,,,,,,,,,87,87,1,,,120.642458,24.169752,3
11908,66000,387130000C,(04)23274275,(04)23288582,2025,10,31,7,52,臺中市,北屯區,0,2,0,7,2,6,50,5,2,1,5,4,6,6,2,1,1,3,5,2,13,3,10,1,1,C03,7,9,1,10,2,11,,7,7,1,6,4,120.679537,24.173058,2
11909,66000,387130000C,(04)23274275,(04)23288582,2025,10,31,7,52,臺中市,北屯區,0,0,0,7,,,50,,,,,,,,,,,,,,17,,,,,C03,,,1,,9,,,84,84,1,6,4,120.689664,24.188229,3
11910,66000,387130000C,(04)23274275,(04)23288582,2025,10,31,7,52,臺中市,西屯區,0,1,0,7,2,6,30,3,2,1,5,4,6,6,4,4,10,5,5,1,16,2,9,2,1,C03,7,5,1,10,2,14,,13,13,1,12,4,120.640763,24.202366,2
11911,66000,387130000C,(04)23274275,(04)23288582,2025,10,31,7,56,臺中市,南屯區,0,1,0,7,3,6,50,13,9,1,5,4,6,6,4,4,5,4,5,2,17,2,9,1,1,C03,7,9,1,10,2,12,,7,7,1,12,4,120.630803,24.143587,2
11912,66000,387130000C,(04)23274275,(04)23288582,2025,10,31,7,56,臺中市,大里區,0,2,0,7,2,6,50,3,1,1,5,4,6,6,4,4,10,5,5,2,16,2,9,2,1,F03,7,1,7,21,2,12,,51,51,1,6,4,120.678772,24.09682,2
11913,66000,387130000C,(04)23274275,(04)23288582,2025,10,31,7,57,臺中市,太平區,0,0,0,7,2,6,50,,,,,,,,,,,,,,16,,,,,B03,,,1,,1,5,,20,20,1,12,4,120.713114,24.149836,3
11914,66000,387130000C,(04)23274275,(04)23288582,2025,10,31,8,2,臺中市,大雅區,0,0,0,7,,,30,,,,,,,,,,,,,,,,,,,B03,,,1,,2,,,8,8,1,13,4,120.654147,24.212626,3
11915,66000,387130000C,(04)23274275,(04)23288582,2025,10,31,8,5,臺中市,西區,0,0,0,7,,,50,,,,,,,,,,,,,,13,,,,,C03,,,1,,1,,,59,59,1,12,4,120.672664,24.135892,3
11916,66000,387130000C,(04)23274275,(04)23288582,2025,10,31,8,7,臺中市,梧棲區,0,1,0,7,3,6,50,4,2,1,5,4,6,6,4,4,10,5,5,2,17,3,10,1,1,C03,7,6,1,10,2,13,,20,20,1,6,4,120.529791,24.239535,2
11917,66000,387130000C,(04)23274275,(04)23288582,2025,10,31,8,9,臺中市,北屯區,0,0,0,7,,3,80,,,,,,,,,,,,,,12,,,,,A11,,,1,2,1,,,40,40,1,6,4,120.678074,24.201097,3
11918,66000,387130000C,(04)23274275,(04)23288582,2025,10,31,8,9,臺中市,后里區,0,1,0,7,2,6,50,13,9,1,5,4,6,6,4,4,5,4,4,2,18,2,9,1,1,C03,7,9,1,10,2,12,,59,59,1,12,4,120.693373,24.312882,2
11919,66000,387130000C,(04)23274275,(04)23288582,2025,10,31,8,11,臺中市,西屯區,0,1,0,7,2,6,50,5,1,1,5,4,6,6,1,1,10,5,5,2,12,2,9,1,4,C03,7,6,1,10,2,14,,42,42,1,12,4,120.606276,24.161729,2
11920,66000,387130000C,(04)23274275,(04)23288582,2025,10,31,8,11,臺中市,豐原區,0,1,0,6,2,6,30,13,9,1,5,4,6,6,4,4,10,5,5,2,11,2,9,1,4,C03,7,9,1,10,2,14,,84,84,1,13,4,120.70408,24.253227,2
11921,66000,387130000C,(04)23274275,(04)23288582,2025,10,31,8,14,臺中市,西屯區,0,0,0,7,,,30,,,,,,,,,,,,,,13,,,,,B11,,,1,,1,,,7,7,1,13,4,120.6417,24.19262,3
11922,66000,387130000C,(04)23274275,(04)23288582,2025,10,31,8,15,臺中市,南屯區,0,0,0,7,,,50,,,,,,,,,,,,,,,,,,,C03,,,1,,1,,,59,59,1,13,4,120.622608,24.145078,3
11923,66000,387130000C,(04)23274275,(04)23288582,2025,10,31,8,16,臺中市,大雅區,0,0,0,7,,,50,,,,,,,,,,,,,,,,,,,B03,,,1,,2,,,7,7,1,12,4,120.61399,24.215422,3
11924,66000,387130000C,(04)23274275,(04)23288582,2025,10,31,8,16,臺中市,太平區,0,1,0,7,2,6,50,13,9,1,5,4,6,6,4,4,10,5,5,2,17,3,10,5,4,C03,7,10,1,10,2,12,,40,40,1,6,4,120.700608,24.149296,2
11925,66000,387130000C,(04)23274275,(04)23288582,2025,10,31,8,18,臺中市,南屯區,0,0,0,7,,,30,,,,,,,,,,,,,,15,,,,,B02,,,1,,1,,,12,12,1,6,4,120.613607,24.151995,3
11926,66000,387130000C,(04)23274275,(04)23288582,2025,10,31,8,18,臺中市,龍井區,0,0,0,7,2,6,50,13,9,1,5,4,6,6,2,1,5,5,5,1,13,,,,,B03,,,1,,1,,,78,78,1,6,4,120.585377,24.185763,3
11927,66000,387130000C,(04)23274275,(04)23288582,2025,10,31,8,20,臺中市,烏日區,0,0,0,7,,3,80,,,,,,,,,,,,,,13,,,,,A05,,,1,,1,,,7,7,1,6,4,120.616521,24.107356,3
11928,66000,387130000C,(04)23274275,(04)23288582,2025,10,31,8,20,臺中市,沙鹿區,0,1,0,7,2,6,50,3,8,1,5,4,6,6,4,4,4,3,4,2,12,3,10,3,1,B03,7,15,1,8,2,4,,76,76,1,12,4,120.561341,24.243482,2
11929,66000,387130000C,(04)23274275,(04)23288582,2025,10,31,8,24,臺中市,西區,0,2,0,7,2,6,50,4,1,1,5,4,6,6,1,1,10,5,5,2,18,2,9,2,1,C03,7,9,1,9,2,12,,84,84,1,12,4,120.665287,24.150867,2
11930,66000,387130000C,(04)23274275,(04)23288582,2025,10,31,8,25,臺中市,北屯區,0,1,0,7,2,6,50,3,2,1,5,4,6,6,2,1,10,5,5,1,13,3,10,1,1,C03,7,9,1,10,2,11,,7,7,1,6,4,120.695245,24.166955,2
11931,66000,387130000C,(04)23274275,(04)23288582,2025,10,31,8,26,臺中市,北區,0,2,0,7,3,6,50,4,1,1,5,4,6,6,4,4,10,5,5,2,17,2,9,5,4,C03,7,9,1,10,2,14,,20,20,1,13,4,120.692723,24.15663,2
11932,66000,387130000C,(04)23274275,(04)23288582,2025,10,31,8,26,臺中市,北區,0,2,0,7,2,6,50,3,1,1,5,4,6,6,4,4,10,5,5,2,16,2,9,5,4,C03,7,6,1,10,2,14,,14,14,1,13,4,120.689604,24.154975,2
11933,66000,387130000C,(04)23274275,(04)23288582,2025,10,31,8,28,臺中市,南屯區,0,0,0,7,,,50,,,,,,,,,,,,,,,,,,,B12,,,1,,1,,,7,7,1,12,4,120.642893,24.140852,3