序號,縣市別代碼,機關代碼,市話,傳真,年,月,日,時,分,縣市,區,死亡數量,受傷數量,2-30,天候,道路照明設備,道路類別,道路速限,道路型態,事故位置,路面鋪裝,路面狀態,路面缺陷,障礙物,視距,號誌種類,號誌動作,分向設施,快車道或一般車道間,快慢車道間,路面邊線,事故類型及型態,受傷程度,主要傷處,保護裝備,行動電話或功能裝置,當事者區分(類別),車輛用途,當事者行動狀態,駕照狀態,駕照種類,飲酒情形,車輛撞擊部位最初,車輛撞擊部位其他,肇事因素個別,肇事因素主要,肇事逃逸,職業,共享經濟或外送平台,GPS座標X,GPS座標Y,事故類別
11934,66000,387130000C,(04)23274275,(04)23288582,2025,10,31,8,30,臺中市,潭子區,0,1,0,7,2,6,50,13,7,1,5,4,6,6,4,4,5,5,4,1,3,3,10,2,1,C03,7,9,1,10,11,12,,34,34,2,13,4,120.707864,24.211,2
11935,66000,387130000C,(04)23274275,(04)23288582,2025,10,31,8,30,臺中市,北屯區,0,0,0,7,,,50,,,,,,,,,,,,,,13,,,,,B03,,,1,,1,,,84,84,1,6,4,120.694016,24.170894,3
11936,66000,387130000C,(04)23274275,(04)23288582,2025,10,31,8,30,臺中市,烏日區,0,0,0,7,,3,40,,,,,,,,,,,,,,13,,,,,B03,,,1,,1,,,7,7,1,6,4,120.612995,24.102657,3
11937,66000,387130000C,(04)23274275,(04)23288582,2025,10,31,8,31,臺中市,西屯區,0,1,0,7,2,6,50,4,1,1,5,4,6,6,1,1,8,4,4,1,17,2,9,5,4,C03,7,6,1,10,1,12,,59,59,1,13,4,120.642311,24.177767,2
11938,66000,387130000C,(04)23274275,(04)23288582,2025,10,31,8,33,臺中市,西屯區,0,1,0,7,2,6,50,13,7,1,5,4,6,6,2,1,3,4,4,2,18,2,9,5,4,C03,7,9,1,10,2,14,,59,59,1,13,4,120.652326,24.20438,2
11939,66000,387130000C,(04)23274275,(04)23288582,2025,10,31,8,34,臺中市,后里區,0,1,0,7,2,6,50,3,1,1,5,4,6,6,4,4,10,5,5,2,14,3,10,3,1,B03,7,2,1,8,2,7,,49,49,1,12,4,120.712034,24.292911,2
11940,66000,387130000C,(04)23274275,(04)23288582,2025,10,31,8,35,臺中市,南區,0,0,0,7,,,50,,,,,,,,,,,,,,,,,,,B03,,,1,,2,,,11,11,1,12,4,120.663897,24.124894,4
11941,66000,387130000C,(04)23274275,(04)23288582,2025,10,31,8,39,臺中市,大雅區,0,1,0,7,3,6,60,4,9,1,5,4,6,6,1,1,9,4,5,1,13,3,10,2,1,C03,7,9,1,10,2,11,,7,7,1,13,4,120.649134,24.216356,2
11942,66000,387130000C,(04)23274275,(04)23288582,2025,10,31,8,42,臺中市,西區,0,1,0,7,2,6,60,4,1,1,5,4,6,6,2,1,1,4,5,1,23,2,9,2,1,C03,7,9,1,10,2,11,,84,84,1,13,4,120.673668,24.147719,2
11943,66000,387130000C,(04)23274275,(04)23288582,2025,10,31,8,43,臺中市,西區,0,1,0,7,2,6,50,3,2,1,5,4,6,6,1,1,5,4,5,1,13,2,9,2,1,C03,7,9,1,10,2,11,,7,7,1,11,4,120.661673,24.141361,2
11944,66000,387130000C,(04)23274275,(04)23288582,2025,10,31,8,48,臺中市,北區,0,0,0,7,,,50,,,,,,,,,,,,,,12,,,,,C03,,,1,,1,,,8,8,1,13,4,120.664023,24.161829,3
11945,66000,387130000C,(04)23274275,(04)23288582,2025,10,31,8,50,臺中市,龍井區,0,0,0,7,,,50,,,,,,,,,,,,,,13,,,,,C03,,,1,,2,,,7,7,1,6,4,120.581767,24.176502,3
11946,66000,387130000C,(04)23274275,(04)23288582,2025,10,31,8,53,臺中市,北屯區,0,3,0,7,2,6,50,4,1,1,5,4,6,6,4,4,4,3,5,2,15,2,9,1,1,C03,7,9,1,10,2,11,,13,13,1,12,4,120.71655,24.167212,2
11947,66000,387130000C,(04)23274275,(04)23288582,2025,10,31,8,53,臺中市,龍井區,0,1,0,7,2,6,50,13,9,1,5,4,6,6,4,4,9,5,5,2,16,2,9,2,1,C03,7,9,1,10,2,14,,7,7,1,6,4,120.590541,24.191412,2
11948,66000,387130000C,(04)23274275,(04)23288582,2025,10,31,8,57,臺中市,西區,0,2,0,7,2,6,50,4,1,1,5,4,6,6,2,1,1,4,5,1,16,2,9,2,1,C03,7,6,1,10,2,13,,11,11,1,13,4,120.658839,24.140149,2
11949,66000,387130000C,(04)23274275,(04)23288582,2025,10,31,8,58,臺中市,大里區,0,0,0,7,,,70,,,,,,,,,,,,,,13,,,,,B03,,,1,,1,,,6,6,1,6,4,120.664012,24.083234,3
11950,66000,387130000C,(04)23274275,(04)23288582,2025,10,31,9,0,臺中市,西屯區,0,2,0,7,2,6,30,13,9,1,5,4,6,6,4,4,10,5,5,2,16,2,9,1,1,C03,7,3,1,10,2,14,,50,50,1,13,4,120.650055,24.176531,2
11951,66000,387130000C,(04)23274275,(04)23288582,2025,10,31,9,4,臺中市,北區,0,1,0,7,2,6,50,13,9,1,5,4,6,6,4,4,3,4,5,2,13,3,10,1,1,C03,7,9,1,10,2,11,,84,84,1,13,4,120.679186,24.163351,2
11952,66000,387130000C,(04)23274275,(04)23288582,2025,10,31,9,17,臺中市,西屯區,0,0,0,7,,,50,,,,,,,,,,,,,,,,,,,B03,,,1,,1,,,8,8,1,12,4,120.606489,24.189992,3
11953,66000,387130000C,(04)23274275,(04)23288582,2025,10,31,9,26,臺中市,南屯區,0,2,0,7,3,6,40,4,1,1,5,4,6,6,1,1,10,5,5,2,17,2,9,2,1,C03,7,11,3,19,2,14,,45,45,1,13,4,120.641344,24.134735,2
11954,66000,387130000C,(04)23274275,(04)23288582,2025,10,31,9,28,臺中市,西屯區,0,0,0,7,,3,80,,,,,,,,,,,,,,13,,,,,A12,,,1,,2,,,7,7,1,12,4,120.624203,24.153799,3
11955,66000,387130000C,(04)23274275,(04)23288582,2025,10,31,9,29,臺中市,龍井區,0,0,0,7,,,50,,,,,,,,,,,,,,,,,,,B12,,,1,,2,,,84,84,1,6,4,120.505796,24.210503,3
11956,66000,387130000C,(04)23274275,(04)23288582,2025,10,31,9,30,臺中市,東區,0,0,0,7,,,50,,,,,,,,,,,,,,13,,,,,B01,,,1,,1,,,7,7,1,12,4,120.701976,24.142642,3
11957,66000,387130000C,(04)23274275,(04)23288582,2025,10,31,9,30,臺中市,南區,0,0,0,7,,,50,,,,,,,,,,,,,,17,,,,,B12,,,1,,1,,,85,85,1,12,4,120.666189,24.121783,4
11958,66000,387130000C,(04)23274275,(04)23288582,2025,10,31,9,31,臺中市,東區,0,0,0,7,,,50,,,,,,,,,,,,,,,,,,,B12,,,1,,9,,,49,49,1,6,4,120.703369,24.128837,3
11959,66000,387130000C,(04)23274275,(04)23288582,2025,10,31,9,33,臺中市,大甲區,0,1,0,7,3,6,50,3,1,1,5,4,6,6,4,4,10,5,5,2,18,2,9,1,1,C03,7,9,1,10,2,14,,7,7,1,6,4,120.636915,24.346921,2
11960,66000,387130000C,(04)23274275,(04)23288582,2025,10,31,9,34,臺中市,北區,0,1,0,7,3,9,50,18,24,1,5,4,6,6,2,1,2,5,5,2,17,2,9,5,4,C03,7,9,1,10,2,11,,7,7,1,13,4,120.686062,24.154987,2
11961,66000,387130000C,(04)23274275,(04)23288582,2025,10,31,9,38,臺中市,大里區,0,1,0,7,3,6,50,13,9,1,5,4,6,6,4,4,1,4,5,1,16,3,10,3,1,B03,7,6,1,8,2,4,,48,48,1,13,4,120.677154,24.114969,2
11962,66000,387130000C,(04)23274275,(04)23288582,2025,10,31,9,43,臺中市,太平區,0,1,0,7,2,6,50,13,9,1,5,4,6,6,4,4,10,5,5,2,17,3,10,5,4,B03,7,1,1,8,2,4,,51,51,1,6,4,120.720396,24.133729,2
11963,66000,387130000C,(04)23274275,(04)23288582,2025,10,31,9,44,臺中市,北屯區,0,0,0,7,,,50,,,,,,,,,,,,,,12,,,,,B12,,,1,1,1,,,84,84,1,6,4,120.695046,24.172983,3
11964,66000,387130000C,(04)23274275,(04)23288582,2025,10,31,9,47,臺中市,龍井區,0,0,0,7,2,6,40,4,8,1,5,4,6,6,2,1,3,4,3,1,12,,,,,C03,,,1,,2,,,8,8,1,5,4,120.575608,24.185015,3
11965,66000,387130000C,(04)23274275,(04)23288582,2025,10,31,9,48,臺中市,外埔區,0,1,0,7,2,6,50,13,9,1,5,4,6,6,4,4,9,4,4,2,18,2,9,1,1,C03,7,9,1,10,2,11,,59,59,1,12,4,120.664101,24.3454,2
11966,66000,387130000C,(04)23274275,(04)23288582,2025,10,31,9,49,臺中市,西屯區,0,0,0,7,,,40,,,,,,,,,,,,,,17,,,,,C03,,,1,,1,,,8,8,1,13,4,120.657681,24.163109,3
11967,66000,387130000C,(04)23274275,(04)23288582,2025,10,31,9,50,臺中市,霧峰區,0,0,0,7,,,50,,,,,,,,,,,,,,17,,,,,B03,,,1,,2,,,8,8,1,6,4,120.704073,24.076061,3
11968,66000,387130000C,(04)23274275,(04)23288582,2025,10,31,9,52,臺中市,龍井區,0,0,0,7,2,6,50,12,9,1,5,4,6,6,2,1,5,5,5,1,17,,,,,B12,,,1,,1,,,82,82,1,6,4,120.579362,24.192499,3
11969,66000,387130000C,(04)23274275,(04)23288582,2025,10,31,9,53,臺中市,大肚區,0,0,0,7,,,50,,,,,,,,,,,,,,,,,,,B03,,,1,,2,,,7,7,1,6,4,120.565828,24.124733,3
11970,66000,387130000C,(04)23274275,(04)23288582,2025,10,31,9,54,臺中市,西區,0,2,0,7,2,6,50,4,1,1,5,4,6,6,1,1,10,5,5,2,17,2,9,2,1,C03,7,1,1,10,2,14,,51,51,1,12,4,120.655115,24.147742,2
11971,66000,387130000C,(04)23274275,(04)23288582,2025,10,31,9,58,臺中市,神岡區,0,0,0,7,,,30,,,,,,,,,,,,,,11,,,,,A11,,,1,,1,,,8,8,1,12,4,120.65939,24.276987,3
11972,66000,387130000C,(04)23274275,(04)23288582,2025,10,31,10,1,臺中市,太平區,0,0,0,7,2,6,30,,,,,,,,,,,,,,,,,,,B03,,,1,,2,6,,49,49,1,12,4,120.712384,24.125574,3
11973,66000,387130000C,(04)23274275,(04)23288582,2025,10,31,10,3,臺中市,潭子區,0,2,0,7,2,6,30,3,1,1,5,4,6,6,4,4,10,5,5,1,16,2,7,1,1,C03,7,6,1,10,2,14,,14,14,1,12,4,120.711631,24.219151,2
11974,66000,387130000C,(04)23274275,(04)23288582,2025,10,31,10,4,臺中市,龍井區,0,0,0,7,2,6,50,4,7,1,5,4,6,,2,1,3,4,3,2,17,,,,,A12,,,1,,1,,,78,78,1,6,4,120.580444,24.188742,3
11975,66000,387130000C,(04)23274275,(04)23288582,2025,10,31,10,5,臺中市,南屯區,0,0,0,7,,,50,,,,,,,,,,,,,,,,,,,A11,,,1,,1,,,7,7,1,12,4,120.603027,24.159499,3
11976,66000,387130000C,(04)23274275,(04)23288582,2025,10,31,10,5,臺中市,太平區,0,0,0,7,,,50,,,,,,,,,,,,,,,,,,,B03,,,1,,2,,,59,59,1,6,4,120.713139,24.141108,3
11977,66000,387130000C,(04)23274275,(04)23288582,2025,10,31,10,5,臺中市,神岡區,0,0,0,7,1,6,50,4,2,1,5,4,6,6,1,1,1,4,5,1,27,,,,,A12,,,1,,2,,,87,87,1,12,4,120.689345,24.257769,3
11978,66000,387130000C,(04)23274275,(04)23288582,2025,10,31,10,6,臺中市,東區,0,1,0,7,2,6,50,5,1,1,5,4,6,6,4,4,10,5,5,2,17,3,10,1,1,C03,7,5,5,19,2,12,,11,11,1,12,4,120.705283,24.130378,2
11979,66000,387130000C,(04)23274275,(04)23288582,2025,10,31,10,6,臺中市,東區,0,0,0,7,,,50,,,,,,,,,,,,,,,,,,,C03,,,1,,1,,,12,12,1,12,4,120.694904,24.142793,4
11980,66000,387130000C,(04)23274275,(04)23288582,2025,10,31,10,7,臺中市,梧棲區,0,0,0,7,,,50,,,,,,,,,,,,,,14,,,,,B03,,,1,,2,,,49,49,1,6,4,120.538107,24.247814,3
11981,66000,387130000C,(04)23274275,(04)23288582,2025,10,31,10,8,臺中市,中區,0,1,0,7,2,6,50,4,1,1,5,4,6,6,2,1,4,4,4,1,13,3,10,3,1,B01,7,9,1,4,2,1,,84,84,1,12,4,120.682266,24.135945,2
11982,66000,387130000C,(04)23274275,(04)23288582,2025,10,31,10,8,臺中市,南屯區,0,2,0,7,3,6,40,13,8,1,5,4,6,6,4,4,9,5,4,2,17,2,9,1,1,C03,7,9,1,10,2,14,,7,7,1,5,4,120.609245,24.136689,2
11983,66000,387130000C,(04)23274275,(04)23288582,2025,10,31,10,10,臺中市,北屯區,0,1,0,7,3,6,50,13,7,1,5,4,6,6,4,4,9,5,4,2,17,3,10,3,1,B03,7,1,1,8,2,8,,51,51,1,6,4,120.683259,24.181002,2
11984,66000,387130000C,(04)23274275,(04)23288582,2025,10,31,10,10,臺中市,西屯區,0,0,0,7,,,50,,,,,,,,,,,,,,,,,,,B03,,,1,,1,,,59,59,1,13,4,120.633881,24.176617,3
11985,66000,387130000C,(04)23274275,(04)23288582,2025,10,31,10,11,臺中市,西區,0,0,0,7,,,30,,,,,,,,,,,,,,,,,,,B12,,,1,,1,,,8,8,1,12,4,120.656174,24.149244,3
11986,66000,387130000C,(04)23274275,(04)23288582,2025,10,31,10,15,臺中市,北區,0,0,0,7,,,50,,,,,,,,,,,,,,17,,,,,B01,,,1,,2,,,59,59,1,6,4,120.681039,24.157076,3
11987,66000,387130000C,(04)23274275,(04)23288582,2025,10,31,10,15,臺中市,北屯區,0,1,0,7,2,6,50,13,9,1,5,4,6,6,4,4,1,4,5,1,3,2,8,6,5,H01,8,18,7,21,10,17,,95,95,1,12,5,120.698086,24.171717,2
11988,66000,387130000C,(04)23274275,(04)23288582,2025,10,31,10,15,臺中市,太平區,0,0,0,7,,,50,,,,,,,,,,,,,,17,,,,,B12,,,1,,2,,,58,58,1,6,4,120.717327,24.159817,3
11989,66000,387130000C,(04)23274275,(04)23288582,2025,10,31,10,23,臺中市,南屯區,0,1,0,7,2,6,50,4,1,1,5,4,6,6,1,1,9,5,5,2,17,3,10,2,1,C03,7,5,1,10,2,13,,85,85,1,13,4,120.649827,24.148829,2
11990,66000,387130000C,(04)23274275,(04)23288582,2025,10,31,10,28,臺中市,大里區,0,1,0,7,2,6,50,5,9,1,5,4,6,6,3,1,9,4,5,1,17,3,10,2,1,C03,7,7,1,10,2,13,,39,39,1,12,4,120.68024,24.115018,2
11991,66000,387130000C,(04)23274275,(04)23288582,2025,10,31,10,28,臺中市,太平區,0,2,0,7,2,6,50,4,1,1,5,4,6,6,4,4,10,5,5,2,15,2,9,1,1,C03,7,9,1,10,2,12,,12,12,1,12,4,120.720889,24.11926,2
11992,66000,387130000C,(04)23274275,(04)23288582,2025,10,31,10,29,臺中市,大雅區,0,1,0,7,3,6,60,13,7,1,5,4,6,6,4,4,9,4,4,1,13,2,9,2,1,C03,7,9,1,10,2,11,,84,84,1,13,4,120.646925,24.221951,2
11993,66000,387130000C,(04)23274275,(04)23288582,2025,10,31,10,30,臺中市,東區,0,1,0,7,1,6,50,4,1,1,5,4,6,6,1,1,10,5,5,2,30,,,,,,,,,,,,,119,119,1,,,120.698033,24.147964,2
11994,66000,387130000C,(04)23274275,(04)23288582,2025,10,31,10,32,臺中市,西屯區,0,2,0,7,2,6,40,4,1,1,5,4,6,6,1,1,10,5,5,1,13,2,9,2,1,C03,7,9,1,10,2,11,,59,59,1,12,4,120.649187,24.162615,2
11995,66000,387130000C,(04)23274275,(04)23288582,2025,10,31,10,35,臺中市,大肚區,0,0,0,7,,,70,,,,,,,,,,,,,,,,,,,B03,,,1,,2,,,8,8,1,6,4,120.553371,24.13506,3
11996,66000,387130000C,(04)23274275,(04)23288582,2025,10,31,10,40,臺中市,東區,0,1,0,7,3,6,50,4,9,1,5,4,6,6,2,1,5,5,5,2,16,3,10,5,4,B12,7,5,1,8,2,16,,20,20,1,6,4,120.697241,24.127219,2
11997,66000,387130000C,(04)23274275,(04)23288582,2025,10,31,10,41,臺中市,北區,0,0,0,7,,,50,,,,,,,,,,,,,,12,,,,,C03,,,1,,1,,,26,26,1,13,4,120.683255,24.157317,3
11998,66000,387130000C,(04)23274275,(04)23288582,2025,10,31,10,43,臺中市,西屯區,0,1,0,7,2,6,50,4,1,1,5,4,6,6,4,4,10,5,5,2,3,3,10,1,4,C03,7,11,1,10,2,11,,34,34,1,12,4,120.637676,24.179566,2
11999,66000,387130000C,(04)23274275,(04)23288582,2025,10,31,10,47,臺中市,沙鹿區,0,1,0,7,2,6,50,4,1,1,5,4,6,6,1,1,3,5,3,2,17,3,10,3,1,B03,7,6,1,8,2,7,,8,8,1,12,4,120.571658,24.242283,2
12000,66000,387130000C,(04)23274275,(04)23288582,2025,10,31,10,49,臺中市,西屯區,0,0,0,7,,,50,,,,,,,,,,,,,,17,,,,,B03,,,1,,2,,,50,50,1,13,4,120.606703,24.187293,3
12001,66000,387130000C,(04)23274275,(04)23288582,2025,10,31,10,50,臺中市,潭子區,0,0,0,7,,,50,,,,,,,,,,,,,,,,,,,B03,,,1,,2,,,40,40,1,13,4,120.701917,24.211671,3
12002,66000,387130000C,(04)23274275,(04)23288582,2025,10,31,10,52,臺中市,東勢區,0,2,0,7,2,6,60,13,9,1,5,4,6,6,4,4,5,4,5,1,27,2,9,5,4,B12,7,15,1,8,2,5,,84,84,1,12,4,120.79745,24.290315,2
12003,66000,387130000C,(04)23274275,(04)23288582,2025,10,31,10,55,臺中市,西屯區,0,2,0,7,2,6,30,3,1,1,5,4,6,6,1,1,8,4,5,1,17,3,10,5,4,C03,7,6,1,10,1,14,,23,23,1,13,4,120.665986,24.178155,2
12004,66000,387130000C,(04)23274275,(04)23288582,2025,10,31,10,55,臺中市,東勢區,0,0,0,7,,,50,,,,,,,,,,,,,,,,,,,B12,,,1,,1,,,4,4,1,12,4,120.835609,24.251245,3
12005,66000,387130000C,(04)23274275,(04)23288582,2025,10,31,10,58,臺中市,南屯區,0,0,0,7,,,50,,,,,,,,,,,,,,13,,,,,C03,,,1,,1,,,59,59,1,13,4,120.648507,24.133358,3
12006,66000,387130000C,(04)23274275,(04)23288582,2025,10,31,11,0,臺中市,西屯區,0,0,0,7,,3,40,,,,,,,,,,,,,,13,,,,,B03,,,1,,2,,,87,87,1,13,4,120.629432,24.164311,3
12007,66000,387130000C,(04)23274275,(04)23288582,2025,10,31,11,1,臺中市,西屯區,0,0,0,7,,,50,,,,,,,,,,,,,,,,,,,B03,,,1,,1,,,59,59,1,13,4,120.63421,24.172321,3
12008,66000,387130000C,(04)23274275,(04)23288582,2025,10,31,11,3,臺中市,西區,0,0,0,7,,,50,,,,,,,,,,,,,,13,,,,,C03,,,1,,1,,,7,7,1,12,4,120.67448,24.143173,3
12009,66000,387130000C,(04)23274275,(04)23288582,2025,10,31,11,3,臺中市,西屯區,0,1,0,7,2,6,50,4,1,1,5,4,6,6,1,1,10,5,5,1,16,3,10,3,1,B03,7,5,1,8,2,2,,11,11,1,12,4,120.655219,24.176002,2
12010,66000,387130000C,(04)23274275,(04)23288582,2025,10,31,11,6,臺中市,南屯區,0,0,0,7,,,50,,,,,,,,,,,,,,,,,,,B03,,,1,,1,,,7,7,1,12,4,120.603027,24.159499,3
12011,66000,387130000C,(04)23274275,(04)23288582,2025,10,31,11,10,臺中市,東區,0,0,0,7,,,50,,,,,,,,,,,,,,13,,,,,C03,,,1,,2,,,7,7,1,12,4,120.689068,24.134641,3
12012,66000,387130000C,(04)23274275,(04)23288582,2025,10,31,11,10,臺中市,北屯區,0,1,0,7,3,6,50,3,1,1,5,4,6,6,1,1,10,5,5,2,13,2,9,1,1,C03,7,9,1,10,2,11,,59,59,1,6,4,120.688614,24.163077,2
12013,66000,387130000C,(04)23274275,(04)23288582,2025,10,31,11,11,臺中市,大雅區,0,0,0,7,,,70,,,,,,,,,,,,,,12,,,,,A31,,,1,,1,,,40,40,1,12,4,120.637025,24.234275,3
12014,66000,387130000C,(04)23274275,(04)23288582,2025,10,31,11,12,臺中市,西屯區,0,0,0,7,,,50,,,,,,,,,,,,,,13,,,,,B03,,,1,,2,,,7,7,1,12,4,120.637921,24.181024,3
12015,66000,387130000C,(04)23274275,(04)23288582,2025,10,31,11,12,臺中市,霧峰區,0,0,0,7,,,30,,,,,,,,,,,,,,,,,,,C03,,,1,,2,,,8,8,1,5,4,120.678361,24.0708,3
12016,66000,387130000C,(04)23274275,(04)23288582,2025,10,31,11,13,臺中市,大甲區,0,0,0,7,,,40,,,,,,,,,,,,,,,,,,,H04,,,7,,1,,,109,109,1,12,4,120.622191,24.356254,3
12017,66000,387130000C,(04)23274275,(04)23288582,2025,10,31,11,16,臺中市,南區,0,2,0,7,2,6,50,4,2,1,5,4,6,6,2,1,3,4,5,2,13,2,9,1,1,C03,7,9,1,10,2,11,,7,7,1,12,4,120.653066,24.117715,2
12018,66000,387130000C,(04)23274275,(04)23288582,2025,10,31,11,17,臺中市,大甲區,0,0,0,7,,,50,,,,,,,,,,,,,,,,,,,B03,,,1,,2,,,8,8,1,6,4,120.62744,24.348455,3
12019,66000,387130000C,(04)23274275,(04)23288582,2025,10,31,11,20,臺中市,北屯區,0,1,0,7,2,6,50,13,9,1,5,4,6,6,4,4,1,4,5,2,12,2,9,1,1,C03,7,15,1,10,2,15,,85,85,1,6,4,120.686163,24.178729,2
12020,66000,387130000C,(04)23274275,(04)23288582,2025,10,31,11,20,臺中市,大里區,0,1,0,7,3,6,50,13,9,1,5,4,6,6,4,4,5,5,5,1,13,2,9,1,1,C03,7,9,1,10,2,11,,7,7,1,12,4,120.70817,24.086909,2
12021,66000,387130000C,(04)23274275,(04)23288582,2025,10,31,11,20,臺中市,沙鹿區,0,0,0,7,2,6,50,3,9,1,5,4,6,6,4,4,10,4,5,2,24,,,,,B03,,,1,,2,,,84,84,1,12,4,120.601215,24.258817,3
12022,66000,387130000C,(04)23274275,(04)23288582,2025,10,31,11,23,臺中市,南屯區,0,1,0,7,3,6,50,4,1,1,5,4,6,6,2,1,10,5,5,2,17,2,9,1,1,C03,7,8,1,10,2,12,13,43,43,1,6,4,120.636102,24.146619,2
12023,66000,387130000C,(04)23274275,(04)23288582,2025,10,31,11,25,臺中市,北區,0,1,0,7,3,6,50,4,1,1,5,4,6,6,2,1,10,5,5,2,17,2,9,5,4,C03,7,9,1,10,2,14,,6,6,1,13,4,120.684887,24.159167,2
12024,66000,387130000C,(04)23274275,(04)23288582,2025,10,31,11,29,臺中市,南屯區,0,0,0,7,3,6,50,13,9,1,5,4,6,6,4,4,3,4,5,2,14,,,,,B03,,,1,,1,,,85,85,1,12,4,120.639505,24.141552,3
12025,66000,387130000C,(04)23274275,(04)23288582,2025,10,31,11,30,臺中市,西屯區,0,2,0,7,2,6,50,4,1,1,5,4,6,6,1,1,1,1,5,1,17,2,9,5,4,C03,7,9,1,10,2,11,,7,7,1,13,4,120.610145,24.187037,2
12026,66000,387130000C,(04)23274275,(04)23288582,2025,10,31,11,32,臺中市,龍井區,0,0,0,7,2,6,0,13,9,1,5,4,6,6,4,4,5,5,5,1,14,,,,,B12,,,1,,1,,,49,49,1,6,4,120.575826,24.175189,3
12027,66000,387130000C,(04)23274275,(04)23288582,2025,10,31,11,33,臺中市,西屯區,0,0,0,7,,,50,,,,,,,,,,,,,,13,,,,,C03,,,1,,1,,,7,7,1,13,4,120.667345,24.178296,3
12028,66000,387130000C,(04)23274275,(04)23288582,2025,10,31,11,35,臺中市,大里區,0,1,0,7,3,6,50,4,1,1,5,4,6,6,1,1,10,5,5,2,3,3,10,3,1,B03,7,6,1,8,2,8,,10,10,1,6,4,120.679835,24.108978,2
12029,66000,387130000C,(04)23274275,(04)23288582,2025,10,31,11,37,臺中市,西屯區,0,0,0,7,,,50,,,,,,,,,,,,,,,,,,,B12,,,1,,2,,,49,49,1,13,4,120.613608,24.173429,3
12030,66000,387130000C,(04)23274275,(04)23288582,2025,10,31,11,37,臺中市,西屯區,0,0,0,7,,,40,,,,,,,,,,,,,,,,,,,B12,,,1,,1,,,59,59,1,12,4,120.638698,24.16924,3
12031,66000,387130000C,(04)23274275,(04)23288582,2025,10,31,11,42,臺中市,中區,0,2,0,7,2,6,50,4,1,1,5,4,6,6,1,1,10,5,5,2,17,3,10,3,1,B03,7,6,1,8,2,1,,20,20,1,12,4,120.680742,24.137167,2
12032,66000,387130000C,(04)23274275,(04)23288582,2025,10,31,11,42,臺中市,西屯區,0,0,0,7,,,50,,,,,,,,,,,,,,17,,,,,B03,,,1,,1,,,8,8,1,12,4,120.610228,24.191577,3
12033,66000,387130000C,(04)23274275,(04)23288582,2025,10,31,11,44,臺中市,沙鹿區,0,0,0,7,,,50,,,,,,,,,,,,,,,,,,,B03,,,1,,2,,,40,40,1,13,4,120.575657,24.226871,3
12034,66000,387130000C,(04)23274275,(04)23288582,2025,10,31,11,45,臺中市,北屯區,0,1,0,7,3,6,40,13,8,1,5,4,6,6,4,4,9,5,4,2,14,3,10,3,1,B12,7,2,1,8,2,7,,49,49,1,6,4,120.691423,24.186994,2
12035,66000,387130000C,(04)23274275,(04)23288582,2025,10,31,11,49,臺中市,豐原區,0,1,0,7,2,6,50,3,1,1,5,4,6,6,4,4,10,5,5,2,16,3,10,3,1,B03,7,6,1,8,2,5,,14,14,1,13,4,120.725695,24.240503,2
12036,66000,387130000C,(04)23274275,(04)23288582,2025,10,31,11,50,臺中市,北區,0,2,0,7,2,6,50,4,1,1,5,4,6,6,1,1,10,5,5,2,17,2,9,5,4,C03,7,11,1,10,2,12,,45,45,1,13,4,120.680766,24.167191,2
12037,66000,387130000C,(04)23274275,(04)23288582,2025,10,31,11,51,臺中市,北屯區,0,0,0,7,,3,80,,,,,,,,,,,,,,30,,,,,,,,,,,,,116,116,1,,,120.676771,24.200788,3
12038,66000,387130000C,(04)23274275,(04)23288582,2025,10,31,11,53,臺中市,西區,0,0,0,7,,,50,,,,,,,,,,,,,,14,,,,,B03,,,1,,2,,,49,49,1,13,4,120.672401,24.138948,3
12039,66000,387130000C,(04)23274275,(04)23288582,2025,10,31,11,56,臺中市,大里區,0,1,0,7,2,6,50,4,2,1,5,4,6,6,4,4,10,5,5,2,15,2,9,2,1,C03,7,9,1,10,2,11,,15,15,1,12,4,120.6809,24.108236,2
12040,66000,387130000C,(04)23274275,(04)23288582,2025,10,31,11,56,臺中市,豐原區,0,1,0,7,2,6,30,13,9,1,5,4,6,6,4,4,10,5,5,2,9,3,10,1,1,C04,7,9,1,11,2,11,,58,58,1,13,4,120.71793,24.251112,2
12041,66000,387130000C,(04)23274275,(04)23288582,2025,10,31,12,0,臺中市,西區,0,0,0,7,,,40,,,,,,,,,,,,,,13,,,,,C03,,,1,,1,,,7,7,1,12,4,120.660001,24.157527,3
12042,66000,387130000C,(04)23274275,(04)23288582,2025,10,31,12,0,臺中市,東區,0,0,0,7,,,50,,,,,,,,,,,,,,,,,,,B03,,,1,,1,,,7,7,1,6,4,120.683975,24.134812,3
12043,66000,387130000C,(04)23274275,(04)23288582,2025,10,31,12,0,臺中市,大里區,0,0,0,7,,,50,,,,,,,,,,,,,,17,,,,,B12,,,1,,1,,,8,8,1,6,4,120.693306,24.08553,3
12044,66000,387130000C,(04)23274275,(04)23288582,2025,10,31,12,7,臺中市,南區,0,1,0,7,2,6,50,4,4,1,5,4,6,6,1,1,1,2,4,2,13,3,10,3,1,B12,7,9,1,8,2,5,,7,7,1,12,4,120.665791,24.123484,2