序號,縣市別代碼,機關代碼,市話,傳真,年,月,日,時,分,縣市,區,死亡數量,受傷數量,2-30,天候,道路照明設備,道路類別,道路速限,道路型態,事故位置,路面鋪裝,路面狀態,路面缺陷,障礙物,視距,號誌種類,號誌動作,分向設施,快車道或一般車道間,快慢車道間,路面邊線,事故類型及型態,受傷程度,主要傷處,保護裝備,行動電話或功能裝置,當事者區分(類別),車輛用途,當事者行動狀態,駕照狀態,駕照種類,飲酒情形,車輛撞擊部位最初,車輛撞擊部位其他,肇事因素個別,肇事因素主要,肇事逃逸,職業,共享經濟或外送平台,GPS座標X,GPS座標Y,事故類別
12155,66000,387130000C,(04)23274275,(04)23288582,2025,10,31,16,7,臺中市,大里區,0,1,0,7,2,6,60,3,1,1,5,4,6,4,4,4,1,3,4,1,16,3,10,1,1,C03,7,5,1,10,2,12,,47,47,1,6,2,120.688956,24.101607,2
12156,66000,387130000C,(04)23274275,(04)23288582,2025,10,31,16,8,臺中市,南屯區,0,1,0,7,3,6,0,18,21,1,5,4,6,6,4,4,10,5,5,2,17,3,10,2,1,C03,7,9,1,10,2,11,,39,39,1,13,4,120.646545,24.153988,2
12157,66000,387130000C,(04)23274275,(04)23288582,2025,10,31,16,8,臺中市,烏日區,0,0,0,7,,,50,,,,,,,,,,,,,,17,,,,,B03,,,1,,2,,,26,26,1,12,4,120.589843,24.113358,3
12158,66000,387130000C,(04)23274275,(04)23288582,2025,10,31,16,10,臺中市,潭子區,0,1,0,7,2,6,50,4,2,1,5,4,6,6,1,1,1,4,4,2,17,3,10,3,1,B12,7,8,1,7,2,7,,8,8,1,13,4,120.698047,24.216557,2
12159,66000,387130000C,(04)23274275,(04)23288582,2025,10,31,16,10,臺中市,沙鹿區,0,0,0,7,,,50,,,,,,,,,,,,,,,,,,,B03,,,1,,1,,,7,7,1,13,4,120.572489,24.219768,3
12160,66000,387130000C,(04)23274275,(04)23288582,2025,10,31,16,11,臺中市,太平區,0,0,0,7,,,50,,,,,,,,,,,,,,13,,,,,B03,,,1,,2,,,84,84,1,12,4,120.73204,24.134704,3
12161,66000,387130000C,(04)23274275,(04)23288582,2025,10,31,16,12,臺中市,南屯區,0,0,0,7,,,60,,,,,,,,,,,,,,13,,,,,B03,,,1,,1,,,56,56,1,12,4,120.608718,24.151205,3
12162,66000,387130000C,(04)23274275,(04)23288582,2025,10,31,16,13,臺中市,太平區,0,2,0,7,2,6,50,3,1,1,5,4,6,6,1,1,10,4,4,2,17,2,9,2,1,C03,7,9,1,10,2,11,,1,1,1,12,4,120.726262,24.119582,2
12163,66000,387130000C,(04)23274275,(04)23288582,2025,10,31,16,15,臺中市,北區,0,2,0,7,2,6,50,4,1,1,5,4,6,6,1,1,10,5,5,2,17,2,9,5,4,C03,7,9,1,10,2,12,,84,84,1,12,4,120.67687,24.169919,2
12164,66000,387130000C,(04)23274275,(04)23288582,2025,10,31,16,15,臺中市,北屯區,0,2,0,7,2,6,50,3,19,1,5,4,6,6,4,4,10,5,5,2,3,2,9,1,1,C03,7,9,1,10,2,11,,10,10,1,13,4,120.690533,24.172159,2
12165,66000,387130000C,(04)23274275,(04)23288582,2025,10,31,16,17,臺中市,北屯區,0,0,0,7,,,50,,,,,,,,,,,,,,12,,,,,B03,,,1,,1,,,8,8,1,6,4,120.738145,24.178367,3
12166,66000,387130000C,(04)23274275,(04)23288582,2025,10,31,16,21,臺中市,西區,0,0,0,7,,,50,,,,,,,,,,,,,,17,,,,,C03,,,1,,2,,,84,84,1,13,4,120.66776,24.149176,3
12167,66000,387130000C,(04)23274275,(04)23288582,2025,10,31,16,21,臺中市,東區,0,1,0,7,2,6,50,4,1,1,5,4,6,6,1,1,10,5,5,2,16,3,10,3,1,B03,7,6,1,8,1,5,,11,11,1,6,4,120.700706,24.127265,2
12168,66000,387130000C,(04)23274275,(04)23288582,2025,10,31,16,21,臺中市,太平區,0,0,0,7,,3,80,,,,,,,,,,,,,,13,,,,,B03,,,1,,2,,,7,7,1,12,4,120.714097,24.14843,3
12169,66000,387130000C,(04)23274275,(04)23288582,2025,10,31,16,21,臺中市,太平區,0,0,0,7,,3,80,,,,,,,,,,,,,,13,,,,,B03,,,1,,2,,,7,7,1,12,4,120.714097,24.14843,3
12170,66000,387130000C,(04)23274275,(04)23288582,2025,10,31,16,22,臺中市,大里區,0,0,0,7,,,50,,,,,,,,,,,,,,13,,,,,B03,,,1,,2,,,59,59,1,12,4,120.688907,24.093601,3
12171,66000,387130000C,(04)23274275,(04)23288582,2025,10,31,16,23,臺中市,西區,0,1,0,7,2,6,50,4,1,1,5,4,6,6,1,1,10,5,5,2,17,3,10,5,4,B03,7,1,1,8,1,1,,51,51,1,13,4,120.661687,24.146708,2
12172,66000,387130000C,(04)23274275,(04)23288582,2025,10,31,16,23,臺中市,西區,0,1,0,7,2,6,50,13,9,1,5,4,6,6,4,4,9,5,5,1,17,3,10,3,1,B03,7,1,1,8,2,2,,51,51,1,12,4,120.675315,24.141088,2
12173,66000,387130000C,(04)23274275,(04)23288582,2025,10,31,16,25,臺中市,西區,0,0,0,7,,,50,,,,,,,,,,,,,,1,,,,,B11,,,1,,1,,,8,8,1,13,4,120.662436,24.149175,3
12174,66000,387130000C,(04)23274275,(04)23288582,2025,10,31,16,25,臺中市,大里區,0,0,0,7,,,30,,,,,,,,,,,,,,,,,,,B03,,,1,,1,,,51,51,1,12,4,120.691258,24.090563,3
12175,66000,387130000C,(04)23274275,(04)23288582,2025,10,31,16,27,臺中市,北屯區,0,1,0,7,2,6,40,13,8,1,5,4,6,6,4,4,5,5,4,2,17,2,8,6,1,F02,7,9,7,21,1,11,,58,58,1,2,1,120.671641,24.182257,2
12176,66000,387130000C,(04)23274275,(04)23288582,2025,10,31,16,29,臺中市,沙鹿區,0,0,0,7,,,50,,,,,,,,,,,,,,13,,,,,B12,,,1,,2,,,7,7,1,6,4,120.571059,24.214351,3
12177,66000,387130000C,(04)23274275,(04)23288582,2025,10,31,16,30,臺中市,西區,0,0,0,7,,,50,,,,,,,,,,,,,,2,,,,,B03,,,1,,1,,,40,40,1,12,4,120.668136,24.142533,3
12178,66000,387130000C,(04)23274275,(04)23288582,2025,10,31,16,30,臺中市,豐原區,0,0,0,7,,,50,,,,,,,,,,,,,,17,,,,,B03,,,1,,2,,,49,49,1,6,4,120.729685,24.257185,3
12179,66000,387130000C,(04)23274275,(04)23288582,2025,10,31,16,30,臺中市,豐原區,0,1,0,7,2,6,30,13,9,1,5,4,6,6,4,4,10,5,5,2,27,2,9,2,1,C03,7,9,1,10,9,11,,84,84,1,13,4,120.701558,24.227027,2
12180,66000,387130000C,(04)23274275,(04)23288582,2025,10,31,16,31,臺中市,大里區,0,2,0,7,3,6,50,13,9,1,5,4,6,6,4,4,5,4,5,1,12,2,8,5,4,C03,7,9,3,19,2,12,,8,8,1,13,4,120.689915,24.107267,2
12181,66000,387130000C,(04)23274275,(04)23288582,2025,10,31,16,35,臺中市,龍井區,0,0,0,7,,,50,,,,,,,,,,,,,,25,,,,,A12,,,1,,2,,,71,71,1,6,4,120.579344,24.182817,3
12182,66000,387130000C,(04)23274275,(04)23288582,2025,10,31,16,36,臺中市,北屯區,0,1,0,7,3,6,50,4,1,1,5,4,6,6,1,1,10,5,5,2,13,2,2,1,1,C03,7,9,1,10,2,11,,7,7,1,12,4,120.688133,24.175612,2
12183,66000,387130000C,(04)23274275,(04)23288582,2025,10,31,16,39,臺中市,后里區,0,1,0,7,2,6,30,3,2,1,5,4,6,6,4,4,10,5,5,1,11,3,10,3,1,B03,7,9,1,8,2,4,,84,84,1,12,4,120.696309,24.293318,2
12184,66000,387130000C,(04)23274275,(04)23288582,2025,10,31,16,41,臺中市,北區,0,1,0,7,2,6,50,4,1,1,5,4,6,6,4,4,10,5,5,2,15,2,9,1,1,C03,7,9,1,10,2,11,,15,15,1,12,4,120.69733,24.159235,2
12185,66000,387130000C,(04)23274275,(04)23288582,2025,10,31,16,41,臺中市,后里區,0,0,0,7,3,7,50,3,9,1,5,4,6,6,4,4,10,5,5,1,12,3,10,3,1,B03,7,5,1,8,9,5,,84,84,1,12,4,120.687326,24.301334,3
12186,66000,387130000C,(04)23274275,(04)23288582,2025,10,31,16,46,臺中市,西屯區,0,0,0,7,,,50,,,,,,,,,,,,,,12,,,,,C03,,,1,,1,,,42,42,1,12,4,120.65263,24.166498,4
12187,66000,387130000C,(04)23274275,(04)23288582,2025,10,31,16,47,臺中市,北屯區,0,0,0,7,,,50,,,,,,,,,,,,,,16,,,,,B03,,,1,,1,,,11,11,1,12,4,120.720728,24.172642,3
12188,66000,387130000C,(04)23274275,(04)23288582,2025,10,31,16,47,臺中市,大里區,0,1,0,7,2,6,60,13,12,1,5,4,6,6,4,4,5,3,4,1,17,3,10,1,1,C03,7,7,1,10,2,16,,40,40,1,6,4,120.689654,24.101174,2
12189,66000,387130000C,(04)23274275,(04)23288582,2025,10,31,16,49,臺中市,西屯區,0,0,0,7,,,40,,,,,,,,,,,,,,17,,,,,B03,,,1,,2,,,59,59,1,12,4,120.667949,24.174585,3
12190,66000,387130000C,(04)23274275,(04)23288582,2025,10,31,16,52,臺中市,東區,0,1,0,7,2,6,50,3,1,1,5,4,6,6,1,1,10,5,5,2,17,3,10,3,1,B03,7,1,1,8,2,5,,51,51,1,12,4,120.710978,24.1427,2
12191,66000,387130000C,(04)23274275,(04)23288582,2025,10,31,16,53,臺中市,龍井區,0,0,0,7,,,40,,,,,,,,,,,,,,,,,,,B03,,,1,,1,,,7,7,1,6,4,120.497201,24.212681,3
12192,66000,387130000C,(04)23274275,(04)23288582,2025,10,31,16,59,臺中市,沙鹿區,0,0,0,7,,,60,,,,,,,,,,,,,,,,,,,A11,,,1,,2,,,84,84,1,6,4,120.596652,24.249771,3
12193,66000,387130000C,(04)23274275,(04)23288582,2025,10,31,17,0,臺中市,北屯區,0,0,0,7,,,50,,,,,,,,,,,,,,9,,,,,,,,,,,,,119,119,1,,,120.684582,24.190645,3
12194,66000,387130000C,(04)23274275,(04)23288582,2025,10,31,17,1,臺中市,大雅區,0,0,0,7,,,30,,,,,,,,,,,,,,11,,,,,B03,,,1,,1,,,8,8,1,13,4,120.651039,24.226938,3
12195,66000,387130000C,(04)23274275,(04)23288582,2025,10,31,17,2,臺中市,北區,0,0,0,7,,,50,,,,,,,,,,,,,,17,,,,,B03,,,1,,1,,,49,49,1,12,4,120.680315,24.16334,3
12196,66000,387130000C,(04)23274275,(04)23288582,2025,10,31,17,5,臺中市,大里區,0,2,0,7,2,6,50,3,1,1,5,4,6,6,4,4,5,4,4,1,15,2,8,2,1,C03,7,1,3,19,2,14,,13,13,1,12,4,120.716529,24.094459,2
12197,66000,387130000C,(04)23274275,(04)23288582,2025,10,31,17,5,臺中市,神岡區,0,0,0,7,,,50,,,,,,,,,,,,,,12,,,,,B03,,,1,,2,,,7,7,1,13,4,120.70534,24.276807,3
12198,66000,387130000C,(04)23274275,(04)23288582,2025,10,31,17,10,臺中市,西區,0,1,0,7,2,6,50,4,1,1,5,4,6,6,1,1,10,5,5,2,16,3,10,1,1,C04,7,6,1,10,2,13,,48,48,1,13,4,120.668285,24.142527,2
12199,66000,387130000C,(04)23274275,(04)23288582,2025,10,31,17,11,臺中市,西屯區,0,0,0,7,,,40,,,,,,,,,,,,,,9,,,,,,,,,,,,,119,119,1,,,120.641266,24.165037,3
12200,66000,387130000C,(04)23274275,(04)23288582,2025,10,31,17,13,臺中市,大里區,0,1,0,7,3,6,50,3,1,1,5,4,6,6,4,4,9,5,5,2,15,3,10,5,4,A42,7,1,1,1,2,1,,51,51,1,13,4,120.708991,24.087198,2
12201,66000,387130000C,(04)23274275,(04)23288582,2025,10,31,17,13,臺中市,烏日區,0,1,0,7,2,6,30,13,9,1,5,4,6,6,4,4,10,5,5,1,28,2,9,1,1,C03,7,9,1,10,2,11,12,87,87,1,6,4,120.63817,24.079665,2
12202,66000,387130000C,(04)23274275,(04)23288582,2025,10,31,17,18,臺中市,南屯區,0,1,0,7,1,6,50,4,1,1,5,4,6,6,2,1,10,5,5,2,13,2,9,2,1,C02,7,6,1,9,2,13,,48,48,1,13,4,120.643821,24.153671,2
12203,66000,387130000C,(04)23274275,(04)23288582,2025,10,31,17,20,臺中市,大里區,0,1,0,7,2,6,50,4,1,1,5,4,6,6,1,1,10,5,5,2,17,2,9,2,1,C03,7,9,1,10,2,14,,84,84,1,12,4,120.704029,24.097725,2
12204,66000,387130000C,(04)23274275,(04)23288582,2025,10,31,17,21,臺中市,霧峰區,0,0,0,7,,,30,,,,,,,,,,,,,,,,,,,,,,,,,,,119,119,1,,,120.712344,24.077455,3
12205,66000,387130000C,(04)23274275,(04)23288582,2025,10,31,17,22,臺中市,大雅區,0,1,0,7,1,6,50,13,9,1,5,4,6,6,4,4,9,5,5,1,16,3,10,2,1,C02,7,6,3,19,2,12,,20,20,1,12,4,120.648123,24.222419,2
12206,66000,387130000C,(04)23274275,(04)23288582,2025,10,31,17,22,臺中市,北屯區,0,0,0,7,,,50,,,,,,,,,,,,,,15,,,,,B03,,,6,,9,,,15,15,1,13,4,120.706487,24.181363,3
12207,66000,387130000C,(04)23274275,(04)23288582,2025,10,31,17,23,臺中市,北屯區,0,0,0,7,,,50,,,,,,,,,,,,,,12,,,,,B03,,,1,,1,,,85,85,1,6,4,120.738921,24.179974,3
12208,66000,387130000C,(04)23274275,(04)23288582,2025,10,31,17,24,臺中市,大里區,0,1,0,7,3,6,60,4,2,1,5,4,6,6,2,1,5,4,4,1,13,2,9,5,4,C03,7,9,1,10,2,11,,7,7,1,13,4,120.66559,24.106245,2
12209,66000,387130000C,(04)23274275,(04)23288582,2025,10,31,17,25,臺中市,東區,0,0,0,7,,,40,,,,,,,,,,,,,,13,,,,,B12,,,1,,2,,,7,7,1,12,4,120.700248,24.144633,3
12210,66000,387130000C,(04)23274275,(04)23288582,2025,10,31,17,25,臺中市,霧峰區,0,0,0,7,,,60,,,,,,,,,,,,,,17,,,,,C03,,,1,,2,,,7,7,1,13,2,120.692335,24.046149,3
12211,66000,387130000C,(04)23274275,(04)23288582,2025,10,31,17,26,臺中市,霧峰區,0,0,0,7,,,0,,,,,,,,,,,,,,17,,,,,B03,,,1,,2,,,84,84,1,12,4,120.708527,24.074178,3
12212,66000,387130000C,(04)23274275,(04)23288582,2025,10,31,17,27,臺中市,大里區,0,1,0,7,1,6,50,4,1,1,5,4,6,6,1,1,5,4,1,1,17,3,10,1,1,C03,7,9,1,10,2,13,,26,26,1,6,4,120.688082,24.09457,2
12213,66000,387130000C,(04)23274275,(04)23288582,2025,10,31,17,33,臺中市,西屯區,0,0,0,7,,,40,,,,,,,,,,,,,,14,,,,,B02,,,1,,1,,,49,49,1,12,4,120.633689,24.16359,3
12214,66000,387130000C,(04)23274275,(04)23288582,2025,10,31,17,34,臺中市,北屯區,0,1,0,7,1,6,50,4,1,1,4,4,6,6,1,1,10,5,5,2,18,2,9,1,1,C03,7,9,1,10,2,12,,21,21,1,6,4,120.693454,24.186879,2
12215,66000,387130000C,(04)23274275,(04)23288582,2025,10,31,17,35,臺中市,西區,0,1,0,7,1,6,50,13,9,1,5,4,6,6,4,4,5,4,5,2,9,2,9,6,5,H01,8,16,7,21,10,17,,95,95,1,12,5,120.66115,24.150786,2
12216,66000,387130000C,(04)23274275,(04)23288582,2025,10,31,17,36,臺中市,西區,0,0,0,7,,,50,,,,,,,,,,,,,,13,,,,,B03,,,1,,1,,,59,59,1,13,4,120.661719,24.134063,3
12217,66000,387130000C,(04)23274275,(04)23288582,2025,10,31,17,36,臺中市,大里區,0,0,0,7,,,50,,,,,,,,,,,,,,14,,,,,B13,,,1,,2,,,49,49,1,6,4,120.692266,24.117298,3
12218,66000,387130000C,(04)23274275,(04)23288582,2025,10,31,17,37,臺中市,北屯區,0,0,0,7,,,50,,,,,,,,,,,,,,12,,,,,B03,,,1,,2,,,50,50,1,6,4,120.718677,24.175702,3
12219,66000,387130000C,(04)23274275,(04)23288582,2025,10,31,17,37,臺中市,西屯區,0,0,0,7,,,30,,,,,,,,,,,,,,14,,,,,B03,,,1,,1,,,49,49,1,12,4,120.643927,24.16864,3
12220,66000,387130000C,(04)23274275,(04)23288582,2025,10,31,17,39,臺中市,北區,0,1,0,7,1,6,50,3,1,1,5,4,6,6,1,1,10,5,5,2,17,3,10,5,4,B03,7,5,1,6,2,2,,11,11,1,12,4,120.68367,24.159075,2
12221,66000,387130000C,(04)23274275,(04)23288582,2025,10,31,17,39,臺中市,南區,0,1,0,7,1,6,50,4,1,1,5,4,6,6,2,1,10,5,5,2,13,2,9,2,1,C03,7,9,1,10,2,11,,7,7,1,13,4,120.666731,24.114148,2
12222,66000,387130000C,(04)23274275,(04)23288582,2025,10,31,17,39,臺中市,南屯區,0,0,0,7,,,50,,,,,,,,,,,,,,15,,,,,B03,,,1,,1,,,12,12,1,13,4,120.638688,24.148775,3
12223,66000,387130000C,(04)23274275,(04)23288582,2025,10,31,17,39,臺中市,北屯區,0,0,0,7,,,50,,,,,,,,,,,,,,12,,,,,B03,,,1,,1,,,85,85,1,12,4,120.744036,24.185358,3
12224,66000,387130000C,(04)23274275,(04)23288582,2025,10,31,17,39,臺中市,北屯區,0,3,0,7,3,6,30,3,1,1,5,4,6,6,4,4,10,5,5,2,17,3,10,1,1,C03,7,5,1,10,2,14,,14,14,1,6,4,120.697535,24.17615,2
12225,66000,387130000C,(04)23274275,(04)23288582,2025,10,31,17,40,臺中市,大雅區,0,1,0,7,1,6,40,13,8,1,5,4,6,6,4,4,9,5,4,1,17,3,10,1,1,C03,7,9,1,10,2,11,14,7,7,1,13,4,120.642276,24.219613,2
12226,66000,387130000C,(04)23274275,(04)23288582,2025,10,31,17,40,臺中市,大里區,0,1,0,7,3,6,60,13,8,1,5,4,6,6,4,4,3,4,4,1,16,3,10,5,4,B03,7,5,1,8,2,1,,20,20,1,13,4,120.673561,24.102431,2
12227,66000,387130000C,(04)23274275,(04)23288582,2025,10,31,17,41,臺中市,東區,0,1,0,7,1,6,50,4,2,1,5,4,6,6,2,1,5,5,5,2,13,2,8,2,1,C03,7,9,1,10,2,11,,84,84,1,12,4,120.688469,24.13525,2
12228,66000,387130000C,(04)23274275,(04)23288582,2025,10,31,17,41,臺中市,南屯區,0,0,0,7,,,50,,,,,,,,,,,,,,,,,,,B03,,,1,,1,,,59,59,1,12,4,120.634383,24.130045,3
12229,66000,387130000C,(04)23274275,(04)23288582,2025,10,31,17,41,臺中市,豐原區,0,1,0,7,2,6,50,4,2,1,5,4,6,6,1,1,5,5,4,2,13,2,9,5,4,C03,7,9,1,10,2,15,,7,7,1,13,4,120.710771,24.243914,2
12230,66000,387130000C,(04)23274275,(04)23288582,2025,10,31,17,42,臺中市,烏日區,0,0,0,7,,,50,,,,,,,,,,,,,,,,,,,B02,,,1,,2,,,8,8,1,13,4,120.642071,24.109094,3
12231,66000,387130000C,(04)23274275,(04)23288582,2025,10,31,17,44,臺中市,西屯區,0,1,0,7,1,6,50,4,1,1,5,4,6,6,2,1,10,5,5,2,16,3,10,5,1,B02,7,5,1,8,2,2,,11,11,1,12,4,120.649796,24.162755,2
12232,66000,387130000C,(04)23274275,(04)23288582,2025,10,31,17,44,臺中市,梧棲區,0,1,0,7,1,6,40,13,8,1,5,4,6,6,4,4,1,4,1,1,13,2,8,1,1,C03,7,9,1,10,2,11,,7,7,1,6,4,120.54079,24.248044,2
12233,66000,387130000C,(04)23274275,(04)23288582,2025,10,31,17,45,臺中市,南屯區,0,1,0,7,3,6,50,4,1,1,5,4,6,6,1,1,10,5,5,2,16,3,10,2,1,C03,7,6,1,10,2,13,,48,48,1,12,4,120.653028,24.145081,2
12234,66000,387130000C,(04)23274275,(04)23288582,2025,10,31,17,45,臺中市,北屯區,0,0,0,7,,,50,,,,,,,,,,,,,,13,,,,,A12,,,1,,1,,,59,59,1,6,4,120.73042,24.177167,3
12235,66000,387130000C,(04)23274275,(04)23288582,2025,10,31,17,45,臺中市,豐原區,0,0,0,7,,,50,,,,,,,,,,,,,,17,,,,,B03,,,1,,1,,,50,50,1,12,4,120.711343,24.248801,3
12236,66000,387130000C,(04)23274275,(04)23288582,2025,10,31,17,46,臺中市,大雅區,0,0,0,7,,,0,,,,,,,,,,,,,,17,,,,,C03,,,1,,2,,,43,43,1,13,4,120.650056,24.221394,3
12237,66000,387130000C,(04)23274275,(04)23288582,2025,10,31,17,48,臺中市,龍井區,0,2,0,7,1,6,30,13,9,1,5,4,6,6,4,4,10,5,5,1,11,2,1,1,1,C03,7,9,1,10,6,14,,84,84,1,6,4,120.515291,24.191501,2
12238,66000,387130000C,(04)23274275,(04)23288582,2025,10,31,17,49,臺中市,沙鹿區,0,0,0,7,,,50,,,,,,,,,,,,,,13,,,,,C03,,,1,,2,,,7,7,1,6,4,120.570457,24.213856,3
12239,66000,387130000C,(04)23274275,(04)23288582,2025,10,31,17,51,臺中市,北屯區,0,0,0,7,,,50,,,,,,,,,,,,,,17,,,,,C03,,,1,,2,,,84,84,1,6,4,120.678688,24.203191,4
12240,66000,387130000C,(04)23274275,(04)23288582,2025,10,31,17,53,臺中市,東區,0,0,0,7,,,50,,,,,,,,,,,,,,17,,,,,B03,,,1,,1,,,8,8,1,5,4,120.695786,24.129616,3
12241,66000,387130000C,(04)23274275,(04)23288582,2025,10,31,17,53,臺中市,南屯區,0,0,0,7,,,10,,,,,,,,,,,,,,14,,,,,B12,,,1,,9,,,49,49,1,12,4,120.633446,24.141381,3
12242,66000,387130000C,(04)23274275,(04)23288582,2025,10,31,17,54,臺中市,龍井區,0,1,0,6,1,6,40,3,1,1,5,4,6,6,1,1,10,5,5,2,13,3,10,3,1,B03,7,6,1,8,2,5,,7,7,1,6,4,120.587723,24.191236,2
12243,66000,387130000C,(04)23274275,(04)23288582,2025,10,31,17,56,臺中市,西屯區,0,0,0,7,,,40,,,,,,,,,,,,,,17,,,,,B03,,,1,,9,,,87,87,1,12,4,120.66133,24.167237,3
12244,66000,387130000C,(04)23274275,(04)23288582,2025,10,31,17,57,臺中市,北區,0,0,0,7,1,6,50,13,9,1,5,4,6,6,4,4,5,4,5,2,13,3,10,1,1,C03,7,9,1,10,1,11,,7,7,1,12,4,120.676497,24.158941,4
12245,66000,387130000C,(04)23274275,(04)23288582,2025,10,31,17,57,臺中市,西屯區,0,1,0,7,1,6,40,3,2,1,5,4,6,6,2,1,10,5,5,2,18,2,9,2,1,C03,7,6,1,10,2,16,,48,48,1,13,4,120.632152,24.162157,2
12246,66000,387130000C,(04)23274275,(04)23288582,2025,10,31,17,58,臺中市,大里區,0,1,0,7,1,6,60,4,1,1,5,4,6,6,2,1,3,4,4,1,12,2,9,5,4,C04,7,9,1,10,2,11,,20,20,1,13,4,120.671306,24.102601,2
12247,66000,387130000C,(04)23274275,(04)23288582,2025,10,31,17,58,臺中市,烏日區,0,0,0,7,,,50,,,,,,,,,,,,,,14,,,,,B03,,,1,,2,,,49,49,1,6,4,120.614966,24.114187,3
12248,66000,387130000C,(04)23274275,(04)23288582,2025,10,31,17,59,臺中市,北屯區,0,0,0,7,,,50,,,,,,,,,,,,,,16,,,,,C03,,,1,,1,,,14,14,1,6,4,120.68612,24.167069,3
12249,66000,387130000C,(04)23274275,(04)23288582,2025,10,31,17,59,臺中市,北屯區,0,0,0,7,,,50,,,,,,,,,,,,,,,,,,,B01,,,1,,2,,,11,11,1,13,4,120.720953,24.169893,3
12250,66000,387130000C,(04)23274275,(04)23288582,2025,10,31,18,0,臺中市,西區,0,0,0,7,,,50,,,,,,,,,,,,,,11,,,,,B03,,,1,,9,,,8,8,2,12,4,120.666894,24.149691,3
12251,66000,387130000C,(04)23274275,(04)23288582,2025,10,31,18,0,臺中市,西屯區,0,1,0,7,1,6,50,4,1,1,5,4,6,6,1,1,10,5,5,2,18,2,9,5,1,C03,7,9,1,10,2,12,,59,59,1,12,4,120.656371,24.199789,2
12252,66000,387130000C,(04)23274275,(04)23288582,2025,10,31,18,0,臺中市,烏日區,0,0,0,7,,3,80,,,,,,,,,,,,,,13,,,,,B03,,,1,,1,,,84,84,1,6,4,120.616521,24.107356,3
12253,66000,387130000C,(04)23274275,(04)23288582,2025,10,31,18,1,臺中市,大肚區,0,0,0,7,,,60,,,,,,,,,,,,,,,,,,,B03,,,1,,2,,,7,7,1,6,4,120.543495,24.162474,3
12254,66000,387130000C,(04)23274275,(04)23288582,2025,10,31,18,1,臺中市,清水區,0,0,0,7,,,50,,,,,,,,,,,,,,12,,,,,B03,,,1,,1,,,8,8,1,13,4,120.577518,24.270341,3
12255,66000,387130000C,(04)23274275,(04)23288582,2025,10,31,18,5,臺中市,南區,0,0,0,7,,,50,,,,,,,,,,,,,,,,,,,B03,,,1,,2,,,8,8,1,13,4,120.683543,24.133198,3
12256,66000,387130000C,(04)23274275,(04)23288582,2025,10,31,18,5,臺中市,西屯區,0,0,0,7,,3,80,,,,,,,,,,,,,,13,,,,,B03,,,1,,1,,,7,7,1,12,4,120.625776,24.157025,3
12257,66000,387130000C,(04)23274275,(04)23288582,2025,10,31,18,5,臺中市,東勢區,0,0,0,7,,,40,,,,,,,,,,,,,,,,,,,C03,,,1,,2,,,48,48,1,12,4,120.829465,24.249401,3
12258,66000,387130000C,(04)23274275,(04)23288582,2025,10,31,18,7,臺中市,北區,0,1,0,7,1,6,50,4,1,1,5,4,6,6,2,1,10,5,5,2,9,3,10,5,4,C03,7,5,3,19,9,11,,22,22,1,12,4,120.678293,24.167056,2
12259,66000,387130000C,(04)23274275,(04)23288582,2025,10,31,18,8,臺中市,沙鹿區,0,1,0,7,1,6,50,13,9,1,5,4,6,6,4,4,5,5,5,1,13,2,8,2,1,C03,7,9,1,10,1,11,,7,7,1,6,4,120.570704,24.229902,2
12260,66000,387130000C,(04)23274275,(04)23288582,2025,10,31,18,9,臺中市,南區,0,2,0,7,3,6,50,4,1,1,5,4,6,6,1,1,10,5,5,2,17,2,1,5,4,C03,7,15,1,10,2,12,,84,84,1,12,4,120.679273,24.126395,2
12261,66000,387130000C,(04)23274275,(04)23288582,2025,10,31,18,9,臺中市,后里區,0,0,0,7,,,60,,,,,,,,,,,,,,13,,,,,B03,,,1,,1,,,7,7,1,12,4,120.70333,24.313261,3
12262,66000,387130000C,(04)23274275,(04)23288582,2025,10,31,18,10,臺中市,豐原區,0,1,0,7,1,6,30,5,1,1,5,4,6,1,4,4,10,5,5,2,17,2,9,5,4,F01,7,15,7,21,2,11,,85,85,1,13,4,120.719172,24.257736,2
12263,66000,387130000C,(04)23274275,(04)23288582,2025,10,31,18,11,臺中市,北區,0,0,0,7,1,6,40,13,8,1,5,4,6,6,,4,2,4,4,2,14,3,10,3,1,B11,7,2,1,8,1,3,,49,49,1,12,4,120.681168,24.149813,3
12264,66000,387130000C,(04)23274275,(04)23288582,2025,10,31,18,11,臺中市,大里區,0,1,0,7,1,6,50,13,7,1,5,4,6,6,4,4,5,4,4,1,13,3,10,2,1,C03,7,9,1,10,2,11,,84,84,1,12,4,120.684211,24.107826,2
12265,66000,387130000C,(04)23274275,(04)23288582,2025,10,31,18,12,臺中市,南屯區,0,0,0,7,,,50,,,,,,,,,,,,,,12,,,,,B03,,,1,,2,,,40,40,1,13,4,120.58631,24.166934,3